============================================================
   Tang Dynasty, V6.2.168116
   Copyright (c) 2012-2025 Anlogic Inc.
   Executable = D:/Anlogic/TD_6.2.1_Engineer_6.2.168.116/bin/run.exe
   Built at =   16:32:07 Jun 12 2025
   Run by =     »ÆÂúöÎ
   Run Date =   Tue Sep 15 09:13:17 2026

   Run on =     LAPTOP-JS31KT7K
============================================================
RUN-1002 : start command "import_device ph1_35p.db -package PH1P35MDG324 -speed 3"
ARC-1001 : Device Initialization.
ARC-1001 : ----------------------------------------------------------------
ARC-1001 :           OPTION          |          IO           |   SETTING   
ARC-1001 : ----------------------------------------------------------------
ARC-1001 :   non_jtag_persist(none)  |        35 IOs         |    gpio    
ARC-1001 :            jtag           |  P13/P15/L14/R13/T13  |  dedicate  
ARC-1001 : ----------------------------------------------------------------
RUN-1003 : finish command "import_device ph1_35p.db -package PH1P35MDG324 -speed 3" in  1.329978s wall, 1.062500s user + 0.062500s system = 1.125000s CPU (84.6%)

RUN-1004 : used memory is 324 MB, reserved memory is 321 MB, peak memory is 324 MB
RUN-1002 : start command "open_project traffic_sign_td.prj"
RUN-1002 : start command "commit_param -step design"
RUN-1001 : Print Global Property
RUN-1001 : -------------------------------------------------------------
RUN-1001 :     Parameters    |   Settings   |  Default Values  |  Note  
RUN-1001 : -------------------------------------------------------------
RUN-1001 :    enable_seed    |     off      |       off        |        
RUN-1001 :    hfn_to_clock   |  1000000000  |    1000000000    |        
RUN-1001 :      message      |   standard   |     standard     |        
RUN-1001 :    qor_monitor    |      on      |        on        |        
RUN-1001 :   speedup_effort  |      0       |        0         |        
RUN-1001 :    syn_ip_flow    |     off      |       off        |        
RUN-1001 :       thread      |     auto     |       auto       |        
RUN-1001 : -------------------------------------------------------------
RUN-1001 : Print Design Property
RUN-1001 : ----------------------------------------------------------------
RUN-1001 :       Parameters       |  Settings  |  Default Values  |  Note  
RUN-1001 : ----------------------------------------------------------------
RUN-1001 :   default_reg_initial  |    auto    |       auto       |        
RUN-1001 :    hdl_warning_level   |   normal   |      normal      |        
RUN-1001 : ----------------------------------------------------------------
HDL-1007 : analyze verilog file ../../../user_source/ip_source/PLL/RTL/ph1p_phy_pll_wrapper_25a56e5ce2f9.v
HDL-1007 : analyze verilog file ../../../user_source/ip_source/PLL/PLL.v
HDL-1007 : analyze verilog file ../../../user_source/ip_source/blk_mem_gen_awb_delay_signal/blk_mem_gen_awb_delay_signal.v
HDL-1007 : analyze verilog file ../../../user_source/ip_source/blk_mem_gen_awb_delay_signal/ram_f84573da5ab5.v
HDL-1007 : analyze verilog file ../../../user_source/ip_source/demosaic/blk_mem_gen_demosaic/RTL/ram_c36c2ca3b3a7.v
HDL-1007 : analyze verilog file ../../../user_source/ip_source/demosaic/blk_mem_gen_demosaic/blk_mem_gen_demosaic.v
HDL-1007 : analyze verilog file ../../../user_source/ip_source/demosaic/blk_mem_gen_zhenghe/RTL/ram_d32970204f32.v
HDL-1007 : analyze verilog file ../../../user_source/ip_source/demosaic/blk_mem_gen_zhenghe/blk_mem_gen_zhenghe.v
HDL-1007 : analyze verilog file ../../../user_source/ip_source/divider/divider_gate.v
HDL-1007 : undeclared symbol 'open_n2', assumed default net type 'wire' in ../../../user_source/ip_source/divider/divider_gate.v(2729)
HDL-1007 : undeclared symbol 'open_n5', assumed default net type 'wire' in ../../../user_source/ip_source/divider/divider_gate.v(2811)
HDL-1007 : undeclared symbol 'open_n8', assumed default net type 'wire' in ../../../user_source/ip_source/divider/divider_gate.v(3783)
HDL-1007 : undeclared symbol 'open_n11', assumed default net type 'wire' in ../../../user_source/ip_source/divider/divider_gate.v(3872)
HDL-1007 : undeclared symbol 'open_n14', assumed default net type 'wire' in ../../../user_source/ip_source/divider/divider_gate.v(4854)
HDL-1007 : undeclared symbol 'open_n17', assumed default net type 'wire' in ../../../user_source/ip_source/divider/divider_gate.v(4950)
HDL-1007 : undeclared symbol 'open_n20', assumed default net type 'wire' in ../../../user_source/ip_source/divider/divider_gate.v(5948)
HDL-1007 : undeclared symbol 'open_n23', assumed default net type 'wire' in ../../../user_source/ip_source/divider/divider_gate.v(6051)
HDL-1007 : undeclared symbol 'open_n26', assumed default net type 'wire' in ../../../user_source/ip_source/divider/divider_gate.v(7065)
HDL-1007 : undeclared symbol 'open_n29', assumed default net type 'wire' in ../../../user_source/ip_source/divider/divider_gate.v(7175)
HDL-1007 : undeclared symbol 'open_n32', assumed default net type 'wire' in ../../../user_source/ip_source/divider/divider_gate.v(8205)
HDL-1007 : undeclared symbol 'open_n35', assumed default net type 'wire' in ../../../user_source/ip_source/divider/divider_gate.v(8322)
HDL-1007 : undeclared symbol 'open_n38', assumed default net type 'wire' in ../../../user_source/ip_source/divider/divider_gate.v(9368)
HDL-1007 : undeclared symbol 'open_n41', assumed default net type 'wire' in ../../../user_source/ip_source/divider/divider_gate.v(9492)
HDL-1007 : undeclared symbol 'open_n44', assumed default net type 'wire' in ../../../user_source/ip_source/divider/divider_gate.v(10548)
HDL-1007 : undeclared symbol 'open_n47', assumed default net type 'wire' in ../../../user_source/ip_source/divider/divider_gate.v(10679)
HDL-1007 : undeclared symbol 'open_n50', assumed default net type 'wire' in ../../../user_source/ip_source/divider/divider_gate.v(11751)
HDL-1007 : undeclared symbol 'open_n53', assumed default net type 'wire' in ../../../user_source/ip_source/divider/divider_gate.v(11889)
HDL-1007 : undeclared symbol 'open_n56', assumed default net type 'wire' in ../../../user_source/ip_source/divider/divider_gate.v(12977)
HDL-1007 : undeclared symbol 'open_n59', assumed default net type 'wire' in ../../../user_source/ip_source/divider/divider_gate.v(13122)
HDL-1007 : undeclared symbol 'open_n62', assumed default net type 'wire' in ../../../user_source/ip_source/divider/divider_gate.v(15070)
HDL-1007 : undeclared symbol 'open_n65', assumed default net type 'wire' in ../../../user_source/ip_source/divider/divider_gate.v(15222)
HDL-1007 : undeclared symbol 'open_n68', assumed default net type 'wire' in ../../../user_source/ip_source/divider/divider_gate.v(16342)
HDL-1007 : undeclared symbol 'open_n71', assumed default net type 'wire' in ../../../user_source/ip_source/divider/divider_gate.v(16501)
HDL-1007 : undeclared symbol 'open_n74', assumed default net type 'wire' in ../../../user_source/ip_source/divider/divider_gate.v(17631)
HDL-1007 : undeclared symbol 'open_n77', assumed default net type 'wire' in ../../../user_source/ip_source/divider/divider_gate.v(17797)
HDL-1007 : undeclared symbol 'open_n80', assumed default net type 'wire' in ../../../user_source/ip_source/divider/divider_gate.v(18943)
HDL-1007 : undeclared symbol 'open_n83', assumed default net type 'wire' in ../../../user_source/ip_source/divider/divider_gate.v(19116)
HDL-1007 : undeclared symbol 'open_n86', assumed default net type 'wire' in ../../../user_source/ip_source/divider/divider_gate.v(20278)
HDL-1007 : undeclared symbol 'open_n89', assumed default net type 'wire' in ../../../user_source/ip_source/divider/divider_gate.v(20458)
HDL-1007 : undeclared symbol 'open_n92', assumed default net type 'wire' in ../../../user_source/ip_source/divider/divider_gate.v(21636)
HDL-1007 : undeclared symbol 'open_n95', assumed default net type 'wire' in ../../../user_source/ip_source/divider/divider_gate.v(21823)
HDL-1007 : undeclared symbol 'open_n98', assumed default net type 'wire' in ../../../user_source/ip_source/divider/divider_gate.v(23017)
HDL-1007 : undeclared symbol 'open_n101', assumed default net type 'wire' in ../../../user_source/ip_source/divider/divider_gate.v(23211)
HDL-1007 : undeclared symbol 'open_n104', assumed default net type 'wire' in ../../../user_source/ip_source/divider/divider_gate.v(24415)
HDL-1007 : undeclared symbol 'open_n107', assumed default net type 'wire' in ../../../user_source/ip_source/divider/divider_gate.v(24616)
HDL-1007 : undeclared symbol 'open_n110', assumed default net type 'wire' in ../../../user_source/ip_source/divider/divider_gate.v(25836)
HDL-1007 : undeclared symbol 'open_n113', assumed default net type 'wire' in ../../../user_source/ip_source/divider/divider_gate.v(26044)
HDL-1007 : undeclared symbol 'open_n116', assumed default net type 'wire' in ../../../user_source/ip_source/divider/divider_gate.v(27280)
HDL-1007 : undeclared symbol 'open_n119', assumed default net type 'wire' in ../../../user_source/ip_source/divider/divider_gate.v(27495)
HDL-1007 : undeclared symbol 'open_n122', assumed default net type 'wire' in ../../../user_source/ip_source/divider/divider_gate.v(29638)
HDL-1007 : undeclared symbol 'open_n125', assumed default net type 'wire' in ../../../user_source/ip_source/divider/divider_gate.v(29860)
HDL-1007 : undeclared symbol 'open_n128', assumed default net type 'wire' in ../../../user_source/ip_source/divider/divider_gate.v(31128)
HDL-1007 : undeclared symbol 'open_n129', assumed default net type 'wire' in ../../../user_source/ip_source/divider/divider_gate.v(31359)
HDL-1007 : undeclared symbol 'open_n132', assumed default net type 'wire' in ../../../user_source/ip_source/divider/divider_gate.v(32637)
HDL-1007 : undeclared symbol 'open_n133', assumed default net type 'wire' in ../../../user_source/ip_source/divider/divider_gate.v(32868)
HDL-1007 : undeclared symbol 'open_n134', assumed default net type 'wire' in ../../../user_source/ip_source/divider/divider_gate.v(32875)
HDL-1007 : undeclared symbol 'open_n137', assumed default net type 'wire' in ../../../user_source/ip_source/divider/divider_gate.v(34153)
HDL-1007 : undeclared symbol 'open_n138', assumed default net type 'wire' in ../../../user_source/ip_source/divider/divider_gate.v(34384)
HDL-1007 : undeclared symbol 'open_n139', assumed default net type 'wire' in ../../../user_source/ip_source/divider/divider_gate.v(34391)
HDL-1007 : undeclared symbol 'open_n142', assumed default net type 'wire' in ../../../user_source/ip_source/divider/divider_gate.v(35669)
HDL-1007 : undeclared symbol 'open_n143', assumed default net type 'wire' in ../../../user_source/ip_source/divider/divider_gate.v(35900)
HDL-1007 : undeclared symbol 'open_n144', assumed default net type 'wire' in ../../../user_source/ip_source/divider/divider_gate.v(35907)
HDL-1007 : undeclared symbol 'open_n147', assumed default net type 'wire' in ../../../user_source/ip_source/divider/divider_gate.v(37185)
HDL-1007 : undeclared symbol 'open_n148', assumed default net type 'wire' in ../../../user_source/ip_source/divider/divider_gate.v(37416)
HDL-1007 : undeclared symbol 'open_n149', assumed default net type 'wire' in ../../../user_source/ip_source/divider/divider_gate.v(37423)
HDL-1007 : undeclared symbol 'open_n152', assumed default net type 'wire' in ../../../user_source/ip_source/divider/divider_gate.v(38701)
HDL-1007 : undeclared symbol 'open_n153', assumed default net type 'wire' in ../../../user_source/ip_source/divider/divider_gate.v(38932)
HDL-1007 : undeclared symbol 'open_n154', assumed default net type 'wire' in ../../../user_source/ip_source/divider/divider_gate.v(38939)
HDL-1007 : undeclared symbol 'open_n157', assumed default net type 'wire' in ../../../user_source/ip_source/divider/divider_gate.v(40217)
HDL-1007 : undeclared symbol 'open_n158', assumed default net type 'wire' in ../../../user_source/ip_source/divider/divider_gate.v(40448)
HDL-1007 : undeclared symbol 'open_n159', assumed default net type 'wire' in ../../../user_source/ip_source/divider/divider_gate.v(40455)
HDL-1007 : undeclared symbol 'open_n162', assumed default net type 'wire' in ../../../user_source/ip_source/divider/divider_gate.v(41733)
HDL-1007 : undeclared symbol 'open_n163', assumed default net type 'wire' in ../../../user_source/ip_source/divider/divider_gate.v(41964)
HDL-1007 : undeclared symbol 'open_n164', assumed default net type 'wire' in ../../../user_source/ip_source/divider/divider_gate.v(41971)
HDL-1007 : undeclared symbol 'open_n167', assumed default net type 'wire' in ../../../user_source/ip_source/divider/divider_gate.v(43249)
HDL-1007 : undeclared symbol 'open_n168', assumed default net type 'wire' in ../../../user_source/ip_source/divider/divider_gate.v(43480)
HDL-1007 : undeclared symbol 'open_n169', assumed default net type 'wire' in ../../../user_source/ip_source/divider/divider_gate.v(43487)
HDL-1007 : undeclared symbol 'open_n172', assumed default net type 'wire' in ../../../user_source/ip_source/divider/divider_gate.v(45678)
HDL-1007 : undeclared symbol 'open_n173', assumed default net type 'wire' in ../../../user_source/ip_source/divider/divider_gate.v(45909)
HDL-1007 : undeclared symbol 'open_n174', assumed default net type 'wire' in ../../../user_source/ip_source/divider/divider_gate.v(45916)
HDL-1007 : undeclared symbol 'open_n177', assumed default net type 'wire' in ../../../user_source/ip_source/divider/divider_gate.v(47194)
HDL-1007 : undeclared symbol 'open_n178', assumed default net type 'wire' in ../../../user_source/ip_source/divider/divider_gate.v(47425)
HDL-1007 : undeclared symbol 'open_n179', assumed default net type 'wire' in ../../../user_source/ip_source/divider/divider_gate.v(47432)
HDL-1007 : undeclared symbol 'open_n182', assumed default net type 'wire' in ../../../user_source/ip_source/divider/divider_gate.v(48710)
HDL-1007 : undeclared symbol 'open_n183', assumed default net type 'wire' in ../../../user_source/ip_source/divider/divider_gate.v(48941)
HDL-1007 : undeclared symbol 'open_n184', assumed default net type 'wire' in ../../../user_source/ip_source/divider/divider_gate.v(48948)
HDL-1007 : undeclared symbol 'open_n187', assumed default net type 'wire' in ../../../user_source/ip_source/divider/divider_gate.v(50226)
HDL-1007 : undeclared symbol 'open_n188', assumed default net type 'wire' in ../../../user_source/ip_source/divider/divider_gate.v(50457)
HDL-1007 : undeclared symbol 'open_n189', assumed default net type 'wire' in ../../../user_source/ip_source/divider/divider_gate.v(50464)
HDL-1007 : undeclared symbol 'open_n192', assumed default net type 'wire' in ../../../user_source/ip_source/divider/divider_gate.v(51742)
HDL-1007 : undeclared symbol 'open_n193', assumed default net type 'wire' in ../../../user_source/ip_source/divider/divider_gate.v(51973)
HDL-1007 : undeclared symbol 'open_n194', assumed default net type 'wire' in ../../../user_source/ip_source/divider/divider_gate.v(51980)
HDL-1007 : undeclared symbol 'open_n197', assumed default net type 'wire' in ../../../user_source/ip_source/divider/divider_gate.v(53258)
HDL-1007 : undeclared symbol 'open_n198', assumed default net type 'wire' in ../../../user_source/ip_source/divider/divider_gate.v(53489)
HDL-1007 : undeclared symbol 'open_n199', assumed default net type 'wire' in ../../../user_source/ip_source/divider/divider_gate.v(53496)
HDL-1007 : undeclared symbol 'open_n202', assumed default net type 'wire' in ../../../user_source/ip_source/divider/divider_gate.v(54774)
HDL-1007 : undeclared symbol 'open_n203', assumed default net type 'wire' in ../../../user_source/ip_source/divider/divider_gate.v(55005)
HDL-1007 : undeclared symbol 'open_n204', assumed default net type 'wire' in ../../../user_source/ip_source/divider/divider_gate.v(55012)
HDL-1007 : undeclared symbol 'open_n207', assumed default net type 'wire' in ../../../user_source/ip_source/divider/divider_gate.v(57048)
HDL-1007 : undeclared symbol 'open_n208', assumed default net type 'wire' in ../../../user_source/ip_source/divider/divider_gate.v(57167)
HDL-1007 : undeclared symbol 'open_n209', assumed default net type 'wire' in ../../../user_source/ip_source/divider/divider_gate.v(57174)
HDL-1007 : undeclared symbol 'open_n212', assumed default net type 'wire' in ../../../user_source/ip_source/divider/divider_gate.v(58502)
HDL-1007 : undeclared symbol 'open_n215', assumed default net type 'wire' in ../../../user_source/ip_source/divider/divider_gate.v(58507)
HDL-1007 : undeclared symbol 'open_n218', assumed default net type 'wire' in ../../../user_source/ip_source/divider/divider_gate.v(59405)
HDL-1007 : undeclared symbol 'open_n221', assumed default net type 'wire' in ../../../user_source/ip_source/divider/divider_gate.v(59459)
HDL-1007 : undeclared symbol 'open_n224', assumed default net type 'wire' in ../../../user_source/ip_source/divider/divider_gate.v(60367)
HDL-1007 : undeclared symbol 'open_n227', assumed default net type 'wire' in ../../../user_source/ip_source/divider/divider_gate.v(60428)
HDL-1007 : undeclared symbol 'open_n230', assumed default net type 'wire' in ../../../user_source/ip_source/divider/divider_gate.v(61352)
HDL-1007 : undeclared symbol 'open_n233', assumed default net type 'wire' in ../../../user_source/ip_source/divider/divider_gate.v(61420)
HDL-1007 : undeclared symbol 'open_n236', assumed default net type 'wire' in ../../../user_source/ip_source/divider/divider_gate.v(62360)
HDL-1007 : undeclared symbol 'open_n239', assumed default net type 'wire' in ../../../user_source/ip_source/divider/divider_gate.v(62435)
HDL-1007 : analyze verilog file ../../../user_source/ip_source/ph1p35_ddr/ddr2/ph1p_ddrmc_wrapper_63f4ac254419.v
HDL-1007 : analyze included file ../../../user_source/ip_source/ph1p35_ddr/ddr2/./src/rtl/include/ph1p_mis_define.vh in ../../../user_source/ip_source/ph1p35_ddr/ddr2/ph1p_ddrmc_wrapper_63f4ac254419.v(11)
HDL-1007 : back to file '../../../user_source/ip_source/ph1p35_ddr/ddr2/ph1p_ddrmc_wrapper_63f4ac254419.v' in ../../../user_source/ip_source/ph1p35_ddr/ddr2/ph1p_ddrmc_wrapper_63f4ac254419.v(11)
Copyright (c) 1998-2019 The OpenSSL Project.  All rights reserved.
This product includes software developed by the OpenSSL Project
for use in the OpenSSL Toolkit (http://www.openssl.org/)
Copyright (C) 1995-1998 Eric Young (eay@cryptsoft.com)
All rights reserved.
This product includes cryptographic software written by Eric Young (eay@cryptsoft.com)
HDL-1007 : back to file '../../../user_source/ip_source/ph1p35_ddr/ddr2/ph1p_ddrmc_wrapper_63f4ac254419.v' in ../../../user_source/ip_source/ph1p35_ddr/ddr2/ph1p_ddrmc_wrapper_63f4ac254419.v(417)
HDL-1007 : analyze verilog file ../../../user_source/ip_source/ph1p35_ddr/ddr2/ddr2.v
HDL-1007 : analyze verilog file ../../../user_source/ip_source/ph1p35_ddr/ddr2/src/rtl/clk/ph1p_ddrphy_clk_top.v
HDL-1007 : analyze verilog file ../../../user_source/ip_source/ph1p35_ddr/ddr2/src/rtl/clk/ph1p_ddrphy_pll0.v
HDL-1007 : analyze verilog file ../../../user_source/ip_source/ph1p35_ddr/ddr2/src/rtl/clk/ph1p_ddrphy_pll1.v
HDL-1007 : analyze verilog file ../../../user_source/ip_source/ph1p35_ddr/ddr2/src/rtl/init/ph1p_ddrphy_dram_init_ddr2.v
HDL-1007 : analyze verilog file ../../../user_source/ip_source/ph1p35_ddr/ddr2/src/rtl/mc/alc_phy2mc_fifo_ctrl.v
HDL-1007 : analyze verilog file ../../../user_source/ip_source/ph1p35_ddr/ddr2/src/rtl/misc/ph1p_ddr_fifo_dram_sync.v
HDL-1007 : analyze verilog file ../../../user_source/ip_source/ph1p35_ddr/ddr2/src/rtl/misc/ph1p_ddrphy_sync_rst_gen.v
HDL-1007 : analyze verilog file ../../../user_source/ip_source/ph1p35_ddr/ddr2/src/rtl/phy/ph1p_ddrphy.v
HDL-1007 : analyze included file ../../../user_source/ip_source/ph1p35_ddr/ddr2/src/rtl/phy/./include/ph1p_ddrphy_pad_type.vh in ../../../user_source/ip_source/ph1p35_ddr/ddr2/src/rtl/phy/ph1p_ddrphy.v(105)
HDL-1007 : back to file '../../../user_source/ip_source/ph1p35_ddr/ddr2/src/rtl/phy/ph1p_ddrphy.v' in ../../../user_source/ip_source/ph1p35_ddr/ddr2/src/rtl/phy/ph1p_ddrphy.v(105)
HDL-1007 : analyze included file ../../../user_source/ip_source/ph1p35_ddr/ddr2/src/rtl/phy/./include/ph1p_ddrphy_bus_matrix.vh in ../../../user_source/ip_source/ph1p35_ddr/ddr2/src/rtl/phy/ph1p_ddrphy.v(507)
HDL-1007 : back to file '../../../user_source/ip_source/ph1p35_ddr/ddr2/src/rtl/phy/ph1p_ddrphy.v' in ../../../user_source/ip_source/ph1p35_ddr/ddr2/src/rtl/phy/ph1p_ddrphy.v(507)
HDL-1007 : analyze verilog file ../../../user_source/ip_source/ph1p35_ddr/ddr2/src/rtl/phy/ph1p_ddrphy_apb_bridge.v
HDL-1007 : analyze verilog file ../../../user_source/ip_source/ph1p35_ddr/ddr2/src/rtl/phy/ph1p_ddrphy_bankref_cfg.v
HDL-1007 : analyze verilog file ../../../user_source/ip_source/ph1p35_ddr/ddr2/src/rtl/phy/ph1p_ddrphy_byte_wrapper.v
HDL-1007 : analyze verilog file ../../../user_source/ip_source/ph1p35_ddr/ddr2/src/rtl/phy/ph1p_ddrphy_cmd_decode.v
HDL-1007 : analyze verilog file ../../../user_source/ip_source/ph1p35_ddr/ddr2/src/rtl/phy/ph1p_ddrphy_cmd_execution.v
HDL-1007 : analyze verilog file ../../../user_source/ip_source/ph1p35_ddr/ddr2/src/rtl/phy/ph1p_ddrphy_cmd_wrapper.v
HDL-1007 : analyze verilog file ../../../user_source/ip_source/ph1p35_ddr/ddr2/src/rtl/phy/ph1p_ddrphy_dcu.v
HDL-1007 : analyze verilog file ../../../user_source/ip_source/ph1p35_ddr/ddr2/src/rtl/phy/ph1p_ddrphy_dcu_wrapper.v
HDL-1007 : analyze verilog file ../../../user_source/ip_source/ph1p35_ddr/ddr2/src/rtl/phy/ph1p_ddrphy_fast_init.v
HDL-1007 : analyze verilog file ../../../user_source/ip_source/ph1p35_ddr/ddr2/src/rtl/phy/ph1p_ddrphy_fast_init_wrapper.v
HDL-1007 : analyze included file ../../../user_source/ip_source/ph1p35_ddr/ddr2/src/rtl/phy/./include/ph1p_ddrphy_board_delay.vh in ../../../user_source/ip_source/ph1p35_ddr/ddr2/src/rtl/phy/ph1p_ddrphy_fast_init_wrapper.v(71)
HDL-1007 : back to file '../../../user_source/ip_source/ph1p35_ddr/ddr2/src/rtl/phy/ph1p_ddrphy_fast_init_wrapper.v' in ../../../user_source/ip_source/ph1p35_ddr/ddr2/src/rtl/phy/ph1p_ddrphy_fast_init_wrapper.v(71)
HDL-1007 : analyze verilog file ../../../user_source/ip_source/ph1p35_ddr/ddr2/src/rtl/phy/ph1p_ddrphy_init.v
HDL-1007 : analyze verilog file ../../../user_source/ip_source/ph1p35_ddr/ddr2/src/rtl/phy/ph1p_ddrphy_mdl_cal.v
HDL-1007 : analyze verilog file ../../../user_source/ip_source/ph1p35_ddr/ddr2/src/rtl/phy/ph1p_ddrphy_mdl_cal_wrapper.v
HDL-1007 : analyze verilog file ../../../user_source/ip_source/ph1p35_ddr/ddr2/src/rtl/phy/ph1p_ddrphy_rphase_ctl.v
HDL-1007 : analyze verilog file ../../../user_source/ip_source/ph1p35_ddr/ddr2/src/rtl/phy/ph1p_ddrphy_top.v
HDL-1007 : analyze included file ../../../user_source/ip_source/ph1p35_ddr/ddr2/src/rtl/phy/./include/ph1p_ddrphy_ddrio.vh in ../../../user_source/ip_source/ph1p35_ddr/ddr2/src/rtl/phy/ph1p_ddrphy_top.v(736)
HDL-1007 : back to file '../../../user_source/ip_source/ph1p35_ddr/ddr2/src/rtl/phy/ph1p_ddrphy_top.v' in ../../../user_source/ip_source/ph1p35_ddr/ddr2/src/rtl/phy/ph1p_ddrphy_top.v(736)
HDL-1007 : analyze verilog file ../../../user_source/ip_source/ph1p35_ddr/ddr2/src/rtl/phy/ph1p_ddrphy_wphase_ctl.v
HDL-1007 : analyze verilog file ../../../user_source/ip_source/ph1p35_ddr/ddr2/src/rtl/phy/ph1p_ddrphy_wrapper.v
HDL-1007 : analyze verilog file ../../../user_source/ip_source/ph1p35_ddr/ddr2/src/rtl/top/ph1p_ddrmc_top.v
HDL-1007 : analyze verilog file ../../../user_source/ip_source/ph1p35_ddr/ddr2/src/rtl/mc/alc_mc_top_all.enc.sv
HDL-1007 : analyze included file ../../../user_source/ip_source/ph1p35_ddr/ddr2/src/rtl/mc/../include/ph1p_mis_define.vh in ../../../user_source/ip_source/ph1p35_ddr/ddr2/src/rtl/mc/alc_mc_top_all.enc.sv(4)
HDL-1007 : back to file '../../../user_source/ip_source/ph1p35_ddr/ddr2/src/rtl/mc/alc_mc_top_all.enc.sv' in ../../../user_source/ip_source/ph1p35_ddr/ddr2/src/rtl/mc/alc_mc_top_all.enc.sv(4)
HDL-1007 : analyze included file ../../../user_source/ip_source/ph1p35_ddr/ddr2/src/rtl/mc/../timing/ddr2/ddr2_parameter.vh in ../../../user_source/ip_source/ph1p35_ddr/ddr2/src/rtl/mc/alc_mc_top_all.enc.sv(106)
HDL-1007 : analyze included file ../../../user_source/ip_source/ph1p35_ddr/ddr2/src/rtl/mc/../timing/ddr2/ddr2_1066.vh in ../../../user_source/ip_source/ph1p35_ddr/ddr2/src/rtl/mc/../timing/ddr2/ddr2_parameter.vh(118)
HDL-1007 : back to file '../../../user_source/ip_source/ph1p35_ddr/ddr2/src/rtl/mc/../timing/ddr2/ddr2_parameter.vh' in ../../../user_source/ip_source/ph1p35_ddr/ddr2/src/rtl/mc/../timing/ddr2/ddr2_parameter.vh(118)
HDL-1007 : back to file '../../../user_source/ip_source/ph1p35_ddr/ddr2/src/rtl/mc/alc_mc_top_all.enc.sv' in ../../../user_source/ip_source/ph1p35_ddr/ddr2/src/rtl/mc/alc_mc_top_all.enc.sv(106)
HDL-1007 : back to file '../../../user_source/ip_source/ph1p35_ddr/ddr2/src/rtl/mc/alc_mc_top_all.enc.sv' in ../../../user_source/ip_source/ph1p35_ddr/ddr2/src/rtl/mc/alc_mc_top_all.enc.sv(121)
HDL-1007 : analyze verilog file ../../../user_source/ip_source/w128_d512_fifo/soft_fifo_al_4057d6b76aa6.v
HDL-1007 : analyze verilog file ../../../user_source/ip_source/w128_d512_fifo/w128_d512_fifo.v
HDL-1007 : analyze verilog file ../../../user_source/ip_source/w155_d512_fifo/soft_fifo_al_f58e8b3e1f3d.v
HDL-1007 : analyze verilog file ../../../user_source/ip_source/w155_d512_fifo/w155_d512_fifo.v
HDL-1007 : analyze verilog file ../../../user_source/lab_ex_2026_nosoft/hdl_source/design_top_wrapper.v
HDL-1007 : analyze verilog file ../../../user_source/lab_ex_2026_nosoft/hdl_source/mipi_dphy_rx/mipi_dphy_rx_ph1p_mipiio_wrapper.sv
HDL-1007 : analyze verilog file ../../../user_source/lab_ex_2026_nosoft/hdl_source/mipi_dphy_rx/ph1p_mipiio_rx_wrapper.v
HDL-1007 : analyze verilog file ../../../user_source/lab_ex_2026_nosoft/hdl_source/video_in.v
HDL-1007 : analyze verilog file ../../../user_source/lab_ex_2026_nosoft/hdl_source/video_out.v
HDL-1007 : analyze verilog file ../../../user_source/lab_ex_2026_nosoft/hdl_source/mc_to_user_interface.v
HDL-1007 : analyze verilog file ../../../user_source/lab_ex_2026_nosoft/hdl_source/mipi_dphy_rx/byte_aligner.enc.v
HDL-1007 : back to file '../../../user_source/lab_ex_2026_nosoft/hdl_source/mipi_dphy_rx/byte_aligner.enc.v' in ../../../user_source/lab_ex_2026_nosoft/hdl_source/mipi_dphy_rx/byte_aligner.enc.v(18)
HDL-1007 : analyze verilog file ../../../user_source/lab_ex_2026_nosoft/hdl_source/mipi_dphy_rx/byte_aligner_wrapper.enc.sv
HDL-1007 : back to file '../../../user_source/lab_ex_2026_nosoft/hdl_source/mipi_dphy_rx/byte_aligner_wrapper.enc.sv' in ../../../user_source/lab_ex_2026_nosoft/hdl_source/mipi_dphy_rx/byte_aligner_wrapper.enc.sv(20)
HDL-1007 : analyze verilog file ../../../user_source/lab_ex_2026_nosoft/hdl_source/mipi_dphy_rx/channel_aligner.enc.v
HDL-1007 : back to file '../../../user_source/lab_ex_2026_nosoft/hdl_source/mipi_dphy_rx/channel_aligner.enc.v' in ../../../user_source/lab_ex_2026_nosoft/hdl_source/mipi_dphy_rx/channel_aligner.enc.v(17)
HDL-1007 : analyze verilog file ../../../user_source/lab_ex_2026_nosoft/hdl_source/mipi_dphy_rx/channel_aligner_wrapper.enc.sv
HDL-1007 : back to file '../../../user_source/lab_ex_2026_nosoft/hdl_source/mipi_dphy_rx/channel_aligner_wrapper.enc.sv' in ../../../user_source/lab_ex_2026_nosoft/hdl_source/mipi_dphy_rx/channel_aligner_wrapper.enc.sv(17)
HDL-1007 : analyze verilog file ../../../user_source/lab_ex_2026_nosoft/hdl_source/mipi_dphy_rx/hs_detect.enc.v
HDL-1007 : back to file '../../../user_source/lab_ex_2026_nosoft/hdl_source/mipi_dphy_rx/hs_detect.enc.v' in ../../../user_source/lab_ex_2026_nosoft/hdl_source/mipi_dphy_rx/hs_detect.enc.v(13)
HDL-1007 : analyze verilog file ../../../user_source/image/awb/active/signal_delay.v
HDL-1007 : analyze verilog file ../../../user_source/image/awb/active/awb.v
HDL-1007 : analyze verilog file ../../../user_source/ip_source/ph1p35_ddr/ph1p35_324_ddr_wrapper.v
HDL-1007 : undeclared symbol 'dhi_clk', assumed default net type 'wire' in ../../../user_source/ip_source/ph1p35_ddr/ph1p35_324_ddr_wrapper.v(83)
HDL-1007 : analyze verilog file ../../../user_source/lab_ex_2026_nosoft/hdl_source/isp/csi_unpacket_2lane.v
HDL-1007 : analyze verilog file ../../../user_source/image/integration/isp_top.v
HDL-1007 : analyze verilog file ../../../user_source/lab_ex_2026_nosoft/hdl_source/isp/raw10_unpacket_2lane.v
HDL-1007 : analyze verilog file ../../../user_source/lab_ex_2026_nosoft/hdl_source/isp/uial2axis.v
HDL-1007 : analyze verilog file ../../../user_source/lab_ex_2026_nosoft/hdl_source/isp/demosaic_4x_2_0/bilinear_interpolation.v
HDL-1007 : analyze verilog file ../../../user_source/lab_ex_2026_nosoft/hdl_source/isp/demosaic_4x_2_0/demosaic.v
HDL-5007 WARNING: /* is inside a comment in ../../../user_source/lab_ex_2026_nosoft/hdl_source/isp/demosaic_4x_2_0/demosaic.v(89)
HDL-5007 WARNING: /* is inside a comment in ../../../user_source/lab_ex_2026_nosoft/hdl_source/isp/demosaic_4x_2_0/demosaic.v(100)
HDL-1007 : analyze verilog file ../../../user_source/lab_ex_2026_nosoft/hdl_source/isp/demosaic_4x_2_0/line_buffer_demosaic.v
HDL-1007 : analyze verilog file ../../../user_source/lab_ex_2026_nosoft/hdl_source/isp/demosaic_4x_2_0/mipi_to_raw_converter.v
HDL-1007 : analyze verilog file ../../../user_source/lab_ex_2026_nosoft/hdl_source/isp/demosaic_4x_2_0/raw_matrix_3x3_buffer.v
HDL-1007 : analyze verilog file ../../../user_source/lab_ex_2026_nosoft/hdl_source/isp/demosaic_4x_2_0/zhenghe.v
HDL-1007 : undeclared symbol 'rd_valid', assumed default net type 'wire' in ../../../user_source/lab_ex_2026_nosoft/hdl_source/isp/demosaic_4x_2_0/zhenghe.v(146)
HDL-1007 : analyze verilog file ../../../user_source/lab_ex_2026_nosoft/hdl_source/isp/data128_96/data128_96.v
HDL-1007 : analyze verilog file ../../../user_source/lab_ex_2026_nosoft/hdl_source/isp/data96_128/data96_128.v
HDL-1007 : analyze verilog file ../../../user_source/image/stream/image_correction.v
HDL-1007 : analyze verilog file ../../../user_source/lab_ex_2026_nosoft/hdl_source/uics500_cfg/SC500GainTbl.v
HDL-1007 : analyze verilog file ../../../user_source/lab_ex_2026_nosoft/hdl_source/uics500_cfg/uicfgcs500.v
HDL-1007 : undeclared symbol 'iic_busy', assumed default net type 'wire' in ../../../user_source/lab_ex_2026_nosoft/hdl_source/uics500_cfg/uicfgcs500.v(141)
HDL-1007 : analyze verilog file ../../../user_source/lab_ex_2026_nosoft/hdl_source/uics500_cfg/uics500reg.v
HDL-1007 : analyze verilog file ../../../user_source/lab_ex_2026_nosoft/hdl_source/uics500_cfg/uics500regAE.v
HDL-1007 : analyze verilog file ../../../user_source/lab_ex_2026_nosoft/hdl_source/uics500_cfg/uii2c.v
HDL-1007 : analyze verilog file ../../../user_source/lab_ex_2026_nosoft/hdl_source/uiisp_beta/ae_set.v
HDL-1007 : analyze verilog file ../../../user_source/lab_ex_2026_nosoft/hdl_source/hdmi_tx.v
HDL-1007 : analyze verilog file ../../../user_source/lab_ex_2026_nosoft/hdl_source/hdmi_1_4b_transmitter_core_wrapper.enc.v
HDL-1007 : undeclared symbol '**', assumed default net type '**' in ../../../user_source/lab_ex_2026_nosoft/hdl_source/hdmi_1_4b_transmitter_core_wrapper.enc.v(2614)
HDL-1007 : undeclared symbol '**', assumed default net type '**' in ../../../user_source/lab_ex_2026_nosoft/hdl_source/hdmi_1_4b_transmitter_core_wrapper.enc.v(2716)
HDL-1007 : undeclared symbol '**', assumed default net type '**' in ../../../user_source/lab_ex_2026_nosoft/hdl_source/hdmi_1_4b_transmitter_core_wrapper.enc.v(2724)
HDL-1007 : undeclared symbol '**', assumed default net type '**' in ../../../user_source/lab_ex_2026_nosoft/hdl_source/hdmi_1_4b_transmitter_core_wrapper.enc.v(4936)
HDL-1007 : undeclared symbol '**', assumed default net type '**' in ../../../user_source/lab_ex_2026_nosoft/hdl_source/hdmi_1_4b_transmitter_core_wrapper.enc.v(5989)
HDL-1007 : back to file '../../../user_source/lab_ex_2026_nosoft/hdl_source/hdmi_1_4b_transmitter_core_wrapper.enc.v' in ../../../user_source/lab_ex_2026_nosoft/hdl_source/hdmi_1_4b_transmitter_core_wrapper.enc.v(77)
HDL-1007 : analyze verilog file ../../../user_source/lab_ex_2026_nosoft/hdl_source/hdmi_phy_warpper.v
HDL-1007 : analyze verilog file ../../../user_source/lab_ex_2026_nosoft/hdl_source/lane_lvds_10_1.v
HDL-1007 : analyze verilog file ../../../user_source/lab_ex_2026_nosoft/hdl_source/vtc/uivtc.v
HDL-1007 : analyze verilog file ../../../user_source/lab_ex_2026_nosoft/hdl_source/hdmi_mixer.v
HDL-1007 : analyze verilog file ../../../user_source/lab_ex_2026_nosoft/hdl_source/I2S_receiver.v
HDL-1007 : analyze verilog file ../../../user_source/lab_ex_2026_nosoft/hdl_source/audio_arc_calculate.v
HDL-1007 : analyze verilog file ../../../user_source/lab_ex_2026_nosoft/hdl_source/key_remove_shakes.v
HDL-1007 : analyze verilog file ../../../user_source/lab_ex_2026_nosoft/hdl_source/anlogic_logo_rom.v
HDL-1007 : analyze verilog file ../../../user_source/lab_ex_2026_nosoft/hdl_source/osd_char_lib.v
HDL-1007 : analyze verilog file ../../../user_source/lab_ex_2026_nosoft/hdl_source/mode_selector.v
HDL-1007 : analyze verilog file ../../../user_source/image/stream/image_process_stream_96.v
HDL-1007 : analyze verilog file ../../../user_source/image/traffic_sign/traffic_sign_detector_96.v
HDL-1007 : analyze verilog file ../../../user_source/image/traffic_sign/traffic_sign_result_cdc.v
PRJ-1401 : Successfully analyzed 90 source files.
RUN-1003 : finish command "open_project traffic_sign_td.prj" in  1.201359s wall, 0.703125s user + 0.000000s system = 0.703125s CPU (58.5%)

RUN-1004 : used memory is 342 MB, reserved memory is 334 MB, peak memory is 342 MB
RUN-1002 : start command "commit_param -step design"
RUN-1001 : Print Global Property
RUN-1001 : -------------------------------------------------------------
RUN-1001 :     Parameters    |   Settings   |  Default Values  |  Note  
RUN-1001 : -------------------------------------------------------------
RUN-1001 :    enable_seed    |     off      |       off        |        
RUN-1001 :    hfn_to_clock   |  1000000000  |    1000000000    |        
RUN-1001 :      message      |   standard   |     standard     |        
RUN-1001 :    qor_monitor    |      on      |        on        |        
RUN-1001 :   speedup_effort  |      0       |        0         |        
RUN-1001 :    syn_ip_flow    |     off      |       off        |        
RUN-1001 :       thread      |     auto     |       auto       |        
RUN-1001 : -------------------------------------------------------------
RUN-1001 : Print Design Property
RUN-1001 : ----------------------------------------------------------------
RUN-1001 :       Parameters       |  Settings  |  Default Values  |  Note  
RUN-1001 : ----------------------------------------------------------------
RUN-1001 :   default_reg_initial  |    auto    |       auto       |        
RUN-1001 :    hdl_warning_level   |   normal   |      normal      |        
RUN-1001 : ----------------------------------------------------------------
RUN-1002 : start command "elaborate -top design_top_wrapper"
HDL-1007 : port 'O_csi_hs' remains unconnected for this instance in ../../../user_source/lab_ex_2026_nosoft/hdl_source/design_top_wrapper.v(656)
HDL-1007 : port 'IO_ddc_sda' remains unconnected for this instance in ../../../user_source/lab_ex_2026_nosoft/hdl_source/design_top_wrapper.v(952)
HDL-1007 : elaborate module design_top_wrapper in ../../../user_source/lab_ex_2026_nosoft/hdl_source/design_top_wrapper.v(3)
HDL-1007 : elaborate module mode_selector in ../../../user_source/lab_ex_2026_nosoft/hdl_source/mode_selector.v(35)
HDL-1007 : elaborate module PLL in ../../../user_source/ip_source/PLL/PLL.v(22)
HDL-1007 : elaborate module PH1P_LOGIC_BUFG in D:\Anlogic\TD_6.2.1_Engineer_6.2.168.116\arch/ph1p_macro.v(8085)
HDL-1007 : elaborate module ph1p_phy_pll_wrapper_25a56e5ce2f9(FBKCLK_INT="CLKC0_EXT",FIN="50.000000000",FBCLK_DIV=2,CLKC0_ENABLE="ENABLE",CLKC0_DIV=13,CLKC0_CPHASE=12,CLKC0_DUTY_INT=7,CLKC1_ENABLE="ENABLE",CLKC1_DIV=54,CLKC1_CPHASE=53,CLKC1_DUTY_INT=27,CLKC4_ENABLE="ENABLE",CLKC4_DIV=25,CLKC4_CPHASE=24,CLKC4_DUTY_INT=13,CLKC5_ENABLE="ENABLE",CLKC5_DIV=5,CLKC5_CPHASE=4,CLKC5_DUTY_INT=3,PLL_FEED_TYPE="EXTERNAL",PLL_FASTLOOP="ENABLE",LPF_RES=0,LPF_CAP=5,ICP_CUR=29) in ../../../user_source/ip_source/PLL/RTL/ph1p_phy_pll_wrapper_25a56e5ce2f9.v(2)
HDL-1007 : elaborate module PH1P_PHY_PLL_V2(FBKCLK_INT="CLKC0_EXT",FIN="50.000000000",FBCLK_DIV=2,CLKC0_CPHASE=12,CLKC1_CPHASE=53,CLKC4_CPHASE=24,CLKC5_CPHASE=4,CLKC0_DIV=13,CLKC1_DIV=54,CLKC4_DIV=25,CLKC5_DIV=5,CLKC0_DUTY_INT=7,CLKC1_DUTY_INT=27,CLKC4_DUTY_INT=13,CLKC5_DUTY_INT=3,CLKC0_ENABLE="ENABLE",CLKC1_ENABLE="ENABLE",CLKC4_ENABLE="ENABLE",CLKC5_ENABLE="ENABLE",PLL_FEED_TYPE="EXTERNAL",PLL_FASTLOOP="ENABLE",LPF_RES=0,LPF_CAP=5,ICP_CUR=29) in D:\Anlogic\TD_6.2.1_Engineer_6.2.168.116\arch/ph1p_macro.v(1091)
HDL-1007 : elaborate module ae_set in ../../../user_source/lab_ex_2026_nosoft/hdl_source/uiisp_beta/ae_set.v(33)
HDL-1007 : port 'O_iic_bus_error' remains unconnected for this instance in ../../../user_source/lab_ex_2026_nosoft/hdl_source/uics500_cfg/uicfgcs500.v(123)
HDL-1007 : port 'IO_iic_sda_dg' remains unconnected for this instance in ../../../user_source/lab_ex_2026_nosoft/hdl_source/uics500_cfg/uicfgcs500.v(123)
HDL-1007 : elaborate module uicfgcs500(CLK_DIV=239) in ../../../user_source/lab_ex_2026_nosoft/hdl_source/uics500_cfg/uicfgcs500.v(37)
HDL-1007 : elaborate module uii2c(WMEN_LEN=4,RMEN_LEN=1,CLK_DIV=239) in ../../../user_source/lab_ex_2026_nosoft/hdl_source/uics500_cfg/uii2c.v(41)
HDL-1007 : elaborate module uics500reg in ../../../user_source/lab_ex_2026_nosoft/hdl_source/uics500_cfg/uics500reg.v(35)
HDL-5007 WARNING: actual bit length 24 differs from formal bit length 32 for port 'REG_DATA' in ../../../user_source/lab_ex_2026_nosoft/hdl_source/uics500_cfg/uicfgcs500.v(150)
HDL-1007 : elaborate module SC500GainTbl in ../../../user_source/lab_ex_2026_nosoft/hdl_source/uics500_cfg/SC500GainTbl.v(6)
HDL-5007 WARNING: actual bit length 32 differs from formal bit length 7 for port 'I' in ../../../user_source/lab_ex_2026_nosoft/hdl_source/uics500_cfg/uicfgcs500.v(154)
HDL-1007 : elaborate module uics500regAE in ../../../user_source/lab_ex_2026_nosoft/hdl_source/uics500_cfg/uics500regAE.v(33)
HDL-5007 WARNING: actual bit length 24 differs from formal bit length 32 for port 'REG_DATA' in ../../../user_source/lab_ex_2026_nosoft/hdl_source/uics500_cfg/uicfgcs500.v(160)
HDL-1007 : elaborate module mipi_dphy_rx_ph1p_mipiio_wrapper(HS_VGA_GAIN="8dB",LANE_NUM=2) in ../../../user_source/lab_ex_2026_nosoft/hdl_source/mipi_dphy_rx/mipi_dphy_rx_ph1p_mipiio_wrapper.sv(4)
HDL-1007 : elaborate module channel_aligner_wrapper(CH_NUM=2) in ../../../user_source/lab_ex_2026_nosoft/hdl_source/mipi_dphy_rx/channel_aligner_wrapper.enc.sv(3)
HDL-1007 : elaborate module channel_aligner in ../../../user_source/lab_ex_2026_nosoft/hdl_source/mipi_dphy_rx/channel_aligner.enc.v(3)
HDL-1007 : elaborate module byte_aligner_wrapper(LANE_NUM=2) in ../../../user_source/lab_ex_2026_nosoft/hdl_source/mipi_dphy_rx/byte_aligner_wrapper.enc.sv(4)
HDL-1007 : elaborate module byte_aligner in ../../../user_source/lab_ex_2026_nosoft/hdl_source/mipi_dphy_rx/byte_aligner.enc.v(3)
HDL-1007 : elaborate module ph1p_mipiio_rx_wrapper(HS_VGA_GAIN="8dB",LANE_NUM=2) in ../../../user_source/lab_ex_2026_nosoft/hdl_source/mipi_dphy_rx/ph1p_mipiio_rx_wrapper.v(4)
HDL-1007 : elaborate module hs_detect in ../../../user_source/lab_ex_2026_nosoft/hdl_source/mipi_dphy_rx/hs_detect.enc.v(3)
HDL-1007 : elaborate module PH1P_LOGIC_DPHY_MIPI_RX(CK_HS_VGA_GAIN="8dB",L0_HS_SLAVE_DESER_CLK_OFFSET="0ps",L0_HS_VGA_GAIN="8dB",L1_HS_SLAVE_DESER_CLK_OFFSET="0ps",L1_HS_VGA_GAIN="8dB",L2_HS_SLAVE_DESER_CLK_OFFSET="0ps",L2_HS_VGA_GAIN="8dB",L3_HS_SLAVE_DESER_CLK_OFFSET="0ps",L3_HS_VGA_GAIN="8dB") in D:\Anlogic\TD_6.2.1_Engineer_6.2.168.116\arch/ph1p_macro.v(2017)
HDL-5007 WARNING: actual bit length 4 differs from formal bit length 2 for port 'I_lane_invert' in ../../../user_source/lab_ex_2026_nosoft/hdl_source/design_top_wrapper.v(624)
HDL-1007 : elaborate module csi_unpacket_2lane in ../../../user_source/lab_ex_2026_nosoft/hdl_source/isp/csi_unpacket_2lane.v(36)
HDL-1007 : elaborate module raw10_unpacket_2lane in ../../../user_source/lab_ex_2026_nosoft/hdl_source/isp/raw10_unpacket_2lane.v(33)
HDL-1007 : elaborate module uial2axis(IMG_WIDTH=1024,IMG_HEIGHT=600,INPUT_DATA_WIDTH=40) in ../../../user_source/lab_ex_2026_nosoft/hdl_source/isp/uial2axis.v(10)
HDL-1007 : elaborate module image_correction in ../../../user_source/image/stream/image_correction.v(2)
HDL-1007 : elaborate module isp_top in ../../../user_source/image/integration/isp_top.v(1)
HDL-1007 : elaborate module demosaic(IMG_HEIGHT=600,IMG_WIDTH=1024) in ../../../user_source/lab_ex_2026_nosoft/hdl_source/isp/demosaic_4x_2_0/demosaic.v(20)
HDL-1007 : elaborate module raw_matrix_3x3_buffer(IMG_HEIGHT=600,IMG_WIDTH=1024) in ../../../user_source/lab_ex_2026_nosoft/hdl_source/isp/demosaic_4x_2_0/raw_matrix_3x3_buffer.v(21)
HDL-1007 : elaborate module mipi_to_raw_converter in ../../../user_source/lab_ex_2026_nosoft/hdl_source/isp/demosaic_4x_2_0/mipi_to_raw_converter.v(20)
HDL-5007 WARNING: actual bit length 32 differs from formal bit length 1 for port 'O_raw_tready' in ../../../user_source/lab_ex_2026_nosoft/hdl_source/isp/demosaic_4x_2_0/raw_matrix_3x3_buffer.v(149)
HDL-1007 : port 'doa' remains unconnected for this instance in ../../../user_source/lab_ex_2026_nosoft/hdl_source/isp/demosaic_4x_2_0/zhenghe.v(167)
HDL-1007 : elaborate module zhenghe(IMG_WIDTH=1024,IMG_HEIGHT=600,DATA_WIDTH=32) in ../../../user_source/lab_ex_2026_nosoft/hdl_source/isp/demosaic_4x_2_0/zhenghe.v(21)
HDL-1007 : elaborate module blk_mem_gen_zhenghe in ../../../user_source/ip_source/demosaic/blk_mem_gen_zhenghe/blk_mem_gen_zhenghe.v(10)
HDL-1007 : elaborate module ram_d32970204f32(DATA_WIDTH_A=32,ADDR_WIDTH_A=11,DATA_DEPTH_A=2048,DATA_WIDTH_B=32,ADDR_WIDTH_B=11,DATA_DEPTH_B=2048,REGMODE_B="NOREG",WRITEMODE_B="READBEFOREWRITE") in ../../../user_source/ip_source/demosaic/blk_mem_gen_zhenghe/RTL/ram_d32970204f32.v(4)
HDL-1007 : elaborate module PH1P_LOGIC_ERAM(DATA_WIDTH_A=32,DATA_WIDTH_B=32,ADDR_WIDTH_A=11,ADDR_WIDTH_B=11,DATA_DEPTH_A=2048,DATA_DEPTH_B=2048,WRITEMODE_B="READBEFOREWRITE",OREGSET_A="RESET",OREGSET_B="RESET",SSROVERCE="DISABLE",ASYNC_RESET_RELEASE_A="ASYNC",ASYNC_RESET_RELEASE_B="ASYNC",IMPLEMENT="20K(FAST)") in D:\Anlogic\TD_6.2.1_Engineer_6.2.168.116\arch/ph1p_macro.v(22)
HDL-5323 WARNING: input port 'dib[31]' remains unconnected for this instance in ../../../user_source/lab_ex_2026_nosoft/hdl_source/isp/demosaic_4x_2_0/zhenghe.v(167)
HDL-1007 : port 'doa' remains unconnected for this instance in ../../../user_source/lab_ex_2026_nosoft/hdl_source/isp/demosaic_4x_2_0/line_buffer_demosaic.v(98)
HDL-1007 : elaborate module line_buffer_demosaic(IMG_HEIGHT=600,IMG_WIDTH=1024) in ../../../user_source/lab_ex_2026_nosoft/hdl_source/isp/demosaic_4x_2_0/line_buffer_demosaic.v(20)
HDL-1007 : elaborate module blk_mem_gen_demosaic in ../../../user_source/ip_source/demosaic/blk_mem_gen_demosaic/blk_mem_gen_demosaic.v(10)
HDL-1007 : elaborate module ram_c36c2ca3b3a7(DATA_WIDTH_A=33,ADDR_WIDTH_A=11,DATA_DEPTH_A=2048,DATA_WIDTH_B=33,ADDR_WIDTH_B=11,DATA_DEPTH_B=2048,REGMODE_B="NOREG",WRITEMODE_B="READBEFOREWRITE") in ../../../user_source/ip_source/demosaic/blk_mem_gen_demosaic/RTL/ram_c36c2ca3b3a7.v(4)
HDL-1007 : elaborate module PH1P_LOGIC_ERAM(DATA_WIDTH_A=33,DATA_WIDTH_B=33,ADDR_WIDTH_A=11,ADDR_WIDTH_B=11,DATA_DEPTH_A=2048,DATA_DEPTH_B=2048,WRITEMODE_B="READBEFOREWRITE",OREGSET_A="RESET",OREGSET_B="RESET",SSROVERCE="DISABLE",ASYNC_RESET_RELEASE_A="ASYNC",ASYNC_RESET_RELEASE_B="ASYNC",IMPLEMENT="20K(FAST)") in D:\Anlogic\TD_6.2.1_Engineer_6.2.168.116\arch/ph1p_macro.v(22)
HDL-5323 WARNING: input port 'dib[32]' remains unconnected for this instance in ../../../user_source/lab_ex_2026_nosoft/hdl_source/isp/demosaic_4x_2_0/line_buffer_demosaic.v(98)
HDL-1007 : elaborate module bilinear_interpolation in ../../../user_source/lab_ex_2026_nosoft/hdl_source/isp/demosaic_4x_2_0/bilinear_interpolation.v(22)
HDL-1007 : elaborate module data128_96 in ../../../user_source/lab_ex_2026_nosoft/hdl_source/isp/data128_96/data128_96.v(10)
HDL-1007 : port 'remainder' remains unconnected for this instance in ../../../user_source/image/awb/active/awb.v(165)
HDL-1007 : port 'remainder' remains unconnected for this instance in ../../../user_source/image/awb/active/awb.v(175)
HDL-1007 : elaborate module awb(IMG_HEIGHT=600,IMG_WIDTH=1024) in ../../../user_source/image/awb/active/awb.v(20)
HDL-1007 : elaborate module divider in ../../../user_source/ip_source/divider/divider_gate.v(5)
HDL-1007 : elaborate module AL_DFF_X in D:\Anlogic\TD_6.2.1_Engineer_6.2.168.116\arch/al_lmacro.v(277)
HDL-1007 : elaborate module AL_MAP_LUT5(INIT=32'b10000000100000000000000010000000,EQN="(C*B*A*~(~E*D))") in D:\Anlogic\TD_6.2.1_Engineer_6.2.168.116\arch/al_lmacro.v(13)
HDL-1007 : elaborate module AL_MAP_LUT6(INIT=64'b01,EQN="(~F*~E*~D*~C*~B*~A)") in D:\Anlogic\TD_6.2.1_Engineer_6.2.168.116\arch/al_lmacro.v(2)
HDL-1007 : elaborate module AL_MAP_LUT6(INIT=64'b01000,EQN="(~F*~E*~D*~C*B*A)") in D:\Anlogic\TD_6.2.1_Engineer_6.2.168.116\arch/al_lmacro.v(2)
HDL-1007 : elaborate module AL_MAP_LUT5(INIT=32'b01111111111111110000000000000000,EQN="(E*~(D*C*B*A))") in D:\Anlogic\TD_6.2.1_Engineer_6.2.168.116\arch/al_lmacro.v(13)
HDL-1007 : elaborate module AL_MAP_LUT2(INIT=4'b010,EQN="(~B*A)") in D:\Anlogic\TD_6.2.1_Engineer_6.2.168.116\arch/al_lmacro.v(48)
HDL-1007 : elaborate module AL_MAP_LUT3(INIT=8'b010,EQN="(~C*~B*A)") in D:\Anlogic\TD_6.2.1_Engineer_6.2.168.116\arch/al_lmacro.v(36)
HDL-1007 : elaborate module AL_MAP_ADDER(ALUTYPE="SUB_CARRY") in D:\Anlogic\TD_6.2.1_Engineer_6.2.168.116\arch/al_lmacro.v(72)
HDL-1007 : elaborate module AL_MAP_ADDER(ALUTYPE="SUB") in D:\Anlogic\TD_6.2.1_Engineer_6.2.168.116\arch/al_lmacro.v(72)
HDL-1007 : elaborate module AL_MAP_LUT3(INIT=8'b11011000,EQN="(C*~(B)*~(A)+C*B*~(A)+~(C)*B*A+C*B*A)") in D:\Anlogic\TD_6.2.1_Engineer_6.2.168.116\arch/al_lmacro.v(36)
HDL-1007 : elaborate module AL_MAP_LUT4(INIT=16'b01,EQN="(~D*~C*~B*~A)") in D:\Anlogic\TD_6.2.1_Engineer_6.2.168.116\arch/al_lmacro.v(24)
HDL-1007 : elaborate module AL_MAP_LUT4(INIT=16'b1000000000000000,EQN="(D*C*B*A)") in D:\Anlogic\TD_6.2.1_Engineer_6.2.168.116\arch/al_lmacro.v(24)
HDL-1007 : elaborate module AL_MAP_LUT6(INIT=64'b010000000,EQN="(~F*~E*~D*C*B*A)") in D:\Anlogic\TD_6.2.1_Engineer_6.2.168.116\arch/al_lmacro.v(2)
HDL-1007 : elaborate module AL_MAP_LUT5(INIT=32'b010000000,EQN="(~E*~D*C*B*A)") in D:\Anlogic\TD_6.2.1_Engineer_6.2.168.116\arch/al_lmacro.v(13)
HDL-1007 : elaborate module AL_MAP_LUT4(INIT=16'b010000000,EQN="(~D*C*B*A)") in D:\Anlogic\TD_6.2.1_Engineer_6.2.168.116\arch/al_lmacro.v(24)
HDL-1007 : elaborate module AL_MAP_LUT3(INIT=8'b10000000,EQN="(C*B*A)") in D:\Anlogic\TD_6.2.1_Engineer_6.2.168.116\arch/al_lmacro.v(36)
HDL-1007 : elaborate module AL_MAP_LUT5(INIT=32'b01,EQN="(~E*~D*~C*~B*~A)") in D:\Anlogic\TD_6.2.1_Engineer_6.2.168.116\arch/al_lmacro.v(13)
HDL-1007 : elaborate module AL_MAP_LUT5(INIT=32'b01000,EQN="(~E*~D*~C*B*A)") in D:\Anlogic\TD_6.2.1_Engineer_6.2.168.116\arch/al_lmacro.v(13)
HDL-1007 : elaborate module AL_MAP_LUT4(INIT=16'b01000,EQN="(~D*~C*B*A)") in D:\Anlogic\TD_6.2.1_Engineer_6.2.168.116\arch/al_lmacro.v(24)
HDL-1007 : elaborate module AL_MAP_LUT3(INIT=8'b01000,EQN="(~C*B*A)") in D:\Anlogic\TD_6.2.1_Engineer_6.2.168.116\arch/al_lmacro.v(36)
HDL-1007 : elaborate module AL_MAP_LUT6(INIT=64'b1000100010001000000010001000100000000000100010000000000000001000,EQN="(B*A*(~(D)*~((~E*C))*~(F)+~(D)*~((~E*C))*F+D*~((~E*C))*F+~(D)*(~E*C)*F))") in D:\Anlogic\TD_6.2.1_Engineer_6.2.168.116\arch/al_lmacro.v(2)
HDL-1007 : elaborate module AL_MAP_LUT6(INIT=64'b0111111101111111000000001000000011111111011111110000000000000000,EQN="(~((C*B*A))*~(D)*E*~(F)+~((C*B*A))*D*E*~(F)+(C*B*A)*D*E*~(F)+(C*B*A)*~(D)*~(E)*F+~((C*B*A))*~(D)*E*F+~((C*B*A))*D*E*F)") in D:\Anlogic\TD_6.2.1_Engineer_6.2.168.116\arch/al_lmacro.v(2)
HDL-1007 : elaborate module AL_MAP_LUT6(INIT=64'b0111011111111111111101110111111100000000000000000000000000000000,EQN="(F*~(B*A*(D@(~E*C))))") in D:\Anlogic\TD_6.2.1_Engineer_6.2.168.116\arch/al_lmacro.v(2)
HDL-1007 : elaborate module AL_MAP_LUT2(INIT=4'b1000,EQN="(B*A)") in D:\Anlogic\TD_6.2.1_Engineer_6.2.168.116\arch/al_lmacro.v(48)
HDL-1007 : elaborate module AL_MAP_LUT6(INIT=64'b010,EQN="(~F*~E*~D*~C*~B*A)") in D:\Anlogic\TD_6.2.1_Engineer_6.2.168.116\arch/al_lmacro.v(2)
HDL-1007 : elaborate module AL_MAP_LUT5(INIT=32'b010,EQN="(~E*~D*~C*~B*A)") in D:\Anlogic\TD_6.2.1_Engineer_6.2.168.116\arch/al_lmacro.v(13)
HDL-1007 : elaborate module AL_MAP_LUT4(INIT=16'b010,EQN="(~D*~C*~B*A)") in D:\Anlogic\TD_6.2.1_Engineer_6.2.168.116\arch/al_lmacro.v(24)
HDL-1007 : elaborate module AL_MAP_LUT3(INIT=8'b01,EQN="(~C*~B*~A)") in D:\Anlogic\TD_6.2.1_Engineer_6.2.168.116\arch/al_lmacro.v(36)
HDL-1007 : elaborate module AL_MAP_LUT2(INIT=4'b0100,EQN="(B*~A)") in D:\Anlogic\TD_6.2.1_Engineer_6.2.168.116\arch/al_lmacro.v(48)
HDL-1007 : elaborate module AL_MAP_LUT2(INIT=4'b01,EQN="(~B*~A)") in D:\Anlogic\TD_6.2.1_Engineer_6.2.168.116\arch/al_lmacro.v(48)
HDL-1007 : elaborate module AL_MAP_LUT6(INIT=64'b1000000000000000000000000000000000000000000000000000000000000000,EQN="(F*E*D*C*B*A)") in D:\Anlogic\TD_6.2.1_Engineer_6.2.168.116\arch/al_lmacro.v(2)
HDL-1007 : elaborate module AL_MAP_LUT4(INIT=16'b1011111101000000,EQN="(D@(C*B*~A))") in D:\Anlogic\TD_6.2.1_Engineer_6.2.168.116\arch/al_lmacro.v(24)
HDL-1007 : elaborate module AL_MAP_LUT5(INIT=32'b10000000111000001111100011111110,EQN="(A*~(B)*~(C)*~(D)*~(E)+~(A)*B*~(C)*~(D)*~(E)+A*B*~(C)*~(D)*~(E)+~(A)*~(B)*C*~(D)*~(E)+A*~(B)*C*~(D)*~(E)+~(A)*B*C*~(D)*~(E)+A*B*C*~(D)*~(E)+A*B*~(C)*D*~(E)+~(A)*~(B)*C*D*~(E)+A*~(B)*C*D*~(E)+~(A)*B*C*D*~(E)+A*B*C*D*~(E)+A*~(B)*C*~(D)*E+~(A)*B*C*~(D)*E+A*B*C*~(D)*E+A*B*C*D*E)") in D:\Anlogic\TD_6.2.1_Engineer_6.2.168.116\arch/al_lmacro.v(13)
HDL-1007 : elaborate module AL_MAP_LUT5(INIT=32'b01000000000000001000000000000000,EQN="(D*C*B*(E@A))") in D:\Anlogic\TD_6.2.1_Engineer_6.2.168.116\arch/al_lmacro.v(13)
HDL-1007 : elaborate module AL_MAP_LUT6(INIT=64'b1011111111111111111111111111111101000000000000000000000000000000,EQN="(F@(E*D*C*B*~A))") in D:\Anlogic\TD_6.2.1_Engineer_6.2.168.116\arch/al_lmacro.v(2)
HDL-1007 : elaborate module AL_MAP_LUT6(INIT=64'b1101010101111111111111010101011100000000000000000000000000000000,EQN="(F*~(A*~(D@(~(B)*~(C)*~(E)+~(B)*~(C)*E+B*~(C)*E+~(B)*C*E))))") in D:\Anlogic\TD_6.2.1_Engineer_6.2.168.116\arch/al_lmacro.v(2)
HDL-1007 : elaborate module AL_MAP_LUT3(INIT=8'b10111000,EQN="(C*~(A)*~(B)+C*A*~(B)+~(C)*A*B+C*A*B)") in D:\Anlogic\TD_6.2.1_Engineer_6.2.168.116\arch/al_lmacro.v(36)
HDL-1007 : elaborate module AL_MAP_LUT3(INIT=8'b01000000,EQN="(C*B*~A)") in D:\Anlogic\TD_6.2.1_Engineer_6.2.168.116\arch/al_lmacro.v(36)
HDL-1007 : elaborate module AL_MAP_LUT6(INIT=64'b1111111101111111001111110001111100001111000001110000001100000001,EQN="(~(B)*~(C)*~((~D*A))*~(E)*~(F)+~(B)*~(C)*~((~D*A))*E*~(F)+B*~(C)*~((~D*A))*E*~(F)+~(B)*~(C)*(~D*A)*E*~(F)+~(B)*~(C)*~((~D*A))*~(E)*F+B*~(C)*~((~D*A))*~(E)*F+~(B)*C*~((~D*A))*~(E)*F+~(B)*~(C)*(~D*A)*~(E)*F+B*~(C)*(~D*A)*~(E)*F+~(B)*~(C)*~((~D*A))*E*F+B*~(C)*~((~D*A))*E*F+~(B)*C*~((~D*A))*E*F+B*C*~((~D*A))*E*F+~(B)*~(C)*(~D*A)*E*F+B*~(C)*(~D*A)*E*F+~(B)*C*(~D*A)*E*F)") in D:\Anlogic\TD_6.2.1_Engineer_6.2.168.116\arch/al_lmacro.v(2)
HDL-1007 : elaborate module AL_MAP_LUT5(INIT=32'b10111111111111110100000000000000,EQN="(E@(D*C*B*~A))") in D:\Anlogic\TD_6.2.1_Engineer_6.2.168.116\arch/al_lmacro.v(13)
HDL-1007 : elaborate module AL_MAP_LUT3(INIT=8'b01001101,EQN="(~(A)*~(B)*~(C)+~(A)*B*~(C)+A*B*~(C)+~(A)*B*C)") in D:\Anlogic\TD_6.2.1_Engineer_6.2.168.116\arch/al_lmacro.v(36)
HDL-1007 : elaborate module AL_MAP_LUT5(INIT=32'b10001000000000000000100010000000,EQN="(B*A*(D@(~E*C)))") in D:\Anlogic\TD_6.2.1_Engineer_6.2.168.116\arch/al_lmacro.v(13)
HDL-1007 : elaborate module AL_MAP_LUT5(INIT=32'b11110000011110000011110000011110,EQN="(C@(B*~((~D*A))*~(E)+~(B)*(~D*A)*~(E)+B*(~D*A)*~(E)+B*(~D*A)*E))") in D:\Anlogic\TD_6.2.1_Engineer_6.2.168.116\arch/al_lmacro.v(13)
HDL-1007 : elaborate module AL_MAP_LUT5(INIT=32'b01111111111101110000000000000000,EQN="(E*~(B*A*~(D@C)))") in D:\Anlogic\TD_6.2.1_Engineer_6.2.168.116\arch/al_lmacro.v(13)
HDL-1007 : elaborate module AL_MAP_LUT5(INIT=32'b01000000110100001111010011111101,EQN="(~(A)*~(B)*~(C)*~(D)*~(E)+~(A)*B*~(C)*~(D)*~(E)+A*B*~(C)*~(D)*~(E)+~(A)*~(B)*C*~(D)*~(E)+A*~(B)*C*~(D)*~(E)+~(A)*B*C*~(D)*~(E)+A*B*C*~(D)*~(E)+~(A)*B*~(C)*D*~(E)+~(A)*~(B)*C*D*~(E)+A*~(B)*C*D*~(E)+~(A)*B*C*D*~(E)+A*B*C*D*~(E)+~(A)*~(B)*C*~(D)*E+~(A)*B*C*~(D)*E+A*B*C*~(D)*E+~(A)*B*C*D*E)") in D:\Anlogic\TD_6.2.1_Engineer_6.2.168.116\arch/al_lmacro.v(13)
HDL-1007 : elaborate module AL_MAP_LUT5(INIT=32'b10000000000000000000000000000000,EQN="(E*D*C*B*A)") in D:\Anlogic\TD_6.2.1_Engineer_6.2.168.116\arch/al_lmacro.v(13)
HDL-1007 : elaborate module AL_MAP_LUT5(INIT=32'b10111111111110110100000000000100,EQN="(E@(B*~A*~(D@C)))") in D:\Anlogic\TD_6.2.1_Engineer_6.2.168.116\arch/al_lmacro.v(13)
HDL-1007 : elaborate module AL_MAP_LUT6(INIT=64'b0111010111011111111101110101110100000000000000000000000000000000,EQN="(F*~(A*~(D@(B*~(C)*~(E)+~(B)*~(C)*E+B*~(C)*E+B*C*E))))") in D:\Anlogic\TD_6.2.1_Engineer_6.2.168.116\arch/al_lmacro.v(2)
HDL-1007 : elaborate module AL_MAP_LUT6(INIT=64'b01000000000000000,EQN="(~F*~E*D*C*B*A)") in D:\Anlogic\TD_6.2.1_Engineer_6.2.168.116\arch/al_lmacro.v(2)
HDL-1007 : elaborate module AL_MAP_LUT5(INIT=32'b01000000000000000,EQN="(~E*D*C*B*A)") in D:\Anlogic\TD_6.2.1_Engineer_6.2.168.116\arch/al_lmacro.v(13)
HDL-5317 WARNING: input port 'b' is not connected on this instance in ../../../user_source/ip_source/divider/divider_gate.v(2727)
HDL-5317 WARNING: input port 'a' is not connected on this instance in ../../../user_source/ip_source/divider/divider_gate.v(2809)
HDL-5317 WARNING: input port 'b' is not connected on this instance in ../../../user_source/ip_source/divider/divider_gate.v(3781)
HDL-5317 WARNING: input port 'a' is not connected on this instance in ../../../user_source/ip_source/divider/divider_gate.v(3870)
HDL-5317 WARNING: input port 'b' is not connected on this instance in ../../../user_source/ip_source/divider/divider_gate.v(4852)
HDL-5317 WARNING: input port 'a' is not connected on this instance in ../../../user_source/ip_source/divider/divider_gate.v(4948)
HDL-5317 WARNING: input port 'b' is not connected on this instance in ../../../user_source/ip_source/divider/divider_gate.v(5946)
HDL-5317 WARNING: input port 'a' is not connected on this instance in ../../../user_source/ip_source/divider/divider_gate.v(6049)
HDL-5317 WARNING: input port 'b' is not connected on this instance in ../../../user_source/ip_source/divider/divider_gate.v(7063)
HDL-5317 WARNING: input port 'a' is not connected on this instance in ../../../user_source/ip_source/divider/divider_gate.v(7173)
HDL-5317 Similar messages will be suppressed.
HDL-1007 : port 'doa' remains unconnected for this instance in ../../../user_source/image/awb/active/signal_delay.v(120)
HDL-1007 : elaborate module signal_delay(IMG_HEIGHT=600,IMG_WIDTH=1024) in ../../../user_source/image/awb/active/signal_delay.v(18)
HDL-1007 : elaborate module blk_mem_gen_awb_delay_signal in ../../../user_source/ip_source/blk_mem_gen_awb_delay_signal/blk_mem_gen_awb_delay_signal.v(10)
HDL-1007 : elaborate module ram_f84573da5ab5(DATA_WIDTH_A=96,ADDR_WIDTH_A=11,DATA_DEPTH_A=2048,DATA_WIDTH_B=96,ADDR_WIDTH_B=11,DATA_DEPTH_B=2048,REGMODE_B="NOREG",WRITEMODE_B="READBEFOREWRITE") in ../../../user_source/ip_source/blk_mem_gen_awb_delay_signal/ram_f84573da5ab5.v(3)
HDL-1007 : elaborate module PH1P_LOGIC_ERAM(DATA_WIDTH_A=96,DATA_WIDTH_B=96,ADDR_WIDTH_A=11,ADDR_WIDTH_B=11,DATA_DEPTH_A=2048,DATA_DEPTH_B=2048,WRITEMODE_B="READBEFOREWRITE",OREGSET_A="RESET",OREGSET_B="RESET",SSROVERCE="DISABLE",ASYNC_RESET_RELEASE_A="ASYNC",ASYNC_RESET_RELEASE_B="ASYNC",IMPLEMENT="20K(FAST)") in D:\Anlogic\TD_6.2.1_Engineer_6.2.168.116\arch/ph1p_macro.v(22)
HDL-1007 : elaborate module image_process_stream_96 in ../../../user_source/image/stream/image_process_stream_96.v(8)
HDL-1007 : extracting RAM for identifier 'gray_line_a' in ../../../user_source/image/stream/image_process_stream_96.v(41)
HDL-1007 : extracting RAM for identifier 'gray_line_b' in ../../../user_source/image/stream/image_process_stream_96.v(42)
HDL-1007 : extracting RAM for identifier 'sobel_line_a' in ../../../user_source/image/stream/image_process_stream_96.v(43)
HDL-1007 : extracting RAM for identifier 'sobel_line_b' in ../../../user_source/image/stream/image_process_stream_96.v(44)
HDL-1007 : elaborate module traffic_sign_detector_96 in ../../../user_source/image/traffic_sign/traffic_sign_detector_96.v(8)
HDL-1007 : elaborate module data_96bit_to_128bit in ../../../user_source/lab_ex_2026_nosoft/hdl_source/isp/data96_128/data96_128.v(40)
HDL-1007 : elaborate module video_in in ../../../user_source/lab_ex_2026_nosoft/hdl_source/video_in.v(3)
HDL-1007 : elaborate module w128_d512_fifo in ../../../user_source/ip_source/w128_d512_fifo/w128_d512_fifo.v(2)
HDL-1007 : port 'doa' remains unconnected for this instance in ../../../user_source/ip_source/w128_d512_fifo/soft_fifo_al_4057d6b76aa6.v(216)
HDL-1007 : port 'dib' remains unconnected for this instance in ../../../user_source/ip_source/w128_d512_fifo/soft_fifo_al_4057d6b76aa6.v(216)
HDL-1007 : elaborate module soft_fifo_al_4057d6b76aa6(DATA_WIDTH_W=128,DATA_WIDTH_R=128,ADDR_WIDTH_W=9,ADDR_WIDTH_R=9,AL_FULL_NUM=253,AL_EMPTY_NUM=2,SHOW_AHEAD_EN=0) in ../../../user_source/ip_source/w128_d512_fifo/soft_fifo_al_4057d6b76aa6.v(3)
HDL-1007 : elaborate module fifo_cross_domain_addr_process_al_4057d6b76aa6 in ../../../user_source/ip_source/w128_d512_fifo/soft_fifo_al_4057d6b76aa6.v(240)
HDL-1007 : elaborate module ram_infer_4057d6b76aa6(DATAWIDTH_A=128,ADDRWIDTH_A=9,DATAWIDTH_B=128,ADDRWIDTH_B=9) in ../../../user_source/ip_source/w128_d512_fifo/soft_fifo_al_4057d6b76aa6.v(323)
HDL-1007 : extracting RAM for identifier 'memory' in ../../../user_source/ip_source/w128_d512_fifo/soft_fifo_al_4057d6b76aa6.v(388)
HDL-5007 WARNING: actual bit length 32 differs from formal bit length 1 for port 'ceb' in ../../../user_source/ip_source/w128_d512_fifo/soft_fifo_al_4057d6b76aa6.v(230)
HDL-5007 WARNING: actual bit length 32 differs from formal bit length 9 for port 'addrb' in ../../../user_source/ip_source/w128_d512_fifo/soft_fifo_al_4057d6b76aa6.v(233)
HDL-5317 WARNING: input port 'dib[127]' is not connected on this instance in ../../../user_source/ip_source/w128_d512_fifo/soft_fifo_al_4057d6b76aa6.v(221)
HDL-1007 : elaborate module video_out in ../../../user_source/lab_ex_2026_nosoft/hdl_source/video_out.v(4)
HDL-1007 : elaborate module mc_to_user_interface in ../../../user_source/lab_ex_2026_nosoft/hdl_source/mc_to_user_interface.v(3)
HDL-1007 : elaborate module w155_d512_fifo in ../../../user_source/ip_source/w155_d512_fifo/w155_d512_fifo.v(2)
HDL-1007 : port 'doa' remains unconnected for this instance in ../../../user_source/ip_source/w155_d512_fifo/soft_fifo_al_f58e8b3e1f3d.v(194)
HDL-1007 : port 'dib' remains unconnected for this instance in ../../../user_source/ip_source/w155_d512_fifo/soft_fifo_al_f58e8b3e1f3d.v(194)
HDL-1007 : elaborate module soft_fifo_al_f58e8b3e1f3d(DATA_WIDTH_W=155,DATA_WIDTH_R=155,ADDR_WIDTH_W=9,ADDR_WIDTH_R=9,AL_FULL_NUM=500,AL_EMPTY_NUM=2,SHOW_AHEAD_EN=1) in ../../../user_source/ip_source/w155_d512_fifo/soft_fifo_al_f58e8b3e1f3d.v(3)
HDL-1007 : elaborate module ram_infer_f58e8b3e1f3d(DATAWIDTH_A=155,ADDRWIDTH_A=9,DATAWIDTH_B=155,ADDRWIDTH_B=9) in ../../../user_source/ip_source/w155_d512_fifo/soft_fifo_al_f58e8b3e1f3d.v(220)
HDL-1007 : extracting RAM for identifier 'memory' in ../../../user_source/ip_source/w155_d512_fifo/soft_fifo_al_f58e8b3e1f3d.v(285)
HDL-5007 WARNING: actual bit length 32 differs from formal bit length 1 for port 'cea' in ../../../user_source/ip_source/w155_d512_fifo/soft_fifo_al_f58e8b3e1f3d.v(203)
HDL-5007 WARNING: actual bit length 32 differs from formal bit length 1 for port 'ocea' in ../../../user_source/ip_source/w155_d512_fifo/soft_fifo_al_f58e8b3e1f3d.v(205)
HDL-5007 WARNING: actual bit length 32 differs from formal bit length 1 for port 'ceb' in ../../../user_source/ip_source/w155_d512_fifo/soft_fifo_al_f58e8b3e1f3d.v(210)
HDL-5007 WARNING: actual bit length 32 differs from formal bit length 1 for port 'web' in ../../../user_source/ip_source/w155_d512_fifo/soft_fifo_al_f58e8b3e1f3d.v(211)
HDL-5007 WARNING: actual bit length 32 differs from formal bit length 9 for port 'addrb' in ../../../user_source/ip_source/w155_d512_fifo/soft_fifo_al_f58e8b3e1f3d.v(213)
HDL-5317 WARNING: input port 'dib[154]' is not connected on this instance in ../../../user_source/ip_source/w155_d512_fifo/soft_fifo_al_f58e8b3e1f3d.v(201)
HDL-5007 WARNING: actual bit length 16 differs from formal bit length 32 for port 'O_mc_app_wdf_mask' in ../../../user_source/lab_ex_2026_nosoft/hdl_source/design_top_wrapper.v(848)
HDL-1007 : port 'apb_pready' remains unconnected for this instance in ../../../user_source/ip_source/ph1p35_ddr/ph1p35_324_ddr_wrapper.v(78)
HDL-1007 : port 'apb_prdata' remains unconnected for this instance in ../../../user_source/ip_source/ph1p35_ddr/ph1p35_324_ddr_wrapper.v(78)
HDL-1007 : port 'cfg_rst_n' remains unconnected for this instance in ../../../user_source/ip_source/ph1p35_ddr/ph1p35_324_ddr_wrapper.v(78)
HDL-1007 : elaborate module ph1p35_324_ddr_wrapper in ../../../user_source/ip_source/ph1p35_ddr/ph1p35_324_ddr_wrapper.v(2)
HDL-1007 : elaborate module ddr2 in ../../../user_source/ip_source/ph1p35_ddr/ddr2/ddr2.v(10)
HDL-1007 : elaborate module ph1p_ddrmc_wrapper_63f4ac254419(HOST_AC_DRV="75",HOST_DX_DRV="75",HOST_DX_ODT="75",DRAM_DRV="0",DRAM_ODT="75",CL=7,CAL_EN=0,PLL0_REFCLK_FREQ=100.0,PLL0_REFCLK_DIV=3,PLL0_FBKCLK_DIV=32,PLL0_CLK2_DIV=2,PLL0_CLK3_DIV=21,PLL1_REFCLK_FREQ=133.3,PLL1_REFCLK_DIV=4,MC_ADDR_MAP="ROW_COL_BANK",MC_REORDER="NORMAL",MC_ADDR_WIDTH=25,MC_DATA_WIDTH=128,MC_MASK_WIDTH=16,AXI_ADDR_WIDTH=26,AXI_DATA_WIDTH=128,AXI_MASK_WIDTH=16) in ../../../user_source/ip_source/ph1p35_ddr/ddr2/ph1p_ddrmc_wrapper_63f4ac254419.v(14)
HDL-1007 : port 'dhi_cmd_err' remains unconnected for this instance in ../../../user_source/ip_source/ph1p35_ddr/ddr2/src/rtl/top/ph1p_ddrmc_top.v(163)
HDL-1007 : elaborate module ph1p_ddrmc_top(HOST_AC_DRV="75",HOST_DX_DRV="75",HOST_DX_ODT="75",DRAM_DRV="0",DRAM_ODT="75",CL=7,CAL_EN=0,PLL0_REFCLK_FREQ=100.0,PLL0_REFCLK_DIV=3,PLL0_FBKCLK_DIV=32,PLL0_CLK2_DIV=2,PLL0_CLK3_DIV=21,PLL1_REFCLK_FREQ=133.3,PLL1_REFCLK_DIV=4,MC_ADDR_MAP="ROW_COL_BANK",MC_REORDER="NORMAL",MC_ADDR_WIDTH=25,MC_DATA_WIDTH=128,MC_MASK_WIDTH=16) in ../../../user_source/ip_source/ph1p35_ddr/ddr2/src/rtl/top/ph1p_ddrmc_top.v(8)
HDL-1007 : port 'dly_cur_wdq' remains unconnected for this instance in ../../../user_source/ip_source/ph1p35_ddr/ddr2/src/rtl/phy/ph1p_ddrphy_wrapper.v(478)
HDL-1007 : port 'dly_cur_rdqsp' remains unconnected for this instance in ../../../user_source/ip_source/ph1p35_ddr/ddr2/src/rtl/phy/ph1p_ddrphy_wrapper.v(478)
HDL-1007 : port 'dly_cur_rdqsn' remains unconnected for this instance in ../../../user_source/ip_source/ph1p35_ddr/ddr2/src/rtl/phy/ph1p_ddrphy_wrapper.v(478)
HDL-1007 : elaborate module ph1p_ddrphy_wrapper(tCK=1876,DX_NUM=2,BG_WIDTH=0,BA_WIDTH=2,ROW_WIDTH=13,ADR_WIDTH=13,HOST_AC_DRV="75",HOST_DX_DRV="75",HOST_DX_ODT="75",DRAM_DRV="0",DRAM_ODT="75",CWL=6,CL=7,WDM=1,CAL_EN=0,PLL0_REFCLK_FREQ=100.0,PLL0_REFCLK_DIV=3,PLL0_FBKCLK_DIV=32,PLL0_CLK2_DIV=2,PLL0_CLK3_DIV=21,PLL1_REFCLK_FREQ=133.3,PLL1_REFCLK_DIV=4) in ../../../user_source/ip_source/ph1p35_ddr/ddr2/src/rtl/phy/ph1p_ddrphy_wrapper.v(4)
HDL-1007 : elaborate module ph1p_ddrphy_dram_init(tCK=1876,CL=7,RTT_NOM="75") in ../../../user_source/ip_source/ph1p35_ddr/ddr2/src/rtl/init/ph1p_ddrphy_dram_init_ddr2.v(4)
HDL-1007 : port 'rst_sync' remains unconnected for this instance in ../../../user_source/ip_source/ph1p35_ddr/ddr2/src/rtl/phy/ph1p_ddrphy_top.v(337)
HDL-1007 : port 'dhi_bg' remains unconnected for this instance in ../../../user_source/ip_source/ph1p35_ddr/ddr2/src/rtl/phy/ph1p_ddrphy_top.v(644)
HDL-1007 : elaborate module ph1p_ddrphy_top(DX_NUM=2,BG_WIDTH=0,BA_WIDTH=2,ROW_WIDTH=13,ADR_WIDTH=13,AC_DRV="75",DX_DRV="75",DX_ODT="75",CWL=6,CL=7,PLL0_REFCLK_FREQ=100.0,PLL0_REFCLK_DIV=3,PLL0_FBKCLK_DIV=32,PLL0_CLK2_DIV=2,PLL0_CLK3_DIV=21,PLL1_REFCLK_FREQ=133.3,PLL1_REFCLK_DIV=4,DDRPHY_ROM_LEN=45,DDRPHY_ROM_INIT="ddrphy_cfg_rom.txt") in ../../../user_source/ip_source/ph1p35_ddr/ddr2/src/rtl/phy/ph1p_ddrphy_top.v(3)
HDL-1007 : elaborate module ph1p_ddrphy_clk_top(PLL0_REFCLK_FREQ=100.0,PLL0_REFCLK_DIV=3,PLL0_FBKCLK_DIV=32,PLL0_CLK2_DIV=2,PLL0_CLK3_DIV=21,PLL1_REFCLK_FREQ=133.3,PLL1_REFCLK_DIV=4) in ../../../user_source/ip_source/ph1p35_ddr/ddr2/src/rtl/clk/ph1p_ddrphy_clk_top.v(4)
HDL-1007 : port 'clkcb' remains unconnected for this instance in ../../../user_source/ip_source/ph1p35_ddr/ddr2/src/rtl/clk/ph1p_ddrphy_pll0.v(85)
HDL-1007 : elaborate module ph1p_ddrphy_pll0(REFCLK_FREQ=100.0,FBKCLK_DIV=32,CLK2_DIV=2,CLK3_DIV=21) in ../../../user_source/ip_source/ph1p35_ddr/ddr2/src/rtl/clk/ph1p_ddrphy_pll0.v(9)
HDL-1007 : elaborate module PH1P_PHY_PLL_V2(FBKCLK="VCO_PHASE0",FIN=100.0,REFCLK_DIV=3,FBCLK_DIV=32,CLKC0_CPHASE=7,CLKC1_CPHASE=7,CLKC2_CPHASE=1,CLKC3_CPHASE=20,CLKC0_DIV=8,CLKC1_DIV=8,CLKC2_DIV=2,CLKC3_DIV=21,CLKC0_DUTY_INT=4,CLKC1_DUTY_INT=4,CLKC3_DUTY_INT=11,CLKC0_ENABLE="ENABLE",CLKC1_ENABLE="ENABLE",CLKC2_ENABLE="ENABLE",CLKC3_ENABLE="ENABLE",LPF_CAP=0,ICP_CUR=0,FEEDBK_MODE="NOCOMP") in D:\Anlogic\TD_6.2.1_Engineer_6.2.168.116\arch/ph1p_macro.v(1091)
HDL-1007 : port 'clkcb' remains unconnected for this instance in ../../../user_source/ip_source/ph1p35_ddr/ddr2/src/rtl/clk/ph1p_ddrphy_pll1.v(75)
HDL-1007 : elaborate module ph1p_ddrphy_pll1(REFCLK_FREQ=133.3,REFCLK_DIV=4) in ../../../user_source/ip_source/ph1p35_ddr/ddr2/src/rtl/clk/ph1p_ddrphy_pll1.v(6)
HDL-1007 : elaborate module PH1P_PHY_PLL_V2(FBKCLK_INT="CLKC0_EXT",FIN=133.3,REFCLK_DIV=4,FBCLK_DIV=4,CLKC0_CPHASE=11,CLKC0_DIV=12,CLKC0_DUTY_INT=6,CLKC0_ENABLE="ENABLE",PLL_FEED_TYPE="EXTERNAL",PLL_FASTLOOP="ENABLE",LPF_RES=0,LPF_CAP=25,ICP_CUR=29) in D:\Anlogic\TD_6.2.1_Engineer_6.2.168.116\arch/ph1p_macro.v(1091)
HDL-1007 : elaborate module PH1P_PHY_MLCLK in D:\Anlogic\TD_6.2.1_Engineer_6.2.168.116\arch/ph1p_macro.v(3220)
HDL-1007 : elaborate module PH1P_PHY_IOCLK in D:\Anlogic\TD_6.2.1_Engineer_6.2.168.116\arch/ph1p_macro.v(896)
HDL-1007 : elaborate module ph1p_ddrphy_sync_rst_gen in ../../../user_source/ip_source/ph1p35_ddr/ddr2/src/rtl/misc/ph1p_ddrphy_sync_rst_gen.v(3)
HDL-1007 : elaborate module ph1p_ddrphy_init(ROM_LEN=45,ROM_INIT="ddrphy_cfg_rom.txt") in ../../../user_source/ip_source/ph1p35_ddr/ddr2/src/rtl/phy/ph1p_ddrphy_init.v(4)
HDL-1007 : extracting RAM for identifier 'rom_w52' in ../../../user_source/ip_source/ph1p35_ddr/ddr2/src/rtl/phy/ph1p_ddrphy_init.v(36)
HDL-1007 : readmemh: reading from file 'ddrphy_cfg_rom.txt' in ../../../user_source/ip_source/ph1p35_ddr/ddr2/src/rtl/phy/ph1p_ddrphy_init.v(53)
HDL-5314 WARNING: net 'rom_w52' does not have a driver in ../../../user_source/ip_source/ph1p35_ddr/ddr2/src/rtl/phy/ph1p_ddrphy_init.v(36)
HDL-1007 : elaborate module ph1p_ddrphy_mdl_cal_wrapper in ../../../user_source/ip_source/ph1p35_ddr/ddr2/src/rtl/phy/ph1p_ddrphy_mdl_cal_wrapper.v(3)
HDL-1007 : elaborate module ph1p_ddrphy_mdl_cal in ../../../user_source/ip_source/ph1p35_ddr/ddr2/src/rtl/phy/ph1p_ddrphy_mdl_cal.v(12)
HDL-1007 : elaborate module ph1p_ddrphy_fast_init_wrapper in ../../../user_source/ip_source/ph1p35_ddr/ddr2/src/rtl/phy/ph1p_ddrphy_fast_init_wrapper.v(8)
HDL-1007 : elaborate module ph1p_ddrphy_fast_init in ../../../user_source/ip_source/ph1p35_ddr/ddr2/src/rtl/phy/ph1p_ddrphy_fast_init.v(12)
HDL-5314 WARNING: net 'usr_vld[8]' does not have a driver in ../../../user_source/ip_source/ph1p35_ddr/ddr2/src/rtl/phy/ph1p_ddrphy_fast_init_wrapper.v(132)
HDL-5314 WARNING: net 'init_gate[80]' does not have a driver in ../../../user_source/ip_source/ph1p35_ddr/ddr2/src/rtl/phy/ph1p_ddrphy_fast_init_wrapper.v(134)
HDL-5314 WARNING: net 'init_wdqs[80]' does not have a driver in ../../../user_source/ip_source/ph1p35_ddr/ddr2/src/rtl/phy/ph1p_ddrphy_fast_init_wrapper.v(135)
HDL-5314 WARNING: net 'init_wdq[80]' does not have a driver in ../../../user_source/ip_source/ph1p35_ddr/ddr2/src/rtl/phy/ph1p_ddrphy_fast_init_wrapper.v(136)
HDL-5314 WARNING: net 'init_rdqsp[80]' does not have a driver in ../../../user_source/ip_source/ph1p35_ddr/ddr2/src/rtl/phy/ph1p_ddrphy_fast_init_wrapper.v(137)
HDL-5314 WARNING: net 'init_rdqsn[80]' does not have a driver in ../../../user_source/ip_source/ph1p35_ddr/ddr2/src/rtl/phy/ph1p_ddrphy_fast_init_wrapper.v(138)
HDL-5314 WARNING: net 'init_wsl[35]' does not have a driver in ../../../user_source/ip_source/ph1p35_ddr/ddr2/src/rtl/phy/ph1p_ddrphy_fast_init_wrapper.v(139)
HDL-5314 WARNING: net 'init_rsl[35]' does not have a driver in ../../../user_source/ip_source/ph1p35_ddr/ddr2/src/rtl/phy/ph1p_ddrphy_fast_init_wrapper.v(140)
HDL-1007 : elaborate module ph1p_ddrphy_dcu_wrapper in ../../../user_source/ip_source/ph1p35_ddr/ddr2/src/rtl/phy/ph1p_ddrphy_dcu_wrapper.v(4)
HDL-1007 : elaborate module ph1p_ddrphy_dcu in ../../../user_source/ip_source/ph1p35_ddr/ddr2/src/rtl/phy/ph1p_ddrphy_dcu.v(14)
HDL-5314 WARNING: net 'lcdl_mdl_r[8]' does not have a driver in ../../../user_source/ip_source/ph1p35_ddr/ddr2/src/rtl/phy/ph1p_ddrphy_dcu.v(94)
HDL-1007 : elaborate module ph1p_ddrphy_cmd_wrapper(ROW_WIDTH=13,ADR_WIDTH=13,BA_WIDTH=2,CWL=6,CL=7) in ../../../user_source/ip_source/ph1p35_ddr/ddr2/src/rtl/phy/ph1p_ddrphy_cmd_wrapper.v(3)
HDL-1007 : elaborate module ph1p_ddrphy_cmd_execution(ADR_WIDTH=13,ROW_WIDTH=13,BA_WIDTH=2) in ../../../user_source/ip_source/ph1p35_ddr/ddr2/src/rtl/phy/ph1p_ddrphy_cmd_execution.v(3)
HDL-1007 : elaborate module ph1p_ddrphy_cmd_decode(ROW_WIDTH=13,ADR_WIDTH=13,BA_WIDTH=2) in ../../../user_source/ip_source/ph1p35_ddr/ddr2/src/rtl/phy/ph1p_ddrphy_cmd_decode.v(3)
HDL-1007 : elaborate module ph1p_ddrphy_wphase_ctl(CWL=6) in ../../../user_source/ip_source/ph1p35_ddr/ddr2/src/rtl/phy/ph1p_ddrphy_wphase_ctl.v(6)
HDL-1007 : elaborate module ph1p_ddrphy_rphase_ctl(CL=7) in ../../../user_source/ip_source/ph1p35_ddr/ddr2/src/rtl/phy/ph1p_ddrphy_rphase_ctl.v(6)
HDL-5007 WARNING: actual bit length 1 differs from formal bit length 2 for port 'dhi_wdata_en' in ../../../user_source/ip_source/ph1p35_ddr/ddr2/src/rtl/phy/ph1p_ddrphy_top.v(605)
HDL-1007 : elaborate module ph1p_ddrphy(DX_NUM=2,BA_WIDTH=2,ADR_WIDTH=13,AC_DRV="75",DX_DRV="75",DX_ODT="75") in ../../../user_source/ip_source/ph1p35_ddr/ddr2/src/rtl/phy/ph1p_ddrphy.v(3)
HDL-1007 : elaborate module PH1P_PHY_DDRPHY_BANKREF(VCCIO="1V50",BYTE0_MODE="IN",BYTE1_MODE="IN",BYTE2_MODE="IN",BYTE3_MODE="IN") in D:\Anlogic\TD_6.2.1_Engineer_6.2.168.116\arch/ph1p_macro.v(1659)
HDL-1007 : port 'dx_rfifo_empty' remains unconnected for this instance in ../../../user_source/ip_source/ph1p35_ddr/ddr2/src/rtl/phy/ph1p_ddrphy_byte_wrapper.v(165)
HDL-1007 : port 'phy_osc_en' remains unconnected for this instance in ../../../user_source/ip_source/ph1p35_ddr/ddr2/src/rtl/phy/ph1p_ddrphy_byte_wrapper.v(165)
HDL-1007 : port 'phy_test_mode' remains unconnected for this instance in ../../../user_source/ip_source/ph1p35_ddr/ddr2/src/rtl/phy/ph1p_ddrphy_byte_wrapper.v(165)
HDL-1007 : port 'phy_lb_en' remains unconnected for this instance in ../../../user_source/ip_source/ph1p35_ddr/ddr2/src/rtl/phy/ph1p_ddrphy_byte_wrapper.v(165)
HDL-1007 : port 'phy_lb_ck_sel' remains unconnected for this instance in ../../../user_source/ip_source/ph1p35_ddr/ddr2/src/rtl/phy/ph1p_ddrphy_byte_wrapper.v(165)
HDL-1007 : elaborate module ph1p_ddrphy_byte_wrapper(BYTE_TYPE="AC",PAD_TYPE=52'b1111000000000000000011111111111100001111111111111111) in ../../../user_source/ip_source/ph1p35_ddr/ddr2/src/rtl/phy/ph1p_ddrphy_byte_wrapper.v(11)
HDL-1007 : elaborate module PH1P_PHY_DDRPHY_BYTE(BYTE_TYPE="AC",DCC_EN="ENABLE") in D:\Anlogic\TD_6.2.1_Engineer_6.2.168.116\arch/ph1p_macro.v(7044)
HDL-1007 : elaborate module PH1P_PHY_DDRPHY_PAD_V2(DISABLE_GSR="ENABLE",MODE="OUT",DRV="48",ODT="60") in D:\Anlogic\TD_6.2.1_Engineer_6.2.168.116\arch/ph1p_macro.v(7464)
HDL-5314 WARNING: net 'phy_rdata[103]' does not have a driver in ../../../user_source/ip_source/ph1p35_ddr/ddr2/src/rtl/phy/ph1p_ddrphy_byte_wrapper.v(152)
HDL-5314 WARNING: net 'phy_rdqs[7]' does not have a driver in ../../../user_source/ip_source/ph1p35_ddr/ddr2/src/rtl/phy/ph1p_ddrphy_byte_wrapper.v(157)
HDL-5317 WARNING: input port 'dl_in' is not connected on this instance in ../../../user_source/ip_source/ph1p35_ddr/ddr2/src/rtl/phy/ph1p_ddrphy_byte_wrapper.v(390)
HDL-1007 : elaborate module ph1p_ddrphy_byte_wrapper(BYTE_TYPE="AC",PAD_TYPE=52'b1111111111110000000011111111000000001111111100000000) in ../../../user_source/ip_source/ph1p35_ddr/ddr2/src/rtl/phy/ph1p_ddrphy_byte_wrapper.v(11)
HDL-5314 WARNING: net 'phy_rdata[103]' does not have a driver in ../../../user_source/ip_source/ph1p35_ddr/ddr2/src/rtl/phy/ph1p_ddrphy_byte_wrapper.v(152)
HDL-5314 WARNING: net 'phy_rdqs[7]' does not have a driver in ../../../user_source/ip_source/ph1p35_ddr/ddr2/src/rtl/phy/ph1p_ddrphy_byte_wrapper.v(157)
HDL-5317 WARNING: input port 'dl_in' is not connected on this instance in ../../../user_source/ip_source/ph1p35_ddr/ddr2/src/rtl/phy/ph1p_ddrphy_byte_wrapper.v(390)
HDL-1007 : elaborate module ph1p_ddrphy_byte_wrapper(BYTE_TYPE="AC",PAD_TYPE=52'b1111111111110000000000000000000000001111111111111111) in ../../../user_source/ip_source/ph1p35_ddr/ddr2/src/rtl/phy/ph1p_ddrphy_byte_wrapper.v(11)
HDL-5314 WARNING: net 'phy_rdata[103]' does not have a driver in ../../../user_source/ip_source/ph1p35_ddr/ddr2/src/rtl/phy/ph1p_ddrphy_byte_wrapper.v(152)
HDL-5317 WARNING: input port 'dl_in' is not connected on this instance in ../../../user_source/ip_source/ph1p35_ddr/ddr2/src/rtl/phy/ph1p_ddrphy_byte_wrapper.v(390)
HDL-1007 : elaborate module ph1p_ddrphy_byte_wrapper(PAD_TYPE=52'b1111011001100110011001010100011001100110011011110110,AC_DRV="75",DX_DRV="75",DX_ODT="75") in ../../../user_source/ip_source/ph1p35_ddr/ddr2/src/rtl/phy/ph1p_ddrphy_byte_wrapper.v(11)
HDL-1007 : elaborate module PH1P_PHY_DDRPHY_BYTE(DCC_EN="ENABLE") in D:\Anlogic\TD_6.2.1_Engineer_6.2.168.116\arch/ph1p_macro.v(7044)
HDL-1007 : elaborate module PH1P_PHY_DDRPHY_PAD_V2(DDR_SIGNAL_TYPE="DQ",OCLK_SEL="CLK_WDQ",DISABLE_GSR="ENABLE",MODE="BI",DRV="75",ODT="75") in D:\Anlogic\TD_6.2.1_Engineer_6.2.168.116\arch/ph1p_macro.v(7464)
HDL-1007 : elaborate module PH1P_PHY_DDRPHY_PAD_V2(DDR_SIGNAL_TYPE="DQSP",OCLK_SEL="CLK_WL",DISABLE_GSR="ENABLE",MODE="BI",DRV="75",ODT="75") in D:\Anlogic\TD_6.2.1_Engineer_6.2.168.116\arch/ph1p_macro.v(7464)
HDL-1007 : elaborate module PH1P_PHY_DDRPHY_PAD_V2(DDR_SIGNAL_TYPE="DQSN",OCLK_SEL="CLK_WL",DISABLE_GSR="ENABLE",MODE="BI",DRV="75",ODT="75") in D:\Anlogic\TD_6.2.1_Engineer_6.2.168.116\arch/ph1p_macro.v(7464)
HDL-5314 WARNING: net 'phy_rdata[103]' does not have a driver in ../../../user_source/ip_source/ph1p35_ddr/ddr2/src/rtl/phy/ph1p_ddrphy_byte_wrapper.v(152)
HDL-5317 WARNING: input port 'dl_in' is not connected on this instance in ../../../user_source/ip_source/ph1p35_ddr/ddr2/src/rtl/phy/ph1p_ddrphy_byte_wrapper.v(390)
HDL-5007 WARNING: actual bit length 2 differs from formal bit length 1 for port 'dx_rfifo_en' in ../../../user_source/ip_source/ph1p35_ddr/ddr2/src/rtl/phy/ph1p_ddrphy.v(620)
HDL-1007 : elaborate module ph1p_ddrphy_byte_wrapper(PAD_TYPE=52'b1111011001100110011001010100111101100110011001100110,AC_DRV="75",DX_DRV="75",DX_ODT="75") in ../../../user_source/ip_source/ph1p35_ddr/ddr2/src/rtl/phy/ph1p_ddrphy_byte_wrapper.v(11)
HDL-5314 WARNING: net 'phy_rdata[103]' does not have a driver in ../../../user_source/ip_source/ph1p35_ddr/ddr2/src/rtl/phy/ph1p_ddrphy_byte_wrapper.v(152)
HDL-5317 WARNING: input port 'dl_in' is not connected on this instance in ../../../user_source/ip_source/ph1p35_ddr/ddr2/src/rtl/phy/ph1p_ddrphy_byte_wrapper.v(390)
HDL-5007 WARNING: actual bit length 2 differs from formal bit length 1 for port 'dx_rfifo_en' in ../../../user_source/ip_source/ph1p35_ddr/ddr2/src/rtl/phy/ph1p_ddrphy.v(620)
HDL-5314 WARNING: net 'dx2_wdata[103]' does not have a driver in ../../../user_source/ip_source/ph1p35_ddr/ddr2/src/rtl/phy/ph1p_ddrphy.v(187)
HDL-5314 WARNING: net 'dx3_wdata[103]' does not have a driver in ../../../user_source/ip_source/ph1p35_ddr/ddr2/src/rtl/phy/ph1p_ddrphy.v(188)
HDL-5314 WARNING: net 'dx4_wdata[103]' does not have a driver in ../../../user_source/ip_source/ph1p35_ddr/ddr2/src/rtl/phy/ph1p_ddrphy.v(189)
HDL-5314 Similar messages will be suppressed.
HDL-5317 WARNING: input port 'i_scan_clk' is not connected on this instance in ../../../user_source/ip_source/ph1p35_ddr/ddr2/src/rtl/phy/ph1p_ddrphy.v(438)
HDL-5323 WARNING: input port 'dqs_pupd_en' remains unconnected for this instance in ../../../user_source/ip_source/ph1p35_ddr/ddr2/src/rtl/phy/ph1p_ddrphy.v(528)
HDL-5317 WARNING: input port 'dly_full[1]' is not connected on this instance in ../../../user_source/ip_source/ph1p35_ddr/ddr2/src/rtl/phy/ph1p_ddrphy_top.v(457)
HDL-5323 WARNING: input port 'dhi_bg[11]' remains unconnected for this instance in ../../../user_source/ip_source/ph1p35_ddr/ddr2/src/rtl/phy/ph1p_ddrphy_top.v(658)
HDL-1007 : elaborate module alc_phy2mc_fifo_ctrl(DX_NUM=2) in ../../../user_source/ip_source/ph1p35_ddr/ddr2/src/rtl/mc/alc_phy2mc_fifo_ctrl.v(4)
HDL-1007 : elaborate module ph1p_ddr_fifo_dram_sync(DW=64) in ../../../user_source/ip_source/ph1p35_ddr/ddr2/src/rtl/misc/ph1p_ddr_fifo_dram_sync.v(9)
HDL-1007 : extracting RAM for identifier 'data' in ../../../user_source/ip_source/ph1p35_ddr/ddr2/src/rtl/misc/ph1p_ddr_fifo_dram_sync.v(31)
HDL-5007 WARNING: delay control is not supported for synthesis in ../../../user_source/ip_source/ph1p35_ddr/ddr2/src/rtl/misc/ph1p_ddr_fifo_dram_sync.v(49)
HDL-5007 WARNING: delay control is not supported for synthesis in ../../../user_source/ip_source/ph1p35_ddr/ddr2/src/rtl/misc/ph1p_ddr_fifo_dram_sync.v(51)
HDL-5007 WARNING: delay control is not supported for synthesis in ../../../user_source/ip_source/ph1p35_ddr/ddr2/src/rtl/misc/ph1p_ddr_fifo_dram_sync.v(58)
HDL-5007 WARNING: delay control is not supported for synthesis in ../../../user_source/ip_source/ph1p35_ddr/ddr2/src/rtl/misc/ph1p_ddr_fifo_dram_sync.v(60)
HDL-5007 WARNING: delay control is not supported for synthesis in ../../../user_source/ip_source/ph1p35_ddr/ddr2/src/rtl/misc/ph1p_ddr_fifo_dram_sync.v(67)
HDL-5007 WARNING: delay control is not supported for synthesis in ../../../user_source/ip_source/ph1p35_ddr/ddr2/src/rtl/misc/ph1p_ddr_fifo_dram_sync.v(74)
HDL-5007 WARNING: delay control is not supported for synthesis in ../../../user_source/ip_source/ph1p35_ddr/ddr2/src/rtl/misc/ph1p_ddr_fifo_dram_sync.v(75)
HDL-5007 WARNING: delay control is not supported for synthesis in ../../../user_source/ip_source/ph1p35_ddr/ddr2/src/rtl/misc/ph1p_ddr_fifo_dram_sync.v(76)
HDL-5007 WARNING: delay control is not supported for synthesis in ../../../user_source/ip_source/ph1p35_ddr/ddr2/src/rtl/misc/ph1p_ddr_fifo_dram_sync.v(78)
HDL-5007 WARNING: delay control is not supported for synthesis in ../../../user_source/ip_source/ph1p35_ddr/ddr2/src/rtl/misc/ph1p_ddr_fifo_dram_sync.v(79)
HDL-5007 Similar messages will be suppressed.
HDL-1007 : elaborate module alc_mc_top(DRAM_TYPE="DDR2",ECC="OFF",REORDER="NORMAL",CWL=6,BA_WIDTH=2) in ../../../user_source/ip_source/ph1p35_ddr/ddr2/src/rtl/mc/alc_mc_top_all.enc.sv(7)
HDL-1007 : elaborate module ph1p_ddr_fifo_dram_sync(DW=4,AW=3) in ../../../user_source/ip_source/ph1p35_ddr/ddr2/src/rtl/misc/ph1p_ddr_fifo_dram_sync.v(9)
HDL-1007 : extracting RAM for identifier 'data' in ../../../user_source/ip_source/ph1p35_ddr/ddr2/src/rtl/misc/ph1p_ddr_fifo_dram_sync.v(31)
HDL-5007 WARNING: delay control is not supported for synthesis in ../../../user_source/ip_source/ph1p35_ddr/ddr2/src/rtl/misc/ph1p_ddr_fifo_dram_sync.v(49)
HDL-5007 WARNING: delay control is not supported for synthesis in ../../../user_source/ip_source/ph1p35_ddr/ddr2/src/rtl/misc/ph1p_ddr_fifo_dram_sync.v(51)
HDL-5007 WARNING: delay control is not supported for synthesis in ../../../user_source/ip_source/ph1p35_ddr/ddr2/src/rtl/misc/ph1p_ddr_fifo_dram_sync.v(58)
HDL-5007 WARNING: delay control is not supported for synthesis in ../../../user_source/ip_source/ph1p35_ddr/ddr2/src/rtl/misc/ph1p_ddr_fifo_dram_sync.v(60)
HDL-5007 WARNING: delay control is not supported for synthesis in ../../../user_source/ip_source/ph1p35_ddr/ddr2/src/rtl/misc/ph1p_ddr_fifo_dram_sync.v(67)
HDL-5007 WARNING: delay control is not supported for synthesis in ../../../user_source/ip_source/ph1p35_ddr/ddr2/src/rtl/misc/ph1p_ddr_fifo_dram_sync.v(74)
HDL-5007 WARNING: delay control is not supported for synthesis in ../../../user_source/ip_source/ph1p35_ddr/ddr2/src/rtl/misc/ph1p_ddr_fifo_dram_sync.v(75)
HDL-5007 WARNING: delay control is not supported for synthesis in ../../../user_source/ip_source/ph1p35_ddr/ddr2/src/rtl/misc/ph1p_ddr_fifo_dram_sync.v(76)
HDL-5007 WARNING: delay control is not supported for synthesis in ../../../user_source/ip_source/ph1p35_ddr/ddr2/src/rtl/misc/ph1p_ddr_fifo_dram_sync.v(78)
HDL-5007 Similar messages will be suppressed.
HDL-1007 : elaborate module ph1p_ddr_fifo_dram_sync(DW=5,AW=5) in ../../../user_source/ip_source/ph1p35_ddr/ddr2/src/rtl/misc/ph1p_ddr_fifo_dram_sync.v(9)
HDL-1007 : extracting RAM for identifier 'data' in ../../../user_source/ip_source/ph1p35_ddr/ddr2/src/rtl/misc/ph1p_ddr_fifo_dram_sync.v(31)
HDL-1007 : elaborate module ** in ../../../user_source/ip_source/ph1p35_ddr/ddr2/src/rtl/mc/alc_mc_top_all.enc.sv(4317)
HDL-1007 : elaborate module ** in ../../../user_source/ip_source/ph1p35_ddr/ddr2/src/rtl/mc/alc_mc_top_all.enc.sv(2687)
HDL-1007 : extracting RAM for identifier '**' in ../../../user_source/ip_source/ph1p35_ddr/ddr2/src/rtl/mc/alc_mc_top_all.enc.sv(2701)
HDL-1007 : elaborate module ** in ../../../user_source/ip_source/ph1p35_ddr/ddr2/src/rtl/mc/alc_mc_top_all.enc.sv(2687)
HDL-1007 : extracting RAM for identifier '**' in ../../../user_source/ip_source/ph1p35_ddr/ddr2/src/rtl/mc/alc_mc_top_all.enc.sv(2701)
HDL-1007 : elaborate module ** in ../../../user_source/ip_source/ph1p35_ddr/ddr2/src/rtl/mc/alc_mc_top_all.enc.sv(2687)
HDL-1007 : extracting RAM for identifier '**' in ../../../user_source/ip_source/ph1p35_ddr/ddr2/src/rtl/mc/alc_mc_top_all.enc.sv(2701)
HDL-1007 : elaborate module ** in ../../../user_source/ip_source/ph1p35_ddr/ddr2/src/rtl/mc/alc_mc_top_all.enc.sv(3845)
HDL-1007 : elaborate module ** in ../../../user_source/ip_source/ph1p35_ddr/ddr2/src/rtl/mc/alc_mc_top_all.enc.sv(2687)
HDL-1007 : extracting RAM for identifier '**' in ../../../user_source/ip_source/ph1p35_ddr/ddr2/src/rtl/mc/alc_mc_top_all.enc.sv(2701)
HDL-1007 : elaborate module ** in ../../../user_source/ip_source/ph1p35_ddr/ddr2/src/rtl/mc/alc_mc_top_all.enc.sv(2687)
HDL-1007 : extracting RAM for identifier '**' in ../../../user_source/ip_source/ph1p35_ddr/ddr2/src/rtl/mc/alc_mc_top_all.enc.sv(2701)
HDL-5007 WARNING: actual bit length ** differs from formal bit length *** for port '**' in ../../../user_source/ip_source/ph1p35_ddr/ddr2/src/rtl/mc/alc_mc_top_all.enc.sv(4019)
HDL-5007 WARNING: actual bit length ** differs from formal bit length *** for port '**' in ../../../user_source/ip_source/ph1p35_ddr/ddr2/src/rtl/mc/alc_mc_top_all.enc.sv(4019)
HDL-5007 WARNING: actual bit length ** differs from formal bit length *** for port '**' in ../../../user_source/ip_source/ph1p35_ddr/ddr2/src/rtl/mc/alc_mc_top_all.enc.sv(177)
HDL-1007 : elaborate module ** in ../../../user_source/ip_source/ph1p35_ddr/ddr2/src/rtl/mc/alc_mc_top_all.enc.sv(2019)
HDL-1007 : elaborate module ** in ../../../user_source/ip_source/ph1p35_ddr/ddr2/src/rtl/mc/alc_mc_top_all.enc.sv(2728)
HDL-1007 : extracting RAM for identifier '**' in ../../../user_source/ip_source/ph1p35_ddr/ddr2/src/rtl/mc/alc_mc_top_all.enc.sv(2822)
HDL-1007 : elaborate module ** in ../../../user_source/ip_source/ph1p35_ddr/ddr2/src/rtl/mc/alc_mc_top_all.enc.sv(1189)
HDL-1007 : elaborate module ** in ../../../user_source/ip_source/ph1p35_ddr/ddr2/src/rtl/mc/alc_mc_top_all.enc.sv(1826)
HDL-1007 : elaborate module ** in ../../../user_source/ip_source/ph1p35_ddr/ddr2/src/rtl/mc/alc_mc_top_all.enc.sv(4665)
HDL-1007 : elaborate module ** in ../../../user_source/ip_source/ph1p35_ddr/ddr2/src/rtl/mc/alc_mc_top_all.enc.sv(946)
HDL-1007 : elaborate module ** in ../../../user_source/ip_source/ph1p35_ddr/ddr2/src/rtl/mc/alc_mc_top_all.enc.sv(787)
HDL-1007 : elaborate module ** in ../../../user_source/ip_source/ph1p35_ddr/ddr2/src/rtl/mc/alc_mc_top_all.enc.sv(1068)
HDL-1007 : elaborate module ** in ../../../user_source/ip_source/ph1p35_ddr/ddr2/src/rtl/mc/alc_mc_top_all.enc.sv(1493)
HDL-1007 : elaborate module ** in ../../../user_source/ip_source/ph1p35_ddr/ddr2/src/rtl/mc/alc_mc_top_all.enc.sv(1424)
HDL-1007 : elaborate module ** in ../../../user_source/ip_source/ph1p35_ddr/ddr2/src/rtl/mc/alc_mc_top_all.enc.sv(1583)
HDL-1007 : elaborate module ** in ../../../user_source/ip_source/ph1p35_ddr/ddr2/src/rtl/mc/alc_mc_top_all.enc.sv(1724)
HDL-1007 : elaborate module ** in ../../../user_source/ip_source/ph1p35_ddr/ddr2/src/rtl/mc/alc_mc_top_all.enc.sv(2280)
HDL-1007 : elaborate module ** in ../../../user_source/ip_source/ph1p35_ddr/ddr2/src/rtl/mc/alc_mc_top_all.enc.sv(2320)
HDL-5369 WARNING: latch inferred for net '**' in ../../../user_source/ip_source/ph1p35_ddr/ddr2/src/rtl/mc/alc_mc_top_all.enc.sv(2464)
HDL-1007 : elaborate module ** in ../../../user_source/ip_source/ph1p35_ddr/ddr2/src/rtl/mc/alc_mc_top_all.enc.sv(4116)
HDL-1007 : elaborate module ** in ../../../user_source/ip_source/ph1p35_ddr/ddr2/src/rtl/mc/alc_mc_top_all.enc.sv(3500)
HDL-5323 WARNING: input port 'apb_psel' remains unconnected for this instance in ../../../user_source/ip_source/ph1p35_ddr/ph1p35_324_ddr_wrapper.v(78)
HDL-1007 : elaborate module uivtc(H_ActiveSize=1024,H_FrameSize=1344,H_SyncStart=1184,H_SyncEnd=1208,V_ActiveSize=600,V_FrameSize=635,V_SyncStart=612,V_SyncEnd=614) in ../../../user_source/lab_ex_2026_nosoft/hdl_source/vtc/uivtc.v(42)
HDL-1007 : elaborate module traffic_sign_result_cdc in ../../../user_source/image/traffic_sign/traffic_sign_result_cdc.v(5)
HDL-1007 : elaborate module hdmi_mixer(H_OFFSET=0,V_OFFSET=0) in ../../../user_source/lab_ex_2026_nosoft/hdl_source/hdmi_mixer.v(1)
HDL-1007 : elaborate module anlogic_logo_rom in ../../../user_source/lab_ex_2026_nosoft/hdl_source/anlogic_logo_rom.v(1)
HDL-1007 : elaborate module osd_char_lib in ../../../user_source/lab_ex_2026_nosoft/hdl_source/osd_char_lib.v(1)
HDL-1007 : elaborate module hdmi_tx in ../../../user_source/lab_ex_2026_nosoft/hdl_source/hdmi_tx.v(3)
HDL-1007 : elaborate module I2S_receiver in ../../../user_source/lab_ex_2026_nosoft/hdl_source/I2S_receiver.v(3)
HDL-1007 : elaborate module audio_arc_calculate in ../../../user_source/lab_ex_2026_nosoft/hdl_source/audio_arc_calculate.v(4)
HDL-1007 : elaborate module key_remove_shakes in ../../../user_source/lab_ex_2026_nosoft/hdl_source/key_remove_shakes.v(12)
HDL-1007 : elaborate module hdmi_1_4b_transmitter_core_wrapper(DEVICE="PH1P",HTOTAL=1344,HSA=24,HFP=160,HBP=136,HACTIVE=1024,VTOTAL=635,VSA=2,VFP=12,VBP=21,VACTIVE=600,VIDEO_TPG="Disable",VIDEO_VIC=0) in ../../../user_source/lab_ex_2026_nosoft/hdl_source/hdmi_1_4b_transmitter_core_wrapper.enc.v(2)
HDL-1007 : elaborate module ** in ../../../user_source/lab_ex_2026_nosoft/hdl_source/hdmi_1_4b_transmitter_core_wrapper.enc.v(91)
HDL-1007 : elaborate module ** in ../../../user_source/lab_ex_2026_nosoft/hdl_source/hdmi_1_4b_transmitter_core_wrapper.enc.v(137)
HDL-1007 : elaborate module ** in ../../../user_source/lab_ex_2026_nosoft/hdl_source/hdmi_1_4b_transmitter_core_wrapper.enc.v(208)
HDL-1007 : elaborate module ** in ../../../user_source/lab_ex_2026_nosoft/hdl_source/hdmi_1_4b_transmitter_core_wrapper.enc.v(285)
HDL-1007 : elaborate module ** in ../../../user_source/lab_ex_2026_nosoft/hdl_source/hdmi_1_4b_transmitter_core_wrapper.enc.v(396)
HDL-1007 : elaborate module ** in ../../../user_source/lab_ex_2026_nosoft/hdl_source/hdmi_1_4b_transmitter_core_wrapper.enc.v(803)
HDL-1007 : elaborate module PH1P_LOGIC_RAMFIFO(DATA_WIDTH=11,ADDR_WIDTH=10) in D:\Anlogic\TD_6.2.1_Engineer_6.2.168.116\arch/ph1p_macro.v(327)
HDL-1007 : elaborate module ** in ../../../user_source/lab_ex_2026_nosoft/hdl_source/hdmi_1_4b_transmitter_core_wrapper.enc.v(1338)
HDL-1007 : elaborate module ** in ../../../user_source/lab_ex_2026_nosoft/hdl_source/hdmi_1_4b_transmitter_core_wrapper.enc.v(1480)
HDL-1007 : elaborate module PH1P_LOGIC_RAMFIFO(DATA_WIDTH=9,ADDR_WIDTH=10) in D:\Anlogic\TD_6.2.1_Engineer_6.2.168.116\arch/ph1p_macro.v(327)
HDL-1007 : elaborate module ** in ../../../user_source/lab_ex_2026_nosoft/hdl_source/hdmi_1_4b_transmitter_core_wrapper.enc.v(2012)
HDL-1007 : port '**' remains unconnected for this instance in ../../../user_source/lab_ex_2026_nosoft/hdl_source/hdmi_1_4b_transmitter_core_wrapper.enc.v(2733)
HDL-1007 : elaborate module ** in ../../../user_source/lab_ex_2026_nosoft/hdl_source/hdmi_1_4b_transmitter_core_wrapper.enc.v(2403)
HDL-1007 : elaborate module ** in ../../../user_source/lab_ex_2026_nosoft/hdl_source/hdmi_1_4b_transmitter_core_wrapper.enc.v(2842)
HDL-1007 : elaborate module ** in ../../../user_source/lab_ex_2026_nosoft/hdl_source/hdmi_1_4b_transmitter_core_wrapper.enc.v(2939)
HDL-1007 : elaborate module ** in ../../../user_source/lab_ex_2026_nosoft/hdl_source/hdmi_1_4b_transmitter_core_wrapper.enc.v(3138)
HDL-1007 : elaborate module ** in ../../../user_source/lab_ex_2026_nosoft/hdl_source/hdmi_1_4b_transmitter_core_wrapper.enc.v(3177)
HDL-1007 : elaborate module ** in ../../../user_source/lab_ex_2026_nosoft/hdl_source/hdmi_1_4b_transmitter_core_wrapper.enc.v(3511)
HDL-1007 : elaborate module ** in ../../../user_source/lab_ex_2026_nosoft/hdl_source/hdmi_1_4b_transmitter_core_wrapper.enc.v(3666)
HDL-1007 : elaborate module ** in ../../../user_source/lab_ex_2026_nosoft/hdl_source/hdmi_1_4b_transmitter_core_wrapper.enc.v(3730)
HDL-1007 : elaborate module ** in ../../../user_source/lab_ex_2026_nosoft/hdl_source/hdmi_1_4b_transmitter_core_wrapper.enc.v(3860)
HDL-5007 WARNING: actual bit length ** differs from formal bit length *** for port '**' in ../../../user_source/lab_ex_2026_nosoft/hdl_source/hdmi_1_4b_transmitter_core_wrapper.enc.v(3307)
HDL-1007 : elaborate module ** in ../../../user_source/lab_ex_2026_nosoft/hdl_source/hdmi_1_4b_transmitter_core_wrapper.enc.v(3949)
HDL-5007 Similar messages will be suppressed.
HDL-1007 : elaborate module ** in ../../../user_source/lab_ex_2026_nosoft/hdl_source/hdmi_1_4b_transmitter_core_wrapper.enc.v(4034)
HDL-1007 : elaborate module ** in ../../../user_source/lab_ex_2026_nosoft/hdl_source/hdmi_1_4b_transmitter_core_wrapper.enc.v(4127)
HDL-1007 : elaborate module ** in ../../../user_source/lab_ex_2026_nosoft/hdl_source/hdmi_1_4b_transmitter_core_wrapper.enc.v(4285)
HDL-1007 : elaborate module ** in ../../../user_source/lab_ex_2026_nosoft/hdl_source/hdmi_1_4b_transmitter_core_wrapper.enc.v(4586)
HDL-1007 : elaborate module PH1P_LOGIC_RAMFIFO(DATA_WIDTH=96,ADDR_WIDTH=10) in D:\Anlogic\TD_6.2.1_Engineer_6.2.168.116\arch/ph1p_macro.v(327)
HDL-1007 : elaborate module ** in ../../../user_source/lab_ex_2026_nosoft/hdl_source/hdmi_1_4b_transmitter_core_wrapper.enc.v(5534)
HDL-1007 : elaborate module ** in ../../../user_source/lab_ex_2026_nosoft/hdl_source/hdmi_1_4b_transmitter_core_wrapper.enc.v(5657)
HDL-1007 : elaborate module PH1P_LOGIC_RAMFIFO(DATA_WIDTH=24,ADDR_WIDTH=10) in D:\Anlogic\TD_6.2.1_Engineer_6.2.168.116\arch/ph1p_macro.v(327)
HDL-1007 : elaborate module ** in ../../../user_source/lab_ex_2026_nosoft/hdl_source/hdmi_1_4b_transmitter_core_wrapper.enc.v(6273)
HDL-1007 : elaborate module ** in ../../../user_source/lab_ex_2026_nosoft/hdl_source/hdmi_1_4b_transmitter_core_wrapper.enc.v(6501)
HDL-1007 : elaborate module ** in ../../../user_source/lab_ex_2026_nosoft/hdl_source/hdmi_1_4b_transmitter_core_wrapper.enc.v(6575)
HDL-1007 : elaborate module ** in ../../../user_source/lab_ex_2026_nosoft/hdl_source/hdmi_1_4b_transmitter_core_wrapper.enc.v(6924)
HDL-1007 : elaborate module ** in ../../../user_source/lab_ex_2026_nosoft/hdl_source/hdmi_1_4b_transmitter_core_wrapper.enc.v(6994)
HDL-1007 : elaborate module ** in ../../../user_source/lab_ex_2026_nosoft/hdl_source/hdmi_1_4b_transmitter_core_wrapper.enc.v(6994)
HDL-1007 : elaborate module ** in ../../../user_source/lab_ex_2026_nosoft/hdl_source/hdmi_1_4b_transmitter_core_wrapper.enc.v(6994)
HDL-1007 : elaborate module hdmi_phy_wrapper(DEVICE="PH1P") in ../../../user_source/lab_ex_2026_nosoft/hdl_source/hdmi_phy_warpper.v(3)
HDL-1007 : elaborate module lane_lvds_10_1(DEVICE="PH1P") in ../../../user_source/lab_ex_2026_nosoft/hdl_source/lane_lvds_10_1.v(4)
HDL-1007 : elaborate module PH1P_LOGIC_ODDR in D:\Anlogic\TD_6.2.1_Engineer_6.2.168.116\arch/ph1p_macro.v(8343)
HDL-5317 WARNING: input port 'I_camera_black_level[9]' is not connected on this instance in ../../../user_source/lab_ex_2026_nosoft/hdl_source/design_top_wrapper.v(670)
HDL-5001 WARNING: Contains anonymous inst(s) and/or net(s) that have not been renamed
HDL-5001 WARNING: Contains anonymous inst(s) and/or net(s) that have not been renamed
HDL-5001 WARNING: Contains anonymous inst(s) and/or net(s) that have not been renamed
HDL-1200 : Current top model is design_top_wrapper
HDL-5106 WARNING: Initial value omitted on non-DFF net "scl_r" in ../../../user_source/lab_ex_2026_nosoft/hdl_source/uics500_cfg/uii2c.v(127) 
HDL-5106 WARNING: Initial value omitted on non-DFF net "sda_o" in ../../../user_source/lab_ex_2026_nosoft/hdl_source/uics500_cfg/uii2c.v(135) 
HDL-1100 : Inferred 16 RAMs.
RUN-1003 : finish command "elaborate -top design_top_wrapper" in  1.816339s wall, 1.703125s user + 0.093750s system = 1.796875s CPU (98.9%)

RUN-1004 : used memory is 850 MB, reserved memory is 841 MB, peak memory is 850 MB
RUN-1002 : start command "read_adc ../../../user_source/lab_ex_2026_nosoft/constraints_source/pin.adc"
RUN-1002 : start command "set_pin_assignment  I_sys_clk   LOCATION = C4; IOSTANDARD  = LVCMOS33; PULLTYPE = PULLUP; "
RUN-1002 : start command "set_pin_assignment  I_rst_n   LOCATION = R10; IOSTANDARD = LVCMOS33; PULLTYPE = PULLUP; "
RUN-1002 : start command "set_pin_assignment  O_cam_scl   LOCATION = K3; IOSTANDARD  = LVCMOS33; DRIVESTRENGTH = 8; PULLTYPE = PULLUP; "
RUN-1002 : start command "set_pin_assignment  IO_cam_sda   LOCATION = J3; IOSTANDARD  = LVCMOS33; DRIVESTRENGTH = 8; PULLTYPE = PULLUP; "
RUN-1002 : start command "set_pin_assignment  O_cam_24m   LOCATION = L3; IOSTANDARD  = LVCMOS33; DRIVESTRENGTH = 8; PULLTYPE = PULLUP; "
RUN-1002 : start command "set_pin_assignment  O_cam_rst   LOCATION = L2; IOSTANDARD  = LVCMOS33; DRIVESTRENGTH = 8; PULLTYPE = PULLUP; "
RUN-1002 : start command "set_pin_assignment  I_button[0]   LOCATION = N2;  IOSTANDARD = LVCMOS33; DRIVESTRENGTH = 8; PULLTYPE = PULLUP; "
RUN-1002 : start command "set_pin_assignment  I_button[1]   LOCATION = J14; IOSTANDARD = LVCMOS33; DRIVESTRENGTH = 8; PULLTYPE = PULLUP; "
RUN-1002 : start command "set_pin_assignment  O_screen_pwm   LOCATION = R11; IOSTANDARD = LVCMOS33; DRIVESTRENGTH = 8; PULLTYPE = PULLDOWN; "
RUN-1002 : start command "set_pin_assignment  O_tmds_ch0_p   LOCATION = G16; IOSTANDARD = TMDS33; PULLTYPE = NONE; "
RUN-1002 : start command "set_pin_assignment  O_tmds_ch1_p   LOCATION = F17; IOSTANDARD = TMDS33; PULLTYPE = NONE; "
RUN-1002 : start command "set_pin_assignment  O_tmds_ch2_p   LOCATION = H14; IOSTANDARD = TMDS33; PULLTYPE = NONE; "
RUN-1002 : start command "set_pin_assignment  O_tmds_clk_p   LOCATION = C17; IOSTANDARD = TMDS33; PULLTYPE = NONE; "
RUN-1001 : Starting of IO setups legality check.
RUN-1002 : start command "read_ip_adc -ip ddr2 -file ../../../user_source/ip_source/ph1p35_ddr/ddr2/src/adc/ddr2.adc"
RUN-1002 : start command "set_ippin_assignment ddr2  ddr_ck_p      LOCATION = X0Y44Z2; IOSTANDARD = DIFF_SSTL15; #pl44c"
RUN-1002 : start command "set_ippin_assignment ddr2  ddr_ck_n      LOCATION = X0Y44Z3; IOSTANDARD = DIFF_SSTL15; #pl44d"
RUN-1002 : start command "set_ippin_assignment ddr2  ddr_cke[0]    LOCATION = X0Y44Z1; IOSTANDARD = SSTL15; #pl44b"
RUN-1002 : start command "set_ippin_assignment ddr2  ddr_cs_n[0]   LOCATION = X0Y53Z0; IOSTANDARD = SSTL15; #pl53a"
RUN-1002 : start command "set_ippin_assignment ddr2  ddr_odt[0]    LOCATION = X0Y47Z0; IOSTANDARD = SSTL15; #pl47a"
RUN-1002 : start command "set_ippin_assignment ddr2  ddr_we_n      LOCATION = X0Y47Z1; IOSTANDARD = SSTL15; #pl47b"
RUN-1002 : start command "set_ippin_assignment ddr2  ddr_cas_n     LOCATION = X0Y56Z0; IOSTANDARD = SSTL15; #pl56a"
RUN-1002 : start command "set_ippin_assignment ddr2  ddr_ras_n     LOCATION = X0Y44Z0; IOSTANDARD = SSTL15; #pl44a"
RUN-1002 : start command "set_ippin_assignment ddr2  ddr_ba[0]     LOCATION = X0Y50Z0; IOSTANDARD = SSTL15; #pl50a"
RUN-1002 : start command "set_ippin_assignment ddr2  ddr_ba[1]     LOCATION = X0Y61Z0; IOSTANDARD = SSTL15; #pl61a"
RUN-1002 : start command "set_ippin_assignment ddr2  ddr_addr[0]   LOCATION = X0Y64Z0; IOSTANDARD = SSTL15; #pl64a"
RUN-1002 : start command "set_ippin_assignment ddr2  ddr_addr[1]   LOCATION = X0Y73Z0; IOSTANDARD = SSTL15; #pl73a"
RUN-1002 : start command "set_ippin_assignment ddr2  ddr_addr[2]   LOCATION = X0Y67Z0; IOSTANDARD = SSTL15; #pl67a"
RUN-1002 : start command "set_ippin_assignment ddr2  ddr_addr[3]   LOCATION = X0Y50Z1; IOSTANDARD = SSTL15; #pl50b"
RUN-1002 : start command "set_ippin_assignment ddr2  ddr_addr[4]   LOCATION = X0Y76Z0; IOSTANDARD = SSTL15; #pl76a"
RUN-1002 : start command "set_ippin_assignment ddr2  ddr_addr[5]   LOCATION = X0Y53Z1; IOSTANDARD = SSTL15; #pl53b"
RUN-1002 : start command "set_ippin_assignment ddr2  ddr_addr[6]   LOCATION = X0Y76Z1; IOSTANDARD = SSTL15; #pl76b"
RUN-1002 : start command "set_ippin_assignment ddr2  ddr_addr[7]   LOCATION = X0Y56Z1; IOSTANDARD = SSTL15; #pl56b"
RUN-1002 : start command "set_ippin_assignment ddr2  ddr_addr[8]   LOCATION = X0Y76Z2; IOSTANDARD = SSTL15; #pl76c"
RUN-1002 : start command "set_ippin_assignment ddr2  ddr_addr[9]   LOCATION = X0Y61Z1; IOSTANDARD = SSTL15; #pl61b"
RUN-1002 : start command "set_ippin_assignment ddr2  ddr_addr[10]  LOCATION = X0Y67Z1; IOSTANDARD = SSTL15; #pl67b"
RUN-1002 : start command "set_ippin_assignment ddr2  ddr_addr[11]  LOCATION = X0Y76Z3; IOSTANDARD = SSTL15; #pl76d"
RUN-1002 : start command "set_ippin_assignment ddr2  ddr_addr[12]  LOCATION = X0Y64Z1; IOSTANDARD = SSTL15; #pl64b"
RUN-1002 : start command "set_ippin_assignment ddr2  ddr_dqs_p[0]    LOCATION = X0Y33Z2; IOSTANDARD = DIFF_SSTL15; #pl33c"
RUN-1002 : start command "set_ippin_assignment ddr2  ddr_dqs_n[0]    LOCATION = X0Y33Z3; IOSTANDARD = DIFF_SSTL15; #pl33d"
RUN-1002 : start command "set_ippin_assignment ddr2  ddr_dm[0]       LOCATION = X0Y30Z2; IOSTANDARD = SSTL15; #pl30c"
RUN-1002 : start command "set_ippin_assignment ddr2  ddr_dq[0]       LOCATION = X0Y33Z0; IOSTANDARD = SSTL15; #pl33a"
RUN-1002 : start command "set_ippin_assignment ddr2  ddr_dq[1]       LOCATION = X0Y30Z3; IOSTANDARD = SSTL15; #pl30d"
RUN-1002 : start command "set_ippin_assignment ddr2  ddr_dq[2]       LOCATION = X0Y36Z0; IOSTANDARD = SSTL15; #pl36a"
RUN-1002 : start command "set_ippin_assignment ddr2  ddr_dq[3]       LOCATION = X0Y36Z1; IOSTANDARD = SSTL15; #pl36b"
RUN-1002 : start command "set_ippin_assignment ddr2  ddr_dq[4]       LOCATION = X0Y36Z3; IOSTANDARD = SSTL15; #pl36d"
RUN-1002 : start command "set_ippin_assignment ddr2  ddr_dq[5]       LOCATION = X0Y36Z2; IOSTANDARD = SSTL15; #pl36c"
RUN-1002 : start command "set_ippin_assignment ddr2  ddr_dq[6]       LOCATION = X0Y30Z0; IOSTANDARD = SSTL15; #pl30a"
RUN-1002 : start command "set_ippin_assignment ddr2  ddr_dq[7]       LOCATION = X0Y33Z1; IOSTANDARD = SSTL15; #pl33b"
RUN-1002 : start command "set_ippin_assignment ddr2  ddr_dqs_p[1]    LOCATION = X0Y13Z2; IOSTANDARD = DIFF_SSTL15; #pl13c"
RUN-1002 : start command "set_ippin_assignment ddr2  ddr_dqs_n[1]    LOCATION = X0Y13Z3; IOSTANDARD = DIFF_SSTL15; #pl13d"
RUN-1002 : start command "set_ippin_assignment ddr2  ddr_dm[1]       LOCATION = X0Y16Z0; IOSTANDARD = SSTL15; #pl16a"
RUN-1002 : start command "set_ippin_assignment ddr2  ddr_dq[8]       LOCATION = X0Y16Z1; IOSTANDARD = SSTL15; #pl16b"
RUN-1002 : start command "set_ippin_assignment ddr2  ddr_dq[9]       LOCATION = X0Y16Z3; IOSTANDARD = SSTL15; #pl16d"
RUN-1002 : start command "set_ippin_assignment ddr2  ddr_dq[10]      LOCATION = X0Y10Z0; IOSTANDARD = SSTL15; #pl10a"
RUN-1002 : start command "set_ippin_assignment ddr2  ddr_dq[11]      LOCATION = X0Y10Z2; IOSTANDARD = SSTL15; #pl10c"
RUN-1002 : start command "set_ippin_assignment ddr2  ddr_dq[12]      LOCATION = X0Y10Z3; IOSTANDARD = SSTL15; #pl10d"
RUN-1002 : start command "set_ippin_assignment ddr2  ddr_dq[13]      LOCATION = X0Y10Z1; IOSTANDARD = SSTL15; #pl10b"
RUN-1002 : start command "set_ippin_assignment ddr2  ddr_dq[14]      LOCATION = X0Y16Z2; IOSTANDARD = SSTL15; #pl16c"
RUN-1002 : start command "set_ippin_assignment ddr2  ddr_dq[15]      LOCATION = X0Y13Z0; IOSTANDARD = SSTL15; #pl13a"
RUN-1002 : start command "set_ipinst_assignment ddr2 ph1p_ddrmc_wrapper/ph1p_ddrmc_top/u_ddr_phy/u_ddrphy_top/u_ddrphy_clk/u_mlclk_1  LOCATION = X0Y59Z0"
RUN-1002 : start command "set_ipinst_assignment ddr2 ph1p_ddrmc_wrapper/ph1p_ddrmc_top/u_ddr_phy/u_ddrphy_top/u_ddrphy_clk/u_mlclk_2  LOCATION = X0Y59Z1"
RUN-1002 : start command "set_ipinst_assignment ddr2 ph1p_ddrmc_wrapper/ph1p_ddrmc_top/u_ddr_phy/u_ddrphy_top/u_ddrphy_clk/u_pll0/u_pll_inst  LOCATION = X0Y40Z0"
RUN-1002 : start command "set_ipinst_assignment ddr2 ph1p_ddrmc_wrapper/ph1p_ddrmc_top/u_ddr_phy/u_ddrphy_top/u_ddrphy_clk/u_pll1/u_pll_inst  LOCATION = X0Y79Z0"
RUN-1002 : start command "set_ipinst_assignment ddr2 ph1p_ddrmc_wrapper/ph1p_ddrmc_top/u_ddr_phy/u_ddrphy_top/u_ddrphy_clk/ioclk[0]$u_ioclk_0  LOCATION = X0Y59Z0;"
RUN-1002 : start command "set_ipinst_assignment ddr2 ph1p_ddrmc_wrapper/ph1p_ddrmc_top/u_ddr_phy/u_ddrphy_top/u_ddrphy_clk/ioclk[0]$u_ioclk_1  LOCATION = X0Y59Z1;"
RUN-1002 : start command "set_ipinst_assignment ddr2 ph1p_ddrmc_wrapper/ph1p_ddrmc_top/u_ddr_phy/u_ddrphy_top/u_ddrphy_clk/ioclk[1]$u_ioclk_0  LOCATION = X0Y19Z0;"
RUN-1002 : start command "set_ipinst_assignment ddr2 ph1p_ddrmc_wrapper/ph1p_ddrmc_top/u_ddr_phy/u_ddrphy_top/u_ddrphy_clk/ioclk[1]$u_ioclk_1  LOCATION = X0Y19Z1;"
RUN-1002 : start command "set_ipinst_assignment ddr2 ph1p_ddrmc_wrapper/ph1p_ddrmc_top/u_ddr_phy/u_ddrphy_top/u_ddrphy/ac_byte[0]$ac_byte_used$u_ddrphy_ac_byte_wrapper/u_ddrphy_byte LOCATION = X0Y70Z0"
RUN-1002 : start command "set_ipinst_assignment ddr2 ph1p_ddrmc_wrapper/ph1p_ddrmc_top/u_ddr_phy/u_ddrphy_top/u_ddrphy/ac_byte[1]$ac_byte_used$u_ddrphy_ac_byte_wrapper/u_ddrphy_byte LOCATION = X0Y60Z0"
RUN-1002 : start command "set_ipinst_assignment ddr2 ph1p_ddrmc_wrapper/ph1p_ddrmc_top/u_ddr_phy/u_ddrphy_top/u_ddrphy/ac_byte[2]$ac_byte_used$u_ddrphy_ac_byte_wrapper/u_ddrphy_byte LOCATION = X0Y50Z0"
RUN-1002 : start command "set_ipinst_assignment ddr2 ph1p_ddrmc_wrapper/ph1p_ddrmc_top/u_ddr_phy/u_ddrphy_top/u_ddrphy/ac_byte[3]$ac_byte_used$u_ddrphy_ac_byte_wrapper/u_ddrphy_byte LOCATION = X0Y40Z0"
RUN-1002 : start command "set_ipinst_assignment ddr2 ph1p_ddrmc_wrapper/ph1p_ddrmc_top/u_ddr_phy/u_ddrphy_top/u_ddrphy/dx_byte[0]$dx_byte_used$u_ddrphy_dx_byte_wrapper/u_ddrphy_byte LOCATION = X0Y30Z0"
RUN-1002 : start command "set_ipinst_assignment ddr2 ph1p_ddrmc_wrapper/ph1p_ddrmc_top/u_ddr_phy/u_ddrphy_top/u_ddrphy/dx_byte[1]$dx_byte_used$u_ddrphy_dx_byte_wrapper/u_ddrphy_byte LOCATION = X0Y10Z0"
RUN-1002 : start command "set_ipinst_assignment ddr2 ph1p_ddrmc_wrapper/ph1p_ddrmc_top/u_ddr_phy/u_ddrphy_top/u_ddrphy/bkref[0]$u_ddrphy_bankref  LOCATION = X0Y19Z0;"
RUN-1002 : start command "set_ipinst_assignment ddr2 ph1p_ddrmc_wrapper/ph1p_ddrmc_top/u_ddr_phy/u_ddrphy_top/u_ddrphy/bkref[1]$u_ddrphy_bankref  LOCATION = X0Y59Z0;"
RUN-1001 : Starting of IO setups legality check.
RUN-1003 : finish command "read_ip_adc -ip ddr2 -file ../../../user_source/ip_source/ph1p35_ddr/ddr2/src/adc/ddr2.adc" in  3.212092s wall, 3.109375s user + 0.031250s system = 3.140625s CPU (97.8%)

RUN-1004 : used memory is 845 MB, reserved memory is 835 MB, peak memory is 851 MB
RUN-1002 : start command "read_sdc ../../traffic_sign_td.sdc"
RUN-1002 : start command "read_sdc -ip ddr2 ../../../user_source/ip_source/ph1p35_ddr/ddr2/src/sdc/ddr2.sdc"
RUN-1002 : start command "read_sdc -ip w128_d512_fifo ../../../user_source/ip_source/w128_d512_fifo/w128_d512_fifo.tcl"
RUN-1002 : start command "export_db traffic_sign_td_elaborate.db"
RUN-1001 : Exported flow parameters
RUN-1001 : Exported /
RUN-1001 : Exported libs
RUN-1001 : Exported entities
RUN-1001 : Exported ports
RUN-1001 : Exported pins
RUN-1001 : Exported instances
RUN-1001 : Exported nets
RUN-1001 : Exported buses
RUN-1001 : Exported models
RUN-1001 : Exported packer
RUN-1001 : Exported congestions
RUN-1001 : Exported violations
RUN-1001 : Exported ATMR Setting
RUN-1001 : Exported timing constraints
RUN-1001 : Exported IO constraints
RUN-1001 : Exported Inst constraints
RUN-1001 : Exported ChipWatcher
RUN-1002 : start command "commit_param -step rtl"
RUN-1001 : Print Global Property
RUN-1001 : -------------------------------------------------------------
RUN-1001 :     Parameters    |   Settings   |  Default Values  |  Note  
RUN-1001 : -------------------------------------------------------------
RUN-1001 :    enable_seed    |     off      |       off        |        
RUN-1001 :    hfn_to_clock   |  1000000000  |    1000000000    |        
RUN-1001 :      message      |   standard   |     standard     |        
RUN-1001 :    qor_monitor    |      on      |        on        |        
RUN-1001 :   speedup_effort  |      0       |        0         |        
RUN-1001 :    syn_ip_flow    |     off      |       off        |        
RUN-1001 :       thread      |     auto     |       auto       |        
RUN-1001 : -------------------------------------------------------------
RUN-1001 : Print Rtl Property
RUN-1001 : -------------------------------------------------------------------
RUN-1001 :         Parameters        |  Settings  |  Default Values  |  Note  
RUN-1001 : -------------------------------------------------------------------
RUN-1001 :        fix_undriven       |     0      |        0         |        
RUN-1001 :   gated_clock_conversion  |    off     |       off        |        
RUN-1001 :         infer_fsm         |    auto    |       auto       |        
RUN-1001 :         infer_rom         |     on     |        on        |        
RUN-1001 :       infer_shifter       |     on     |        on        |        
RUN-1001 :       keep_hierarchy      |    auto    |       auto       |        
RUN-1001 :        merge_equal        |     on     |        on        |        
RUN-1001 :      min_control_set      |     8      |        8         |        
RUN-1001 :       min_ripple_len      |    auto    |       auto       |        
RUN-1001 :          seq_syn          |     on     |        on        |        
RUN-1001 : -------------------------------------------------------------------
RUN-1002 : start command "insert_debugger"
RUN-1002 : start command "optimize_rtl"
RUN-1001 : Open license file D:/Anlogic/TD_6.2.1_Engineer_6.2.168.116/license/Anlogic.lic
SYN-1001 : Stage 1 | Optimize RTL
SYN-1001 : Stage 1.1 | Check Design Sanity
SYN-5065 WARNING: Register "genCA$op" in ../../../user_source/ip_source/ph1p35_ddr/ddr2/src/rtl/mc/alc_mc_top_all.enc.sv(0) is described with both an asynchronous reset and an asynchronous set. It may have an uncertainty of the timing. Please conside rewriting code.
SYN-1001 : End Stage 1.1 | Check Design Sanity; Time: 0.020567s wall, 0.031250s user + 0.000000s system = 0.031250s CPU (151.9%); Memory(MB): used = 683, reserved = 743, peak = 851;

SYN-1079 : finish stage Check Design Sanity. Total instances: 79182, Total nets: 166278.

SYN-1001 : Stage 1.2 | Initialize Design
SYN-1001 : End Stage 1.2 | Initialize Design; Time: 2.353544s wall, 2.218750s user + 0.046875s system = 2.265625s CPU (96.3%); Memory(MB): used = 683, reserved = 743, peak = 851;

SYN-1079 : finish stage Initialize Design. Total instances: 34430, Total nets: 103753.

SYN-1001 : Stage 1.3 | Flatten Module
SYN-1011 : Flatten model design_top_wrapper
SYN-1050 : Instances selected by 'keep_hierarchy':
RUN-1001 : ------------------------------------------------------------------------------------------------------------
RUN-1001 :           instance           |  keep_hierarchy  |         down_module         |         file(line)          
RUN-1001 : ------------------------------------------------------------------------------------------------------------
RUN-1001 :  u_video_in/U_w128_d512_...  |       true       | soft_fifo_al_4057d6b76a...  | ../../../user_source/ip...  
RUN-1001 :  u_mc_to_user_interface/...  |       true       | soft_fifo_al_f58e8b3e1f...  | ../../../user_source/ip...  
RUN-1001 : ------------------------------------------------------------------------------------------------------------
SYN-1001 : End Stage 1.3 | Flatten Module; Time: 0.743056s wall, 0.734375s user + 0.000000s system = 0.734375s CPU (98.8%); Memory(MB): used = 701, reserved = 762, peak = 851;

SYN-1079 : finish stage Flatten Module. Total instances: 46873, Total nets: 103867.

SYN-1001 : Stage 1.4 | Uniform Instance
SYN-5013 WARNING: Undriven net: model "design_top_wrapper" / net "u_hdmi_tx/u_key_remove_shakes/I_rst_n" in ../../../user_source/lab_ex_2026_nosoft/hdl_source/key_remove_shakes.v(14)
		the net's pin: pin "I" in ../../../user_source/lab_ex_2026_nosoft/hdl_source/key_remove_shakes.v(46)
SYN-5013 WARNING: Undriven net: model "design_top_wrapper" / net "u_isp_top/u_awb/signal_delay_d/rd_en_syn_3" in ../../../user_source/image/awb/active/signal_delay.v(34)
		the net's pin: pin "i" in ../../../user_source/image/awb/active/signal_delay.v(34)
SYN-5013 WARNING: Undriven net: model "design_top_wrapper" / net "u_isp_top/u_demosaic/raw_matrix_3x3_buffer_d/two_line_buffer[1]$line_buffer_demosaic_r1/blk_mem_gen_demosaic_r0/ram_c36c2ca3b3a7_Inst/dib[32]" in ../../../user_source/ip_source/demosaic/blk_mem_gen_demosaic/RTL/ram_c36c2ca3b3a7.v(43)
		the net's pin: pin "dib[32]" in ../../../user_source/ip_source/demosaic/blk_mem_gen_demosaic/RTL/ram_c36c2ca3b3a7.v(91)
SYN-5013 WARNING: Undriven net: model "design_top_wrapper" / net "u_isp_top/u_demosaic/raw_matrix_3x3_buffer_d/two_line_buffer[1]$line_buffer_demosaic_r1/blk_mem_gen_demosaic_r0/ram_c36c2ca3b3a7_Inst/dib[31]" in ../../../user_source/ip_source/demosaic/blk_mem_gen_demosaic/RTL/ram_c36c2ca3b3a7.v(43)
		the net's pin: pin "dib[31]" in ../../../user_source/ip_source/demosaic/blk_mem_gen_demosaic/RTL/ram_c36c2ca3b3a7.v(91)
SYN-5013 WARNING: Undriven net: model "design_top_wrapper" / net "u_isp_top/u_demosaic/raw_matrix_3x3_buffer_d/two_line_buffer[1]$line_buffer_demosaic_r1/blk_mem_gen_demosaic_r0/ram_c36c2ca3b3a7_Inst/dib[30]" in ../../../user_source/ip_source/demosaic/blk_mem_gen_demosaic/RTL/ram_c36c2ca3b3a7.v(43)
		the net's pin: pin "dib[30]" in ../../../user_source/ip_source/demosaic/blk_mem_gen_demosaic/RTL/ram_c36c2ca3b3a7.v(91)
SYN-5013 WARNING: Undriven net: model "design_top_wrapper" / net "u_isp_top/u_demosaic/raw_matrix_3x3_buffer_d/two_line_buffer[1]$line_buffer_demosaic_r1/blk_mem_gen_demosaic_r0/ram_c36c2ca3b3a7_Inst/dib[29]" in ../../../user_source/ip_source/demosaic/blk_mem_gen_demosaic/RTL/ram_c36c2ca3b3a7.v(43)
		the net's pin: pin "dib[29]" in ../../../user_source/ip_source/demosaic/blk_mem_gen_demosaic/RTL/ram_c36c2ca3b3a7.v(91)
SYN-5013 WARNING: Undriven net: model "design_top_wrapper" / net "u_isp_top/u_demosaic/raw_matrix_3x3_buffer_d/two_line_buffer[1]$line_buffer_demosaic_r1/blk_mem_gen_demosaic_r0/ram_c36c2ca3b3a7_Inst/dib[28]" in ../../../user_source/ip_source/demosaic/blk_mem_gen_demosaic/RTL/ram_c36c2ca3b3a7.v(43)
		the net's pin: pin "dib[28]" in ../../../user_source/ip_source/demosaic/blk_mem_gen_demosaic/RTL/ram_c36c2ca3b3a7.v(91)
SYN-5013 WARNING: Undriven net: model "design_top_wrapper" / net "u_isp_top/u_demosaic/raw_matrix_3x3_buffer_d/two_line_buffer[1]$line_buffer_demosaic_r1/blk_mem_gen_demosaic_r0/ram_c36c2ca3b3a7_Inst/dib[27]" in ../../../user_source/ip_source/demosaic/blk_mem_gen_demosaic/RTL/ram_c36c2ca3b3a7.v(43)
		the net's pin: pin "dib[27]" in ../../../user_source/ip_source/demosaic/blk_mem_gen_demosaic/RTL/ram_c36c2ca3b3a7.v(91)
SYN-5013 WARNING: Undriven net: model "design_top_wrapper" / net "u_isp_top/u_demosaic/raw_matrix_3x3_buffer_d/two_line_buffer[1]$line_buffer_demosaic_r1/blk_mem_gen_demosaic_r0/ram_c36c2ca3b3a7_Inst/dib[26]" in ../../../user_source/ip_source/demosaic/blk_mem_gen_demosaic/RTL/ram_c36c2ca3b3a7.v(43)
		the net's pin: pin "dib[26]" in ../../../user_source/ip_source/demosaic/blk_mem_gen_demosaic/RTL/ram_c36c2ca3b3a7.v(91)
SYN-5013 WARNING: Undriven net: model "design_top_wrapper" / net "u_isp_top/u_demosaic/raw_matrix_3x3_buffer_d/two_line_buffer[1]$line_buffer_demosaic_r1/blk_mem_gen_demosaic_r0/ram_c36c2ca3b3a7_Inst/dib[25]" in ../../../user_source/ip_source/demosaic/blk_mem_gen_demosaic/RTL/ram_c36c2ca3b3a7.v(43)
		the net's pin: pin "dib[25]" in ../../../user_source/ip_source/demosaic/blk_mem_gen_demosaic/RTL/ram_c36c2ca3b3a7.v(91)
SYN-5013 Similar messages will be suppressed.
SYN-5025 WARNING: Using 0 for all undriven pins and nets
SYN-1001 : End Stage 1.4 | Uniform Instance; Time: 0.327584s wall, 0.328125s user + 0.000000s system = 0.328125s CPU (100.2%); Memory(MB): used = 640, reserved = 720, peak = 851;

SYN-1079 : finish stage Uniform Instance. Total instances: 44527, Total nets: 100816.

SYN-1001 : Stage 1.5 | Optimize Design
SYN-1066 : Inferred FSM for state register 'u_mipi_dphy_rx_ph1p_mipiio_wrapper/u_ph1p_mipiio_rx_wrapper/u_lane0_hs_detect/S_lp_state_reg' in module 'design_top_wrapper'
--------------------------------------------
     Previous Encoding     New Encoding
--------------------------------------------
                   000            00001
                   001            00010
                   010            00100
                   011            01000
                   100            10000
--------------------------------------------
SYN-1067 : encoded FSM with state register 'u_mipi_dphy_rx_ph1p_mipiio_wrapper/u_ph1p_mipiio_rx_wrapper/u_lane0_hs_detect/S_lp_state_reg' using encoding 'one_hot' in model 'design_top_wrapper'
SYN-1066 : Inferred FSM for state register 'u_ph1p35_324_ddr_wrapper/u_ddr2/ph1p_ddrmc_wrapper/ph1p_ddrmc_top/u_alc_mc_top/page_ctrl[0]$u_page_ctrl/gr_cas_state_reg' in module 'design_top_wrapper'
--------------------------------------------
     Previous Encoding     New Encoding
--------------------------------------------
                    01               01
                    10               10
--------------------------------------------
SYN-1067 : encoded FSM with state register 'u_ph1p35_324_ddr_wrapper/u_ddr2/ph1p_ddrmc_wrapper/ph1p_ddrmc_top/u_alc_mc_top/page_ctrl[0]$u_page_ctrl/gr_cas_state_reg' using encoding 'one_hot' in model 'design_top_wrapper'
SYN-1066 : Inferred FSM for state register 'u_ph1p35_324_ddr_wrapper/u_ddr2/ph1p_ddrmc_wrapper/ph1p_ddrmc_top/u_alc_mc_top/page_ctrl[1]$u_page_ctrl/gr_cas_state_reg' in module 'design_top_wrapper'
--------------------------------------------
     Previous Encoding     New Encoding
--------------------------------------------
                    01               01
                    10               10
--------------------------------------------
SYN-1067 : encoded FSM with state register 'u_ph1p35_324_ddr_wrapper/u_ddr2/ph1p_ddrmc_wrapper/ph1p_ddrmc_top/u_alc_mc_top/page_ctrl[1]$u_page_ctrl/gr_cas_state_reg' using encoding 'one_hot' in model 'design_top_wrapper'
SYN-1066 : Inferred FSM for state register 'u_ph1p35_324_ddr_wrapper/u_ddr2/ph1p_ddrmc_wrapper/ph1p_ddrmc_top/u_alc_mc_top/page_ctrl[2]$u_page_ctrl/gr_cas_state_reg' in module 'design_top_wrapper'
--------------------------------------------
     Previous Encoding     New Encoding
--------------------------------------------
                    01               01
                    10               10
--------------------------------------------
SYN-1067 : encoded FSM with state register 'u_ph1p35_324_ddr_wrapper/u_ddr2/ph1p_ddrmc_wrapper/ph1p_ddrmc_top/u_alc_mc_top/page_ctrl[2]$u_page_ctrl/gr_cas_state_reg' using encoding 'one_hot' in model 'design_top_wrapper'
SYN-1066 : Inferred FSM for state register 'u_ph1p35_324_ddr_wrapper/u_ddr2/ph1p_ddrmc_wrapper/ph1p_ddrmc_top/u_alc_mc_top/page_ctrl[3]$u_page_ctrl/gr_cas_state_reg' in module 'design_top_wrapper'
--------------------------------------------
     Previous Encoding     New Encoding
--------------------------------------------
                    01               01
                    10               10
--------------------------------------------
SYN-1067 : encoded FSM with state register 'u_ph1p35_324_ddr_wrapper/u_ddr2/ph1p_ddrmc_wrapper/ph1p_ddrmc_top/u_alc_mc_top/page_ctrl[3]$u_page_ctrl/gr_cas_state_reg' using encoding 'one_hot' in model 'design_top_wrapper'
SYN-1066 : Inferred FSM for state register 'u_ph1p35_324_ddr_wrapper/u_ddr2/ph1p_ddrmc_wrapper/ph1p_ddrmc_top/u_alc_mc_top/u_ref_ctrl/ref_cst_reg' in module 'design_top_wrapper'
--------------------------------------------
     Previous Encoding     New Encoding
--------------------------------------------
             000000001        000000001
             000000010        000000010
             000000100        000000100
             000001000        000001000
             000010000        000010000
             000100000        000100000
             001000000        001000000
             010000000        010000000
             100000000        100000000
--------------------------------------------
SYN-1067 : encoded FSM with state register 'u_ph1p35_324_ddr_wrapper/u_ddr2/ph1p_ddrmc_wrapper/ph1p_ddrmc_top/u_alc_mc_top/u_ref_ctrl/ref_cst_reg' using encoding 'one_hot' in model 'design_top_wrapper'
SYN-1066 : Inferred FSM for state register 'u_ph1p35_324_ddr_wrapper/u_ddr2/ph1p_ddrmc_wrapper/ph1p_ddrmc_top/u_ddr_phy/u_ddrphy_top/u_ddrphy_mdl_cal_wrapper/mdl_cal[0]$u_ddrphy_mdl_cal/lcdl_cal_state_reg' in module 'design_top_wrapper'
--------------------------------------------
     Previous Encoding     New Encoding
--------------------------------------------
                  0000      00000000001
                  0001      00000000010
                  0010      00000000100
                  0011      00000001000
                  0100      00000010000
                  0101      00000100000
                  0110      00001000000
                  0111      00010000000
                  1000      00100000000
                  1010      01000000000
                  1001      10000000000
--------------------------------------------
SYN-1067 : encoded FSM with state register 'u_ph1p35_324_ddr_wrapper/u_ddr2/ph1p_ddrmc_wrapper/ph1p_ddrmc_top/u_ddr_phy/u_ddrphy_top/u_ddrphy_mdl_cal_wrapper/mdl_cal[0]$u_ddrphy_mdl_cal/lcdl_cal_state_reg' using encoding 'one_hot' in model 'design_top_wrapper'
SYN-1066 : Inferred FSM for state register 'u_ph1p35_324_ddr_wrapper/u_ddr2/ph1p_ddrmc_wrapper/ph1p_ddrmc_top/u_ddr_phy/u_ddrphy_top/u_ddrphy_mdl_cal_wrapper/mdl_cal[1]$u_ddrphy_mdl_cal/lcdl_cal_state_reg' in module 'design_top_wrapper'
--------------------------------------------
     Previous Encoding     New Encoding
--------------------------------------------
                  0000      00000000001
                  0001      00000000010
                  0010      00000000100
                  0011      00000001000
                  0100      00000010000
                  0101      00000100000
                  0110      00001000000
                  0111      00010000000
                  1000      00100000000
                  1010      01000000000
                  1001      10000000000
--------------------------------------------
SYN-1067 : encoded FSM with state register 'u_ph1p35_324_ddr_wrapper/u_ddr2/ph1p_ddrmc_wrapper/ph1p_ddrmc_top/u_ddr_phy/u_ddrphy_top/u_ddrphy_mdl_cal_wrapper/mdl_cal[1]$u_ddrphy_mdl_cal/lcdl_cal_state_reg' using encoding 'one_hot' in model 'design_top_wrapper'
SYN-1066 : Inferred FSM for state register 'u_uicfgcs500/TS_S_reg' in module 'design_top_wrapper'
--------------------------------------------
     Previous Encoding     New Encoding
--------------------------------------------
                    00             0001
                    01             0010
                    10             0100
                    11             1000
--------------------------------------------
SYN-1067 : encoded FSM with state register 'u_uicfgcs500/TS_S_reg' using encoding 'one_hot' in model 'design_top_wrapper'
SYN-1057 : Inferred 9 FSM(s)
SYN-1001 : Optimize 3 less-than instances
SYN-1001 : Optimize 3 less-than instances
SYN-1032 : 92271/2217 useful/useless nets, 43300/93 useful/useless insts
SYN-1001 : Bypass 1 mux instances
SYN-1021 : Optimized 9 onehot mux instances.
SYN-1068 : Optimized 1 binary mux instances.
SYN-1019 : Optimized 7 mux instances.
SYN-1021 : Optimized 4 onehot mux instances.
SYN-1021 : Optimized 3 onehot mux instances.
SYN-1021 : Optimized 25 onehot mux instances.
SYN-1001 : Optimize 45 less-than instances
SYN-1016 : Merged 17712 instances.
SYN-1035 : Inferred 1 ROM(s)
8.888000
15.000000
15.000000
19.230000
SYN-1016 : Merged 3302 instances.
SYN-1001 : End Stage 1.5 | Optimize Design; Time: 98.644924s wall, 95.468750s user + 0.875000s system = 96.343750s CPU (97.7%); Memory(MB): used = 1067, reserved = 1053, peak = 1067;

SYN-1079 : finish stage Optimize Design. Total instances: 89674, Total nets: 98133.

SYN-1001 : Stage 1.6 | Optimize Iteratively
SYN-1018 : Transformed 3 mux instances.
SYN-1019 : Optimized 63 mux instances.
SYN-1021 : Optimized 122 onehot mux instances.
SYN-1014 : Optimize round 1
SYN-1044 : Optimized 223 inv instances.
SYN-1017 : Remove 93 const input seq instances
SYN-1018 : Transformed 4 mux instances.
SYN-1019 : Optimized 408 mux instances.
SYN-1020 : Optimized 1305 distributor mux.
SYN-1001 : Optimize 100 less-than instances
SYN-1019 : Optimized 55 mux instances.
SYN-2595 : bram inst: u_isp_top/u_awb/signal_delay_d/blk_mem_gen_awb_delay_signal_d/ram_f84573da5ab5_Inst/username_inst is set to PDPW/SP from DP for resource saving
SYN-2595 : bram inst: u_isp_top/u_demosaic/raw_matrix_3x3_buffer_d/two_line_buffer[1]$line_buffer_demosaic_r1/blk_mem_gen_demosaic_r0/ram_c36c2ca3b3a7_Inst/username_inst is set to PDPW/SP from DP for resource saving
SYN-2595 : bram inst: u_isp_top/u_demosaic/raw_matrix_3x3_buffer_d/two_line_buffer[2]$line_buffer_demosaic_r1/blk_mem_gen_demosaic_r0/ram_c36c2ca3b3a7_Inst/username_inst is set to PDPW/SP from DP for resource saving
SYN-2595 : bram inst: u_isp_top/u_demosaic/raw_matrix_3x3_buffer_d/zhenghe_d/blk_mem_gen_zhenghe_d1/ram_d32970204f32_Inst/username_inst is set to PDPW/SP from DP for resource saving
SYN-2593 : bram inst: u_isp_top/u_demosaic/raw_matrix_3x3_buffer_d/two_line_buffer[2]$line_buffer_demosaic_r1/blk_mem_gen_demosaic_r0/ram_c36c2ca3b3a7_Inst/username_inst will be optimized to a new one with A-width 32 due to unused data out
SYN-1016 : Merged 3230 instances.
SYN-1015 : Optimize round 1, 13774 better
SYN-1014 : Optimize round 2
SYN-1044 : Optimized 23 inv instances.
SYN-1017 : Remove 7 const input seq instances
SYN-1019 : Optimized 578 mux instances.
SYN-1020 : Optimized 92 distributor mux.
SYN-1019 : Optimized 59 mux instances.
SYN-1016 : Merged 214 instances.
SYN-1015 : Optimize round 2, 1208 better
SYN-5011 WARNING: Undriven pin: model "design_top_wrapper" / inst "u_isp_top/u_demosaic/raw_matrix_3x3_buffer_d/two_line_buffer[2]$line_buffer_demosaic_r1/blk_mem_gen_demosaic_r0/ram_c36c2ca3b3a7_Inst/username_inst" in ../../../user_source/ip_source/demosaic/blk_mem_gen_demosaic/RTL/ram_c36c2ca3b3a7.v(91) / pin "bea[0]"
SYN-5011 WARNING: Undriven pin: model "design_top_wrapper" / inst "u_isp_top/u_demosaic/raw_matrix_3x3_buffer_d/two_line_buffer[2]$line_buffer_demosaic_r1/blk_mem_gen_demosaic_r0/ram_c36c2ca3b3a7_Inst/username_inst" in ../../../user_source/ip_source/demosaic/blk_mem_gen_demosaic/RTL/ram_c36c2ca3b3a7.v(91) / pin "beb[0]"
SYN-5025 WARNING: Using 0 for all undriven pins and nets
SYN-3010 : Optimized 427 DFF(s)
SYN-1014 : Optimize round 1
SYN-1017 : Remove 33 const input seq instances
SYN-1019 : Optimized 8 mux instances.
SYN-1020 : Optimized 51 distributor mux.
SYN-1019 : Optimized 12 mux instances.
SYN-2594 : bram inst: u_isp_top/u_demosaic/raw_matrix_3x3_buffer_d/two_line_buffer[1]$line_buffer_demosaic_r1/blk_mem_gen_demosaic_r0/ram_c36c2ca3b3a7_Inst/username_inst will be optimized to a new one with A-addr 8 due to const address
SYN-2594 : bram inst: u_isp_top/u_demosaic/raw_matrix_3x3_buffer_d/two_line_buffer[2]$line_buffer_demosaic_r1/blk_mem_gen_demosaic_r0/ram_c36c2ca3b3a7_Inst/username_inst will be optimized to a new one with A-addr 8 due to const address
SYN-2594 : bram inst: u_isp_top/u_demosaic/raw_matrix_3x3_buffer_d/zhenghe_d/blk_mem_gen_zhenghe_d1/ram_d32970204f32_Inst/username_inst will be optimized to a new one with A-addr 8 due to const address
SYN-1016 : Merged 258 instances.
SYN-1015 : Optimize round 1, 511 better
SYN-1014 : Optimize round 2
SYN-1044 : Optimized 3 inv instances.
SYN-1017 : Remove 3 const input seq instances
SYN-1019 : Optimized 7 mux instances.
SYN-1020 : Optimized 8 distributor mux.
SYN-1016 : Merged 12 instances.
SYN-1015 : Optimize round 2, 40 better
SYN-1014 : Optimize round 3
SYN-1044 : Optimized 1 inv instances.
SYN-1017 : Remove 4 const input seq instances
SYN-1019 : Optimized 3 mux instances.
SYN-1020 : Optimized 2 distributor mux.
SYN-1016 : Merged 6 instances.
SYN-1015 : Optimize round 3, 19 better
SYN-1014 : Optimize round 4
SYN-1017 : Remove 15 const input seq instances
SYN-1019 : Optimized 84 mux instances.
SYN-1020 : Optimized 1 distributor mux.
SYN-1016 : Merged 4 instances.
SYN-1015 : Optimize round 4, 111 better
SYN-1014 : Optimize round 5
SYN-1017 : Remove 12 const input seq instances
SYN-1019 : Optimized 15 mux instances.
SYN-1015 : Optimize round 5, 33 better
SYN-1014 : Optimize round 6
SYN-1017 : Remove 12 const input seq instances
SYN-1019 : Optimized 9 mux instances.
SYN-1016 : Merged 2 instances.
SYN-1015 : Optimize round 6, 26 better
SYN-1014 : Optimize round 7
SYN-1017 : Remove 16 const input seq instances
SYN-1019 : Optimized 18 mux instances.
SYN-1016 : Merged 2 instances.
SYN-1015 : Optimize round 7, 36 better
SYN-1014 : Optimize round 8
SYN-1017 : Remove 1 const input seq instances
SYN-1015 : Optimize round 8, 1 better
SYN-1001 : End Stage 1.6 | Optimize Iteratively; Time: 32.368221s wall, 31.515625s user + 0.390625s system = 31.906250s CPU (98.6%); Memory(MB): used = 1025, reserved = 1021, peak = 1078;

SYN-1079 : finish stage Optimize Iteratively. Total instances: 83985, Total nets: 92021.

SYN-1001 : Stage 1.7 | Check Design
SYN-1001 : End Stage 1.7 | Check Design; Time: 0.016028s wall, 0.015625s user + 0.000000s system = 0.015625s CPU (97.5%); Memory(MB): used = 1025, reserved = 1021, peak = 1078;

SYN-1079 : finish stage Check Design. Total instances: 83985, Total nets: 92021.

SYN-1001 : End Stage 1 | Optimize RTL; Time: 134.476607s wall, 130.312500s user + 1.312500s system = 131.625000s CPU (97.9%); Memory(MB): used = 1025, reserved = 1021, peak = 1078;

SYN-1079 : finish stage Optimize RTL. Total instances: 83985, Total nets: 92021.

RUN-1003 : finish command "optimize_rtl" in  134.484159s wall, 130.312500s user + 1.312500s system = 131.625000s CPU (97.9%)

RUN-1004 : used memory is 1025 MB, reserved memory is 1021 MB, peak memory is 1078 MB
RUN-1002 : start command "report_area -file traffic_sign_td_rtl.area"
RUN-1001 : standard
***Report Model: design_top_wrapper Device: PH1P35MDG324***

IO Statistics
#IO                        68
  #input                    2
  #output                  31
  #inout                   35

Gate Statistics
#Basic gates            63931
  #and                  22504
  #nand                     0
  #or                     781
  #nor                      0
  #xor                     99
  #xnor                     0
  #buf                      0
  #not                  18117
  #bufif1                   1
  #MX21                  4312
  #FADD                     0
  #DFF                  18117
  #LATCH                    0
#MACRO_ADD                643
#MACRO_EQ                 301
#MACRO_MULT                21
#MACRO_MUX               8595
#MACRO_OTHERS              15

LUT Statistics
#Total_luts              4530
  #lut4                  2054
  #lut5                    44
  #lut6                   178
  #lut5_mx41                0
  #lut4_alu1b            2254

RUN-1002 : start command "export_db traffic_sign_td_rtl.db"
RUN-1001 : Exported flow parameters
RUN-1001 : Exported /
RUN-1001 : Exported libs
RUN-1001 : Exported entities
RUN-1001 : Exported ports
RUN-1001 : Exported pins
RUN-1001 : Exported instances
RUN-1001 : Exported nets
RUN-1001 : Exported buses
RUN-1001 : Exported models
RUN-1001 : Exported packer
RUN-1001 : Exported congestions
RUN-1001 : Exported violations
RUN-1001 : Exported ATMR Setting
RUN-1001 : Exported timing constraints
RUN-1001 : Exported IO constraints
RUN-1001 : Exported Inst constraints
RUN-1001 : Exported ChipWatcher
RUN-1002 : start command "commit_param -step gate"
RUN-1001 : Print Global Property
RUN-1001 : -------------------------------------------------------------
RUN-1001 :     Parameters    |   Settings   |  Default Values  |  Note  
RUN-1001 : -------------------------------------------------------------
RUN-1001 :    enable_seed    |     off      |       off        |        
RUN-1001 :    hfn_to_clock   |  1000000000  |    1000000000    |        
RUN-1001 :      message      |   standard   |     standard     |        
RUN-1001 :    qor_monitor    |      on      |        on        |        
RUN-1001 :   speedup_effort  |      0       |        0         |        
RUN-1001 :    syn_ip_flow    |     off      |       off        |        
RUN-1001 :       thread      |     auto     |       auto       |        
RUN-1001 : -------------------------------------------------------------
RUN-1001 : Print Gate Property
RUN-1001 : ----------------------------------------------------------------
RUN-1001 :       Parameters       |  Settings  |  Default Values  |  Note  
RUN-1001 : ----------------------------------------------------------------
RUN-1001 :   eram_cascade_height  |    auto    |       auto       |        
RUN-1001 :        map_mode        |    auto    |       auto       |        
RUN-1001 :      map_strategy      |     1      |        1         |        
RUN-1001 :       pack_effort      |   medium   |      medium      |        
RUN-1001 :     pack_seq_in_io     |    auto    |       auto       |        
RUN-1001 :         report         |  standard  |     standard     |        
RUN-1001 : ----------------------------------------------------------------
RUN-1002 : start command "optimize_gate -packarea traffic_sign_td_gate.area"
RUN-1001 : Open license file D:/Anlogic/TD_6.2.1_Engineer_6.2.168.116/license/Anlogic.lic
SYN-1001 : Stage 2 | Optimize Gate
SYN-1001 : Stage 2.1 | Map Reg
SYN-1001 : End Stage 2.1 | Map Reg; Time: 1.698815s wall, 1.656250s user + 0.000000s system = 1.656250s CPU (97.5%); Memory(MB): used = 1048, reserved = 1150, peak = 1086;

SYN-1079 : finish stage Map Reg. Total instances: 83985, Total nets: 92021.

SYN-1001 : Stage 2.2 | Map IO
SYN-2001 : Map 68 IOs to PADs of model 'design_top_wrapper'
SYN-1001 : End Stage 2.2 | Map IO; Time: 0.420654s wall, 0.406250s user + 0.000000s system = 0.406250s CPU (96.6%); Memory(MB): used = 1049, reserved = 1151, peak = 1086;

SYN-1001 : Stage 2.3 | Map Macro
RUN-1002 : start command "update_pll_param -module design_top_wrapper"
SYN-2501 : Processed 0 LOGIC_BUF instances.
SYN-2501 : 3 BUFG to GCLK
SYN-2541 : Logic Ram FIFO "u_hdmi_tx/u_hdmi_1_4b_transmitter_core_wrapper/u_hdmi_tx_controller_wrapper/u_hdmi_island_data_gen/U_audio_sample_packet_2_channel/u_w96_d1024_fifo/u_logic_ramfifo"
SYN-2541 : Logic Ram FIFO "u_hdmi_tx/u_hdmi_1_4b_transmitter_core_wrapper/u_hdmi_tx_controller_wrapper/u_video_axi_stream_receiver/u_w24_d1024_fifo/u_logic_ramfifo"
SYN-5041 WARNING: Ram Inst: u_isp_top/u_image_process_stream_96/ramread0_syn_21 has wrong RAM_STYLE/ROM_STYLE setting, AUTO is really used in ram inference
SYN-5041 WARNING: Ram Inst: u_isp_top/u_image_process_stream_96/ramread1_syn_21 has wrong RAM_STYLE/ROM_STYLE setting, AUTO is really used in ram inference
SYN-5041 WARNING: Ram Inst: u_isp_top/u_image_process_stream_96/ramread12_syn_21 has wrong RAM_STYLE/ROM_STYLE setting, AUTO is really used in ram inference
SYN-5041 WARNING: Ram Inst: u_isp_top/u_image_process_stream_96/ramread13_syn_21 has wrong RAM_STYLE/ROM_STYLE setting, AUTO is really used in ram inference
SYN-5041 WARNING: Ram Inst: u_mc_to_user_interface/U_w155_d512_fifo/soft_fifo_al_f58e8b3e1f3d_Inst/ram_inst/ramread0_syn_22 has wrong RAM_STYLE/ROM_STYLE setting, AUTO is really used in ram inference
SYN-5041 WARNING: Ram Inst: u_video_in/U_w128_d512_fifo/soft_fifo_al_4057d6b76aa6_Inst/ram_inst/ramread0_syn_21 has wrong RAM_STYLE/ROM_STYLE setting, AUTO is really used in ram inference
SYN-5041 WARNING: Ram Inst: u_video_out/U_w128_d512_fifo/soft_fifo_al_4057d6b76aa6_Inst/ram_inst/ramread0_syn_21 has wrong RAM_STYLE/ROM_STYLE setting, AUTO is really used in ram inference
SYN-2571 : Map 21 macro multiplier
SYN-2571 : Optimize after map_dsp, round 1
SYN-1016 : Merged 42 instances.
SYN-2571 : Optimize after map_dsp, round 1, 42 better
SYN-2571 : Optimize after map_dsp, round 2
SYN-2571 : Optimize after map_dsp, round 2, 0 better
SYN-2601 : All the used dsp number is 21
SYN-1001 : Throwback 435 control mux instances
SYN-1001 : clone 1 adder instances
SYN-1001 : Generate 70 bigger adders
SYN-1001 : Convert 24 adder
8.888000
15.000000
15.000000
19.230000
SYN-1001 : Optimize 119 adders
SYN-1001 : Convert 6 adder
SYN-2501 : Optimize round 1
SYN-1016 : Merged 650 instances.
SYN-2501 : Optimize round 1, 2552 better
SYN-2501 : Optimize round 2
SYN-2501 : Optimize round 2, 12 better
SYN-2501 : Optimize round 1
SYN-2501 : Optimize round 1, 0 better
SYN-1030 : Map 62 macro adder
SYN-1031 : Map 34 macro less-than
SYN-2501 : Map 472 macro adder(s)
SYN-1019 : Optimized 791 mux instances.
SYN-1016 : Merged 2130 instances.
SYN-5011 WARNING: Undriven pin: model "design_top_wrapper" / inst "u_ph1p35_324_ddr_wrapper/u_ddr2/ph1p_ddrmc_wrapper/ph1p_ddrmc_top/u_ddr_phy/u_ddrphy_top/u_ddrphy_init/ramread0_syn_24" in ../../../user_source/ip_source/ph1p35_ddr/ddr2/src/rtl/phy/ph1p_ddrphy_init.v(73) / pin "di[7]"
SYN-5011 WARNING: Undriven pin: model "design_top_wrapper" / inst "u_ph1p35_324_ddr_wrapper/u_ddr2/ph1p_ddrmc_wrapper/ph1p_ddrmc_top/u_ddr_phy/u_ddrphy_top/u_ddrphy_init/ramread0_syn_24" in ../../../user_source/ip_source/ph1p35_ddr/ddr2/src/rtl/phy/ph1p_ddrphy_init.v(73) / pin "di[6]"
SYN-5011 WARNING: Undriven pin: model "design_top_wrapper" / inst "u_ph1p35_324_ddr_wrapper/u_ddr2/ph1p_ddrmc_wrapper/ph1p_ddrmc_top/u_ddr_phy/u_ddrphy_top/u_ddrphy_init/ramread0_syn_24" in ../../../user_source/ip_source/ph1p35_ddr/ddr2/src/rtl/phy/ph1p_ddrphy_init.v(73) / pin "di[5]"
SYN-5011 WARNING: Undriven pin: model "design_top_wrapper" / inst "u_ph1p35_324_ddr_wrapper/u_ddr2/ph1p_ddrmc_wrapper/ph1p_ddrmc_top/u_ddr_phy/u_ddrphy_top/u_ddrphy_init/ramread0_syn_24" in ../../../user_source/ip_source/ph1p35_ddr/ddr2/src/rtl/phy/ph1p_ddrphy_init.v(73) / pin "di[4]"
SYN-5011 WARNING: Undriven pin: model "design_top_wrapper" / inst "u_ph1p35_324_ddr_wrapper/u_ddr2/ph1p_ddrmc_wrapper/ph1p_ddrmc_top/u_ddr_phy/u_ddrphy_top/u_ddrphy_init/ramread0_syn_24" in ../../../user_source/ip_source/ph1p35_ddr/ddr2/src/rtl/phy/ph1p_ddrphy_init.v(73) / pin "di[3]"
SYN-5011 WARNING: Undriven pin: model "design_top_wrapper" / inst "u_ph1p35_324_ddr_wrapper/u_ddr2/ph1p_ddrmc_wrapper/ph1p_ddrmc_top/u_ddr_phy/u_ddrphy_top/u_ddrphy_init/ramread0_syn_24" in ../../../user_source/ip_source/ph1p35_ddr/ddr2/src/rtl/phy/ph1p_ddrphy_init.v(73) / pin "di[2]"
SYN-5011 WARNING: Undriven pin: model "design_top_wrapper" / inst "u_ph1p35_324_ddr_wrapper/u_ddr2/ph1p_ddrmc_wrapper/ph1p_ddrmc_top/u_ddr_phy/u_ddrphy_top/u_ddrphy_init/ramread0_syn_24" in ../../../user_source/ip_source/ph1p35_ddr/ddr2/src/rtl/phy/ph1p_ddrphy_init.v(73) / pin "di[1]"
SYN-5011 WARNING: Undriven pin: model "design_top_wrapper" / inst "u_ph1p35_324_ddr_wrapper/u_ddr2/ph1p_ddrmc_wrapper/ph1p_ddrmc_top/u_ddr_phy/u_ddrphy_top/u_ddrphy_init/ramread0_syn_24" in ../../../user_source/ip_source/ph1p35_ddr/ddr2/src/rtl/phy/ph1p_ddrphy_init.v(73) / pin "di[0]"
SYN-5011 WARNING: Undriven pin: model "design_top_wrapper" / inst "u_ph1p35_324_ddr_wrapper/u_ddr2/ph1p_ddrmc_wrapper/ph1p_ddrmc_top/u_ddr_phy/u_ddrphy_top/u_ddrphy_init/ramread0_syn_25" in ../../../user_source/ip_source/ph1p35_ddr/ddr2/src/rtl/phy/ph1p_ddrphy_init.v(73) / pin "di[7]"
SYN-5011 WARNING: Undriven pin: model "design_top_wrapper" / inst "u_ph1p35_324_ddr_wrapper/u_ddr2/ph1p_ddrmc_wrapper/ph1p_ddrmc_top/u_ddr_phy/u_ddrphy_top/u_ddrphy_init/ramread0_syn_25" in ../../../user_source/ip_source/ph1p35_ddr/ddr2/src/rtl/phy/ph1p_ddrphy_init.v(73) / pin "di[6]"
SYN-5011 Similar messages will be suppressed.
SYN-5025 WARNING: Using 0 for all undriven pins and nets
SYN-1001 : End Stage 2.3 | Map Macro; Time: 16.864834s wall, 16.109375s user + 0.328125s system = 16.437500s CPU (97.5%); Memory(MB): used = 1142, reserved = 1200, peak = 1142;

SYN-1079 : finish stage Map Macro. Total instances: 90405, Total nets: 100066.

SYN-1001 : Stage 2.4 | Map Gate
SYN-3001 : Collect 8926 PI 5830 PO (106 timing unconstrained) for mapping
SYN-2581 : Mapping with K=6, #lut = 11266 (4.29), #lev = 15 (2.78), #crit_level = 0
SYN-2551 : Post LUT mapping optimization.
SYN-2581 : Mapping with K=6, #lut = 11024 (4.22), #lev = 15 (2.87), #crit_level = 0
SYN-3001 : Logic optimization opt = 8.92 sec, map = 1.76 sec, post map opt = 39.96 sec.
SYN-1001 : End Stage 2.4 | Map Gate; Time: 68.733298s wall, 67.265625s user + 0.531250s system = 67.796875s CPU (98.6%); Memory(MB): used = 1204, reserved = 1200, peak = 1204;

SYN-1001 : Packing model "design_top_wrapper" ...
SYN-1001 : Stage 2.5 | Pack Gate
SYN-4010 : Pack lib has 43 rtl pack models with 26 top pack blocks
SYN-1014 : Optimize round 1
SYN-1015 : Optimize round 1, 0 better
SYN-4002 : Packing 14926 DFF/LATCH to SEQ ...
SYN-1001 : Remove 269 carry adders
RUN-1002 : start command "start_timer"
8.888000
15.000000
15.000000
19.230000
RUN-1003 : finish command "start_timer" in  1.198603s wall, 1.062500s user + 0.031250s system = 1.093750s CPU (91.3%)

RUN-1004 : used memory is 1175 MB, reserved memory is 1170 MB, peak memory is 1204 MB
RUN-1002 : start command "end_timer"
SYN-4009 : Pack 238 carry chain into lslice
SYN-1001 : End Stage 2.5 | Pack Gate; Time: 4.402630s wall, 2.968750s user + 1.203125s system = 4.171875s CPU (94.8%); Memory(MB): used = 1177, reserved = 1173, peak = 1204;

RUN-1002 : start command "report_qor -step gate -file gate.qor"
RUN-1002 : start command "start_timer"
RUN-1003 : finish command "start_timer" in  1.470665s wall, 1.328125s user + 0.046875s system = 1.375000s CPU (93.5%)

RUN-1004 : used memory is 1178 MB, reserved memory is 1174 MB, peak memory is 1204 MB
-----------------------------------------------------------
| QoR metrics               |         value               |
-----------------------------------------------------------
| Timing                    |                             |
|     Setup WNS             |          -74                |
|     Setup TNS             |        -2960                |
|     Num of violated S-EP  |           40                |
|     Hold WNS              |          114                |
|     Hold TNS              |            0                |
|     Num of violated H-EP  |            0                |
-----------------------------------------------------------
| Utilization               |                             |
|     #registers            |        14926                |
|     #luts                 |        13763                |
|     #lut1                 |          119                |
|     #lut1(~A)             |          119                |
|     #slices               |         4547                |
|     slices percentage     |       21.43%                |
|     #RAMs                 |           30                |
|     #DSPs                 |           21                |
|     #f7mux                |        0.00%                |
|     #MACROs               |          350                |
|     #insts in MACRO       |         4680                |
-----------------------------------------------------------
| kept_net                  |                             |
|     #syn_keep             |         2501                |
|     #keep_hier            |          844                |
|     #dont_touch           |            0                |
|     #mark_debug           |            0                |
|     #max_fanout_keep      |            0                |
|     #async_reg            |            0                |
-----------------------------------------------------------
| Top 10% datanet fanout#   |        53.85                |
| dff(single fanout)->dff   |         1155                |
| dff(single fanout)->dram  |          129                |
-----------------------------------------------------------
| Over-quota path num*      |                             |
|     Total                 |            0                |
-----------------------------------------------------------
| Rent**                    |                             |
-----------------------------------------------------------
Note*: Over-quota path shows the over-path-level-threshold path number of each clock.
       The clock will not be shown if no path is with path level over the threshold.
       The threshold is defined as worst path_margin / 800ps.
Note**: Rent shows the rent exponent value of the modules whose rent value exceeds the threshold.
        Only modules under top are reported, and the threshold is defined as 0.7.

Logic Level Distribution
----------------------------------------------------------------------------------------------------------------------------------------------------------------------------------------------------------------------------------------
  Clock                                                                                               |  Period             |  0      |  1     |  2     |  3     |  4     |  5     |  6    |  7    |  8    |  9   |  10   |  11  |  16
----------------------------------------------------------------------------------------------------------------------------------------------------------------------------------------------------------------------------------------
  HDMI_PIXEL_CLK                                                                                      |  19.230ns (52MHz)   |  1471   |  721   |  136   |  204   |  186   |  60    |  13   |  1    |  1    |  0   |  0    |  0   |  24
  HDMI_SERIAL_CLK                                                                                     |  3.846ns (260MHz)   |  20     |  41    |  0     |  0     |  0     |  0     |  0    |  0    |  0    |  0   |  0    |  0   |  0
  MIPI_RX_BYTE_CLK                                                                                    |  8.888ns (112MHz)   |  6124   |  2358  |  695   |  1623  |  1293  |  478   |  226  |  54   |  50   |  0   |  45   |  0   |  0
  mipi_rx_ck_pad                                                                                      |  2.222ns (450MHz)   |  0      |  0     |  0     |  0     |  0     |  0     |  0    |  0    |  0    |  0   |  0    |  0   |  0
  pll_clk_100m                                                                                        |  10.000ns (100MHz)  |  5      |  3     |  2     |  0     |  0     |  0     |  0    |  0    |  0    |  0   |  0    |  0   |  0
  pll_clk_24m                                                                                         |  41.538ns (24MHz)   |  37     |  36    |  9     |  53    |  23    |  4     |  0    |  0    |  0    |  0   |  0    |  0   |  0
  sys_clk_50m                                                                                         |  20.000ns (50MHz)   |  131    |  2     |  0     |  106   |  0     |  0     |  0    |  0    |  0    |  0   |  0    |  0   |  0
  u_mipi_dphy_rx_ph1p_mipiio_wrapper/u_ph1p_mipiio_rx_wrapper/u_PH1P_LOGIC_DPHY_MIPI_RX.io_clk_pad_p  |  2.222ns (450MHz)   |  0      |  0     |  0     |  0     |  0     |  0     |  0    |  0    |  0    |  0   |  0    |  0   |  0
  u_mipi_dphy_rx_ph1p_mipiio_wrapper/u_ph1p_mipiio_rx_wrapper/u_PH1P_LOGIC_DPHY_MIPI_RX.tif_c16_in    |  8.888ns (112MHz)   |  0      |  0     |  0     |  0     |  0     |  0     |  0    |  0    |  0    |  0   |  0    |  0   |  0
  u_ph1p35_324_ddr_wrapper/u_ddr2/ctl_clk                                                             |  15.000ns (66MHz)   |  0      |  0     |  0     |  0     |  0     |  0     |  0    |  0    |  0    |  0   |  0    |  0   |  0
  u_ph1p35_324_ddr_wrapper/u_ddr2/ddr_clk                                                             |  3.750ns (266MHz)   |  0      |  0     |  0     |  0     |  0     |  0     |  0    |  0    |  0    |  0   |  0    |  0   |  0
  u_ph1p35_324_ddr_wrapper/u_ddr2/mcu_clk                                                             |  39.374ns (25MHz)   |  56     |  15    |  244   |  15    |  0     |  4     |  2    |  3    |  0    |  0   |  0    |  0   |  0
  u_ph1p35_324_ddr_wrapper/u_ddr2/ref_clk                                                             |  15.000ns (66MHz)   |  0      |  0     |  0     |  0     |  0     |  0     |  0    |  0    |  0    |  0   |  0    |  0   |  0
  u_ph1p35_324_ddr_wrapper/u_ddr2/usr_clk                                                             |  15.000ns (66MHz)   |  2706   |  1647  |  758   |  913   |  708   |  475   |  187  |  48   |  237  |  32  |  107  |  2   |  0
  Total                                                                                               |  NA                 |  10550  |  4823  |  1844  |  2914  |  2210  |  1021  |  428  |  106  |  288  |  32  |  152  |  2   |  24
----------------------------------------------------------------------------------------------------------------------------------------------------------------------------------------------------------------------------------------
Note: The table count the worst 100000 paths, each endpoint count only one time.(24394 paths analyzed)

Hierarchical Rent Exponent Report
+---------------------------------------------------------------------------------------------+
|Inst                       |Model                     |Rent     |Cell     |Pin     |Term     |
+---------------------------------------------------------------------------------------------+
|top                        |design_top_wrapper        |0.18     |39311    |172233  |30       |
|  u_hdmi_tx                |hdmi_tx_5                 |0.48     |2297     |8237    |145      |
|  u_ph1p35_324_ddr_wrapper |ph1p35_324_ddr_wrapper_12 |0.47     |9986     |44992   |332      |
|  u_hdmi_mixer             |hdmi_mixer_4              |0.41     |3396     |20363   |171      |
|  u_isp_top                |isp_top_8                 |0.39     |19015    |83189   |202      |
+---------------------------------------------------------------------------------------------+
Note: Cell represents total number of cells inside module; Pin represents total number of pins
      which have net connection inside module; Term represents total number of PIs and POs of module.
      Rent represents the relationship between number of terms and number of cells in module.
      A module with higher rent corresponds to highly connected logic and strong connectivity with others.
Report gate stage QoR done.

SYN-1001 : The design has 611 dangling syn_keep insts.
RUN-1003 : finish command "report_qor -step gate -file gate.qor" in  4.571694s wall, 4.015625s user + 0.062500s system = 4.078125s CPU (89.2%)

RUN-1004 : used memory is 1215 MB, reserved memory is 1206 MB, peak memory is 1215 MB
RUN-1002 : start command "report_area -file traffic_sign_td_gate.area"
SYN-4034 : The count of slices with lut is 400.
SYN-4035 : The count of slices with lut+ripple is 3419.
RUN-1001 : standard
***Report Model: design_top_wrapper Device: PH1P35MDG324***

Design Statistics
#IO                        58   out of    160   36.25%
  #input                    2
  #output                  31
  #inout                   25
#lut                    18310
  #lut1                   119
  #lut2                  1984
  #lut3                  4578
  #lut4                  1619
  #lut5                  1726
  #lut6                  8284
#reg                    14926
  #slice reg            14926   out of  42432   35.18%
  #pad reg                  0

Utilization Statistics
#slice*                 15001   out of  21216   70.71%
  #used ram               728
    #dram lut             616
    #shifter lut          112
  #used logic           14273
    #with luts*          9872
    #with adder          3419
    #reg only*            982
#f7mux                      0   out of  10608    0.00%
#f8mux                      0   out of   5304    0.00%
#eram                      30   out of    108   27.78%
  #eram20k                 30
  #fifo20k                  0
#dsp                       21   out of     40   52.50%
#ddr_byte                   6   out of     12   50.00%
#mipi_tx                    0   out of      2    0.00%
#mipi_rx                    1   out of      2   50.00%
#pad                       17   out of    160   10.62%
#pll                        3   out of      6   50.00%
#gclk                       3   out of     32    9.38%
#lclk                       0   out of     12    0.00%
#sclk                       0   out of     48    0.00%
#mlclk                      2   out of      6   33.33%
#ioclk                      4   out of     18   22.22%

* Note! The LUT and Slice count after Optimize-Gate is not the final value, Run Optimize-place for a more realistic count.

SYN-1001 : End Stage 2 | Optimize Gate; Time: 97.008112s wall, 92.656250s user + 2.125000s system = 94.781250s CPU (97.7%); Memory(MB): used = 1215, reserved = 1206, peak = 1215;

RUN-1003 : finish command "optimize_gate -packarea traffic_sign_td_gate.area" in  97.015493s wall, 92.656250s user + 2.125000s system = 94.781250s CPU (97.7%)

RUN-1004 : used memory is 1215 MB, reserved memory is 1206 MB, peak memory is 1215 MB
RUN-1002 : start command "legalize_phy_inst"
SYN-1001 : Stage 3 | Legalize Phy Inst
SYN-1011 : Flatten model design_top_wrapper
SYN-1001 : ADC: Instance "u_ph1p35_324_ddr_wrapper/u_ddr2/ph1p_ddrmc_wrapper/ph1p_ddrmc_top/u_ddr_phy/u_ddrphy_top/u_ddrphy/ac_byte[0]$ac_byte_used$u_ddrphy_ac_byte_wrapper/u_ddrphy_byte" LOCATION="X0Y70Z0"
SYN-1001 : ADC: Instance "u_ph1p35_324_ddr_wrapper/u_ddr2/ph1p_ddrmc_wrapper/ph1p_ddrmc_top/u_ddr_phy/u_ddrphy_top/u_ddrphy/ac_byte[1]$ac_byte_used$u_ddrphy_ac_byte_wrapper/u_ddrphy_byte" LOCATION="X0Y60Z0"
SYN-1001 : ADC: Instance "u_ph1p35_324_ddr_wrapper/u_ddr2/ph1p_ddrmc_wrapper/ph1p_ddrmc_top/u_ddr_phy/u_ddrphy_top/u_ddrphy/ac_byte[2]$ac_byte_used$u_ddrphy_ac_byte_wrapper/u_ddrphy_byte" LOCATION="X0Y50Z0"
SYN-1001 : ADC: Instance "u_ph1p35_324_ddr_wrapper/u_ddr2/ph1p_ddrmc_wrapper/ph1p_ddrmc_top/u_ddr_phy/u_ddrphy_top/u_ddrphy/ac_byte[3]$ac_byte_used$u_ddrphy_ac_byte_wrapper/u_ddrphy_byte" LOCATION="X0Y40Z0"
SYN-1001 : ADC: Instance "u_ph1p35_324_ddr_wrapper/u_ddr2/ph1p_ddrmc_wrapper/ph1p_ddrmc_top/u_ddr_phy/u_ddrphy_top/u_ddrphy/bkref[0]$u_ddrphy_bankref" LOCATION="X0Y19Z0"
SYN-1001 : ADC: Instance "u_ph1p35_324_ddr_wrapper/u_ddr2/ph1p_ddrmc_wrapper/ph1p_ddrmc_top/u_ddr_phy/u_ddrphy_top/u_ddrphy/bkref[1]$u_ddrphy_bankref" LOCATION="X0Y59Z0"
SYN-1001 : ADC: Instance "u_ph1p35_324_ddr_wrapper/u_ddr2/ph1p_ddrmc_wrapper/ph1p_ddrmc_top/u_ddr_phy/u_ddrphy_top/u_ddrphy/dx_byte[0]$dx_byte_used$u_ddrphy_dx_byte_wrapper/u_ddrphy_byte" LOCATION="X0Y30Z0"
SYN-1001 : ADC: Instance "u_ph1p35_324_ddr_wrapper/u_ddr2/ph1p_ddrmc_wrapper/ph1p_ddrmc_top/u_ddr_phy/u_ddrphy_top/u_ddrphy/dx_byte[1]$dx_byte_used$u_ddrphy_dx_byte_wrapper/u_ddrphy_byte" LOCATION="X0Y10Z0"
SYN-1001 : ADC: Instance "u_ph1p35_324_ddr_wrapper/u_ddr2/ph1p_ddrmc_wrapper/ph1p_ddrmc_top/u_ddr_phy/u_ddrphy_top/u_ddrphy_clk/ioclk[0]$u_ioclk_0" LOCATION="X0Y59Z0"
SYN-1001 : ADC: Instance "u_ph1p35_324_ddr_wrapper/u_ddr2/ph1p_ddrmc_wrapper/ph1p_ddrmc_top/u_ddr_phy/u_ddrphy_top/u_ddrphy_clk/ioclk[0]$u_ioclk_1" LOCATION="X0Y59Z1"
SYN-1001 : ADC: Instance "u_ph1p35_324_ddr_wrapper/u_ddr2/ph1p_ddrmc_wrapper/ph1p_ddrmc_top/u_ddr_phy/u_ddrphy_top/u_ddrphy_clk/ioclk[1]$u_ioclk_0" LOCATION="X0Y19Z0"
SYN-1001 : ADC: Instance "u_ph1p35_324_ddr_wrapper/u_ddr2/ph1p_ddrmc_wrapper/ph1p_ddrmc_top/u_ddr_phy/u_ddrphy_top/u_ddrphy_clk/ioclk[1]$u_ioclk_1" LOCATION="X0Y19Z1"
SYN-1001 : ADC: Instance "u_ph1p35_324_ddr_wrapper/u_ddr2/ph1p_ddrmc_wrapper/ph1p_ddrmc_top/u_ddr_phy/u_ddrphy_top/u_ddrphy_clk/u_mlclk_1" LOCATION="X0Y59Z0"
SYN-1001 : ADC: Instance "u_ph1p35_324_ddr_wrapper/u_ddr2/ph1p_ddrmc_wrapper/ph1p_ddrmc_top/u_ddr_phy/u_ddrphy_top/u_ddrphy_clk/u_mlclk_2" LOCATION="X0Y59Z1"
SYN-1001 : ADC: Instance "u_ph1p35_324_ddr_wrapper/u_ddr2/ph1p_ddrmc_wrapper/ph1p_ddrmc_top/u_ddr_phy/u_ddrphy_top/u_ddrphy_clk/u_pll0/u_pll_inst" LOCATION="X0Y40Z0"
SYN-1001 : ADC: Instance "u_ph1p35_324_ddr_wrapper/u_ddr2/ph1p_ddrmc_wrapper/ph1p_ddrmc_top/u_ddr_phy/u_ddrphy_top/u_ddrphy_clk/u_pll1/u_pll_inst" LOCATION="X0Y79Z0"
SYN-1001 : End Stage 3 | Legalize Phy Inst; Time: 0.140696s wall, 0.125000s user + 0.000000s system = 0.125000s CPU (88.8%); Memory(MB): used = 1215, reserved = 1206, peak = 1215;

RUN-1002 : start command "update_timing"
RUN-1002 : start command "start_timer"
RUN-1003 : finish command "start_timer" in  1.261647s wall, 1.171875s user + 0.000000s system = 1.171875s CPU (92.9%)

RUN-1004 : used memory is 1215 MB, reserved memory is 1206 MB, peak memory is 1215 MB
RUN-1003 : finish command "update_timing" in  2.195912s wall, 1.953125s user + 0.000000s system = 1.953125s CPU (88.9%)

RUN-1004 : used memory is 1215 MB, reserved memory is 1206 MB, peak memory is 1215 MB
RUN-1002 : start command "report_timing_status -file traffic_sign_td_gate.ts"
RUN-1002 : start command "report_timing_summary -file traffic_sign_td_gate.timing"
RUN-1002 : start command "flow_status -file flow.status"
Location         : D:\anlu\rtl\traffic_sign_td\td_project\traffic_sign_td_Runs\syn_2
Running with     : Tang Dynasty v6.2.168116
                   Copyright (c) 2012-2025 Anlogic Inc.
Top Model        : design_top_wrapper
Device           : PH1P35MDG324
Speed            : 3

Timing Mode      : basic
Setup            : WNS   -74ps  TNS    -2960ps  NUM_FEPS    40
Hold             : WNS   114ps  TNS        0ps  NUM_FEPS     0

Flow Statistics  :
RUN-1001 : Flow Statistics:
RUN-1001 : ---------------------------------------------------------------------------------------------------
RUN-1001 :      command     |  #calls  |  wall time   |  cpu time(s)  |  used memory(mb)  |  peak memory(mb)  
RUN-1001 : ---------------------------------------------------------------------------------------------------
RUN-1001 :   optimize_rtl   |    1     |  2m14s(57%)  |   131(57%)    |       1025        |       1078        
RUN-1001 :   optimize_gate  |    1     |  1m37s(41%)  |    94(41%)    |       1215        |       1215        
RUN-1001 :   import_device  |    1     |    1s(0%)    |     1(0%)     |        324        |        324        
RUN-1001 :     read_adc     |    1     |    0s(0%)    |     0(0%)     |        850        |        851        
RUN-1001 :     read_sdc     |    3     |    0s(0%)    |     0(0%)     |        845        |        851        
RUN-1001 : ---------------------------------------------------------------------------------------------------
RUN-1001 :       total      |    7     |    3m52s     |      226      |       1215        |       1215        
RUN-1001 : ---------------------------------------------------------------------------------------------------
RUN-1002 : start command "export_db traffic_sign_td_gate.db"
RUN-1001 : Exported flow parameters
RUN-1001 : Exported /
RUN-1001 : Exported libs
RUN-1001 : Exported entities
RUN-1001 : Exported ports
RUN-1001 : Exported pins
RUN-1001 : Exported instances
RUN-1001 : Exported nets
RUN-1001 : Exported buses
RUN-1001 : Exported models
RUN-1001 : Exported packer
RUN-1001 : Exported congestions
RUN-1001 : Exported violations
RUN-1001 : Exported ATMR Setting
RUN-1001 : Exported timing constraints
RUN-1001 : Exported IO constraints
RUN-1001 : Exported Inst constraints
RUN-1001 : Exported ChipWatcher
RUN-1002 : start command "commit_param -step place"
RUN-1001 : Print Global Property
RUN-1001 : -------------------------------------------------------------
RUN-1001 :     Parameters    |   Settings   |  Default Values  |  Note  
RUN-1001 : -------------------------------------------------------------
RUN-1001 :    enable_seed    |     off      |       off        |        
RUN-1001 :    hfn_to_clock   |  1000000000  |    1000000000    |        
RUN-1001 :      message      |   standard   |     standard     |        
RUN-1001 :    qor_monitor    |      on      |        on        |        
RUN-1001 :   speedup_effort  |      0       |        0         |        
RUN-1001 :    syn_ip_flow    |     off      |       off        |        
RUN-1001 :       thread      |     auto     |       auto       |        
RUN-1001 : -------------------------------------------------------------
RUN-1001 : Print Place Property
RUN-1001 : ---------------------------------------------------------------
RUN-1001 :       Parameters      |  Settings  |  Default Values  |  Note  
RUN-1001 : ---------------------------------------------------------------
RUN-1001 :         effort        |   medium   |      medium      |        
RUN-1001 :     hfn_opt_effort    |   medium   |      medium      |        
RUN-1001 :    logic_level_opt    |    off     |       off        |        
RUN-1001 :   macro_performance   |    auto    |       auto       |        
RUN-1001 :       max_fanout      |   999999   |      999999      |        
RUN-1001 :       opt_timing      |   medium   |      medium      |        
RUN-1001 :     post_place_opt    |    auto    |       auto       |        
RUN-1001 :      pr_strategy      |     1      |        1         |        
RUN-1001 :   preplace_floorplan  |    off     |       off        |        
RUN-1001 : ---------------------------------------------------------------
RUN-1002 : start command "insert_debugger"
RUN-1002 : start command "place"
RUN-1001 : Open license file D:/Anlogic/TD_6.2.1_Engineer_6.2.168.116/license/Anlogic.lic
PHY-3001 : Placer runs in 32 thread(s).
PHY-1001 : Stage 1 | Initialize Design
PHY-1001 : Stage 1.1 | Build Design
PHY-1001 : 13156 luts, 14926 seqs, 728 mslices, 3819 lslices, 54 pads, 30 brams, 21 dsps
RUN-1002 : start command "legalize_phy_inst"
SYN-1011 : Flatten model design_top_wrapper
SYN-1001 : ADC: Instance "u_ph1p35_324_ddr_wrapper/u_ddr2/ph1p_ddrmc_wrapper/ph1p_ddrmc_top/u_ddr_phy/u_ddrphy_top/u_ddrphy/ac_byte[0]$ac_byte_used$u_ddrphy_ac_byte_wrapper/u_ddrphy_byte" LOCATION="X0Y70Z0"
SYN-1001 : ADC: Instance "u_ph1p35_324_ddr_wrapper/u_ddr2/ph1p_ddrmc_wrapper/ph1p_ddrmc_top/u_ddr_phy/u_ddrphy_top/u_ddrphy/ac_byte[1]$ac_byte_used$u_ddrphy_ac_byte_wrapper/u_ddrphy_byte" LOCATION="X0Y60Z0"
SYN-1001 : ADC: Instance "u_ph1p35_324_ddr_wrapper/u_ddr2/ph1p_ddrmc_wrapper/ph1p_ddrmc_top/u_ddr_phy/u_ddrphy_top/u_ddrphy/ac_byte[2]$ac_byte_used$u_ddrphy_ac_byte_wrapper/u_ddrphy_byte" LOCATION="X0Y50Z0"
SYN-1001 : ADC: Instance "u_ph1p35_324_ddr_wrapper/u_ddr2/ph1p_ddrmc_wrapper/ph1p_ddrmc_top/u_ddr_phy/u_ddrphy_top/u_ddrphy/ac_byte[3]$ac_byte_used$u_ddrphy_ac_byte_wrapper/u_ddrphy_byte" LOCATION="X0Y40Z0"
SYN-1001 : ADC: Instance "u_ph1p35_324_ddr_wrapper/u_ddr2/ph1p_ddrmc_wrapper/ph1p_ddrmc_top/u_ddr_phy/u_ddrphy_top/u_ddrphy/bkref[0]$u_ddrphy_bankref" LOCATION="X0Y19Z0"
SYN-1001 : ADC: Instance "u_ph1p35_324_ddr_wrapper/u_ddr2/ph1p_ddrmc_wrapper/ph1p_ddrmc_top/u_ddr_phy/u_ddrphy_top/u_ddrphy/bkref[1]$u_ddrphy_bankref" LOCATION="X0Y59Z0"
SYN-1001 : ADC: Instance "u_ph1p35_324_ddr_wrapper/u_ddr2/ph1p_ddrmc_wrapper/ph1p_ddrmc_top/u_ddr_phy/u_ddrphy_top/u_ddrphy/dx_byte[0]$dx_byte_used$u_ddrphy_dx_byte_wrapper/u_ddrphy_byte" LOCATION="X0Y30Z0"
SYN-1001 : ADC: Instance "u_ph1p35_324_ddr_wrapper/u_ddr2/ph1p_ddrmc_wrapper/ph1p_ddrmc_top/u_ddr_phy/u_ddrphy_top/u_ddrphy/dx_byte[1]$dx_byte_used$u_ddrphy_dx_byte_wrapper/u_ddrphy_byte" LOCATION="X0Y10Z0"
SYN-1001 : ADC: Instance "u_ph1p35_324_ddr_wrapper/u_ddr2/ph1p_ddrmc_wrapper/ph1p_ddrmc_top/u_ddr_phy/u_ddrphy_top/u_ddrphy_clk/ioclk[0]$u_ioclk_0" LOCATION="X0Y59Z0"
SYN-1001 : ADC: Instance "u_ph1p35_324_ddr_wrapper/u_ddr2/ph1p_ddrmc_wrapper/ph1p_ddrmc_top/u_ddr_phy/u_ddrphy_top/u_ddrphy_clk/ioclk[0]$u_ioclk_1" LOCATION="X0Y59Z1"
SYN-1001 : ADC: Instance "u_ph1p35_324_ddr_wrapper/u_ddr2/ph1p_ddrmc_wrapper/ph1p_ddrmc_top/u_ddr_phy/u_ddrphy_top/u_ddrphy_clk/ioclk[1]$u_ioclk_0" LOCATION="X0Y19Z0"
SYN-1001 : ADC: Instance "u_ph1p35_324_ddr_wrapper/u_ddr2/ph1p_ddrmc_wrapper/ph1p_ddrmc_top/u_ddr_phy/u_ddrphy_top/u_ddrphy_clk/ioclk[1]$u_ioclk_1" LOCATION="X0Y19Z1"
SYN-1001 : ADC: Instance "u_ph1p35_324_ddr_wrapper/u_ddr2/ph1p_ddrmc_wrapper/ph1p_ddrmc_top/u_ddr_phy/u_ddrphy_top/u_ddrphy_clk/u_mlclk_1" LOCATION="X0Y59Z0"
SYN-1001 : ADC: Instance "u_ph1p35_324_ddr_wrapper/u_ddr2/ph1p_ddrmc_wrapper/ph1p_ddrmc_top/u_ddr_phy/u_ddrphy_top/u_ddrphy_clk/u_mlclk_2" LOCATION="X0Y59Z1"
SYN-1001 : ADC: Instance "u_ph1p35_324_ddr_wrapper/u_ddr2/ph1p_ddrmc_wrapper/ph1p_ddrmc_top/u_ddr_phy/u_ddrphy_top/u_ddrphy_clk/u_pll0/u_pll_inst" LOCATION="X0Y40Z0"
SYN-1001 : ADC: Instance "u_ph1p35_324_ddr_wrapper/u_ddr2/ph1p_ddrmc_wrapper/ph1p_ddrmc_top/u_ddr_phy/u_ddrphy_top/u_ddrphy_clk/u_pll1/u_pll_inst" LOCATION="X0Y79Z0"
PHY-1001 : Remove keep and sweep redundant instances ...
PHY-1001 : 12844 luts, 14584 seqs, 728 mslices, 3788 lslices, 54 pads, 30 brams, 21 dsps
PHY-1001 : End Stage 1.1 | Build Design; Time: 0.330840s wall, 0.265625s user + 0.000000s system = 0.265625s CPU (80.3%); Memory(MB): used = 1236, reserved = 1342, peak = 1236;

PHY-1001 : Stage 1.2 | Optimize Design
OPT-1001 : Stage 1.2.1 | Simplify Lut
OPT-1001 : End Stage 1.2.1 | Simplify Lut; Time: 0.057878s wall, 0.046875s user + 0.000000s system = 0.046875s CPU (81.0%); Memory(MB): used = 1237, reserved = 1342, peak = 1237;

OPT-1001 : Stage 1.2.2 | Sweep
OPT-1001 : End Stage 1.2.2 | Sweep; Time: 0.024273s wall, 0.031250s user + 0.000000s system = 0.031250s CPU (128.7%); Memory(MB): used = 1237, reserved = 1342, peak = 1237;

OPT-1001 : Stage 1.2.3 | Merge Lut
OPT-1001 : Start remap optimization ...
RUN-1001 :   Added 0 lut1 for undup drivers
OPT-1001 : skip lut merge since lut number 12842 is similar to or less than reg number 14584
OPT-1001 : End Stage 1.2.3 | Merge Lut; Time: 0.026796s wall, 0.015625s user + 0.000000s system = 0.015625s CPU (58.3%); Memory(MB): used = 1237, reserved = 1342, peak = 1237;

OPT-1001 : Stage 1.2.4 | Synthesize High-fanout Net
OPT-1001 : Start high-fanout net optimization in pre-place flow with medium effort ...
RUN-1001 : HFN opt statistic
RUN-1001 : ------------------------------------------------------
RUN-1001 :   DriverCell type  |  HFN count  |  Duplicated count  
RUN-1001 : ------------------------------------------------------
RUN-1001 :       LSLICE       |      0      |         0          
RUN-1001 :       MSLICE       |      0      |         0          
RUN-1001 :        TOTAL       |      0      |         0          
RUN-1001 : ------------------------------------------------------
OPT-1001 : End high-fanout net optimization;  0.000048s wall, 0.000000s user + 0.000000s system = 0.000000s CPU (n/a%)

OPT-1001 : Current memory(MB): used = 1237, reserved = 1342, peak = 1237.
OPT-1001 : End Stage 1.2.4 | Synthesize High-fanout Net; Time: 0.000090s wall, 0.000000s user + 0.000000s system = 0.000000s CPU (n/a%); Memory(MB): used = 1237, reserved = 1342, peak = 1237;

OPT-1001 : End physical optimization;  0.109195s wall, 0.093750s user + 0.000000s system = 0.093750s CPU (85.9%)

PHY-1001 : End Stage 1.2 | Optimize Design; Time: 0.109246s wall, 0.093750s user + 0.000000s system = 0.093750s CPU (85.8%); Memory(MB): used = 1237, reserved = 1342, peak = 1237;

PHY-1001 : Stage 1.3 | Initialize Clock
PHY-1001 : Start to synthesize physical clock networks.
RUN-1002 : start command "start_timer"
RUN-1003 : finish command "start_timer" in  1.171931s wall, 1.046875s user + 0.000000s system = 1.046875s CPU (89.3%)

RUN-1004 : used memory is 1237 MB, reserved memory is 1342 MB, peak memory is 1237 MB
PHY-5060 CRITICAL-WARNING: Clock net candidate u_uicfgcs500/uii2c_inst/scl_clk has mixed fanouts of 1 clock pins; 2 data/ctrl pins. Please check connection of the net in design.
PHY-5060 CRITICAL-WARNING: Clock net candidate O_cam_24m_syn_3 has mixed fanouts of 83 clock pins; 1 data/ctrl pins. Please check connection of the net in design.
PHY-1001 : Populate physical database on model design_top_wrapper.
RUN-1001 : There are total 32197 instances
RUN-0007 : 12842 luts, 14584 seqs, 728 mslices, 3788 lslices, 54 pads, 30 brams, 21 dsps
RUN-1001 : There are total 44919 nets
RUN-1001 : 30913 nets have 2 pins
RUN-1001 : 10753 nets have [3 - 5] pins
RUN-1001 : 2417 nets have [6 - 10] pins
RUN-1001 : 466 nets have [11 - 20] pins
RUN-1001 : 292 nets have [21 - 99] pins
RUN-1001 : 78 nets have 100+ pins
PHY-1001 : Start to check user instance location assignments; please refer to ADC constraint.
PHY-1001 : End Stage 1.3 | Initialize Clock; Time: 2.257528s wall, 2.000000s user + 0.046875s system = 2.046875s CPU (90.7%); Memory(MB): used = 1237, reserved = 1342, peak = 1237;

PHY-1001 : End Stage 1 | Initialize Design; Time: 2.741181s wall, 2.390625s user + 0.046875s system = 2.437500s CPU (88.9%); Memory(MB): used = 1237, reserved = 1342, peak = 1237;

PHY-1001 : Stage 2 | Global Placement
RUN-1001 : Report Control nets information:
RUN-1001 : DFF Distribution
RUN-1001 : -------------------------------------
RUN-1001 :   CE   |  SSR  |  ASR  |  DFF Count  
RUN-1001 : -------------------------------------
RUN-1001 :   No   |  No   |  No   |    6686     
RUN-1001 :   No   |  No   |  Yes  |    4615     
RUN-1001 :   No   |  Yes  |  No   |     217     
RUN-1001 :   Yes  |  No   |  No   |     424     
RUN-1001 :   Yes  |  No   |  Yes  |    2720     
RUN-1001 :   Yes  |  Yes  |  No   |     146     
RUN-1001 : -------------------------------------
RUN-1001 : Control Group Statistic
RUN-1001 : -----------------------------
RUN-1001 :   #CLK  |  #CE  |  #SSR/ASR  
RUN-1001 : -----------------------------
RUN-1001 :    9    |  127  |     26     
RUN-1001 : -----------------------------
RUN-0007 : Control Set = 163
PHY-1001 : Stage 2.1 | Place Fixed Instances
PHY-1001 : Processing 2 clock pins of DDR instance u_ph1p35_324_ddr_wrapper/u_ddr2/ph1p_ddrmc_wrapper/ph1p_ddrmc_top/u_ddr_phy/u_ddrphy_top/u_ddrphy/ac_byte[0]$ac_byte_used$u_ddrphy_ac_byte_wrapper/u_ddrphy_byte, location = x0y70z0.
PHY-1001 :   User location X0Y59Z1 of ioclk instance u_ph1p35_324_ddr_wrapper/u_ddr2/ph1p_ddrmc_wrapper/ph1p_ddrmc_top/u_ddr_phy/u_ddrphy_top/u_ddrphy_clk/ioclk[0]$u_ioclk_1.
PHY-1001 :   Placement of ioclk instance u_ph1p35_324_ddr_wrapper/u_ddr2/ph1p_ddrmc_wrapper/ph1p_ddrmc_top/u_ddr_phy/u_ddrphy_top/u_ddrphy_clk/ioclk[0]$u_ioclk_1; location = x0y59z1.
PHY-1001 :   User location X0Y59Z0 of ioclk instance u_ph1p35_324_ddr_wrapper/u_ddr2/ph1p_ddrmc_wrapper/ph1p_ddrmc_top/u_ddr_phy/u_ddrphy_top/u_ddrphy_clk/ioclk[0]$u_ioclk_0.
PHY-1001 :   Placement of ioclk instance u_ph1p35_324_ddr_wrapper/u_ddr2/ph1p_ddrmc_wrapper/ph1p_ddrmc_top/u_ddr_phy/u_ddrphy_top/u_ddrphy_clk/ioclk[0]$u_ioclk_0; location = x0y59z0.
PHY-1001 : Processing 2 clock pins of DDR instance u_ph1p35_324_ddr_wrapper/u_ddr2/ph1p_ddrmc_wrapper/ph1p_ddrmc_top/u_ddr_phy/u_ddrphy_top/u_ddrphy/ac_byte[1]$ac_byte_used$u_ddrphy_ac_byte_wrapper/u_ddrphy_byte, location = x0y60z0.
PHY-1001 :   Placed ioclk instance u_ph1p35_324_ddr_wrapper/u_ddr2/ph1p_ddrmc_wrapper/ph1p_ddrmc_top/u_ddr_phy/u_ddrphy_top/u_ddrphy_clk/ioclk[0]$u_ioclk_1, location = x0y59z1.
PHY-1001 :   Placed ioclk instance u_ph1p35_324_ddr_wrapper/u_ddr2/ph1p_ddrmc_wrapper/ph1p_ddrmc_top/u_ddr_phy/u_ddrphy_top/u_ddrphy_clk/ioclk[0]$u_ioclk_0, location = x0y59z0.
PHY-1001 : Processing 2 clock pins of DDR instance u_ph1p35_324_ddr_wrapper/u_ddr2/ph1p_ddrmc_wrapper/ph1p_ddrmc_top/u_ddr_phy/u_ddrphy_top/u_ddrphy/ac_byte[2]$ac_byte_used$u_ddrphy_ac_byte_wrapper/u_ddrphy_byte, location = x0y50z0.
PHY-1001 :   Placed ioclk instance u_ph1p35_324_ddr_wrapper/u_ddr2/ph1p_ddrmc_wrapper/ph1p_ddrmc_top/u_ddr_phy/u_ddrphy_top/u_ddrphy_clk/ioclk[0]$u_ioclk_1, location = x0y59z1.
PHY-1001 :   Placed ioclk instance u_ph1p35_324_ddr_wrapper/u_ddr2/ph1p_ddrmc_wrapper/ph1p_ddrmc_top/u_ddr_phy/u_ddrphy_top/u_ddrphy_clk/ioclk[0]$u_ioclk_0, location = x0y59z0.
PHY-1001 : Processing 2 clock pins of DDR instance u_ph1p35_324_ddr_wrapper/u_ddr2/ph1p_ddrmc_wrapper/ph1p_ddrmc_top/u_ddr_phy/u_ddrphy_top/u_ddrphy/ac_byte[3]$ac_byte_used$u_ddrphy_ac_byte_wrapper/u_ddrphy_byte, location = x0y40z0.
PHY-1001 :   Placed ioclk instance u_ph1p35_324_ddr_wrapper/u_ddr2/ph1p_ddrmc_wrapper/ph1p_ddrmc_top/u_ddr_phy/u_ddrphy_top/u_ddrphy_clk/ioclk[0]$u_ioclk_1, location = x0y59z1.
PHY-1001 :   Placed ioclk instance u_ph1p35_324_ddr_wrapper/u_ddr2/ph1p_ddrmc_wrapper/ph1p_ddrmc_top/u_ddr_phy/u_ddrphy_top/u_ddrphy_clk/ioclk[0]$u_ioclk_0, location = x0y59z0.
PHY-1001 : Processing 2 clock pins of DDR instance u_ph1p35_324_ddr_wrapper/u_ddr2/ph1p_ddrmc_wrapper/ph1p_ddrmc_top/u_ddr_phy/u_ddrphy_top/u_ddrphy/dx_byte[0]$dx_byte_used$u_ddrphy_dx_byte_wrapper/u_ddrphy_byte, location = x0y30z0.
PHY-1001 :   User location X0Y19Z1 of ioclk instance u_ph1p35_324_ddr_wrapper/u_ddr2/ph1p_ddrmc_wrapper/ph1p_ddrmc_top/u_ddr_phy/u_ddrphy_top/u_ddrphy_clk/ioclk[1]$u_ioclk_1.
PHY-1001 :   Placement of ioclk instance u_ph1p35_324_ddr_wrapper/u_ddr2/ph1p_ddrmc_wrapper/ph1p_ddrmc_top/u_ddr_phy/u_ddrphy_top/u_ddrphy_clk/ioclk[1]$u_ioclk_1; location = x0y19z1.
PHY-1001 :   User location X0Y19Z0 of ioclk instance u_ph1p35_324_ddr_wrapper/u_ddr2/ph1p_ddrmc_wrapper/ph1p_ddrmc_top/u_ddr_phy/u_ddrphy_top/u_ddrphy_clk/ioclk[1]$u_ioclk_0.
PHY-1001 :   Placement of ioclk instance u_ph1p35_324_ddr_wrapper/u_ddr2/ph1p_ddrmc_wrapper/ph1p_ddrmc_top/u_ddr_phy/u_ddrphy_top/u_ddrphy_clk/ioclk[1]$u_ioclk_0; location = x0y19z0.
PHY-1001 : Processing 2 clock pins of DDR instance u_ph1p35_324_ddr_wrapper/u_ddr2/ph1p_ddrmc_wrapper/ph1p_ddrmc_top/u_ddr_phy/u_ddrphy_top/u_ddrphy/dx_byte[1]$dx_byte_used$u_ddrphy_dx_byte_wrapper/u_ddrphy_byte, location = x0y10z0.
PHY-1001 :   Placed ioclk instance u_ph1p35_324_ddr_wrapper/u_ddr2/ph1p_ddrmc_wrapper/ph1p_ddrmc_top/u_ddr_phy/u_ddrphy_top/u_ddrphy_clk/ioclk[1]$u_ioclk_1, location = x0y19z1.
PHY-1001 :   Placed ioclk instance u_ph1p35_324_ddr_wrapper/u_ddr2/ph1p_ddrmc_wrapper/ph1p_ddrmc_top/u_ddr_phy/u_ddrphy_top/u_ddrphy_clk/ioclk[1]$u_ioclk_0, location = x0y19z0.
PHY-1001 : DDR MLCLK topology u_ph1p35_324_ddr_wrapper/u_ddr2/ph1p_ddrmc_wrapper/ph1p_ddrmc_top/u_ddr_phy/u_ddrphy_top/u_ddrphy_clk/u_mlclk_1.
PHY-1001 :   Driver: PH1P_PHY_PLL_V2 u_ph1p35_324_ddr_wrapper/u_ddr2/ph1p_ddrmc_wrapper/ph1p_ddrmc_top/u_ddr_phy/u_ddrphy_top/u_ddrphy_clk/u_pll0/u_pll_inst.clkc[1], user location :X0Y40Z0.
PHY-1001 :   Sink: PH1P_PHY_IOCLK u_ph1p35_324_ddr_wrapper/u_ddr2/ph1p_ddrmc_wrapper/ph1p_ddrmc_top/u_ddr_phy/u_ddrphy_top/u_ddrphy_clk/ioclk[0]$u_ioclk_0, location = x0y59z0, sectorID = 1.
PHY-1001 :   Sink: PH1P_PHY_IOCLK u_ph1p35_324_ddr_wrapper/u_ddr2/ph1p_ddrmc_wrapper/ph1p_ddrmc_top/u_ddr_phy/u_ddrphy_top/u_ddrphy_clk/ioclk[1]$u_ioclk_0, location = x0y19z0, sectorID = 0.
PHY-1001 : Placement of MLCLK instance u_ph1p35_324_ddr_wrapper/u_ddr2/ph1p_ddrmc_wrapper/ph1p_ddrmc_top/u_ddr_phy/u_ddrphy_top/u_ddrphy_clk/u_mlclk_1; location = x0y59z0,  sectorID = 1.
PHY-1001 : DDR MLCLK topology u_ph1p35_324_ddr_wrapper/u_ddr2/ph1p_ddrmc_wrapper/ph1p_ddrmc_top/u_ddr_phy/u_ddrphy_top/u_ddrphy_clk/u_mlclk_2.
PHY-1001 :   Driver: PH1P_PHY_PLL_V2 u_ph1p35_324_ddr_wrapper/u_ddr2/ph1p_ddrmc_wrapper/ph1p_ddrmc_top/u_ddr_phy/u_ddrphy_top/u_ddrphy_clk/u_pll0/u_pll_inst.clkc[2], user location :X0Y40Z0.
PHY-1001 :   Sink: PH1P_PHY_IOCLK u_ph1p35_324_ddr_wrapper/u_ddr2/ph1p_ddrmc_wrapper/ph1p_ddrmc_top/u_ddr_phy/u_ddrphy_top/u_ddrphy_clk/ioclk[0]$u_ioclk_1, location = x0y59z1, sectorID = 1.
PHY-1001 :   Sink: PH1P_PHY_IOCLK u_ph1p35_324_ddr_wrapper/u_ddr2/ph1p_ddrmc_wrapper/ph1p_ddrmc_top/u_ddr_phy/u_ddrphy_top/u_ddrphy_clk/ioclk[1]$u_ioclk_1, location = x0y19z1, sectorID = 0.
PHY-1001 : Placement of MLCLK instance u_ph1p35_324_ddr_wrapper/u_ddr2/ph1p_ddrmc_wrapper/ph1p_ddrmc_top/u_ddr_phy/u_ddrphy_top/u_ddrphy_clk/u_mlclk_2; location = x0y59z1,  sectorID = 1.
PHY-5016 WARNING: PLL clkc is driving an IO without location.
PHY-5016 WARNING: PLL clkc is not driving a clock-capable IO.
PHY-5016 WARNING: PLL clkc is driving an IO without location.
PHY-5016 WARNING: PLL clkc is not driving a clock-capable IO.
PHY-1001 : End Stage 2.1 | Place Fixed Instances; Time: 0.061705s wall, 0.062500s user + 0.000000s system = 0.062500s CPU (101.3%); Memory(MB): used = 1241, reserved = 1342, peak = 1241;

PHY-1001 : Stage 2.2 | Pre-Place DRC Check
PHY-1001 : Stage 2.2.1 | Force Route Constraint Check
PHY-1001 : Check Pass.
PHY-1001 : End Stage 2.2.1 | Force Route Constraint Check; Time: 0.003957s wall, 0.000000s user + 0.000000s system = 0.000000s CPU (n/a%); Memory(MB): used = 1241, reserved = 1342, peak = 1241;

PHY-1001 : End Stage 2.2 | Pre-Place DRC Check; Time: 0.004000s wall, 0.015625s user + 0.000000s system = 0.015625s CPU (390.6%); Memory(MB): used = 1241, reserved = 1342, peak = 1241;

PHY-1001 : Clock GCLK Statistics:
RUN-1001 : GCLK Index: 
RUN-1001 : -------------------------------------------------------------------------------------------------------------------------------------------------------
RUN-1001 :   Index  |                                                          Clock GCLK                                                           |  Location   
RUN-1001 : -------------------------------------------------------------------------------------------------------------------------------------------------------
RUN-1001 :     1    |                           u_mipi_dphy_rx_ph1p_mipiio_wrapper/u_ph1p_mipiio_rx_wrapper/bufg_feedback                           |  x23y39z0   
RUN-1001 :     2    |   u_ph1p35_324_ddr_wrapper/u_ddr2/ph1p_ddrmc_wrapper/ph1p_ddrmc_top/u_ddr_phy/u_ddrphy_top/u_ddrphy_clk/u_pll1/u_bufg_fbclk   |  x23y39z16  
RUN-1001 :     3    |                                              u_hdmi_mixer/I_clk_created_gclkinst                                              |  x23y39z17  
RUN-1001 :     4    |                                               I_sys_clk_dup_6_created_gclkinst                                                |  x23y39z22  
RUN-1001 :     5    |                                               O_cam_24m_dup_1_created_gclkinst                                                |  x23y39z18  
RUN-1001 :     6    |                          u_hdmi_tx/u_hdmi2phy_wrapper/u0_lane_lvds_8_1/I_serial_clk_created_gclkinst                          |  x23y39z19  
RUN-1001 :     7    |  u_ph1p35_324_ddr_wrapper/u_ddr2/ph1p_ddrmc_wrapper/ph1p_ddrmc_top/u_ddr_phy/u_ddrphy_top/u_ddrphy/apb_pclk_created_gclkinst  |  x23y39z20  
RUN-1001 :     8    |                                       u_uicfgcs500/uii2c_inst/scl_clk_created_gclkinst                                        |  x23y39z1   
RUN-1001 :     9    |                                                      u_PLL/bufg_feedback                                                      |  x23y39z21  
RUN-1001 : -------------------------------------------------------------------------------------------------------------------------------------------------------
RUN-1001 : Clock Nets Connect To GCLK Statistics: 
RUN-1001 : -----------------------------------------------------------------------------------------------------------------------------------------------------------------------------------------
RUN-1001 :   Index  |                        Leading Net                        |  CLK/DATA/IO/PLL Sink(s)  |                       Following Net                       |  CLK/DATA/IO/PLL Sink(s)  
RUN-1001 : -----------------------------------------------------------------------------------------------------------------------------------------------------------------------------------------
RUN-1001 :     1    | u_mipi_dphy_rx_ph1p_mipiio_wrapper/u_ph1p_mipiio_rx_w...  |          1/0/0/0          | u_isp_top/u_demosaic/raw_matrix_3x3_buffer_d/zhenghe_...  |        9420/0/0/0         
RUN-1001 :     2    | u_ph1p35_324_ddr_wrapper/u_ddr2/ph1p_ddrmc_wrapper/ph...  |          1/0/0/0          | u_ph1p35_324_ddr_wrapper/u_ddr2/ph1p_ddrmc_wrapper/ph...  |        3538/0/0/0         
RUN-1001 :     3    |                    u_hdmi_mixer/I_clk                     |          1/0/0/0          |                u_hdmi_mixer/I_clk_syn_652                 |        1566/0/0/0         
RUN-1001 :     4    |                      I_sys_clk_dup_6                      |          3/0/0/0          |                      I_sys_clk_syn_8                      |         137/0/0/0         
RUN-1001 :     5    |                      O_cam_24m_dup_1                      |          1/0/0/0          |                      O_cam_24m_syn_3                      |         83/1/0/0          
RUN-1001 :     6    | u_hdmi_tx/u_hdmi2phy_wrapper/u0_lane_lvds_8_1/I_seria...  |          1/0/0/0          | u_hdmi_tx/u_hdmi2phy_wrapper/u0_lane_lvds_8_1/I_seria...  |         61/0/0/0          
RUN-1001 :     7    | u_ph1p35_324_ddr_wrapper/u_ddr2/ph1p_ddrmc_wrapper/ph...  |          1/0/0/0          | u_ph1p35_324_ddr_wrapper/u_ddr2/ph1p_ddrmc_wrapper/ph...  |         43/0/0/0          
RUN-1001 :     8    |              u_uicfgcs500/uii2c_inst/scl_clk              |          1/2/0/0          |           u_uicfgcs500/uii2c_inst/scl_clk_syn_9           |         24/0/0/0          
RUN-1001 :     9    |                      u_PLL/clk0_buf                       |          1/0/0/0          | u_mipi_dphy_rx_ph1p_mipiio_wrapper/u_ph1p_mipiio_rx_w...  |         13/0/0/0          
RUN-1001 : -----------------------------------------------------------------------------------------------------------------------------------------------------------------------------------------
PHY-1001 : Stage 2.3 | Global Placement Step 1
PHY-3001 : Target density is 60%
PHY-1001 : Stage 2.3.1 | Update Timing
RUN-1002 : start command "start_timer"
RUN-1003 : finish command "start_timer" in  1.180720s wall, 1.046875s user + 0.000000s system = 1.046875s CPU (88.7%)

RUN-1004 : used memory is 1250 MB, reserved memory is 1343 MB, peak memory is 1250 MB
PHY-1001 : SWNS: -74, STNS: -2960, FEP: 40
PHY-1001 : End Stage 2.3.1 | Update Timing; Time: 2.193992s wall, 2.000000s user + 0.000000s system = 2.000000s CPU (91.2%); Memory(MB): used = 1251, reserved = 1344, peak = 1251;

PHY-0007 : Cell area utilization is 60%
RUN-1001 : Huge Net Statistic
RUN-1001 : ----------------------------------------------------------------------------------------------------------------------------------------------------------------------------------------
RUN-1001 :   Fanout  |  Slack  |                                                                                Net                                                                                
RUN-1001 : ----------------------------------------------------------------------------------------------------------------------------------------------------------------------------------------
RUN-1001 :    3991   |   Inf   |                                                               u_traffic_sign_result_cdc/I_src_rst_n                                                               
RUN-1001 :    1472   |  11982  |                                u_ph1p35_324_ddr_wrapper/u_ddr2/ph1p_ddrmc_wrapper/ph1p_ddrmc_top/u_alc_mc_top/u_rbuf_addr_fifo/rst                                
RUN-1001 :    1089   |   Inf   |  u_ph1p35_324_ddr_wrapper/u_ddr2/ph1p_ddrmc_wrapper/ph1p_ddrmc_top/u_ddr_phy/u_ddrphy_top/u_ddrphy/dx_byte[1]$dx_byte_used$u_ddrphy_dx_byte_wrapper/dx_phy_rst_n  
RUN-1001 : ----------------------------------------------------------------------------------------------------------------------------------------------------------------------------------------
PHY-3001 : Clustering ...
PHY-3001 : End clustering;  0.077119s wall, 0.312500s user + 0.156250s system = 0.468750s CPU (607.8%)

PHY-3001 : Target density is 60%
PHY-1001 : Stage 2.3.2 | GP Iteration
PHY-1001 : End Stage 2.3.2 | GP Iteration; Time: 1.433127s wall, 7.187500s user + 5.875000s system = 13.062500s CPU (911.5%); Memory(MB): used = 1251, reserved = 1344, peak = 1251;

PHY-3001 : Multithread accelerating rate: 8.91
RUN-1002 : start command "start_timer"
USR-1002 : Derived clock:  create_generated_clock -name {u_PLL/ph1p_phy_pll_wrapper_25a56e5ce2f9_Inst/u_PH1P_PHY_PLL.clkc[0]} -source [get_ports {I_sys_clk}] -master_clock {sys_clk_50m} -multiply_by 2.0000 -duty_cycle 50.0000 [get_pins {u_PLL/ph1p_phy_pll_wrapper_25a56e5ce2f9_Inst/u_PH1P_PHY_PLL.clkc[0]}]
USR-1002 : Derived clock:  create_generated_clock -name {u_PLL/ph1p_phy_pll_wrapper_25a56e5ce2f9_Inst/u_PH1P_PHY_PLL.clkc[1]} -source [get_ports {I_sys_clk}] -master_clock {sys_clk_50m} -divide_by 2.0769 -duty_cycle 50.0000 [get_pins {u_PLL/ph1p_phy_pll_wrapper_25a56e5ce2f9_Inst/u_PH1P_PHY_PLL.clkc[1]}]
USR-1002 : Derived clock:  create_generated_clock -name {u_PLL/ph1p_phy_pll_wrapper_25a56e5ce2f9_Inst/u_PH1P_PHY_PLL.clkc[4]} -source [get_ports {I_sys_clk}] -master_clock {sys_clk_50m} -multiply_by 1.0400 -duty_cycle 50.0000 [get_pins {u_PLL/ph1p_phy_pll_wrapper_25a56e5ce2f9_Inst/u_PH1P_PHY_PLL.clkc[4]}]
USR-1002 : Derived clock:  create_generated_clock -name {u_PLL/ph1p_phy_pll_wrapper_25a56e5ce2f9_Inst/u_PH1P_PHY_PLL.clkc[5]} -source [get_ports {I_sys_clk}] -master_clock {sys_clk_50m} -multiply_by 5.2000 -duty_cycle 50.0000 [get_pins {u_PLL/ph1p_phy_pll_wrapper_25a56e5ce2f9_Inst/u_PH1P_PHY_PLL.clkc[5]}]
USR-1002 : Derived clock:  create_generated_clock -name {u_ph1p35_324_ddr_wrapper/u_ddr2/ph1p_ddrmc_wrapper/ph1p_ddrmc_top/u_ddr_phy/u_ddrphy_top/u_ddrphy_clk/u_pll0/u_pll_inst.clkc[0]} -source [get_ports {I_sys_clk}] -master_clock {sys_clk_50m} -multiply_by 1.3333 -duty_cycle 50.0000 [get_pins {u_ph1p35_324_ddr_wrapper/u_ddr2/ph1p_ddrmc_wrapper/ph1p_ddrmc_top/u_ddr_phy/u_ddrphy_top/u_ddrphy_clk/u_pll0/u_pll_inst.clkc[0]}]
USR-1002 : Derived clock:  create_generated_clock -name {u_ph1p35_324_ddr_wrapper/u_ddr2/ph1p_ddrmc_wrapper/ph1p_ddrmc_top/u_ddr_phy/u_ddrphy_top/u_ddrphy_clk/u_pll0/u_pll_inst.clkc[1]} -source [get_ports {I_sys_clk}] -master_clock {sys_clk_50m} -multiply_by 1.3333 -duty_cycle 50.0000 [get_pins {u_ph1p35_324_ddr_wrapper/u_ddr2/ph1p_ddrmc_wrapper/ph1p_ddrmc_top/u_ddr_phy/u_ddrphy_top/u_ddrphy_clk/u_pll0/u_pll_inst.clkc[1]}]
USR-1002 : Derived clock:  create_generated_clock -name {u_ph1p35_324_ddr_wrapper/u_ddr2/ph1p_ddrmc_wrapper/ph1p_ddrmc_top/u_ddr_phy/u_ddrphy_top/u_ddrphy_clk/u_pll0/u_pll_inst.clkc[2]} -source [get_ports {I_sys_clk}] -master_clock {sys_clk_50m} -multiply_by 5.3333 -duty_cycle 50.0000 [get_pins {u_ph1p35_324_ddr_wrapper/u_ddr2/ph1p_ddrmc_wrapper/ph1p_ddrmc_top/u_ddr_phy/u_ddrphy_top/u_ddrphy_clk/u_pll0/u_pll_inst.clkc[2]}]
USR-1002 : Derived clock:  create_generated_clock -name {u_ph1p35_324_ddr_wrapper/u_ddr2/ph1p_ddrmc_wrapper/ph1p_ddrmc_top/u_ddr_phy/u_ddrphy_top/u_ddrphy_clk/u_pll0/u_pll_inst.clkc[3]} -source [get_ports {I_sys_clk}] -master_clock {sys_clk_50m} -divide_by 1.9687 -duty_cycle 50.0000 [get_pins {u_ph1p35_324_ddr_wrapper/u_ddr2/ph1p_ddrmc_wrapper/ph1p_ddrmc_top/u_ddr_phy/u_ddrphy_top/u_ddrphy_clk/u_pll0/u_pll_inst.clkc[3]}]
USR-1002 : Derived clock:  create_generated_clock -name {u_ph1p35_324_ddr_wrapper/u_ddr2/ph1p_ddrmc_wrapper/ph1p_ddrmc_top/u_ddr_phy/u_ddrphy_top/u_ddrphy_clk/u_pll1/u_pll_inst.clkc[0]} -source [get_pins {u_ph1p35_324_ddr_wrapper/u_ddr2/ph1p_ddrmc_wrapper/ph1p_ddrmc_top/u_ddr_phy/u_ddrphy_top/u_ddrphy_clk/u_pll0/u_pll_inst.clkc[0]}] -master_clock {u_ph1p35_324_ddr_wrapper/u_ddr2/ph1p_ddrmc_wrapper/ph1p_ddrmc_top/u_ddr_phy/u_ddrphy_top/u_ddrphy_clk/u_pll0/u_pll_inst.clkc[0]} -multiply_by 1.0000 -duty_cycle 50.0000 [get_pins {u_ph1p35_324_ddr_wrapper/u_ddr2/ph1p_ddrmc_wrapper/ph1p_ddrmc_top/u_ddr_phy/u_ddrphy_top/u_ddrphy_clk/u_pll1/u_pll_inst.clkc[0]}]
8.888000
15.000000
15.000000
19.230000
RUN-1003 : finish command "start_timer" in  1.359673s wall, 1.343750s user + 0.000000s system = 1.343750s CPU (98.8%)

RUN-1004 : used memory is 1251 MB, reserved memory is 1344 MB, peak memory is 1251 MB
TMR-2502 : Net delay update with mode: Placed
PHY-3001 : No need to merge 9x9 Dsps.
PHY-1001 : Populate physical database on model design_top_wrapper.
PHY-1001 : End Stage 2.3 | Global Placement Step 1; Time: 6.371987s wall, 12.156250s user + 6.156250s system = 18.312500s CPU (287.4%); Memory(MB): used = 1298, reserved = 1344, peak = 1298;

PHY-1001 : Stage 2.4 | RAM/DSP Legalization and Detailed Placement
PHY-1001 : Stage 2.4.1 | Legalization
PHY-3001 : Before Legalized: Len = 1.86782e+06
PHY-3001 : After Legalized: Len = 1.88668e+06, Over = 127.594
PHY-1001 : End Stage 2.4.1 | Legalization; Time: 1.124022s wall, 1.046875s user + 0.000000s system = 1.046875s CPU (93.1%); Memory(MB): used = 1301, reserved = 1344, peak = 1301;

PHY-1001 : Stage 2.4.2 | Detailed Placement
PHY-1001 : Stage 2.4.2.1 | Simulated Annealing Based DP
PHY-0007 : Initial: WL Cost = 171067, TD Cost = 1.58366e+06, SWNS = 1797, STNS = 0, Nums per T = 510, Range Limit = 2x32
PHY-0007 : Finally: WL Cost = 169404, TD Cost = 1.57969e+06, WL Ratio = 0.990275, TD Ratio = 0.997499, SWNS = 1797, STNS = 0
RUN-1001 : Print Detailed placement's Summary information
RUN-1001 : -------------------------------------------------------------------------------------------------------------------------------
RUN-1001 :             |  Total  |  Accept  |  Reject by overFlow  |  Reject by worseCost  |  Failed by noTarget  |  Failed by gridCheck  
RUN-1001 : -------------------------------------------------------------------------------------------------------------------------------
RUN-1001 :   RAM/DSPs  |  2040   |    40    |          0           |         2000          |          0           |           0           
RUN-1001 :    Macros   |   852   |    21    |          0           |          831          |          0           |           0           
RUN-1001 : -------------------------------------------------------------------------------------------------------------------------------
PHY-1001 : End Stage 2.4.2.1 | Simulated Annealing Based DP; Time: 1.251317s wall, 1.781250s user + 0.250000s system = 2.031250s CPU (162.3%); Memory(MB): used = 1304, reserved = 1344, peak = 1304;

PHY-3001 : End Detailed Place; 
PHY-1001 : End Stage 2.4.2 | Detailed Placement; Time: 1.396607s wall, 1.937500s user + 0.250000s system = 2.187500s CPU (156.6%); Memory(MB): used = 1304, reserved = 1344, peak = 1304;

PHY-1001 : End Stage 2.4 | RAM/DSP Legalization and Detailed Placement; Time: 2.521331s wall, 2.984375s user + 0.250000s system = 3.234375s CPU (128.3%); Memory(MB): used = 1304, reserved = 1344, peak = 1304;

PHY-1001 : Stage 2.5 | Global Placement Step 2
PHY-3001 : Target density is 60%
PHY-1001 : Stage 2.5.1 | Update Timing
PHY-1001 : SWNS: 1797, STNS: 0, FEP: 0
PHY-1001 : End Stage 2.5.1 | Update Timing; Time: 0.119623s wall, 0.125000s user + 0.000000s system = 0.125000s CPU (104.5%); Memory(MB): used = 1304, reserved = 1344, peak = 1304;

PHY-1001 : Stage 2.5.2 | Refresh Congestion
RUN-1001 : Generating global routing grids ...
RUN-1001 : Building simple global routing graph ...
PHY-1001 : Generate routing nets ...
PHY-1001 : Reuse net number 0/15031.
PHY-1001 : Global iterations in 32 thread ...
PHY-1002 : len = 1.99026e+06, over cnt = 2733(3%), over = 14067, worst = 58
PHY-1001 : End global iterations;  0.355600s wall, 0.500000s user + 0.015625s system = 0.515625s CPU (145.0%)

PHY-1001 : Congestion index:
PHY-1001 : top1  = 206.41(S 109.27, N 100.37, E 186.92, W 160.61, I 319.00, O 377.96)
PHY-1001 : top5  = 135.26(S 68.88, N 71.12, E 107.76, W 106.92, I 190.74, O 221.27)
PHY-1001 : top10 = 109.20(S 52.47, N 57.51, E 81.15, W 85.03, I 140.57, O 163.95)
PHY-1001 : top15 = 95.19(S 43.89, N 49.39, E 66.79, W 72.03, I 113.11, O 132.63)
PHY-1001 : End Stage 2.5.2 | Refresh Congestion; Time: 0.638055s wall, 0.765625s user + 0.031250s system = 0.796875s CPU (124.9%); Memory(MB): used = 1393, reserved = 1380, peak = 1393;

PHY-1001 : Stage 2.5.3 | GP Iteration
PHY-1001 : End Stage 2.5.3 | GP Iteration; Time: 1.431056s wall, 13.484375s user + 0.546875s system = 14.031250s CPU (980.5%); Memory(MB): used = 1398, reserved = 1386, peak = 1398;

PHY-3001 : Multithread accelerating rate: 9.62
PHY-1001 : End Stage 2.5 | Global Placement Step 2; Time: 3.328349s wall, 15.500000s user + 0.578125s system = 16.078125s CPU (483.1%); Memory(MB): used = 1401, reserved = 1388, peak = 1401;

PHY-1001 : Stage 2.6 | RAM/DSP Detailed Placement
PHY-1001 : Stage 2.6.1 | Detailed Placement
PHY-1001 : Stage 2.6.1.1 | Simulated Annealing Based DP
PHY-0007 : Initial: WL Cost = 139914, TD Cost = 1.85365e+06, SWNS = 1583, STNS = 0, Nums per T = 510, Range Limit = 2x32
PHY-0007 : Finally: WL Cost = 139618, TD Cost = 1.85342e+06, WL Ratio = 0.997889, TD Ratio = 0.999874, SWNS = 1583, STNS = 0
RUN-1001 : Print Detailed placement's Summary information
RUN-1001 : -------------------------------------------------------------------------------------------------------------------------------
RUN-1001 :             |  Total  |  Accept  |  Reject by overFlow  |  Reject by worseCost  |  Failed by noTarget  |  Failed by gridCheck  
RUN-1001 : -------------------------------------------------------------------------------------------------------------------------------
RUN-1001 :   RAM/DSPs  |  1530   |    10    |          0           |         1520          |          0           |           0           
RUN-1001 :    Macros   |   611   |    9     |          0           |          602          |          0           |           0           
RUN-1001 : -------------------------------------------------------------------------------------------------------------------------------
PHY-1001 : End Stage 2.6.1.1 | Simulated Annealing Based DP; Time: 1.118306s wall, 1.312500s user + 0.000000s system = 1.312500s CPU (117.4%); Memory(MB): used = 1405, reserved = 1392, peak = 1405;

PHY-3001 : End Detailed Place; 
PHY-1001 : End Stage 2.6.1 | Detailed Placement; Time: 1.262882s wall, 1.437500s user + 0.000000s system = 1.437500s CPU (113.8%); Memory(MB): used = 1405, reserved = 1392, peak = 1405;

PHY-1001 : Stage 2.6.2 | Spreading
OPT-1001 : Total overflow 771.28 peak overflow 5.66
PHY-3001 : Spreading for sector grids.
PHY-3001 : Iter 1, total overflow: 0
PHY-3001 : tot_capacity: 48, usage_cnt: 20, movable_cnt: 36
PHY-3001 : End spreading;  0.071787s wall, 0.062500s user + 0.000000s system = 0.062500s CPU (87.1%)

PHY-1001 : End Stage 2.6.2 | Spreading; Time: 0.071845s wall, 0.062500s user + 0.000000s system = 0.062500s CPU (87.0%); Memory(MB): used = 1405, reserved = 1392, peak = 1405;

PHY-1001 : End Stage 2.6 | RAM/DSP Detailed Placement; Time: 1.486186s wall, 1.640625s user + 0.000000s system = 1.640625s CPU (110.4%); Memory(MB): used = 1405, reserved = 1392, peak = 1405;

PHY-1001 : Stage 2.7 | Optimize Design
OPT-1001 : Start physical optimization ...
OPT-1001 : Total overflow 771.28 peak overflow 5.66
OPT-1001 : Stage 2.7.1 | Synthesize High-fanout Net
OPT-1001 : Start high-fanout net optimization in pre-pack flow with medium effort ...
OPT-1001 : Update timing in Manhattan mode
OPT-1001 : End timing update;  1.080740s wall, 1.046875s user + 0.000000s system = 1.046875s CPU (96.9%)

OPT-1001 : Start: SWNS 1583 STNS 0 NUM_FEPS 0
OPT-1001 : Total overflow 771.28 peak overflow 5.66
PHY-1001 : Populate physical database on model design_top_wrapper.
OPT-1001 : 24 high-fanout net processed.
PHY-3001 : Start incremental placement ...
PHY-1001 : Populate physical database on model design_top_wrapper.
PHY-1001 : Processing 2 clock pins of DDR instance u_ph1p35_324_ddr_wrapper/u_ddr2/ph1p_ddrmc_wrapper/ph1p_ddrmc_top/u_ddr_phy/u_ddrphy_top/u_ddrphy/ac_byte[0]$ac_byte_used$u_ddrphy_ac_byte_wrapper/u_ddrphy_byte, location = x0y70z0.
PHY-1001 :   Placed ioclk instance u_ph1p35_324_ddr_wrapper/u_ddr2/ph1p_ddrmc_wrapper/ph1p_ddrmc_top/u_ddr_phy/u_ddrphy_top/u_ddrphy_clk/ioclk[0]$u_ioclk_1, location = x0y59z1.
PHY-1001 :   Placed ioclk instance u_ph1p35_324_ddr_wrapper/u_ddr2/ph1p_ddrmc_wrapper/ph1p_ddrmc_top/u_ddr_phy/u_ddrphy_top/u_ddrphy_clk/ioclk[0]$u_ioclk_0, location = x0y59z0.
PHY-1001 : Processing 2 clock pins of DDR instance u_ph1p35_324_ddr_wrapper/u_ddr2/ph1p_ddrmc_wrapper/ph1p_ddrmc_top/u_ddr_phy/u_ddrphy_top/u_ddrphy/ac_byte[1]$ac_byte_used$u_ddrphy_ac_byte_wrapper/u_ddrphy_byte, location = x0y60z0.
PHY-1001 :   Placed ioclk instance u_ph1p35_324_ddr_wrapper/u_ddr2/ph1p_ddrmc_wrapper/ph1p_ddrmc_top/u_ddr_phy/u_ddrphy_top/u_ddrphy_clk/ioclk[0]$u_ioclk_1, location = x0y59z1.
PHY-1001 :   Placed ioclk instance u_ph1p35_324_ddr_wrapper/u_ddr2/ph1p_ddrmc_wrapper/ph1p_ddrmc_top/u_ddr_phy/u_ddrphy_top/u_ddrphy_clk/ioclk[0]$u_ioclk_0, location = x0y59z0.
PHY-1001 : Processing 2 clock pins of DDR instance u_ph1p35_324_ddr_wrapper/u_ddr2/ph1p_ddrmc_wrapper/ph1p_ddrmc_top/u_ddr_phy/u_ddrphy_top/u_ddrphy/ac_byte[2]$ac_byte_used$u_ddrphy_ac_byte_wrapper/u_ddrphy_byte, location = x0y50z0.
PHY-1001 :   Placed ioclk instance u_ph1p35_324_ddr_wrapper/u_ddr2/ph1p_ddrmc_wrapper/ph1p_ddrmc_top/u_ddr_phy/u_ddrphy_top/u_ddrphy_clk/ioclk[0]$u_ioclk_1, location = x0y59z1.
PHY-1001 :   Placed ioclk instance u_ph1p35_324_ddr_wrapper/u_ddr2/ph1p_ddrmc_wrapper/ph1p_ddrmc_top/u_ddr_phy/u_ddrphy_top/u_ddrphy_clk/ioclk[0]$u_ioclk_0, location = x0y59z0.
PHY-1001 : Processing 2 clock pins of DDR instance u_ph1p35_324_ddr_wrapper/u_ddr2/ph1p_ddrmc_wrapper/ph1p_ddrmc_top/u_ddr_phy/u_ddrphy_top/u_ddrphy/ac_byte[3]$ac_byte_used$u_ddrphy_ac_byte_wrapper/u_ddrphy_byte, location = x0y40z0.
PHY-1001 :   Placed ioclk instance u_ph1p35_324_ddr_wrapper/u_ddr2/ph1p_ddrmc_wrapper/ph1p_ddrmc_top/u_ddr_phy/u_ddrphy_top/u_ddrphy_clk/ioclk[0]$u_ioclk_1, location = x0y59z1.
PHY-1001 :   Placed ioclk instance u_ph1p35_324_ddr_wrapper/u_ddr2/ph1p_ddrmc_wrapper/ph1p_ddrmc_top/u_ddr_phy/u_ddrphy_top/u_ddrphy_clk/ioclk[0]$u_ioclk_0, location = x0y59z0.
PHY-1001 : Processing 2 clock pins of DDR instance u_ph1p35_324_ddr_wrapper/u_ddr2/ph1p_ddrmc_wrapper/ph1p_ddrmc_top/u_ddr_phy/u_ddrphy_top/u_ddrphy/dx_byte[0]$dx_byte_used$u_ddrphy_dx_byte_wrapper/u_ddrphy_byte, location = x0y30z0.
PHY-1001 :   Placed ioclk instance u_ph1p35_324_ddr_wrapper/u_ddr2/ph1p_ddrmc_wrapper/ph1p_ddrmc_top/u_ddr_phy/u_ddrphy_top/u_ddrphy_clk/ioclk[1]$u_ioclk_1, location = x0y19z1.
PHY-1001 :   Placed ioclk instance u_ph1p35_324_ddr_wrapper/u_ddr2/ph1p_ddrmc_wrapper/ph1p_ddrmc_top/u_ddr_phy/u_ddrphy_top/u_ddrphy_clk/ioclk[1]$u_ioclk_0, location = x0y19z0.
PHY-1001 : Processing 2 clock pins of DDR instance u_ph1p35_324_ddr_wrapper/u_ddr2/ph1p_ddrmc_wrapper/ph1p_ddrmc_top/u_ddr_phy/u_ddrphy_top/u_ddrphy/dx_byte[1]$dx_byte_used$u_ddrphy_dx_byte_wrapper/u_ddrphy_byte, location = x0y10z0.
PHY-1001 :   Placed ioclk instance u_ph1p35_324_ddr_wrapper/u_ddr2/ph1p_ddrmc_wrapper/ph1p_ddrmc_top/u_ddr_phy/u_ddrphy_top/u_ddrphy_clk/ioclk[1]$u_ioclk_1, location = x0y19z1.
PHY-1001 :   Placed ioclk instance u_ph1p35_324_ddr_wrapper/u_ddr2/ph1p_ddrmc_wrapper/ph1p_ddrmc_top/u_ddr_phy/u_ddrphy_top/u_ddrphy_clk/ioclk[1]$u_ioclk_0, location = x0y19z0.
PHY-3001 : Target density is 60%
PHY-3001 : Target density is 60%
PHY-1001 : Stage 2.7.1.1 | Update Timing
PHY-1001 : SWNS: 1583, STNS: 0, FEP: 0
PHY-1001 : End Stage 2.7.1.1 | Update Timing; Time: 0.125879s wall, 0.125000s user + 0.000000s system = 0.125000s CPU (99.3%); Memory(MB): used = 1410, reserved = 1400, peak = 1410;

PHY-1001 : Stage 2.7.1.2 | Refresh Congestion
RUN-1001 : Generating global routing grids ...
PHY-1001 : Generate routing nets ...
PHY-1001 : Reuse net number 287/26974.
PHY-1001 : Global iterations in 32 thread ...
PHY-1002 : len = 1.60074e+06, over cnt = 3363(4%), over = 18546, worst = 60
PHY-1001 : End global iterations;  0.596010s wall, 1.312500s user + 0.000000s system = 1.312500s CPU (220.2%)

PHY-1001 : Congestion index:
PHY-1001 : top1  = 171.37(S 106.17, N 148.02, E 143.22, W 126.86, I 210.14, O 220.15)
PHY-1001 : top5  = 127.45(S 73.58, N 102.44, E 94.08, W 91.61, I 130.44, O 140.14)
PHY-1001 : top10 = 108.58(S 59.43, N 79.66, E 75.05, W 75.54, I 100.63, O 109.42)
PHY-1001 : top15 = 97.18(S 50.57, N 67.23, E 64.16, W 65.41, I 84.28, O 93.29)
PHY-1001 : End Stage 2.7.1.2 | Refresh Congestion; Time: 0.770994s wall, 1.468750s user + 0.015625s system = 1.484375s CPU (192.5%); Memory(MB): used = 1414, reserved = 1401, peak = 1414;

PHY-1001 : Stage 2.7.1.3 | GP Iteration
PHY-1001 : End Stage 2.7.1.3 | GP Iteration; Time: 0.970654s wall, 8.000000s user + 0.046875s system = 8.046875s CPU (829.0%); Memory(MB): used = 1416, reserved = 1403, peak = 1416;

PHY-3001 : Multithread accelerating rate: 8.07
OPT-1001 : Total overflow 782.81 peak overflow 6.25
PHY-3001 : Spreading for sector grids.
PHY-3001 : Iter 1, total overflow: 0
PHY-3001 : tot_capacity: 48, usage_cnt: 20, movable_cnt: 37
PHY-3001 : End spreading;  0.072135s wall, 0.062500s user + 0.015625s system = 0.078125s CPU (108.3%)

PHY-3001 : Final: Len = 1.28656e+06, Over = 214.594
PHY-3001 : End incremental placement;  2.227281s wall, 9.906250s user + 0.093750s system = 10.000000s CPU (449.0%)

OPT-1001 : Total overflow 782.81 peak overflow 6.25
RUN-1001 : HFN opt statistic
RUN-1001 : ------------------------------------------------------
RUN-1001 :   DriverCell type  |  HFN count  |  Duplicated count  
RUN-1001 : ------------------------------------------------------
RUN-1001 :         REG        |      1      |         3          
RUN-1001 :        LUT6        |      3      |         25         
RUN-1001 :        LUT5        |      1      |         9          
RUN-1001 :        LUT4        |      0      |         0          
RUN-1001 :        LUT3        |      0      |         0          
RUN-1001 :        LUT2        |     19      |         95         
RUN-1001 :        TOTAL       |     24      |        132         
RUN-1001 : ------------------------------------------------------
OPT-1001 : End high-fanout net optimization;  4.478335s wall, 12.125000s user + 0.093750s system = 12.218750s CPU (272.8%)

OPT-1001 : Update timing in Manhattan mode
OPT-1001 : End timing update;  1.092419s wall, 1.031250s user + 0.000000s system = 1.031250s CPU (94.4%)

OPT-1001 : Current memory(MB): used = 1416, reserved = 1403, peak = 1416.
OPT-1001 : End Stage 2.7.1 | Synthesize High-fanout Net; Time: 5.712790s wall, 13.296875s user + 0.093750s system = 13.390625s CPU (234.4%); Memory(MB): used = 1416, reserved = 1403, peak = 1416;

OPT-1001 : Stage 2.7.2 | Global Optimization
OPT-1001 : Start global optimization ...
OPT-0007 : Start: SWNS 1737 STNS 0 NUM_FEPS 0
OPT-1001 : Start congestion update ...
RUN-1001 : Generating global routing grids ...
PHY-1001 : Generate routing nets ...
PHY-1001 : Reuse net number 5731/25550.
PHY-1001 : Global iterations in 32 thread ...
PHY-1002 : len = 1.55986e+06, over cnt = 3181(4%), over = 11030, worst = 40
PHY-1002 : len = 1.75642e+06, over cnt = 2593(3%), over = 6295, worst = 17
PHY-1002 : len = 1.96725e+06, over cnt = 1006(1%), over = 2010, worst = 17
PHY-1002 : len = 2.02307e+06, over cnt = 419(0%), over = 690, worst = 15
PHY-1002 : len = 2.04642e+06, over cnt = 65(0%), over = 103, worst = 14
PHY-1001 : End global iterations;  1.597774s wall, 2.500000s user + 0.031250s system = 2.531250s CPU (158.4%)

PHY-1001 : Congestion index:
PHY-1001 : top1  = 86.89(S 74.65, N 76.90, E 76.98, W 81.27, I 207.81, O 207.40)
PHY-1001 : top5  = 75.00(S 59.94, N 64.52, E 63.53, W 67.91, I 131.86, O 136.96)
PHY-1001 : top10 = 69.16(S 51.28, N 57.63, E 55.89, W 60.17, I 101.21, O 108.33)
PHY-1001 : top15 = 65.25(S 45.87, N 52.64, E 50.80, W 54.77, I 84.27, O 92.74)
OPT-1001 : End congestion update;  1.860685s wall, 2.765625s user + 0.031250s system = 2.796875s CPU (150.3%)

OPT-0007 : Iter 1: improved SWNS 1988 STNS 0 NUM_FEPS 0 with 39 cells processed and 2911 slack improved
OPT-0007 : Iter 2: improved SWNS 1996 STNS 0 NUM_FEPS 0 with 7 cells processed and 202 slack improved
OPT-0007 : Iter 3: improved SWNS 1996 STNS 0 NUM_FEPS 0 with 4 cells processed and 114 slack improved
OPT-1001 : Overall commit ratio 0.45
OPT-1001 : End global optimization;  1.959790s wall, 2.859375s user + 0.031250s system = 2.890625s CPU (147.5%)

OPT-1001 : Current memory(MB): used = 1416, reserved = 1403, peak = 1416.
OPT-1001 : End Stage 2.7.2 | Global Optimization; Time: 2.694593s wall, 3.578125s user + 0.031250s system = 3.609375s CPU (133.9%); Memory(MB): used = 1416, reserved = 1403, peak = 1416;

OPT-0007 : End flow prepack: SWNS 1996 STNS 0 NUM_FEPS 0
OPT-1001 : End physical optimization;  8.438931s wall, 16.906250s user + 0.125000s system = 17.031250s CPU (201.8%)

PHY-1001 : End Stage 2.7 | Optimize Design; Time: 8.441671s wall, 16.906250s user + 0.125000s system = 17.031250s CPU (201.8%); Memory(MB): used = 1416, reserved = 1403, peak = 1416;

PHY-1001 : Stage 2.8 | Pack and Legalization
PHY-1001 : Stage 2.8.1 | Direct Legalization
PHY-3001 : Start Direct Legalization ...
PHY-3001 : Get top1 grid util = 0.851100, top1_avg = 0.851100.
PHY-1001 : Populate physical database on model design_top_wrapper.
PHY-3001 : Target density is 60%
PHY-3001 : Before Legalization for Slice Macros, Len = 1.29014e+06.
RUN-1001 : Legalization top10 inst displacement:
RUN-1001 : ---------------------------------------------------------------------------------------------------------------------------------------------------------------------------------------------------------------------------
RUN-1001 :   Index  |  Bounded  |  Height  |        Location        |  Disp. (slots)  |  Disp. (grids)  |                                                            Name                                                             
RUN-1001 : ---------------------------------------------------------------------------------------------------------------------------------------------------------------------------------------------------------------------------
RUN-1001 :     1    |     N     |    8     |   x1y55z6 to x5y54z0   |       46        |        5        |   u_ph1p35_324_ddr_wrapper/u_ddr2/ph1p_ddrmc_wrapper/ph1p_ddrmc_top/u_ddr_phy/u_ddrphy_top/u_ddrphy_init/ramread0_syn_71    
RUN-1001 :     2    |     N     |    8     |   x1y52z0 to x5y51z0   |       40        |        5        |   u_ph1p35_324_ddr_wrapper/u_ddr2/ph1p_ddrmc_wrapper/ph1p_ddrmc_top/u_ddr_phy/u_ddrphy_top/u_ddrphy_init/ramread0_syn_131   
RUN-1001 :     3    |     N     |    8     |   x1y56z2 to x5y57z0   |       38        |        5        |   u_ph1p35_324_ddr_wrapper/u_ddr2/ph1p_ddrmc_wrapper/ph1p_ddrmc_top/u_ddr_phy/u_ddrphy_top/u_ddrphy_init/ramread0_syn_111   
RUN-1001 :     4    |     N     |    8     |   x1y55z3 to x5y55z0   |       35        |        4        |   u_ph1p35_324_ddr_wrapper/u_ddr2/ph1p_ddrmc_wrapper/ph1p_ddrmc_top/u_ddr_phy/u_ddrphy_top/u_ddrphy_init/ramread0_syn_31    
RUN-1001 :     5    |     N     |    8     |   x1y56z2 to x5y56z0   |       34        |        4        |   u_ph1p35_324_ddr_wrapper/u_ddr2/ph1p_ddrmc_wrapper/ph1p_ddrmc_top/u_ddr_phy/u_ddrphy_top/u_ddrphy_init/ramread0_syn_91    
RUN-1001 :     6    |     N     |    8     |   x1y53z1 to x5y53z0   |       33        |        4        |   u_ph1p35_324_ddr_wrapper/u_ddr2/ph1p_ddrmc_wrapper/ph1p_ddrmc_top/u_ddr_phy/u_ddrphy_top/u_ddrphy_init/ramread0_syn_51    
RUN-1001 :     7    |     N     |    8     |   x1y52z0 to x5y52z0   |       32        |        4        |   u_ph1p35_324_ddr_wrapper/u_ddr2/ph1p_ddrmc_wrapper/ph1p_ddrmc_top/u_ddr_phy/u_ddrphy_top/u_ddrphy_init/ramread0_syn_151   
RUN-1001 :     8    |     N     |    8     |    x3y6z1 to x5y5z0    |       25        |        3        |  u_ph1p35_324_ddr_wrapper/u_ddr2/ph1p_ddrmc_wrapper/ph1p_ddrmc_top/u_phy2mc_fifo/byteIdx_1[1]$u_wfifo_sync/ramread0_syn_88  
RUN-1001 :     9    |     N     |    8     |  x24y45z0 to x26y46z0  |       24        |        3        |                                    u_isp_top/u_image_process_stream_96/ramread1_syn_585                                     
RUN-1001 :    10    |     N     |    8     |  x24y43z3 to x26y44z0  |       21        |        3        |                                    u_isp_top/u_image_process_stream_96/ramread0_syn_585                                     
RUN-1001 : ---------------------------------------------------------------------------------------------------------------------------------------------------------------------------------------------------------------------------
PHY-3001 : After Legalization for Slice Macros, Len = 1.36541e+06.
RUN-1001 : Generating global routing grids ...
PHY-1001 : Generate routing nets ...
PHY-1001 : Reuse net number 22495/25964.
RUN-1002 : start command "update_timing -mode MANHATTAN"
RUN-1002 : start command "start_timer"
RUN-1003 : finish command "start_timer" in  1.232071s wall, 1.140625s user + 0.000000s system = 1.140625s CPU (92.6%)

RUN-1004 : used memory is 1440 MB, reserved memory is 1427 MB, peak memory is 1440 MB
RUN-1003 : finish command "update_timing -mode MANHATTAN" in  2.232518s wall, 2.140625s user + 0.000000s system = 2.140625s CPU (95.9%)

RUN-1004 : used memory is 1440 MB, reserved memory is 1427 MB, peak memory is 1440 MB
PHY-1001 : Global iterations in 32 thread ...
PHY-1002 : len = 2.06587e+06, over cnt = 1229(1%), over = 2821, worst = 14
PHY-1002 : len = 2.09085e+06, over cnt = 1001(1%), over = 1826, worst = 10
PHY-1002 : len = 2.17608e+06, over cnt = 403(0%), over = 663, worst = 10
PHY-1002 : len = 2.18878e+06, over cnt = 161(0%), over = 245, worst = 6
PHY-1002 : len = 2.19683e+06, over cnt = 44(0%), over = 66, worst = 6
PHY-1001 : End global iterations;  0.969387s wall, 1.156250s user + 0.000000s system = 1.156250s CPU (119.3%)

PHY-1001 : Congestion index:
PHY-1001 : top1  = 87.21(S 73.45, N 76.53, E 77.09, W 83.08, I 194.33, O 201.23)
PHY-1001 : top5  = 75.90(S 59.14, N 64.17, E 65.49, W 70.39, I 121.98, O 134.65)
PHY-1001 : top10 = 70.23(S 51.23, N 57.79, E 58.12, W 62.41, I 95.15, O 106.96)
PHY-1001 : top15 = 66.39(S 46.00, N 53.12, E 53.08, W 57.05, I 80.65, O 91.68)
PHY-3001 : Total Iter 180, legal = 27048 / 27048 (100.00%), avg_move = 33.16, max_move = 373.
PHY-3001 : There are no illegal insts.
PHY-1001 : Populate physical database on model design_top_wrapper.
PHY-3001 : End Direct Legalization;  18.668239s wall, 214.421875s user + 0.906250s system = 215.328125s CPU (1153.4%)

RUN-1001 : Summary of LUT-FF Pairs
RUN-1001 : ---------------------------------------------------------------
RUN-1001 :   Num of Fanout Seqs  |   1x   |  2x  |  3~5  |  6~10  |  >10  
RUN-1001 : ---------------------------------------------------------------
RUN-1001 :         Total         |  7036  |  15  |  46   |   0    |  23   
RUN-1001 :          Grid         |  7022  |  15  |  41   |   0    |  23   
RUN-1001 :          Bank         |  6860  |  15  |  39   |   0    |  23   
RUN-1001 :         Paired        |  6831  |  15  |  37   |   0    |  23   
RUN-1001 : ---------------------------------------------------------------
RUN-1001 : Summary of LUT Pairs
RUN-1001 : ---------------------------------------------------------------------------------------------------------------------
RUN-1001 :            |           |           |           |           |           |  O5 + O6  |  Only O5  |  Only O6  |  Total  
RUN-1001 : ---------------------------------------------------------------------------------------------------------------------
RUN-1001 :   5 Share  |  4 Share  |  3 Share  |  2 Share  |  1 Share  |  0 Share  |           |           |           |         
RUN-1001 :     125    |    276    |    266    |    439    |   1854    |   3917    |   6877    |   3103    |   3690    |  13670  
RUN-1001 : ---------------------------------------------------------------------------------------------------------------------
PHY-1001 : End Stage 2.8.1 | Direct Legalization; Time: 18.715962s wall, 214.468750s user + 0.906250s system = 215.375000s CPU (1150.8%); Memory(MB): used = 1553, reserved = 1540, peak = 1554;

PHY-3001 : Target density is 60%
PHY-3001 : After Direct Legalization, Len = 1.80014e+06.
PHY-1001 : End Stage 2.8 | Pack and Legalization; Time: 18.856669s wall, 214.734375s user + 0.906250s system = 215.640625s CPU (1143.6%); Memory(MB): used = 1553, reserved = 1540, peak = 1554;

RUN-1002 : start command "start_timer"
RUN-1003 : finish command "start_timer" in  2.398619s wall, 2.328125s user + 0.000000s system = 2.328125s CPU (97.1%)

RUN-1004 : used memory is 1554 MB, reserved memory is 1540 MB, peak memory is 1554 MB
PHY-1001 : End Stage 2 | Global Placement; Time: 44.618223s wall, 267.421875s user + 8.046875s system = 275.468750s CPU (617.4%); Memory(MB): used = 1558, reserved = 1543, peak = 1558;

PHY-1001 : Stage 3 | Detailed Placement
PHY-1001 : Stage 3.1 | SLICE Detailed Placement
PHY-1001 : Stage 3.1.1 | Spreading
PHY-3001 : Design contains 127 ce signals.
PHY-3001 : Spreading for sector grids.
PHY-3001 : Iter 1, total overflow: 0
PHY-3001 : tot_capacity: 24, usage_cnt: 13, movable_cnt: 17
PHY-3001 : Spreading for clock grids.
PHY-3001 : clock grid count for 24 x 4 grids
PHY-3001 : Spreading for plb grids.
PHY-3001 : total displace: 0, max displace: 0.
PHY-3001 : End spreading;  0.234186s wall, 0.234375s user + 0.000000s system = 0.234375s CPU (100.1%)

PHY-1001 : End Stage 3.1.1 | Spreading; Time: 0.234262s wall, 0.234375s user + 0.000000s system = 0.234375s CPU (100.0%); Memory(MB): used = 1565, reserved = 1551, peak = 1565;

PHY-1001 : Stage 3.1.2 | Simulated Annealing Based DP
RUN-1001 : Generating global routing grids ...
PHY-1001 : Generate routing nets ...
PHY-1001 : Reuse net number 2490/20522.
PHY-1001 : Global iterations in 32 thread ...
PHY-1002 : len = 2.06826e+06, over cnt = 1941(2%), over = 3649, worst = 9
PHY-1002 : len = 2.13894e+06, over cnt = 1135(1%), over = 1953, worst = 9
PHY-1002 : len = 2.1993e+06, over cnt = 372(0%), over = 636, worst = 6
PHY-1002 : len = 2.22341e+06, over cnt = 104(0%), over = 181, worst = 5
PHY-1002 : len = 2.22675e+06, over cnt = 0(0%), over = 0, worst = 0
PHY-1001 : End global iterations;  1.329241s wall, 1.953125s user + 0.046875s system = 2.000000s CPU (150.5%)

PHY-1001 : Congestion index:
PHY-1001 : top1  = 81.44(S 61.67, N 62.65, E 76.97, W 75.90, I 65.65, O 75.99)
PHY-1001 : top5  = 70.12(S 47.90, N 53.44, E 63.30, W 62.44, I 57.24, O 64.26)
PHY-1001 : top10 = 64.32(S 41.35, N 48.19, E 56.06, W 55.11, I 52.67, O 57.74)
PHY-1001 : top15 = 60.56(S 37.39, N 44.53, E 51.36, W 50.46, I 49.67, O 53.86)
PHY-0007 : Initial: WL Cost = 153811, TD Cost = 1.46009e+06, SWNS = 1525, STNS = 0, Nums per T = 122620, Range Limit = 4x8
PHY-0007 : Finally: WL Cost = 136714, TD Cost = 1.21818e+06, WL Ratio = 0.888845, TD Ratio = 0.834321, SWNS = 1524, STNS = 0
RUN-1001 : Print Detailed placement's Summary information
RUN-1001 : -------------------------------------------------------------------------------------------------------------------------------
RUN-1001 :           |   Total   |  Accept  |  Reject by overFlow  |  Reject by worseCost  |  Failed by noTarget  |  Failed by gridCheck  
RUN-1001 : -------------------------------------------------------------------------------------------------------------------------------
RUN-1001 :   Slices  |  1103580  |  28998   |         1652         |        1058169        |         1242         |         13519         
RUN-1001 :   Macros  |   29413   |   328    |         280          |         28324         |         439          |          42           
RUN-1001 : -------------------------------------------------------------------------------------------------------------------------------
PHY-1001 : End Stage 3.1.2 | Simulated Annealing Based DP; Time: 14.652283s wall, 16.656250s user + 0.078125s system = 16.734375s CPU (114.2%); Memory(MB): used = 1582, reserved = 1567, peak = 1582;

PHY-3001 : End Detailed Place; 
PHY-3001 : Final: Len = 1.5688e+06, Over = 0
PHY-1001 : End Stage 3.1 | SLICE Detailed Placement; Time: 15.178689s wall, 17.171875s user + 0.078125s system = 17.250000s CPU (113.6%); Memory(MB): used = 1582, reserved = 1567, peak = 1582;

PHY-3001 : End Detailed Place; 
PHY-1001 : Stage 3.2 | Optimize Design
OPT-1001 : Start physical optimization ...
OPT-1001 : Total overflow 0.00 peak overflow 0.00
OPT-1001 : Stage 3.2.1 | Physical Optimization
OPT-1001 : Start high-fanout net optimization in optimize equivalent flow with medium effort ...
OPT-1001 : Clean unloaded insts before merging registers
PHY-1001 : Populate physical database on model design_top_wrapper.
PHY-1001 : Populate physical database on model design_top_wrapper.
OPT-1001 : Total overflow 0.00 peak overflow 0.00
OPT-1001 : End optimize duplicated nets. Total 61 instances are merged and 2606 sinks are reconnected,  2.075085s wall, 2.000000s user + 0.000000s system = 2.000000s CPU (96.4%)

OPT-1001 : End high-fanout net optimization;  2.076299s wall, 2.000000s user + 0.000000s system = 2.000000s CPU (96.3%)

OPT-1001 : Update timing in Manhattan mode
RUN-1002 : start command "start_timer"
RUN-1003 : finish command "start_timer" in  1.977728s wall, 1.890625s user + 0.015625s system = 1.906250s CPU (96.4%)

RUN-1004 : used memory is 1582 MB, reserved memory is 1567 MB, peak memory is 1582 MB
OPT-1001 : End timing update;  3.042303s wall, 2.937500s user + 0.015625s system = 2.953125s CPU (97.1%)

OPT-1001 : Current memory(MB): used = 1582, reserved = 1567, peak = 1582.
OPT-1001 : End Stage 3.2.1 | Physical Optimization; Time: 5.247943s wall, 5.062500s user + 0.015625s system = 5.078125s CPU (96.8%); Memory(MB): used = 1582, reserved = 1567, peak = 1582;

OPT-1001 : Stage 3.2.2 | Synthesize High-fanout Net
OPT-1001 : Start high-fanout net optimization in post-pack flow with medium effort ...
OPT-1001 : Start: SWNS 1524 STNS 0 NUM_FEPS 0
OPT-1001 : Total overflow 0.00 peak overflow 0.00
PHY-1001 : Populate physical database on model design_top_wrapper.
OPT-1001 : 26 high-fanout net processed.
OPT-1001 : Total overflow 0.00 peak overflow 0.00
RUN-1001 : HFN opt statistic
RUN-1001 : ------------------------------------------------------
RUN-1001 :   DriverCell type  |  HFN count  |  Duplicated count  
RUN-1001 : ------------------------------------------------------
RUN-1001 :       LSLICE       |      0      |         0          
RUN-1001 :       MSLICE       |      0      |         0          
RUN-1001 :        OTHER       |     26      |         34         
RUN-1001 :        TOTAL       |     26      |         34         
RUN-1001 : ------------------------------------------------------
OPT-1001 : End high-fanout net optimization;  1.019993s wall, 1.015625s user + 0.000000s system = 1.015625s CPU (99.6%)

OPT-1001 : Current memory(MB): used = 1582, reserved = 1567, peak = 1582.
OPT-1001 : End Stage 3.2.2 | Synthesize High-fanout Net; Time: 1.150191s wall, 1.140625s user + 0.000000s system = 1.140625s CPU (99.2%); Memory(MB): used = 1582, reserved = 1567, peak = 1582;

OPT-1001 : Stage 3.2.3 | Optimize Path
OPT-1001 : Start unpack path based optimization ...
OPT-0007 : Start: SWNS 1524 STNS 0 NUM_FEPS 0 with mode 2
OPT-1001 : Start congestion update ...
RUN-1001 : Generating global routing grids ...
PHY-1001 : Generate routing nets ...
PHY-1001 : Reuse net number 7301/21695.
PHY-1001 : Global iterations in 32 thread ...
PHY-1002 : len = 1.93918e+06, over cnt = 2370(3%), over = 4299, worst = 9
PHY-1002 : len = 2.01902e+06, over cnt = 1406(1%), over = 2031, worst = 8
PHY-1002 : len = 2.06912e+06, over cnt = 338(0%), over = 497, worst = 8
PHY-1002 : len = 2.08208e+06, over cnt = 74(0%), over = 88, worst = 3
PHY-1002 : len = 2.0875e+06, over cnt = 0(0%), over = 0, worst = 0
PHY-1001 : End global iterations;  1.221667s wall, 1.937500s user + 0.046875s system = 1.984375s CPU (162.4%)

PHY-1001 : Congestion index:
PHY-1001 : top1  = 80.33(S 60.17, N 61.66, E 77.80, W 73.03, I 65.65, O 73.60)
PHY-1001 : top5  = 69.46(S 47.33, N 53.10, E 63.70, W 60.25, I 56.58, O 62.39)
PHY-1001 : top10 = 63.46(S 41.88, N 48.11, E 55.55, W 53.62, I 51.57, O 56.48)
PHY-1001 : top15 = 59.57(S 38.26, N 44.65, E 50.77, W 49.16, I 48.47, O 52.69)
OPT-1001 : End congestion update;  1.546958s wall, 2.265625s user + 0.046875s system = 2.312500s CPU (149.5%)

OPT-0007 : Iter 1: improved SWNS 2006 STNS 0 NUM_FEPS 0 with 35(4001) cells and 1734(6108) paths processed with 4309 slack improved, crit_thod: 2574 ratio: 1.00(43/43) rt: 1.1s
OPT-0007 : Iter 2: improved SWNS 2096 STNS 0 NUM_FEPS 0 with 46(12946) cells and 6473(6473) paths processed with 5966 slack improved, crit_thod: 2607 ratio: 0.98(62/63) rt: 1.8s
OPT-0007 : Iter 3: improved SWNS 2110 STNS 0 NUM_FEPS 0 with 34(13154) cells and 6577(6577) paths processed with 3932 slack improved, crit_thod: 2702 ratio: 0.95(41/43) rt: 1.2s
OPT-0007 : Iter 4: improved SWNS 2110 STNS 0 NUM_FEPS 0 with 17(12984) cells and 6492(6492) paths processed with 2804 slack improved, crit_thod: 2761 ratio: 0.92(23/25) rt: 1.2s
OPT-0007 : Iter 5: improved SWNS 2110 STNS 0 NUM_FEPS 0 with 8(13286) cells and 6643(6643) paths processed with 2015 slack improved, crit_thod: 2776 ratio: 0.85(11/13) rt: 1.0s
OPT-0007 : Iter 6: improved SWNS 2110 STNS 0 NUM_FEPS 0 with 5(13520) cells and 6760(6760) paths processed with 1514 slack improved, crit_thod: 2786 ratio: 0.62(5/8) rt: 1.0s
OPT-1001 : End path based optimization;  8.954229s wall, 9.578125s user + 0.093750s system = 9.671875s CPU (108.0%)

OPT-1001 : Current memory(MB): used = 1582, reserved = 1567, peak = 1582.
OPT-1001 : End Stage 3.2.3 | Optimize Path; Time: 9.089966s wall, 9.718750s user + 0.093750s system = 9.812500s CPU (107.9%); Memory(MB): used = 1582, reserved = 1567, peak = 1582;

OPT-1001 : Stage 3.2.4 | Optimize Duplicated Nets
OPT-1001 : Start: WNS 2110 TNS 0 NUM_FEPS 0
OPT-1001 : Clean unloaded insts before merging registers
PHY-1001 : Populate physical database on model design_top_wrapper.
PHY-1001 : Populate physical database on model design_top_wrapper.
PHY-1001 : Populate physical database on model design_top_wrapper.
OPT-1001 : Total overflow 0.00 peak overflow 0.00
OPT-1001 : End optimize duplicated nets. Total 2 instances are merged and 1660 sinks are reconnected,  2.163305s wall, 2.125000s user + 0.000000s system = 2.125000s CPU (98.2%)

OPT-1001 : Update timing in Manhattan mode
RUN-1002 : start command "start_timer"
RUN-1003 : finish command "start_timer" in  1.971424s wall, 1.953125s user + 0.015625s system = 1.968750s CPU (99.9%)

RUN-1004 : used memory is 1582 MB, reserved memory is 1567 MB, peak memory is 1582 MB
OPT-1001 : End timing update;  3.054251s wall, 3.031250s user + 0.015625s system = 3.046875s CPU (99.8%)

OPT-1001 : Current memory(MB): used = 1582, reserved = 1567, peak = 1582.
OPT-1001 : End Stage 3.2.4 | Optimize Duplicated Nets; Time: 5.351529s wall, 5.281250s user + 0.015625s system = 5.296875s CPU (99.0%); Memory(MB): used = 1582, reserved = 1567, peak = 1582;

OPT-1001 : Stage 3.2.5 | Swap Pins
OPT-1001 : Start pin optimization...
OPT-1001 : Start: SWNS 2110 STNS 0 NUM_FEPS 0
OPT-1001 : Successfully optimized 1417 instances
OPT-1001 : Successfully optimized 236 instances
OPT-1001 : End pin optimization;  1.603680s wall, 1.609375s user + 0.000000s system = 1.609375s CPU (100.4%)

OPT-1001 : Current memory(MB): used = 1582, reserved = 1567, peak = 1582.
OPT-1001 : End Stage 3.2.5 | Swap Pins; Time: 1.734685s wall, 1.734375s user + 0.000000s system = 1.734375s CPU (100.0%); Memory(MB): used = 1582, reserved = 1567, peak = 1582;

OPT-1001 : Stage 3.2.6 | Optimize Beeline
OPT-1001 : Start beeline optimization...
OPT-1001 : Start: SWNS 2372 STNS 0 NUM_FEPS 0
PHY-1001 : Beeline DP, 999 out of 6008 (16.63)%; hop = 1348.
PHY-1001 : Beeline DP, 475 out of 5351 (8.88)%; hop = 640.
PHY-1001 : Beeline DP, 310 out of 5150 (6.02)%; hop = 420.
PHY-1001 : Beeline DP, 235 out of 5048 (4.66)%; hop = 317.
PHY-1001 : Beeline DP, 186 out of 4997 (3.72)%; hop = 251.
PHY-1001 : Beeline optimization intraPLB, 3132 1-hop(45.35%), 2622 2-hop(37.96%), 488 3-hop( 7.07%), 665 others ( 9.63%)
PHY-1001 :  6.849333s wall, 6.718750s user + 0.031250s system = 6.750000s CPU (98.5%)

RUN-1001 : Beeline optimization outerPLB: 1-hop 2364, 2-hop 4138, 3-hop 2201, 4-hop 735, other 2118 
OPT-1001 : End beeline optimization;  7.357008s wall, 7.218750s user + 0.031250s system = 7.250000s CPU (98.5%)

OPT-1001 : Update timing in Manhattan mode
OPT-1001 : End timing update;  1.089093s wall, 1.093750s user + 0.000000s system = 1.093750s CPU (100.4%)

OPT-1001 : End Stage 3.2.6 | Optimize Beeline; Time: 8.673493s wall, 8.515625s user + 0.031250s system = 8.546875s CPU (98.5%); Memory(MB): used = 1582, reserved = 1567, peak = 1582;

OPT-0007 : End flow postpack: SWNS 2372 STNS 0 NUM_FEPS 0
RUN-1001 : Generating global routing grids ...
PHY-1001 : Generate routing nets ...
PHY-1001 : Reuse net number 18325/20973.
PHY-1001 : Global iterations in 32 thread ...
PHY-1002 : len = 2.09552e+06, over cnt = 670(0%), over = 935, worst = 7
PHY-1002 : len = 2.11138e+06, over cnt = 380(0%), over = 485, worst = 5
PHY-1002 : len = 2.12464e+06, over cnt = 147(0%), over = 196, worst = 4
PHY-1002 : len = 2.12922e+06, over cnt = 32(0%), over = 46, worst = 4
PHY-1002 : len = 2.13059e+06, over cnt = 0(0%), over = 0, worst = 0
PHY-1001 : End global iterations;  0.536028s wall, 0.671875s user + 0.000000s system = 0.671875s CPU (125.3%)

PHY-1001 : Congestion index:
PHY-1001 : top1  = 79.67(S 60.46, N 61.12, E 77.38, W 72.20, I 65.65, O 74.01)
PHY-1001 : top5  = 69.18(S 47.38, N 52.68, E 63.67, W 60.13, I 56.62, O 62.29)
PHY-1001 : top10 = 63.34(S 41.79, N 47.96, E 56.01, W 53.50, I 51.43, O 56.35)
PHY-1001 : top15 = 59.51(S 38.24, N 44.57, E 51.23, W 49.18, I 48.14, O 52.59)
RUN-1001 : QoR Analysis:
OPT-0007 :   SWNS 2372 STNS 0 NUM_FEPS 0
RUN-1001 :   No local congestion issue, and most congested 1% tile average routing util is 79.500000
RUN-1001 :   Top critical paths
RUN-1001 :       #1 path slack 2372ps with logic level 11 
RUN-1001 :       #2 path slack 2407ps with logic level 11 
RUN-1001 :       #3 path slack 2423ps with logic level 8 
OPT-1001 : End physical optimization;  32.237911s wall, 32.578125s user + 0.156250s system = 32.734375s CPU (101.5%)

PHY-1001 : End Stage 3.2 | Optimize Design; Time: 32.238048s wall, 32.578125s user + 0.156250s system = 32.734375s CPU (101.5%); Memory(MB): used = 1582, reserved = 1567, peak = 1582;

RUN-1001 : Report Control nets information:
RUN-1001 : DFF Distribution
RUN-1001 : -------------------------------------
RUN-1001 :   CE   |  SSR  |  ASR  |  DFF Count  
RUN-1001 : -------------------------------------
RUN-1001 :   No   |  No   |  No   |     224     
RUN-1001 :   No   |  No   |  Yes  |      0      
RUN-1001 :   No   |  Yes  |  No   |      0      
RUN-1001 :   Yes  |  No   |  No   |    6886     
RUN-1001 :   Yes  |  No   |  Yes  |    7339     
RUN-1001 :   Yes  |  Yes  |  No   |     363     
RUN-1001 : -------------------------------------
RUN-1001 : Control Group Statistic
RUN-1001 : -----------------------------
RUN-1001 :   #CLK  |  #CE  |  #SSR/ASR  
RUN-1001 : -----------------------------
RUN-1001 :    10   |  392  |     31     
RUN-1001 : -----------------------------
RUN-0007 : Control Set = 468
PHY-1001 : End Stage 3 | Detailed Placement; Time: 47.536316s wall, 49.859375s user + 0.234375s system = 50.093750s CPU (105.4%); Memory(MB): used = 1582, reserved = 1567, peak = 1582;

PHY-1001 : Populate physical database on model design_top_wrapper.
PHY-1001 : Stage 4 | Optimize Design
PHY-3001 : Start incremental legalization ...
PHY-1001 : Populate physical database on model design_top_wrapper.
PHY-1001 : Processing 2 clock pins of DDR instance u_ph1p35_324_ddr_wrapper/u_ddr2/ph1p_ddrmc_wrapper/ph1p_ddrmc_top/u_ddr_phy/u_ddrphy_top/u_ddrphy/ac_byte[0]$ac_byte_used$u_ddrphy_ac_byte_wrapper/u_ddrphy_byte, location = x0y70z0.
PHY-1001 :   Placed ioclk instance u_ph1p35_324_ddr_wrapper/u_ddr2/ph1p_ddrmc_wrapper/ph1p_ddrmc_top/u_ddr_phy/u_ddrphy_top/u_ddrphy_clk/ioclk[0]$u_ioclk_1, location = x0y59z1.
PHY-1001 :   Placed ioclk instance u_ph1p35_324_ddr_wrapper/u_ddr2/ph1p_ddrmc_wrapper/ph1p_ddrmc_top/u_ddr_phy/u_ddrphy_top/u_ddrphy_clk/ioclk[0]$u_ioclk_0, location = x0y59z0.
PHY-1001 : Processing 2 clock pins of DDR instance u_ph1p35_324_ddr_wrapper/u_ddr2/ph1p_ddrmc_wrapper/ph1p_ddrmc_top/u_ddr_phy/u_ddrphy_top/u_ddrphy/ac_byte[1]$ac_byte_used$u_ddrphy_ac_byte_wrapper/u_ddrphy_byte, location = x0y60z0.
PHY-1001 :   Placed ioclk instance u_ph1p35_324_ddr_wrapper/u_ddr2/ph1p_ddrmc_wrapper/ph1p_ddrmc_top/u_ddr_phy/u_ddrphy_top/u_ddrphy_clk/ioclk[0]$u_ioclk_1, location = x0y59z1.
PHY-1001 :   Placed ioclk instance u_ph1p35_324_ddr_wrapper/u_ddr2/ph1p_ddrmc_wrapper/ph1p_ddrmc_top/u_ddr_phy/u_ddrphy_top/u_ddrphy_clk/ioclk[0]$u_ioclk_0, location = x0y59z0.
PHY-1001 : Processing 2 clock pins of DDR instance u_ph1p35_324_ddr_wrapper/u_ddr2/ph1p_ddrmc_wrapper/ph1p_ddrmc_top/u_ddr_phy/u_ddrphy_top/u_ddrphy/ac_byte[2]$ac_byte_used$u_ddrphy_ac_byte_wrapper/u_ddrphy_byte, location = x0y50z0.
PHY-1001 :   Placed ioclk instance u_ph1p35_324_ddr_wrapper/u_ddr2/ph1p_ddrmc_wrapper/ph1p_ddrmc_top/u_ddr_phy/u_ddrphy_top/u_ddrphy_clk/ioclk[0]$u_ioclk_1, location = x0y59z1.
PHY-1001 :   Placed ioclk instance u_ph1p35_324_ddr_wrapper/u_ddr2/ph1p_ddrmc_wrapper/ph1p_ddrmc_top/u_ddr_phy/u_ddrphy_top/u_ddrphy_clk/ioclk[0]$u_ioclk_0, location = x0y59z0.
PHY-1001 : Processing 2 clock pins of DDR instance u_ph1p35_324_ddr_wrapper/u_ddr2/ph1p_ddrmc_wrapper/ph1p_ddrmc_top/u_ddr_phy/u_ddrphy_top/u_ddrphy/ac_byte[3]$ac_byte_used$u_ddrphy_ac_byte_wrapper/u_ddrphy_byte, location = x0y40z0.
PHY-1001 :   Placed ioclk instance u_ph1p35_324_ddr_wrapper/u_ddr2/ph1p_ddrmc_wrapper/ph1p_ddrmc_top/u_ddr_phy/u_ddrphy_top/u_ddrphy_clk/ioclk[0]$u_ioclk_1, location = x0y59z1.
PHY-1001 :   Placed ioclk instance u_ph1p35_324_ddr_wrapper/u_ddr2/ph1p_ddrmc_wrapper/ph1p_ddrmc_top/u_ddr_phy/u_ddrphy_top/u_ddrphy_clk/ioclk[0]$u_ioclk_0, location = x0y59z0.
PHY-1001 : Processing 2 clock pins of DDR instance u_ph1p35_324_ddr_wrapper/u_ddr2/ph1p_ddrmc_wrapper/ph1p_ddrmc_top/u_ddr_phy/u_ddrphy_top/u_ddrphy/dx_byte[0]$dx_byte_used$u_ddrphy_dx_byte_wrapper/u_ddrphy_byte, location = x0y30z0.
PHY-1001 :   Placed ioclk instance u_ph1p35_324_ddr_wrapper/u_ddr2/ph1p_ddrmc_wrapper/ph1p_ddrmc_top/u_ddr_phy/u_ddrphy_top/u_ddrphy_clk/ioclk[1]$u_ioclk_1, location = x0y19z1.
PHY-1001 :   Placed ioclk instance u_ph1p35_324_ddr_wrapper/u_ddr2/ph1p_ddrmc_wrapper/ph1p_ddrmc_top/u_ddr_phy/u_ddrphy_top/u_ddrphy_clk/ioclk[1]$u_ioclk_0, location = x0y19z0.
PHY-1001 : Processing 2 clock pins of DDR instance u_ph1p35_324_ddr_wrapper/u_ddr2/ph1p_ddrmc_wrapper/ph1p_ddrmc_top/u_ddr_phy/u_ddrphy_top/u_ddrphy/dx_byte[1]$dx_byte_used$u_ddrphy_dx_byte_wrapper/u_ddrphy_byte, location = x0y10z0.
PHY-1001 :   Placed ioclk instance u_ph1p35_324_ddr_wrapper/u_ddr2/ph1p_ddrmc_wrapper/ph1p_ddrmc_top/u_ddr_phy/u_ddrphy_top/u_ddrphy_clk/ioclk[1]$u_ioclk_1, location = x0y19z1.
PHY-1001 :   Placed ioclk instance u_ph1p35_324_ddr_wrapper/u_ddr2/ph1p_ddrmc_wrapper/ph1p_ddrmc_top/u_ddr_phy/u_ddrphy_top/u_ddrphy_clk/ioclk[1]$u_ioclk_0, location = x0y19z0.
PHY-3001 : Target density is 60%
PHY-3001 : Target density is 60%
PHY-3001 : Initial: Len = 1.62076e+06, Over = 0
PHY-1001 : Stage 4.1 | Spreading
PHY-3001 : Design contains 127 ce signals.
PHY-3001 : Spreading for sector grids.
PHY-3001 : Iter 1, total overflow: 0
PHY-3001 : tot_capacity: 24, usage_cnt: 12, movable_cnt: 17
PHY-3001 : Spreading for clock grids.
PHY-3001 : clock grid count for 24 x 4 grids
PHY-3001 : Spreading for plb grids.
PHY-3001 : total displace: 0, max displace: 0.
PHY-3001 : End spreading;  0.223929s wall, 0.218750s user + 0.000000s system = 0.218750s CPU (97.7%)

PHY-1001 : End Stage 4.1 | Spreading; Time: 0.223995s wall, 0.218750s user + 0.000000s system = 0.218750s CPU (97.7%); Memory(MB): used = 1582, reserved = 1567, peak = 1582;

PHY-3001 : Final: Len = 1.62076e+06, Over = 0
PHY-3001 : End incremental legalization;  0.458554s wall, 0.468750s user + 0.000000s system = 0.468750s CPU (102.2%)

RUN-1002 : start command "report_qor -step place -file place.qor"
RUN-1002 : start command "start_timer"
RUN-1003 : finish command "start_timer" in  1.550843s wall, 1.546875s user + 0.000000s system = 1.546875s CPU (99.7%)

RUN-1004 : used memory is 1582 MB, reserved memory is 1567 MB, peak memory is 1582 MB
RUN-1001 : Generating global routing grids ...
-----------------------------------------------------------
| QoR metrics               |         value               |
-----------------------------------------------------------
| Timing                    |                             |
|     Setup WNS             |         2372                |
|     Setup TNS             |            0                |
|     Num of violated S-EP  |            0                |
|     FMAX                  |   153.468MHz                |
|     SWNS path clock period |       8888ps                |
|     Hold WNS              |         -274                |
|     Hold TNS              |       -58448                |
|     Num of violated H-EP  |          534                |
-----------------------------------------------------------
| Routing Resource          |                             |
|     Wire length           |      1615416                |
|     Route Net Num         |        26724                |
|     DontRoute Net Num     |        11868                |
|     RouteSinks Num        |        87355                |
-----------------------------------------------------------
| Utilization               |                             |
|     #slices               |        16484                |
|     slices percentage     |       77.70%                |
|     #RAMs                 |           30                |
|     #DSPs                 |           21                |
|     #DRAMHARDCON          |           77                |
-----------------------------------------------------------
| Congestion                |                             |
|     Top 1% tile util      |           75                |
|     Top 1% tile avg util  |       79.50%                |
|     Over 100% util #tile  |            0                |
-----------------------------------------------------------
Report place stage QoR done.

RUN-1003 : finish command "report_qor -step place -file place.qor" in  3.148387s wall, 3.281250s user + 0.000000s system = 3.281250s CPU (104.2%)

RUN-1004 : used memory is 1582 MB, reserved memory is 1567 MB, peak memory is 1582 MB
PHY-1001 : End Stage 4 | Optimize Design; Time: 3.622064s wall, 3.765625s user + 0.000000s system = 3.765625s CPU (104.0%); Memory(MB): used = 1582, reserved = 1567, peak = 1582;

PHY-1001 : Stage 5 | DRC Check
PHY-1001 : Stage 5.1 | Slice Attributes Check
PHY-1035 : Redundant attributes/nets in slice detected. You can use tcl "check_slice_attr -verbose" to get full message.
PHY-1039 : Found 112 mslices getting no used reg attributes, eg: u_hdmi_tx/u_hdmi_1_4b_transmitter_core_wrapper/u_hdmi_tx_controller_wrapper/u_hdmi_video_data_assemble/S_island_guard_band_1d_syn_10.
PHY-1039 : Found 112 mslices getting no used ce attributes, eg: u_hdmi_tx/u_hdmi_1_4b_transmitter_core_wrapper/u_hdmi_tx_controller_wrapper/u_hdmi_video_data_assemble/S_island_guard_band_1d_syn_10.
PHY-1001 : End Stage 5.1 | Slice Attributes Check; Time: 0.040801s wall, 0.046875s user + 0.000000s system = 0.046875s CPU (114.9%); Memory(MB): used = 1582, reserved = 1567, peak = 1582;

PHY-1001 : Stage 5.2 | Clock Bound Check
PHY-1001 : Check pass.
PHY-1001 : End Stage 5.2 | Clock Bound Check; Time: 0.002170s wall, 0.000000s user + 0.000000s system = 0.000000s CPU (n/a%); Memory(MB): used = 1582, reserved = 1567, peak = 1582;

PHY-1001 : Stage 5.3 | Force Route Constraint Check
PHY-1001 : Check Pass.
PHY-1001 : End Stage 5.3 | Force Route Constraint Check; Time: 0.003424s wall, 0.000000s user + 0.000000s system = 0.000000s CPU (n/a%); Memory(MB): used = 1582, reserved = 1567, peak = 1582;

PHY-1001 : Stage 5.4 | Sigmap Check
PHY-1001 : Check pass.
PHY-1001 : End Stage 5.4 | Sigmap Check; Time: 0.072882s wall, 0.078125s user + 0.000000s system = 0.078125s CPU (107.2%); Memory(MB): used = 1582, reserved = 1567, peak = 1582;

PHY-1001 : Stage 5.5 | Duplicated SelfDriven Check
PHY-1001 : Check pass.
PHY-1001 : End Stage 5.5 | Duplicated SelfDriven Check; Time: 0.480709s wall, 0.484375s user + 0.000000s system = 0.484375s CPU (100.8%); Memory(MB): used = 1582, reserved = 1567, peak = 1582;

PHY-1001 : Stage 5.6 | Clock Rule Check
PHY-5088 WARNING: Clock_Analyzer: Detected 1 buffer(s) clkin net because they drive non-clock sinks. Run "analyze_clock -detail" for more infomation.
PHY-5088 WARNING: Clock_Analyzer: Detected 1 buffer(s) clkout net because they drive non-clock sinks. Run "analyze_clock -detail" for more infomation.
PHY-5088 WARNING: Clock_Analyzer: 3 clock-net(s) because they drive other clock net, may cause clock skew. Run "analyze_clock -detail" for more infomation.
PHY-1001 : End Stage 5.6 | Clock Rule Check; Time: 0.060478s wall, 0.062500s user + 0.000000s system = 0.062500s CPU (103.3%); Memory(MB): used = 1582, reserved = 1567, peak = 1582;

PHY-1001 : End Stage 5 | DRC Check; Time: 0.709869s wall, 0.718750s user + 0.000000s system = 0.718750s CPU (101.3%); Memory(MB): used = 1582, reserved = 1567, peak = 1582;

OPT-1001 : QoR tracer report on placement steps:
    SWNS [   incr ]    STNS [   incr ]    FEPS [   incr ]    CRIT [   incr ]      CELL [     incr ]        WL [     incr ]    CONG [   incr ]    PDES [   incr ]   RT(s) [   incr ]   MEM(mb) [     incr ]
       0 [      0 ]       0 [      0 ]       0 [      0 ]       0 [      0 ]     32191 [        0 ]         0 [        0 ]    0.00 [   0.00 ]       0 [      0 ]       0 [      0 ]      1237 [        0 ] : preplace:simplify_lut
       0 [      0 ]       0 [      0 ]       0 [      0 ]       0 [      0 ]     32191 [        0 ]         0 [        0 ]    0.00 [   0.00 ]       0 [      0 ]       0 [      0 ]      1237 [        0 ] : preplace:sweep
       0 [      0 ]       0 [      0 ]       0 [      0 ]       0 [      0 ]     32191 [        0 ]         0 [        0 ]    0.00 [   0.00 ]       0 [      0 ]       0 [      0 ]      1237 [        0 ] : preplace:lut_merge
       0 [      0 ]       0 [      0 ]       0 [      0 ]       0 [      0 ]     32191 [        0 ]         0 [        0 ]    0.00 [   0.00 ]       0 [      0 ]       0 [      0 ]      1237 [        0 ] : preplace:hfn_opt
    1797 [   1797 ]       0 [      0 ]       0 [      0 ]    4109 [   4109 ]     33977 [     1786 ]   1861421 [  1861421 ]    0.00 [   0.00 ]       0 [      0 ]       9 [      9 ]      1295 [       58 ] : step1_gp
    1797 [      0 ]       0 [      0 ]       0 [      0 ]    4135 [     26 ]     33977 [        0 ]   1880027 [    18606 ]    0.00 [   0.00 ]       0 [      0 ]      10 [      1 ]      1301 [        6 ] : step1_legal
    1797 [      0 ]       0 [      0 ]       0 [      0 ]    4136 [      1 ]     33977 [        0 ]   1855673 [   -24354 ]    0.00 [   0.00 ]       0 [      0 ]      11 [      1 ]      1304 [        3 ] : step1_dp
    1583 [   -214 ]       0 [      0 ]       0 [      0 ]    4268 [    132 ]     33977 [        0 ]   1411592 [  -444081 ]  205.92 [ 205.92 ]       0 [      0 ]      15 [      4 ]      1401 [       97 ] : step2_gp
    1583 [      0 ]       0 [      0 ]       0 [      0 ]    4268 [      0 ]     33977 [        0 ]   1407738 [    -3854 ]  205.92 [   0.00 ]       0 [      0 ]      16 [      1 ]      1405 [        4 ] : step2_dp
    1583 [      0 ]       0 [      0 ]       0 [      0 ]    4268 [      0 ]     33977 [        0 ]   1407738 [        0 ]  205.92 [   0.00 ]       0 [      0 ]      16 [      0 ]      1405 [        0 ] : prepack_spreading
    1737 [    154 ]       0 [      0 ]       0 [      0 ]    4355 [     87 ]     34109 [      132 ]   1279848 [  -127890 ]  171.11 [ -34.82 ]       0 [      0 ]      22 [      6 ]      1416 [       11 ] : prepack:hfn_opt
    1996 [    259 ]       0 [      0 ]       0 [      0 ]    4355 [      0 ]     34109 [        0 ]   1282261 [     2413 ]   86.47 [ -84.63 ]       0 [      0 ]      25 [      3 ]      1416 [        0 ] : prepack:global_opt
    1525 [   -471 ]       0 [      0 ]       0 [      0 ]    4395 [     40 ]     18486 [   -15623 ]   1794790 [   512529 ]   86.82 [   0.34 ]       0 [      0 ]      47 [     22 ]      1558 [      142 ] : direct_legalization
    1525 [      0 ]       0 [      0 ]       0 [      0 ]    4395 [      0 ]     18486 [        0 ]   1794790 [        0 ]   86.82 [   0.00 ]       0 [      0 ]      47 [      0 ]      1566 [        8 ] : post_pack_spreading
    1524 [     -1 ]       0 [      0 ]       0 [      0 ]    4570 [    175 ]     18486 [        0 ]   1563454 [  -231336 ]   81.18 [  -5.63 ]       0 [      0 ]      62 [     15 ]      1582 [       16 ] : post_pack_dp
    1524 [      0 ]       0 [      0 ]       0 [      0 ]    4581 [     11 ]     18457 [      -29 ]   1558910 [    -4544 ]   81.18 [   0.00 ]       0 [      0 ]      67 [      5 ]      1582 [        0 ] : postpack:optimize_equivalent_quick
    1524 [      0 ]       0 [      0 ]       0 [      0 ]    4580 [     -1 ]     18491 [       34 ]   1564620 [     5710 ]   81.18 [   0.00 ]       0 [      0 ]      69 [      2 ]      1582 [        0 ] : postpack:hfn_opt
    2110 [    586 ]       0 [      0 ]       0 [      0 ]    4576 [     -4 ]     18531 [       40 ]   1575778 [    11158 ]   80.16 [  -1.03 ]       0 [      0 ]      78 [      9 ]      1582 [        0 ] : postpack:path_opt
    2110 [      0 ]       0 [      0 ]       0 [      0 ]    4431 [   -145 ]     18519 [      -12 ]   1572449 [    -3329 ]   80.16 [   0.00 ]       0 [      0 ]      83 [      5 ]      1582 [        0 ] : postpack:optimize_equivalent
    2372 [    262 ]       0 [      0 ]       0 [      0 ]    4968 [    537 ]     18519 [        0 ]   1572449 [        0 ]   80.16 [   0.00 ]       0 [      0 ]      85 [      2 ]      1582 [        0 ] : postpack:pin_opt
    2372 [      0 ]       0 [      0 ]       0 [      0 ]    4927 [    -41 ]     18519 [        0 ]   1621053 [    48604 ]   80.16 [   0.00 ]       0 [      0 ]      93 [      8 ]      1582 [        0 ] : postpack:beeline_opt

RUN-1003 : finish command "place" in  99.376643s wall, 324.281250s user + 8.328125s system = 332.609375s CPU (334.7%)

RUN-1004 : used memory is 1582 MB, reserved memory is 1567 MB, peak memory is 1582 MB
RUN-1002 : start command "update_timing -mode manhattan"
RUN-1002 : start command "start_timer"
RUN-1003 : finish command "start_timer" in  1.551004s wall, 1.515625s user + 0.015625s system = 1.531250s CPU (98.7%)

RUN-1004 : used memory is 1582 MB, reserved memory is 1567 MB, peak memory is 1582 MB
RUN-1003 : finish command "update_timing -mode manhattan" in  2.541992s wall, 2.515625s user + 0.015625s system = 2.531250s CPU (99.6%)

RUN-1004 : used memory is 1582 MB, reserved memory is 1567 MB, peak memory is 1582 MB
RUN-1002 : start command "report_timing_summary -file traffic_sign_td_place.timing"
RUN-1002 : start command "report_area -io_info -file traffic_sign_td_phy.area"
SYN-4034 : The count of slices with lut is 10290.
SYN-4035 : The count of slices with lut+ripple is 3388.
RUN-1001 : standard
***Report Model: design_top_wrapper Device: PH1P35MDG324***

Design Statistics
#IO                        58   out of    160   36.25%
  #input                    2
  #output                  31
  #inout                   25
#lut6                   14406   out of  21216   67.90%
#reg                    14588
  #slice reg            14588   out of  42432   34.38%
  #pad reg                  0

Utilization Statistics
#slice                  16484   out of  21216   77.70%
  #used ram               728
    #dram lut             616
    #shifter lut          112
  #used logic           15756
    #with luts          10290
    #with adder          3388
    #reg only            2078
#f7mux                      0   out of  10608    0.00%
#f8mux                      0   out of   5304    0.00%
#eram                      30   out of    108   27.78%
  #eram20k                 30
  #fifo20k                  0
#dsp                       21   out of     40   52.50%
#ddr_byte                   6   out of     12   50.00%
#mipi_tx                    0   out of      2    0.00%
#mipi_rx                    1   out of      2   50.00%
#pad                       17   out of    160   10.62%
#pll                        3   out of      6   50.00%
#gclk                       9   out of     32   28.12%
#lclk                       0   out of     12    0.00%
#sclk                       0   out of     48    0.00%
#mlclk                      2   out of      6   33.33%
#ioclk                      4   out of     18   22.22%

RUN-1002 : start command "flow_status -file place_flow.status"
Location         : D:\anlu\rtl\traffic_sign_td\td_project\traffic_sign_td_Runs\syn_2
Running with     : Tang Dynasty v6.2.168116
                   Copyright (c) 2012-2025 Anlogic Inc.
Top Model        : design_top_wrapper
Device           : PH1P35MDG324
Speed            : 3

Timing Mode      : manhattan
Setup            : WNS  2372ps  TNS        0ps  NUM_FEPS     0
Hold             : WNS  -274ps  TNS   -58448ps  NUM_FEPS   534

Flow Statistics  :
RUN-1001 : Flow Statistics:
RUN-1001 : ---------------------------------------------------------------------------------------------------
RUN-1001 :      command     |  #calls  |  wall time   |  cpu time(s)  |  used memory(mb)  |  peak memory(mb)  
RUN-1001 : ---------------------------------------------------------------------------------------------------
RUN-1001 :   optimize_rtl   |    1     |  2m14s(40%)  |   131(23%)    |       1025        |       1078        
RUN-1001 :       place      |    1     |  1m39s(29%)  |   332(59%)    |       1582        |       1582        
RUN-1001 :   optimize_gate  |    1     |  1m37s(29%)  |    94(16%)    |       1215        |       1215        
RUN-1001 :   import_device  |    1     |    1s(0%)    |     1(0%)     |        324        |        324        
RUN-1001 :     read_adc     |    1     |    0s(0%)    |     0(0%)     |        850        |        851        
RUN-1001 :     read_sdc     |    3     |    0s(0%)    |     0(0%)     |        845        |        851        
RUN-1001 : ---------------------------------------------------------------------------------------------------
RUN-1001 :       total      |    8     |    5m31s     |      558      |       1582        |       1582        
RUN-1001 : ---------------------------------------------------------------------------------------------------
RUN-1002 : start command "export_db traffic_sign_td_place.db"
RUN-1001 : Exported flow parameters
RUN-1001 : Exported /
RUN-1001 : Exported libs
RUN-1001 : Exported entities
RUN-1001 : Exported ports
RUN-1001 : Exported pins
RUN-1001 : Exported instances
RUN-1001 : Exported nets
RUN-1001 : Exported buses
RUN-1001 : Exported models
RUN-1001 : Exported phy database
RUN-1001 : Exported packer
RUN-1001 : Exported congestions
RUN-1001 : Exported violations
RUN-1001 : Exported ATMR Setting
RUN-1001 : Exported timing constraints
RUN-1001 : Exported IO constraints
RUN-1001 : Exported Inst constraints
RUN-1001 : Exported ChipWatcher
RUN-1002 : start command "commit_param -step route"
RUN-1001 : Print Global Property
RUN-1001 : -------------------------------------------------------------
RUN-1001 :     Parameters    |   Settings   |  Default Values  |  Note  
RUN-1001 : -------------------------------------------------------------
RUN-1001 :    enable_seed    |     off      |       off        |        
RUN-1001 :    hfn_to_clock   |  1000000000  |    1000000000    |        
RUN-1001 :      message      |   standard   |     standard     |        
RUN-1001 :    qor_monitor    |      on      |        on        |        
RUN-1001 :   speedup_effort  |      0       |        0         |        
RUN-1001 :    syn_ip_flow    |     off      |       off        |        
RUN-1001 :       thread      |     auto     |       auto       |        
RUN-1001 : -------------------------------------------------------------
RUN-1001 : Print Route Property
RUN-1001 : ---------------------------------------------------------------
RUN-1001 :       Parameters      |  Settings  |  Default Values  |  Note  
RUN-1001 : ---------------------------------------------------------------
RUN-1001 :         effort        |   normal   |      normal      |        
RUN-1001 :        fix_hold       |     on     |        on        |        
RUN-1001 :   hold_fix_iteration  |     5      |        5         |        
RUN-1001 :     post_route_opt    |    auto    |       auto       |        
RUN-1001 :         timing        |     on     |        on        |        
RUN-1001 : ---------------------------------------------------------------
RUN-1002 : start command "route"
RUN-1001 : Open license file D:/Anlogic/TD_6.2.1_Engineer_6.2.168.116/license/Anlogic.lic
PHY-1001 : Reconnected 29 VDD pins with routing demanding
PHY-1001 : Populate physical database on model design_top_wrapper.
RUN-1001 : Dedicate pll clock connection statistics:
RUN-1001 : Clock Region s_1_l [0,40][23,79]; Utilization: 1 out of 12
RUN-1001 : ----------------------------------------------------------------------------------------------------------------------------------------------------------------------------------------------------------------------------------
RUN-1001 :   Index  |                                    Leading Clock                                     |                                                          Special Sink                                                           
RUN-1001 : ----------------------------------------------------------------------------------------------------------------------------------------------------------------------------------------------------------------------------------
RUN-1001 :     1    |  u_ph1p35_324_ddr_wrapper/u_ddr2/ph1p_ddrmc_wrapper/ph1p_ddrmc_top/u_alc_mc_top/clk  |  u_ph1p35_324_ddr_wrapper/u_ddr2/ph1p_ddrmc_wrapper/ph1p_ddrmc_top/u_ddr_phy/u_ddrphy_top/u_ddrphy_clk/u_pll1/u_pll_inst.fbclk  
RUN-1001 : ----------------------------------------------------------------------------------------------------------------------------------------------------------------------------------------------------------------------------------
RUN-1001 : Clock Region s_1_r [24,40][43,79]; Utilization: 1 out of 12
RUN-1001 : -----------------------------------------------------------------------------------------------------------------------------------------------------------------------
RUN-1001 :   Index  |                                     Leading Clock                                     |                            Special Sink                             
RUN-1001 : -----------------------------------------------------------------------------------------------------------------------------------------------------------------------
RUN-1001 :     1    |  u_mipi_dphy_rx_ph1p_mipiio_wrapper/u_ph1p_mipiio_rx_wrapper/u_lane0_hs_detect/I_clk  |  u_PLL/ph1p_phy_pll_wrapper_25a56e5ce2f9_Inst/u_PH1P_PHY_PLL.fbclk  
RUN-1001 : -----------------------------------------------------------------------------------------------------------------------------------------------------------------------
PHY-1001 : Working orders of clock nets being processed in bank assignment:
PHY-1001 : u_ph1p35_324_ddr_wrapper/u_ddr2/ph1p_ddrmc_wrapper/ph1p_ddrmc_top/u_alc_mc_top/clk;
PHY-1001 : u_mipi_dphy_rx_ph1p_mipiio_wrapper/u_ph1p_mipiio_rx_wrapper/u_lane0_hs_detect/I_clk;
PHY-1001 : u_isp_top/u_demosaic/raw_matrix_3x3_buffer_d/zhenghe_d/blk_mem_gen_zhenghe_d1/ram_d32970204f32_Inst/clkb;
PHY-1001 : u_hdmi_mixer/I_clk_syn_652;
PHY-1001 : I_sys_clk_syn_8;
PHY-1001 : O_cam_24m_syn_3;
PHY-1001 : u_hdmi_tx/u_hdmi2phy_wrapper/u0_lane_lvds_8_1/I_serial_clk_syn_1;
PHY-1001 : u_ph1p35_324_ddr_wrapper/u_ddr2/ph1p_ddrmc_wrapper/ph1p_ddrmc_top/u_ddr_phy/u_ddrphy_top/u_ddrphy/apb_pclk_syn_1;
PHY-1001 : u_uicfgcs500/uii2c_inst/scl_clk_syn_9;
PHY-1001 : Internal bound Intnl_0_0_25_40 is being created by clock u_ph1p35_324_ddr_wrapper/u_ddr2/usr_clk through SCLK.
PHY-1001 : Internal bound Intnl_25_0_23_40 is being created by clock MIPI_RX_BYTE_CLK through SCLK.
PHY-1001 : Internal bound Intnl_0_40_25_40 is being created by clock u_ph1p35_324_ddr_wrapper/u_ddr2/usr_clk through SCLK.
PHY-1001 : Internal bound Intnl_25_40_19_40 is being created by clock MIPI_RX_BYTE_CLK through SCLK.
RUN-1001 : Clock region assignment statistics:
RUN-1001 : Clock Region s_0_l [0,0][23,39]; Utilization: 7 out of 12
RUN-1001 : ----------------------------------------------------------------------------------------------------------------------------------------------------------------------------------------------------------------------------------------------------------------------------------------------------------------------------------------
RUN-1001 :   Bank  |                                                   Leading Clock                                                    |       Type        |                                                                          Buffer                                                                           |  Regional Clock Fanouts  
RUN-1001 : ----------------------------------------------------------------------------------------------------------------------------------------------------------------------------------------------------------------------------------------------------------------------------------------------------------------------------------------
RUN-1001 :    1    |                 u_ph1p35_324_ddr_wrapper/u_ddr2/ph1p_ddrmc_wrapper/ph1p_ddrmc_top/u_alc_mc_top/clk                 |  (infered sclk)   |   u_ph1p35_324_ddr_wrapper/u_ddr2/ph1p_ddrmc_wrapper/ph1p_ddrmc_top/u_ddr_phy/u_ddrphy_top/u_ddrphy_clk/u_pll1/u_bufg_fbclk_auto_created_sclk_s_0_l_bk1   |           1790           
RUN-1001 :    2    |      u_isp_top/u_demosaic/raw_matrix_3x3_buffer_d/zhenghe_d/blk_mem_gen_zhenghe_d1/ram_d32970204f32_Inst/clkb      |  (infered sclk)   |                           u_mipi_dphy_rx_ph1p_mipiio_wrapper/u_ph1p_mipiio_rx_wrapper/bufg_feedback_auto_created_sclk_s_0_l_bk2                           |           1071           
RUN-1001 :    3    |                                             u_hdmi_mixer/I_clk_syn_652                                             |  (infered sclk)   |                                              u_hdmi_mixer/I_clk_created_gclkinst_auto_created_sclk_s_0_l_bk3                                              |           110            
RUN-1001 :    4    |                                                  I_sys_clk_syn_8                                                   |  (infered sclk)   |                                               I_sys_clk_dup_6_created_gclkinst_auto_created_sclk_s_0_l_bk4                                                |            87            
RUN-1001 :    5    |                                                  O_cam_24m_syn_3                                                   |  (infered sclk)   |                                               O_cam_24m_dup_1_created_gclkinst_auto_created_sclk_s_0_l_bk5                                                |            55            
RUN-1001 :    6    |                                       u_uicfgcs500/uii2c_inst/scl_clk_syn_9                                        |  (infered sclk)   |                                       u_uicfgcs500/uii2c_inst/scl_clk_created_gclkinst_auto_created_sclk_s_0_l_bk6                                        |            15            
RUN-1001 :    7    |  u_ph1p35_324_ddr_wrapper/u_ddr2/ph1p_ddrmc_wrapper/ph1p_ddrmc_top/u_ddr_phy/u_ddrphy_top/u_ddrphy/apb_pclk_syn_1  |  (infered sclk)   |  u_ph1p35_324_ddr_wrapper/u_ddr2/ph1p_ddrmc_wrapper/ph1p_ddrmc_top/u_ddr_phy/u_ddrphy_top/u_ddrphy/apb_pclk_created_gclkinst_auto_created_sclk_s_0_l_bk7  |            3             
RUN-1001 : ----------------------------------------------------------------------------------------------------------------------------------------------------------------------------------------------------------------------------------------------------------------------------------------------------------------------------------------
RUN-1001 : Clock Region s_0_r [24,0][47,39]; Utilization: 5 out of 12
RUN-1001 : ------------------------------------------------------------------------------------------------------------------------------------------------------------------------------------------------------------------------------------------------------------------------------------------------------------------------------
RUN-1001 :   Bank  |                                               Leading Clock                                                |       Type        |                                                                         Buffer                                                                          |  Regional Clock Fanouts  
RUN-1001 : ------------------------------------------------------------------------------------------------------------------------------------------------------------------------------------------------------------------------------------------------------------------------------------------------------------------------------
RUN-1001 :    1    |  u_isp_top/u_demosaic/raw_matrix_3x3_buffer_d/zhenghe_d/blk_mem_gen_zhenghe_d1/ram_d32970204f32_Inst/clkb  |  (infered sclk)   |                          u_mipi_dphy_rx_ph1p_mipiio_wrapper/u_ph1p_mipiio_rx_wrapper/bufg_feedback_auto_created_sclk_s_0_r_bk1                          |           1165           
RUN-1001 :    2    |                                         u_hdmi_mixer/I_clk_syn_652                                         |  (infered sclk)   |                                             u_hdmi_mixer/I_clk_created_gclkinst_auto_created_sclk_s_0_r_bk2                                             |           145            
RUN-1001 :    3    |             u_ph1p35_324_ddr_wrapper/u_ddr2/ph1p_ddrmc_wrapper/ph1p_ddrmc_top/u_alc_mc_top/clk             |  (infered sclk)   |  u_ph1p35_324_ddr_wrapper/u_ddr2/ph1p_ddrmc_wrapper/ph1p_ddrmc_top/u_ddr_phy/u_ddrphy_top/u_ddrphy_clk/u_pll1/u_bufg_fbclk_auto_created_sclk_s_0_r_bk3  |            27            
RUN-1001 :    4    |                                              O_cam_24m_syn_3                                               |  (infered sclk)   |                                              O_cam_24m_dup_1_created_gclkinst_auto_created_sclk_s_0_r_bk4                                               |            12            
RUN-1001 :    5    |            u_mipi_dphy_rx_ph1p_mipiio_wrapper/u_ph1p_mipiio_rx_wrapper/u_lane0_hs_detect/I_clk             |  (infered sclk)   |                                                     u_PLL/bufg_feedback_auto_created_sclk_s_0_r_bk5                                                     |            7             
RUN-1001 : ------------------------------------------------------------------------------------------------------------------------------------------------------------------------------------------------------------------------------------------------------------------------------------------------------------------------------
RUN-1001 : Clock Region s_1_l [0,40][23,79]; Utilization: 3 out of 12
RUN-1001 : ----------------------------------------------------------------------------------------------------------------------------------------------------------------------------------------------------------------------------------------------------------------------------------------------------------------------------------------
RUN-1001 :   Bank  |                                                   Leading Clock                                                    |       Type        |                                                                          Buffer                                                                           |  Regional Clock Fanouts  
RUN-1001 : ----------------------------------------------------------------------------------------------------------------------------------------------------------------------------------------------------------------------------------------------------------------------------------------------------------------------------------------
RUN-1001 :    1    |                 u_ph1p35_324_ddr_wrapper/u_ddr2/ph1p_ddrmc_wrapper/ph1p_ddrmc_top/u_alc_mc_top/clk                 |  (infered sclk)   |   u_ph1p35_324_ddr_wrapper/u_ddr2/ph1p_ddrmc_wrapper/ph1p_ddrmc_top/u_ddr_phy/u_ddrphy_top/u_ddrphy_clk/u_pll1/u_bufg_fbclk_auto_created_sclk_s_1_l_bk1   |           349            
RUN-1001 :    2    |      u_isp_top/u_demosaic/raw_matrix_3x3_buffer_d/zhenghe_d/blk_mem_gen_zhenghe_d1/ram_d32970204f32_Inst/clkb      |  (infered sclk)   |                           u_mipi_dphy_rx_ph1p_mipiio_wrapper/u_ph1p_mipiio_rx_wrapper/bufg_feedback_auto_created_sclk_s_1_l_bk2                           |           1854           
RUN-1001 :    3    |  u_ph1p35_324_ddr_wrapper/u_ddr2/ph1p_ddrmc_wrapper/ph1p_ddrmc_top/u_ddr_phy/u_ddrphy_top/u_ddrphy/apb_pclk_syn_1  |  (infered sclk)   |  u_ph1p35_324_ddr_wrapper/u_ddr2/ph1p_ddrmc_wrapper/ph1p_ddrmc_top/u_ddr_phy/u_ddrphy_top/u_ddrphy/apb_pclk_created_gclkinst_auto_created_sclk_s_1_l_bk3  |            26            
RUN-1001 : ----------------------------------------------------------------------------------------------------------------------------------------------------------------------------------------------------------------------------------------------------------------------------------------------------------------------------------------
RUN-1001 : Clock Region s_1_r [24,40][43,79]; Utilization: 5 out of 12
RUN-1001 : ------------------------------------------------------------------------------------------------------------------------------------------------------------------------------------------------------------------------------------------------------------------------------------------------------------------------------
RUN-1001 :   Bank  |                                               Leading Clock                                                |       Type        |                                                                         Buffer                                                                          |  Regional Clock Fanouts  
RUN-1001 : ------------------------------------------------------------------------------------------------------------------------------------------------------------------------------------------------------------------------------------------------------------------------------------------------------------------------------
RUN-1001 :    1    |            u_mipi_dphy_rx_ph1p_mipiio_wrapper/u_ph1p_mipiio_rx_wrapper/u_lane0_hs_detect/I_clk             |  (infered sclk)   |                                                     u_PLL/bufg_feedback_auto_created_sclk_s_1_r_bk1                                                     |            1             
RUN-1001 :    2    |  u_isp_top/u_demosaic/raw_matrix_3x3_buffer_d/zhenghe_d/blk_mem_gen_zhenghe_d1/ram_d32970204f32_Inst/clkb  |  (infered sclk)   |                          u_mipi_dphy_rx_ph1p_mipiio_wrapper/u_ph1p_mipiio_rx_wrapper/bufg_feedback_auto_created_sclk_s_1_r_bk2                          |           1293           
RUN-1001 :    3    |                                         u_hdmi_mixer/I_clk_syn_652                                         |  (infered sclk)   |                                             u_hdmi_mixer/I_clk_created_gclkinst_auto_created_sclk_s_1_r_bk3                                             |           689            
RUN-1001 :    4    |                      u_hdmi_tx/u_hdmi2phy_wrapper/u0_lane_lvds_8_1/I_serial_clk_syn_1                      |  (infered sclk)   |                         u_hdmi_tx/u_hdmi2phy_wrapper/u0_lane_lvds_8_1/I_serial_clk_created_gclkinst_auto_created_sclk_s_1_r_bk4                         |            37            
RUN-1001 :    5    |             u_ph1p35_324_ddr_wrapper/u_ddr2/ph1p_ddrmc_wrapper/ph1p_ddrmc_top/u_alc_mc_top/clk             |  (infered sclk)   |  u_ph1p35_324_ddr_wrapper/u_ddr2/ph1p_ddrmc_wrapper/ph1p_ddrmc_top/u_ddr_phy/u_ddrphy_top/u_ddrphy_clk/u_pll1/u_bufg_fbclk_auto_created_sclk_s_1_r_bk5  |            8             
RUN-1001 : ------------------------------------------------------------------------------------------------------------------------------------------------------------------------------------------------------------------------------------------------------------------------------------------------------------------------------
PHY-1001 : Populate physical database on model design_top_wrapper.
PHY-1001 : Route runs in 32 thread(s)
RUN-1001 : There are total 17161 instances
RUN-1001 : 728 mslices, 15756 lslices, 54 pads, 30 brams, 21 dsps
RUN-1001 : There are total 39031 nets
RUN-1001 : 25617 nets have 2 pins
RUN-1001 : 10108 nets have [3 - 5] pins
RUN-1001 : 2371 nets have [6 - 10] pins
RUN-1001 : 591 nets have [11 - 20] pins
RUN-1001 : 273 nets have [21 - 99] pins
RUN-1001 : 71 nets have 100+ pins
RUN-1002 : start command "start_timer"
RUN-1003 : finish command "start_timer" in  2.341605s wall, 2.328125s user + 0.000000s system = 2.328125s CPU (99.4%)

RUN-1004 : used memory is 1607 MB, reserved memory is 1687 MB, peak memory is 1607 MB
PHY-1001 : 728 mslices, 15756 lslices, 54 pads, 30 brams, 21 dsps

PHY-1001 : Stage 1 | Global Routing
PHY-1001 : Start global routing, caller is route ...
RUN-1001 : Generating global routing grids ...
PHY-1001 : Generate routing nets ...
RUN-1001 : Generate nets statistics:
RUN-1001 : ----------------------------
RUN-1001 :        Type       |  Nets   
RUN-1001 : ----------------------------
RUN-1001 :   TotalRouteNets  |  26744  
RUN-1001 :   DontRouteNets   |  5771   
RUN-1001 :     RouteNets     |  20973  
RUN-1001 :     RouteSinks    |  43349  
RUN-1001 : ----------------------------
PHY-1001 : Global iterations in 32 thread ...
PHY-1002 : len = 1.87504e+06, over cnt = 2586(3%), over = 5120, worst = 9
PHY-1002 : len = 1.97187e+06, over cnt = 1594(2%), over = 2742, worst = 9
PHY-1002 : len = 2.0488e+06, over cnt = 668(0%), over = 1158, worst = 9
PHY-1002 : len = 2.08493e+06, over cnt = 50(0%), over = 79, worst = 4
PHY-1002 : len = 2.08733e+06, over cnt = 0(0%), over = 0, worst = 0
PHY-1001 : End global iterations;  1.524493s wall, 2.375000s user + 0.000000s system = 2.375000s CPU (155.8%)

PHY-1001 : Congestion index:
PHY-1001 : top1  = 78.89(S 59.78, N 62.03, E 76.81, W 71.05, I 71.74, O 81.58)
PHY-1001 : top5  = 68.63(S 47.01, N 53.09, E 63.72, W 59.26, I 58.15, O 63.75)
PHY-1001 : top10 = 63.21(S 41.30, N 48.04, E 56.17, W 52.60, I 52.28, O 57.05)
PHY-1001 : top15 = 59.51(S 37.68, N 44.64, E 51.23, W 48.22, I 48.75, O 53.05)
PHY-1001 : End global routing;  1.819577s wall, 2.671875s user + 0.000000s system = 2.671875s CPU (146.8%)

PHY-1001 : End Stage 1 | Global Routing; Time: 1.819621s wall, 2.671875s user + 0.000000s system = 2.671875s CPU (146.8%); Memory(MB): used = 1613, reserved = 1598, peak = 1621;

PHY-1001 : Stage 2 | Detail Routing
PHY-1001 : Stage 2.1 | Build Routing Design
PHY-1001 : Routing in high effort: false
PHY-1001 : Routing Mode: normal
PHY-1001 : Generate detailed routing grids ...
RUN-1001 : Constructing routing connections ...
PHY-1001 : End build routing graph; 1.990483s wall, 17.546875s user + 0.093750s system = 17.640625s CPU (886.2%)

PHY-1001 : Generate nets ...
RUN-1001 : Generate nets statistics:
RUN-1001 : ------------------------------
RUN-1001 :         Type        |  Nets   
RUN-1001 : ------------------------------
RUN-1001 :        Route        |  27164  
RUN-1001 :      DontRoute      |  11867  
RUN-1001 :      RouteSinks     |  89680  
RUN-1001 :   RouteEntitySinks  |    0    
RUN-1001 :       Lut2Dff       |    0    
RUN-1001 :       Ram2Dff       |    0    
RUN-1001 :      Carry2Dff      |    0    
RUN-1001 : ------------------------------
RUN-1001 : DR clock net summary:
RUN-1001 : ---------------------------------------------------------------------------------------------------------------------------------------------------
RUN-1001 :   Net Idx  |                                                        Net Name                                                        |  Clock Type  
RUN-1001 : ---------------------------------------------------------------------------------------------------------------------------------------------------
RUN-1001 :      1     |                                                    I_sys_clk_dup_6                                                     |    Normal    
RUN-1001 :      2     |                                                    I_sys_clk_syn_8                                                     |    Normal    
RUN-1001 :      3     |                                                    O_cam_24m_dup_1                                                     |    Normal    
RUN-1001 :      4     |                                                    O_cam_24m_syn_3                                                     |    Normal    
RUN-1001 :      5     |                                                     u_PLL/clk0_buf                                                     |    Normal    
RUN-1001 :      6     |                                                   u_hdmi_mixer/I_clk                                                   |    Normal    
RUN-1001 :      7     |                                               u_hdmi_mixer/I_clk_syn_652                                               |    Normal    
RUN-1001 :      8     |                               u_hdmi_tx/u_hdmi2phy_wrapper/u0_lane_lvds_8_1/I_serial_clk                               |    Normal    
RUN-1001 :      9     |                            u_hdmi_tx/u_hdmi2phy_wrapper/u0_lane_lvds_8_1/I_serial_clk_syn_1                            |    Normal    
RUN-1001 :     10     |        u_isp_top/u_demosaic/raw_matrix_3x3_buffer_d/zhenghe_d/blk_mem_gen_zhenghe_d1/ram_d32970204f32_Inst/clkb        |    Normal    
RUN-1001 :     11     |                     u_mipi_dphy_rx_ph1p_mipiio_wrapper/u_ph1p_mipiio_rx_wrapper/S_mipiio_hs_rx_clk                     |    Normal    
RUN-1001 :     12     |                  u_mipi_dphy_rx_ph1p_mipiio_wrapper/u_ph1p_mipiio_rx_wrapper/u_lane0_hs_detect/I_clk                   |    Normal    
RUN-1001 :     13     |                   u_ph1p35_324_ddr_wrapper/u_ddr2/ph1p_ddrmc_wrapper/ph1p_ddrmc_top/u_alc_mc_top/clk                   |    Normal    
RUN-1001 :     14     |       u_ph1p35_324_ddr_wrapper/u_ddr2/ph1p_ddrmc_wrapper/ph1p_ddrmc_top/u_ddr_phy/u_ddrphy_top/u_ddrphy/apb_pclk       |    Normal    
RUN-1001 :     15     |    u_ph1p35_324_ddr_wrapper/u_ddr2/ph1p_ddrmc_wrapper/ph1p_ddrmc_top/u_ddr_phy/u_ddrphy_top/u_ddrphy/apb_pclk_syn_1    |    Normal    
RUN-1001 :     16     |      u_ph1p35_324_ddr_wrapper/u_ddr2/ph1p_ddrmc_wrapper/ph1p_ddrmc_top/u_ddr_phy/u_ddrphy_top/u_ddrphy/ctl_clk[0]      |    Normal    
RUN-1001 :     17     |      u_ph1p35_324_ddr_wrapper/u_ddr2/ph1p_ddrmc_wrapper/ph1p_ddrmc_top/u_ddr_phy/u_ddrphy_top/u_ddrphy/ctl_clk[1]      |    Normal    
RUN-1001 :     18     |      u_ph1p35_324_ddr_wrapper/u_ddr2/ph1p_ddrmc_wrapper/ph1p_ddrmc_top/u_ddr_phy/u_ddrphy_top/u_ddrphy/ddr_clk[0]      |    Normal    
RUN-1001 :     19     |      u_ph1p35_324_ddr_wrapper/u_ddr2/ph1p_ddrmc_wrapper/ph1p_ddrmc_top/u_ddr_phy/u_ddrphy_top/u_ddrphy/ddr_clk[1]      |    Normal    
RUN-1001 :     20     |    u_ph1p35_324_ddr_wrapper/u_ddr2/ph1p_ddrmc_wrapper/ph1p_ddrmc_top/u_ddr_phy/u_ddrphy_top/u_ddrphy_clk/pll0_clk_1    |    Normal    
RUN-1001 :     21     |    u_ph1p35_324_ddr_wrapper/u_ddr2/ph1p_ddrmc_wrapper/ph1p_ddrmc_top/u_ddr_phy/u_ddrphy_top/u_ddrphy_clk/pll0_clk_2    |    Normal    
RUN-1001 :     22     |   u_ph1p35_324_ddr_wrapper/u_ddr2/ph1p_ddrmc_wrapper/ph1p_ddrmc_top/u_ddr_phy/u_ddrphy_top/u_ddrphy_clk/pll0_mlclk_1   |    Normal    
RUN-1001 :     23     |   u_ph1p35_324_ddr_wrapper/u_ddr2/ph1p_ddrmc_wrapper/ph1p_ddrmc_top/u_ddr_phy/u_ddrphy_top/u_ddrphy_clk/pll0_mlclk_2   |    Normal    
RUN-1001 :     24     |  u_ph1p35_324_ddr_wrapper/u_ddr2/ph1p_ddrmc_wrapper/ph1p_ddrmc_top/u_ddr_phy/u_ddrphy_top/u_ddrphy_clk/u_pll1/clkc[0]  |    Normal    
RUN-1001 :     25     |  u_ph1p35_324_ddr_wrapper/u_ddr2/ph1p_ddrmc_wrapper/ph1p_ddrmc_top/u_ddr_phy/u_ddrphy_top/u_ddrphy_clk/u_pll1/refclk   |    Normal    
RUN-1001 :     26     |                                            u_uicfgcs500/uii2c_inst/scl_clk                                             |    Normal    
RUN-1001 :     27     |                                         u_uicfgcs500/uii2c_inst/scl_clk_syn_9                                          |    Normal    
RUN-1001 : ---------------------------------------------------------------------------------------------------------------------------------------------------
RUN-1001 : DR clock buffer summary:
RUN-1001 : -------------------------------------------------------------------------------------------------------------------------------------------------------------------
RUN-1001 :   Idx  |                                                                           Name                                                                            
RUN-1001 : -------------------------------------------------------------------------------------------------------------------------------------------------------------------
RUN-1001 :    1   |   u_ph1p35_324_ddr_wrapper/u_ddr2/ph1p_ddrmc_wrapper/ph1p_ddrmc_top/u_ddr_phy/u_ddrphy_top/u_ddrphy_clk/u_pll1/u_bufg_fbclk_auto_created_sclk_s_0_l_bk1   
RUN-1001 :    2   |                           u_mipi_dphy_rx_ph1p_mipiio_wrapper/u_ph1p_mipiio_rx_wrapper/bufg_feedback_auto_created_sclk_s_0_l_bk2                           
RUN-1001 :    3   |                                              u_hdmi_mixer/I_clk_created_gclkinst_auto_created_sclk_s_0_l_bk3                                              
RUN-1001 :    4   |                                               I_sys_clk_dup_6_created_gclkinst_auto_created_sclk_s_0_l_bk4                                                
RUN-1001 :    5   |                                               O_cam_24m_dup_1_created_gclkinst_auto_created_sclk_s_0_l_bk5                                                
RUN-1001 :    6   |                                       u_uicfgcs500/uii2c_inst/scl_clk_created_gclkinst_auto_created_sclk_s_0_l_bk6                                        
RUN-1001 :    7   |  u_ph1p35_324_ddr_wrapper/u_ddr2/ph1p_ddrmc_wrapper/ph1p_ddrmc_top/u_ddr_phy/u_ddrphy_top/u_ddrphy/apb_pclk_created_gclkinst_auto_created_sclk_s_0_l_bk7  
RUN-1001 :    8   |                           u_mipi_dphy_rx_ph1p_mipiio_wrapper/u_ph1p_mipiio_rx_wrapper/bufg_feedback_auto_created_sclk_s_0_r_bk1                           
RUN-1001 :    9   |                                              u_hdmi_mixer/I_clk_created_gclkinst_auto_created_sclk_s_0_r_bk2                                              
RUN-1001 :   10   |   u_ph1p35_324_ddr_wrapper/u_ddr2/ph1p_ddrmc_wrapper/ph1p_ddrmc_top/u_ddr_phy/u_ddrphy_top/u_ddrphy_clk/u_pll1/u_bufg_fbclk_auto_created_sclk_s_0_r_bk3   
RUN-1001 :   11   |                                               O_cam_24m_dup_1_created_gclkinst_auto_created_sclk_s_0_r_bk4                                                
RUN-1001 :   12   |                                                      u_PLL/bufg_feedback_auto_created_sclk_s_0_r_bk5                                                      
RUN-1001 :   13   |   u_ph1p35_324_ddr_wrapper/u_ddr2/ph1p_ddrmc_wrapper/ph1p_ddrmc_top/u_ddr_phy/u_ddrphy_top/u_ddrphy_clk/u_pll1/u_bufg_fbclk_auto_created_sclk_s_1_l_bk1   
RUN-1001 :   14   |                           u_mipi_dphy_rx_ph1p_mipiio_wrapper/u_ph1p_mipiio_rx_wrapper/bufg_feedback_auto_created_sclk_s_1_l_bk2                           
RUN-1001 :   15   |  u_ph1p35_324_ddr_wrapper/u_ddr2/ph1p_ddrmc_wrapper/ph1p_ddrmc_top/u_ddr_phy/u_ddrphy_top/u_ddrphy/apb_pclk_created_gclkinst_auto_created_sclk_s_1_l_bk3  
RUN-1001 :   16   |                                                      u_PLL/bufg_feedback_auto_created_sclk_s_1_r_bk1                                                      
RUN-1001 :   17   |                           u_mipi_dphy_rx_ph1p_mipiio_wrapper/u_ph1p_mipiio_rx_wrapper/bufg_feedback_auto_created_sclk_s_1_r_bk2                           
RUN-1001 :   18   |                                              u_hdmi_mixer/I_clk_created_gclkinst_auto_created_sclk_s_1_r_bk3                                              
RUN-1001 :   19   |                          u_hdmi_tx/u_hdmi2phy_wrapper/u0_lane_lvds_8_1/I_serial_clk_created_gclkinst_auto_created_sclk_s_1_r_bk4                          
RUN-1001 :   20   |   u_ph1p35_324_ddr_wrapper/u_ddr2/ph1p_ddrmc_wrapper/ph1p_ddrmc_top/u_ddr_phy/u_ddrphy_top/u_ddrphy_clk/u_pll1/u_bufg_fbclk_auto_created_sclk_s_1_r_bk5   
RUN-1001 : -------------------------------------------------------------------------------------------------------------------------------------------------------------------
PHY-1001 : End Stage 2.1 | Build Routing Design; Time: 2.381166s wall, 17.921875s user + 0.109375s system = 18.031250s CPU (757.2%); Memory(MB): used = 1941, reserved = 1925, peak = 1941;

RUN-1001 : Top Percentage Crit. Net Stat.
RUN-1001 : -------------------------------------------------------
RUN-1001 :   Top %  |  Net Count  |  Avg. Fanout  |  Avg. Slack   
RUN-1001 : -------------------------------------------------------
RUN-1001 :     1    |     390     |   2.848718    |  2759.251282  
RUN-1001 :     2    |     780     |   2.669231    |  2962.647436  
RUN-1001 :     3    |    1170     |   2.984615    |  3185.288889  
RUN-1001 :     4    |    1561     |   3.212044    |  3469.446509  
RUN-1001 :     5    |    1951     |   3.786776    |  3731.945669  
RUN-1001 :     6    |    2341     |   3.643315    |  3940.711235  
RUN-1001 :     7    |    2732     |   3.990849    |  4110.452782  
RUN-1001 :     8    |    3122     |   3.988149    |  4253.789238  
RUN-1001 :     9    |    3512     |   4.020501    |  4377.257688  
RUN-1001 :    10    |    3903     |   3.962080    |  4486.316423  
RUN-1001 : -------------------------------------------------------
PHY-1001 : Stage 2.2 | Tile Base Routing
PHY-1001 : 167 nets need to preroute.
PHY-1001 : len = 0, over cnt = 0(0%), over = 0, worst = 0, crit = 0
PHY-1001 : End Stage 2.2 | Tile Base Routing; Time: 0.185450s wall, 4.500000s user + 0.000000s system = 4.500000s CPU (2426.5%); Memory(MB): used = 1945, reserved = 1930, peak = 1945;

PHY-1001 : Stage 2.3 | Clock Nets Routing
PHY-1001 : Routed 0% nets.
PHY-1001 : len = 404720, over cnt = 0(0%), over = 0, worst = 0, crit = 0
PHY-1001 : End Stage 2.3 | Clock Nets Routing; Time: 0.515160s wall, 0.812500s user + 0.000000s system = 0.812500s CPU (157.7%); Memory(MB): used = 1976, reserved = 1960, peak = 1976;

PHY-1001 : Stage 2.4 | Routing Initialization
PHY-1001 : Mark 1% net(place mode slack < 2976ps) as critical nets.
PHY-1001 : Stage 2.4.1 | Normal Nets Routing
PHY-1001 : Routed 64% nets.
PHY-1001 : len = 3.35022e+06, over cnt = 16999(1%), over = 18184, worst = 4, crit = 0
PHY-1001 : End Stage 2.4.1 | Normal Nets Routing; Time: 8.973716s wall, 15.421875s user + 0.093750s system = 15.515625s CPU (172.9%); Memory(MB): used = 2033, reserved = 2016, peak = 2033;

PHY-1001 : Stage 2.4.2 | Update Timing
RUN-1002 : start command "start_timer"
USR-1002 : Derived clock:  create_generated_clock -name {u_PLL/ph1p_phy_pll_wrapper_25a56e5ce2f9_Inst/u_PH1P_PHY_PLL.clkc[0]} -source [get_ports {I_sys_clk}] -master_clock {sys_clk_50m} -multiply_by 2.0000 -duty_cycle 50.0000 [get_pins {u_PLL/ph1p_phy_pll_wrapper_25a56e5ce2f9_Inst/u_PH1P_PHY_PLL.clkc[0]}]
USR-1002 : Derived clock:  create_generated_clock -name {u_PLL/ph1p_phy_pll_wrapper_25a56e5ce2f9_Inst/u_PH1P_PHY_PLL.clkc[1]} -source [get_ports {I_sys_clk}] -master_clock {sys_clk_50m} -divide_by 2.0769 -duty_cycle 50.0000 [get_pins {u_PLL/ph1p_phy_pll_wrapper_25a56e5ce2f9_Inst/u_PH1P_PHY_PLL.clkc[1]}]
USR-1002 : Derived clock:  create_generated_clock -name {u_PLL/ph1p_phy_pll_wrapper_25a56e5ce2f9_Inst/u_PH1P_PHY_PLL.clkc[4]} -source [get_ports {I_sys_clk}] -master_clock {sys_clk_50m} -multiply_by 1.0400 -duty_cycle 50.0000 [get_pins {u_PLL/ph1p_phy_pll_wrapper_25a56e5ce2f9_Inst/u_PH1P_PHY_PLL.clkc[4]}]
USR-1002 : Derived clock:  create_generated_clock -name {u_PLL/ph1p_phy_pll_wrapper_25a56e5ce2f9_Inst/u_PH1P_PHY_PLL.clkc[5]} -source [get_ports {I_sys_clk}] -master_clock {sys_clk_50m} -multiply_by 5.2000 -duty_cycle 50.0000 [get_pins {u_PLL/ph1p_phy_pll_wrapper_25a56e5ce2f9_Inst/u_PH1P_PHY_PLL.clkc[5]}]
USR-1002 : Derived clock:  create_generated_clock -name {u_ph1p35_324_ddr_wrapper/u_ddr2/ph1p_ddrmc_wrapper/ph1p_ddrmc_top/u_ddr_phy/u_ddrphy_top/u_ddrphy_clk/u_pll0/u_pll_inst.clkc[0]} -source [get_ports {I_sys_clk}] -master_clock {sys_clk_50m} -multiply_by 1.3333 -duty_cycle 50.0000 [get_pins {u_ph1p35_324_ddr_wrapper/u_ddr2/ph1p_ddrmc_wrapper/ph1p_ddrmc_top/u_ddr_phy/u_ddrphy_top/u_ddrphy_clk/u_pll0/u_pll_inst.clkc[0]}]
USR-1002 : Derived clock:  create_generated_clock -name {u_ph1p35_324_ddr_wrapper/u_ddr2/ph1p_ddrmc_wrapper/ph1p_ddrmc_top/u_ddr_phy/u_ddrphy_top/u_ddrphy_clk/u_pll0/u_pll_inst.clkc[1]} -source [get_ports {I_sys_clk}] -master_clock {sys_clk_50m} -multiply_by 1.3333 -duty_cycle 50.0000 [get_pins {u_ph1p35_324_ddr_wrapper/u_ddr2/ph1p_ddrmc_wrapper/ph1p_ddrmc_top/u_ddr_phy/u_ddrphy_top/u_ddrphy_clk/u_pll0/u_pll_inst.clkc[1]}]
USR-1002 : Derived clock:  create_generated_clock -name {u_ph1p35_324_ddr_wrapper/u_ddr2/ph1p_ddrmc_wrapper/ph1p_ddrmc_top/u_ddr_phy/u_ddrphy_top/u_ddrphy_clk/u_pll0/u_pll_inst.clkc[2]} -source [get_ports {I_sys_clk}] -master_clock {sys_clk_50m} -multiply_by 5.3333 -duty_cycle 50.0000 [get_pins {u_ph1p35_324_ddr_wrapper/u_ddr2/ph1p_ddrmc_wrapper/ph1p_ddrmc_top/u_ddr_phy/u_ddrphy_top/u_ddrphy_clk/u_pll0/u_pll_inst.clkc[2]}]
USR-1002 : Derived clock:  create_generated_clock -name {u_ph1p35_324_ddr_wrapper/u_ddr2/ph1p_ddrmc_wrapper/ph1p_ddrmc_top/u_ddr_phy/u_ddrphy_top/u_ddrphy_clk/u_pll0/u_pll_inst.clkc[3]} -source [get_ports {I_sys_clk}] -master_clock {sys_clk_50m} -divide_by 1.9687 -duty_cycle 50.0000 [get_pins {u_ph1p35_324_ddr_wrapper/u_ddr2/ph1p_ddrmc_wrapper/ph1p_ddrmc_top/u_ddr_phy/u_ddrphy_top/u_ddrphy_clk/u_pll0/u_pll_inst.clkc[3]}]
USR-1002 : Derived clock:  create_generated_clock -name {u_ph1p35_324_ddr_wrapper/u_ddr2/ph1p_ddrmc_wrapper/ph1p_ddrmc_top/u_ddr_phy/u_ddrphy_top/u_ddrphy_clk/u_pll1/u_pll_inst.clkc[0]} -source [get_pins {u_ph1p35_324_ddr_wrapper/u_ddr2/ph1p_ddrmc_wrapper/ph1p_ddrmc_top/u_ddr_phy/u_ddrphy_top/u_ddrphy_clk/u_pll0/u_pll_inst.clkc[0]}] -master_clock {u_ph1p35_324_ddr_wrapper/u_ddr2/ph1p_ddrmc_wrapper/ph1p_ddrmc_top/u_ddr_phy/u_ddrphy_top/u_ddrphy_clk/u_pll0/u_pll_inst.clkc[0]} -multiply_by 1.0000 -duty_cycle 50.0000 [get_pins {u_ph1p35_324_ddr_wrapper/u_ddr2/ph1p_ddrmc_wrapper/ph1p_ddrmc_top/u_ddr_phy/u_ddrphy_top/u_ddrphy_clk/u_pll1/u_pll_inst.clkc[0]}]
8.888000
15.000000
15.000000
19.230000
RUN-1003 : finish command "start_timer" in  1.718244s wall, 1.718750s user + 0.000000s system = 1.718750s CPU (100.0%)

RUN-1004 : used memory is 2033 MB, reserved memory is 2016 MB, peak memory is 2033 MB
TMR-2502 : Net delay update with mode: Routed
PHY-1001 : 0/26744(0%) critical/total net(s).
PHY-1001 : Setup: WNS(ns) = 0.360, TNS(ns) = 0.000, FEP = 0 | Hold: WNS(ns) = -0.194, TNS(ns) = -10.998, FEP = 232.
PHY-1001 : End Stage 2.4.2 | Update Timing; Time: 4.502230s wall, 4.390625s user + 0.031250s system = 4.421875s CPU (98.2%); Memory(MB): used = 2167, reserved = 2158, peak = 2167;

PHY-1001 : Stage 2.4.3 | Deskew Clock Tree
RUN-1001 : Deskew Summary
RUN-1001 : ---------------------------------------------------------------------------------------------------------------------------------
RUN-1001 :                                                 Clock                                                 |  Pre-Skew  |  Post-Skew  
RUN-1001 : ---------------------------------------------------------------------------------------------------------------------------------
RUN-1001 :                                             mipi_rx_ck_pad                                            |     32     |     32      
RUN-1001 :   u_mipi_dphy_rx_ph1p_mipiio_wrapper/u_ph1p_mipiio_rx_wrapper/u_PH1P_LOGIC_DPHY_MIPI_RX.io_clk_pad_p  |     32     |     32      
RUN-1001 :                                            MIPI_RX_BYTE_CLK                                           |     32     |     32      
RUN-1001 :                                              pll_clk_100m                                             |     20     |     20      
RUN-1001 :                                u_ph1p35_324_ddr_wrapper/u_ddr2/usr_clk                                |     15     |     15      
RUN-1001 :                                             HDMI_PIXEL_CLK                                            |     13     |     13      
RUN-1001 :                                u_ph1p35_324_ddr_wrapper/u_ddr2/mcu_clk                                |     12     |     12      
RUN-1001 :                                              pll_clk_24m                                              |     4      |      4      
RUN-1001 : ---------------------------------------------------------------------------------------------------------------------------------
PHY-1001 : 0/26744(0%) critical/total net(s).
PHY-1001 : Setup: WNS(ns) = 0.360, TNS(ns) = 0.000, FEP = 0 | Hold: WNS(ns) = -0.194, TNS(ns) = -10.998, FEP = 232.
PHY-1001 : End Stage 2.4.3 | Deskew Clock Tree; Time: 2.767364s wall, 2.718750s user + 0.015625s system = 2.734375s CPU (98.8%); Memory(MB): used = 2211, reserved = 2201, peak = 2211;

PHY-1001 : End Stage 2.4 | Routing Initialization; Time: 16.307356s wall, 22.593750s user + 0.140625s system = 22.734375s CPU (139.4%); Memory(MB): used = 2211, reserved = 2201, peak = 2211;

PHY-1001 : Stage 2.5 | Routing Optimization
PHY-1001 : Build lut bridge;  0.087600s wall, 0.078125s user + 0.000000s system = 0.078125s CPU (89.2%)

PHY-1001 : Stage 2.5.1 | Phase 1
PHY-1001 : Stage 2.5.1.1 | Hold TimeOptimization
PHY-1001 : Iter 0; Processed 333 pins with HWNS -0.194ns HTNS -4.680ns FEP 106 took 0.339592 seconds.
PHY-1001 : Iter 1; Processed 485 pins with HWNS -0.016ns HTNS -0.016ns FEP 1 took 1.30271 seconds.
PHY-1001 : len = 3.39269e+06, over cnt = 16920(1%), over = 18116, worst = 4, crit = 0
PHY-1001 : End Stage 2.5.1.1 | Hold TimeOptimization; Time: 1.697906s wall, 1.578125s user + 0.000000s system = 1.578125s CPU (92.9%); Memory(MB): used = 2214, reserved = 2203, peak = 2214;

PHY-1001 : Stage 2.5.1.2 | High Fanout Nets Optimization
PHY-1001 : High fanout net optimize summary:
PHY-1001 : Process 0 nets and 0 pins with SWNS 0.360ns STNS 0.000ns FEP 0.
PHY-1001 : len = 3.39269e+06, over cnt = 16920(1%), over = 18116, worst = 4, crit = 0
PHY-1001 : End Stage 2.5.1.2 | High Fanout Nets Optimization; Time: 0.190610s wall, 0.203125s user + 0.000000s system = 0.203125s CPU (106.6%); Memory(MB): used = 2214, reserved = 2203, peak = 2214;

PHY-1001 : Stage 2.5.1.3 | Setup TimeOptimization
PHY-1001 : len = 3.39269e+06, over cnt = 16920(1%), over = 18116, worst = 4, crit = 0
PHY-1001 : End Stage 2.5.1.3 | Setup TimeOptimization; Time: 0.195748s wall, 0.187500s user + 0.000000s system = 0.187500s CPU (95.8%); Memory(MB): used = 2214, reserved = 2203, peak = 2214;

PHY-1001 : Stage 2.5.1.4 | Rip-up And ReRoute
PHY-0007 : Congestion: {80.75, 71.97, 67.48, 64.43}; Timing: {0.360ns, 0.000ns, 0}
PHY-1001 : Iter 1: len = 3.53125e+06, over cnt = 8401(0%), over = 8672, worst = 4, crit = 0, time(s) = 3.32
PHY-1001 : Iter 2: len = 3.57485e+06, over cnt = 5586(0%), over = 5638, worst = 3, crit = 0, time(s) = 2.39
PHY-1001 : Iter 3: len = 3.5871e+06, over cnt = 4278(0%), over = 4294, worst = 2, crit = 0, time(s) = 1.84
PHY-1001 : Iter 4: len = 3.65352e+06, over cnt = 2098(0%), over = 2102, worst = 2, crit = 0, time(s) = 1.69
PHY-1001 : Iter 5: len = 3.66984e+06, over cnt = 1586(0%), over = 1588, worst = 2, crit = 0, time(s) = 1.14
PHY-1001 : Iter 6: len = 3.67827e+06, over cnt = 1281(0%), over = 1283, worst = 2, crit = 0, time(s) = 0.83
PHY-1001 : Iter 7: len = 3.68234e+06, over cnt = 1140(0%), over = 1142, worst = 2, crit = 0, time(s) = 0.76
PHY-1001 : Marking 24 (0.62%) hot zones with cutoff utilization 81.08.
PHY-1001 : Iter 8: len = 3.73283e+06, over cnt = 319(0%), over = 319, worst = 1, crit = 0, time(s) = 0.76
PHY-1001 : Iter 9: len = 3.74259e+06, over cnt = 161(0%), over = 161, worst = 1, crit = 0, time(s) = 0.24
PHY-1001 : Iter 10: len = 3.75408e+06, over cnt = 67(0%), over = 67, worst = 1, crit = 0, time(s) = 0.17
PHY-1001 : Iter 11: len = 3.75773e+06, over cnt = 31(0%), over = 31, worst = 1, crit = 0, time(s) = 0.13
PHY-1001 : Iter 12: len = 3.75998e+06, over cnt = 3(0%), over = 3, worst = 1, crit = 0, time(s) = 0.09
PHY-1001 : Marking 24 (0.62%) hot zones with cutoff utilization 81.08.
PHY-1001 : Iter 13: len = 3.76014e+06, over cnt = 2(0%), over = 2, worst = 1, crit = 0, time(s) = 0.04
PHY-1001 : Iter 14: len = 3.76024e+06, over cnt = 1(0%), over = 1, worst = 1, crit = 0, time(s) = 0.06
PHY-1001 : Iter 15: len = 3.76037e+06, over cnt = 0(0%), over = 0, worst = 0, crit = 0, time(s) = 0.04
PHY-1001 : Marking 24 (0.62%) hot zones with cutoff utilization 81.08.
PHY-1001 : Update congestion ...
PHY-1001 : Marking 24 (0.62%) hot zones with cutoff utilization 81.08.
PHY-1001 : Congestion index:
PHY-1001 : top1  = 87.29(S 68.44, N 69.82, E 81.41, W 84.15, I 71.74, O 81.58)
PHY-1001 : top5  = 78.46(S 59.47, N 62.80, E 71.53, W 74.81, I 58.15, O 63.75)
PHY-1001 : top10 = 74.06(S 55.02, N 59.01, E 65.93, W 69.49, I 52.28, O 57.05)
PHY-1001 : top15 = 70.92(S 52.02, N 56.24, E 62.10, W 65.74, I 48.75, O 53.05)
PHY-1001 : End update congestion; 0.013996s wall, 0.015625s user + 0.000000s system = 0.015625s CPU (111.6%)

PHY-1001 : End Stage 2.5.1.4 | Rip-up And ReRoute; Time: 13.663224s wall, 33.468750s user + 0.093750s system = 33.562500s CPU (245.6%); Memory(MB): used = 2214, reserved = 2203, peak = 2214;

PHY-1001 : Stage 2.5.1.5 | Update Timing
PHY-1001 : 106/26744(0%) critical/total net(s).
PHY-1001 : Setup: WNS(ns) = -0.549, TNS(ns) = -2.868, FEP = 11 | Hold: WNS(ns) = -0.128, TNS(ns) = -2.474, FEP = 56.
PHY-1001 : End Stage 2.5.1.5 | Update Timing; Time: 1.815786s wall, 1.765625s user + 0.000000s system = 1.765625s CPU (97.2%); Memory(MB): used = 2223, reserved = 2213, peak = 2223;

PHY-1001 : Stage 2.5.1.6 | Commit Data
PHY-1001 : Commit better result to database ...
PHY-1001 : End Stage 2.5.1.6 | Commit Data; Time: 0.081589s wall, 0.078125s user + 0.000000s system = 0.078125s CPU (95.8%); Memory(MB): used = 2247, reserved = 2237, peak = 2247;

PHY-1001 : End Stage 2.5.1 | Phase 1; Time: 17.980085s wall, 37.812500s user + 0.234375s system = 38.046875s CPU (211.6%); Memory(MB): used = 2247, reserved = 2237, peak = 2247;

PHY-1001 : Stage 2.5.2 | Phase 2
PHY-1001 : Stage 2.5.2.1 | Hold TimeOptimization
PHY-1001 : Iter 0; Processed 85 pins with HWNS -0.116ns HTNS -0.345ns FEP 10 took 0.547602 seconds.
PHY-1001 : Iter 1; Processed 105 pins with HWNS 0.021ns HTNS 0.000ns FEP 0 took 0.423915 seconds.
PHY-1001 : len = 3.7741e+06, over cnt = 40(0%), over = 58, worst = 3, crit = 0
PHY-1001 : End Stage 2.5.2.1 | Hold TimeOptimization; Time: 1.032706s wall, 0.984375s user + 0.015625s system = 1.000000s CPU (96.8%); Memory(MB): used = 2247, reserved = 2237, peak = 2247;

PHY-1001 : Stage 2.5.2.2 | High Fanout Nets Optimization
PHY-1001 : High fanout net optimize summary:
PHY-1001 : Process 5 nets and 14 pins with SWNS -0.022ns STNS -0.022ns FEP 1.
PHY-1001 : len = 3.7781e+06, over cnt = 40(0%), over = 58, worst = 3, crit = 0
PHY-1001 : End Stage 2.5.2.2 | High Fanout Nets Optimization; Time: 0.447195s wall, 0.437500s user + 0.000000s system = 0.437500s CPU (97.8%); Memory(MB): used = 2247, reserved = 2237, peak = 2247;

PHY-1001 : Stage 2.5.2.3 | Setup TimeOptimization
PHY-1001 : Start to optimize setup violation with net base ...
PHY-1001 : Iter 1; Processed 1 pins with SWNS 0.139ns STNS 0.000ns FEP 0 took 0.147069 seconds.
PHY-1001 : len = 3.77861e+06, over cnt = 41(0%), over = 59, worst = 3, crit = 0
PHY-1001 : End Stage 2.5.2.3 | Setup TimeOptimization; Time: 0.343378s wall, 0.437500s user + 0.000000s system = 0.437500s CPU (127.4%); Memory(MB): used = 2247, reserved = 2237, peak = 2247;

PHY-1001 : Stage 2.5.2.4 | Rip-up And ReRoute
PHY-1001 : Iter 1: len = 3.77498e+06, over cnt = 5(0%), over = 5, worst = 1, crit = 0, time(s) = 0.08
PHY-1001 : Iter 2: len = 3.77466e+06, over cnt = 1(0%), over = 1, worst = 1, crit = 0, time(s) = 0.04
PHY-1001 : Iter 3: len = 3.77469e+06, over cnt = 1(0%), over = 1, worst = 1, crit = 0, time(s) = 0.04
PHY-1001 : Iter 4: len = 3.77475e+06, over cnt = 0(0%), over = 0, worst = 0, crit = 0, time(s) = 0.03
PHY-1001 : Update congestion ...
PHY-1001 : Marking 65 (1.69%) hot zones with cutoff utilization 80.95.
PHY-1001 : Congestion index:
PHY-1001 : top1  = 87.60(S 68.94, N 70.13, E 82.57, W 84.47, I 71.74, O 81.58)
PHY-1001 : top5  = 78.92(S 59.85, N 63.00, E 71.96, W 74.99, I 58.15, O 63.75)
PHY-1001 : top10 = 74.35(S 55.34, N 59.13, E 66.23, W 69.75, I 52.28, O 57.05)
PHY-1001 : top15 = 71.19(S 52.29, N 56.35, E 62.37, W 66.01, I 48.75, O 53.05)
PHY-1001 : End update congestion; 0.014749s wall, 0.015625s user + 0.000000s system = 0.015625s CPU (105.9%)

PHY-1001 : End Stage 2.5.2.4 | Rip-up And ReRoute; Time: 0.249930s wall, 1.187500s user + 0.000000s system = 1.187500s CPU (475.1%); Memory(MB): used = 2247, reserved = 2237, peak = 2247;

PHY-1001 : Stage 2.5.2.5 | Update Timing
PHY-1001 : 0/26744(0%) critical/total net(s).
PHY-1001 : Setup: WNS(ns) = 0.139, TNS(ns) = 0.000, FEP = 0 | Hold: WNS(ns) = -0.157, TNS(ns) = -1.767, FEP = 32.
PHY-1001 : End Stage 2.5.2.5 | Update Timing; Time: 0.331331s wall, 0.312500s user + 0.015625s system = 0.328125s CPU (99.0%); Memory(MB): used = 2247, reserved = 2237, peak = 2247;

PHY-1001 : Stage 2.5.2.6 | Commit Data
PHY-1001 : Commit better result to database ...
PHY-1001 : End Stage 2.5.2.6 | Commit Data; Time: 0.026594s wall, 0.015625s user + 0.000000s system = 0.015625s CPU (58.8%); Memory(MB): used = 2247, reserved = 2237, peak = 2247;

PHY-1001 : End Stage 2.5.2 | Phase 2; Time: 2.669131s wall, 4.000000s user + 0.031250s system = 4.031250s CPU (151.0%); Memory(MB): used = 2247, reserved = 2237, peak = 2247;

PHY-1001 : End Stage 2.5 | Routing Optimization; Time: 23.560348s wall, 44.562500s user + 0.265625s system = 44.828125s CPU (190.3%); Memory(MB): used = 2247, reserved = 2237, peak = 2247;

PHY-1001 : Stage 2.6 | Multi-try route Optimization
PHY-1001 : End Stage 2.6 | Multi-try route Optimization; Time: 0.045804s wall, 0.046875s user + 0.000000s system = 0.046875s CPU (102.3%); Memory(MB): used = 2247, reserved = 2237, peak = 2247;

PHY-1003 : Routed, final wirelength = 3.77475e+06
RUN-1001 : Clock region assignment statistics:
RUN-1001 : Clock Region s_0_l [0,0][23,39]; Utilization: 7 out of 12
RUN-1001 : -----------------------------------------------------------------------------------------------------------------------------------------------------------------------------------------------------------------------------------------------------------------------------------------------------------------------------------------------------------------------------------------------------------------------------------------------------
RUN-1001 :   Bank  |                                                   Assigned Clock                                                   |                                                    Route Clock                                                     |  Marking  |                                                                          Buffer                                                                           |  Regional Clock Fanouts  
RUN-1001 : -----------------------------------------------------------------------------------------------------------------------------------------------------------------------------------------------------------------------------------------------------------------------------------------------------------------------------------------------------------------------------------------------------------------------------------------------------
RUN-1001 :    1    |                 u_ph1p35_324_ddr_wrapper/u_ddr2/ph1p_ddrmc_wrapper/ph1p_ddrmc_top/u_alc_mc_top/clk                 |                 u_ph1p35_324_ddr_wrapper/u_ddr2/ph1p_ddrmc_wrapper/ph1p_ddrmc_top/u_alc_mc_top/clk                 |           |   u_ph1p35_324_ddr_wrapper/u_ddr2/ph1p_ddrmc_wrapper/ph1p_ddrmc_top/u_ddr_phy/u_ddrphy_top/u_ddrphy_clk/u_pll1/u_bufg_fbclk_auto_created_sclk_s_0_l_bk1   |           1790           
RUN-1001 :    2    |      u_isp_top/u_demosaic/raw_matrix_3x3_buffer_d/zhenghe_d/blk_mem_gen_zhenghe_d1/ram_d32970204f32_Inst/clkb      |      u_isp_top/u_demosaic/raw_matrix_3x3_buffer_d/zhenghe_d/blk_mem_gen_zhenghe_d1/ram_d32970204f32_Inst/clkb      |           |                           u_mipi_dphy_rx_ph1p_mipiio_wrapper/u_ph1p_mipiio_rx_wrapper/bufg_feedback_auto_created_sclk_s_0_l_bk2                           |           1071           
RUN-1001 :    3    |                                             u_hdmi_mixer/I_clk_syn_652                                             |                                             u_hdmi_mixer/I_clk_syn_652                                             |           |                                              u_hdmi_mixer/I_clk_created_gclkinst_auto_created_sclk_s_0_l_bk3                                              |           110            
RUN-1001 :    4    |                                                  I_sys_clk_syn_8                                                   |                                                  I_sys_clk_syn_8                                                   |           |                                               I_sys_clk_dup_6_created_gclkinst_auto_created_sclk_s_0_l_bk4                                                |            87            
RUN-1001 :    5    |                                                  O_cam_24m_syn_3                                                   |                                                  O_cam_24m_syn_3                                                   |           |                                               O_cam_24m_dup_1_created_gclkinst_auto_created_sclk_s_0_l_bk5                                                |            55            
RUN-1001 :    6    |                                       u_uicfgcs500/uii2c_inst/scl_clk_syn_9                                        |                                       u_uicfgcs500/uii2c_inst/scl_clk_syn_9                                        |           |                                       u_uicfgcs500/uii2c_inst/scl_clk_created_gclkinst_auto_created_sclk_s_0_l_bk6                                        |            15            
RUN-1001 :    7    |  u_ph1p35_324_ddr_wrapper/u_ddr2/ph1p_ddrmc_wrapper/ph1p_ddrmc_top/u_ddr_phy/u_ddrphy_top/u_ddrphy/apb_pclk_syn_1  |  u_ph1p35_324_ddr_wrapper/u_ddr2/ph1p_ddrmc_wrapper/ph1p_ddrmc_top/u_ddr_phy/u_ddrphy_top/u_ddrphy/apb_pclk_syn_1  |           |  u_ph1p35_324_ddr_wrapper/u_ddr2/ph1p_ddrmc_wrapper/ph1p_ddrmc_top/u_ddr_phy/u_ddrphy_top/u_ddrphy/apb_pclk_created_gclkinst_auto_created_sclk_s_0_l_bk7  |            3             
RUN-1001 : -----------------------------------------------------------------------------------------------------------------------------------------------------------------------------------------------------------------------------------------------------------------------------------------------------------------------------------------------------------------------------------------------------------------------------------------------------
RUN-1001 : Clock Region s_0_r [24,0][47,39]; Utilization: 5 out of 12
RUN-1001 : -----------------------------------------------------------------------------------------------------------------------------------------------------------------------------------------------------------------------------------------------------------------------------------------------------------------------------------------------------------------------------------------------------------------------------------
RUN-1001 :   Bank  |                                               Assigned Clock                                               |                                                Route Clock                                                 |  Marking  |                                                                         Buffer                                                                          |  Regional Clock Fanouts  
RUN-1001 : -----------------------------------------------------------------------------------------------------------------------------------------------------------------------------------------------------------------------------------------------------------------------------------------------------------------------------------------------------------------------------------------------------------------------------------
RUN-1001 :    1    |  u_isp_top/u_demosaic/raw_matrix_3x3_buffer_d/zhenghe_d/blk_mem_gen_zhenghe_d1/ram_d32970204f32_Inst/clkb  |  u_isp_top/u_demosaic/raw_matrix_3x3_buffer_d/zhenghe_d/blk_mem_gen_zhenghe_d1/ram_d32970204f32_Inst/clkb  |           |                          u_mipi_dphy_rx_ph1p_mipiio_wrapper/u_ph1p_mipiio_rx_wrapper/bufg_feedback_auto_created_sclk_s_0_r_bk1                          |           1165           
RUN-1001 :    2    |                                         u_hdmi_mixer/I_clk_syn_652                                         |                                         u_hdmi_mixer/I_clk_syn_652                                         |           |                                             u_hdmi_mixer/I_clk_created_gclkinst_auto_created_sclk_s_0_r_bk2                                             |           145            
RUN-1001 :    3    |             u_ph1p35_324_ddr_wrapper/u_ddr2/ph1p_ddrmc_wrapper/ph1p_ddrmc_top/u_alc_mc_top/clk             |             u_ph1p35_324_ddr_wrapper/u_ddr2/ph1p_ddrmc_wrapper/ph1p_ddrmc_top/u_alc_mc_top/clk             |           |  u_ph1p35_324_ddr_wrapper/u_ddr2/ph1p_ddrmc_wrapper/ph1p_ddrmc_top/u_ddr_phy/u_ddrphy_top/u_ddrphy_clk/u_pll1/u_bufg_fbclk_auto_created_sclk_s_0_r_bk3  |            27            
RUN-1001 :    4    |                                              O_cam_24m_syn_3                                               |                                              O_cam_24m_syn_3                                               |           |                                              O_cam_24m_dup_1_created_gclkinst_auto_created_sclk_s_0_r_bk4                                               |            12            
RUN-1001 :    5    |            u_mipi_dphy_rx_ph1p_mipiio_wrapper/u_ph1p_mipiio_rx_wrapper/u_lane0_hs_detect/I_clk             |            u_mipi_dphy_rx_ph1p_mipiio_wrapper/u_ph1p_mipiio_rx_wrapper/u_lane0_hs_detect/I_clk             |           |                                                     u_PLL/bufg_feedback_auto_created_sclk_s_0_r_bk5                                                     |            7             
RUN-1001 : -----------------------------------------------------------------------------------------------------------------------------------------------------------------------------------------------------------------------------------------------------------------------------------------------------------------------------------------------------------------------------------------------------------------------------------
RUN-1001 : Clock Region s_1_l [0,40][23,79]; Utilization: 3 out of 12
RUN-1001 : -----------------------------------------------------------------------------------------------------------------------------------------------------------------------------------------------------------------------------------------------------------------------------------------------------------------------------------------------------------------------------------------------------------------------------------------------------
RUN-1001 :   Bank  |                                                   Assigned Clock                                                   |                                                    Route Clock                                                     |  Marking  |                                                                          Buffer                                                                           |  Regional Clock Fanouts  
RUN-1001 : -----------------------------------------------------------------------------------------------------------------------------------------------------------------------------------------------------------------------------------------------------------------------------------------------------------------------------------------------------------------------------------------------------------------------------------------------------
RUN-1001 :    1    |                 u_ph1p35_324_ddr_wrapper/u_ddr2/ph1p_ddrmc_wrapper/ph1p_ddrmc_top/u_alc_mc_top/clk                 |                 u_ph1p35_324_ddr_wrapper/u_ddr2/ph1p_ddrmc_wrapper/ph1p_ddrmc_top/u_alc_mc_top/clk                 |           |   u_ph1p35_324_ddr_wrapper/u_ddr2/ph1p_ddrmc_wrapper/ph1p_ddrmc_top/u_ddr_phy/u_ddrphy_top/u_ddrphy_clk/u_pll1/u_bufg_fbclk_auto_created_sclk_s_1_l_bk1   |           349            
RUN-1001 :    2    |      u_isp_top/u_demosaic/raw_matrix_3x3_buffer_d/zhenghe_d/blk_mem_gen_zhenghe_d1/ram_d32970204f32_Inst/clkb      |      u_isp_top/u_demosaic/raw_matrix_3x3_buffer_d/zhenghe_d/blk_mem_gen_zhenghe_d1/ram_d32970204f32_Inst/clkb      |           |                           u_mipi_dphy_rx_ph1p_mipiio_wrapper/u_ph1p_mipiio_rx_wrapper/bufg_feedback_auto_created_sclk_s_1_l_bk2                           |           1854           
RUN-1001 :    3    |  u_ph1p35_324_ddr_wrapper/u_ddr2/ph1p_ddrmc_wrapper/ph1p_ddrmc_top/u_ddr_phy/u_ddrphy_top/u_ddrphy/apb_pclk_syn_1  |  u_ph1p35_324_ddr_wrapper/u_ddr2/ph1p_ddrmc_wrapper/ph1p_ddrmc_top/u_ddr_phy/u_ddrphy_top/u_ddrphy/apb_pclk_syn_1  |           |  u_ph1p35_324_ddr_wrapper/u_ddr2/ph1p_ddrmc_wrapper/ph1p_ddrmc_top/u_ddr_phy/u_ddrphy_top/u_ddrphy/apb_pclk_created_gclkinst_auto_created_sclk_s_1_l_bk3  |            26            
RUN-1001 : -----------------------------------------------------------------------------------------------------------------------------------------------------------------------------------------------------------------------------------------------------------------------------------------------------------------------------------------------------------------------------------------------------------------------------------------------------
RUN-1001 : Clock Region s_1_r [24,40][43,79]; Utilization: 5 out of 12
RUN-1001 : -----------------------------------------------------------------------------------------------------------------------------------------------------------------------------------------------------------------------------------------------------------------------------------------------------------------------------------------------------------------------------------------------------------------------------------
RUN-1001 :   Bank  |                                               Assigned Clock                                               |                                                Route Clock                                                 |  Marking  |                                                                         Buffer                                                                          |  Regional Clock Fanouts  
RUN-1001 : -----------------------------------------------------------------------------------------------------------------------------------------------------------------------------------------------------------------------------------------------------------------------------------------------------------------------------------------------------------------------------------------------------------------------------------
RUN-1001 :    1    |            u_mipi_dphy_rx_ph1p_mipiio_wrapper/u_ph1p_mipiio_rx_wrapper/u_lane0_hs_detect/I_clk             |            u_mipi_dphy_rx_ph1p_mipiio_wrapper/u_ph1p_mipiio_rx_wrapper/u_lane0_hs_detect/I_clk             |           |                                                     u_PLL/bufg_feedback_auto_created_sclk_s_1_r_bk1                                                     |            1             
RUN-1001 :    2    |  u_isp_top/u_demosaic/raw_matrix_3x3_buffer_d/zhenghe_d/blk_mem_gen_zhenghe_d1/ram_d32970204f32_Inst/clkb  |  u_isp_top/u_demosaic/raw_matrix_3x3_buffer_d/zhenghe_d/blk_mem_gen_zhenghe_d1/ram_d32970204f32_Inst/clkb  |           |                          u_mipi_dphy_rx_ph1p_mipiio_wrapper/u_ph1p_mipiio_rx_wrapper/bufg_feedback_auto_created_sclk_s_1_r_bk2                          |           1293           
RUN-1001 :    3    |                                         u_hdmi_mixer/I_clk_syn_652                                         |                                         u_hdmi_mixer/I_clk_syn_652                                         |           |                                             u_hdmi_mixer/I_clk_created_gclkinst_auto_created_sclk_s_1_r_bk3                                             |           689            
RUN-1001 :    4    |                      u_hdmi_tx/u_hdmi2phy_wrapper/u0_lane_lvds_8_1/I_serial_clk_syn_1                      |                      u_hdmi_tx/u_hdmi2phy_wrapper/u0_lane_lvds_8_1/I_serial_clk_syn_1                      |           |                         u_hdmi_tx/u_hdmi2phy_wrapper/u0_lane_lvds_8_1/I_serial_clk_created_gclkinst_auto_created_sclk_s_1_r_bk4                         |            37            
RUN-1001 :    5    |             u_ph1p35_324_ddr_wrapper/u_ddr2/ph1p_ddrmc_wrapper/ph1p_ddrmc_top/u_alc_mc_top/clk             |             u_ph1p35_324_ddr_wrapper/u_ddr2/ph1p_ddrmc_wrapper/ph1p_ddrmc_top/u_alc_mc_top/clk             |           |  u_ph1p35_324_ddr_wrapper/u_ddr2/ph1p_ddrmc_wrapper/ph1p_ddrmc_top/u_ddr_phy/u_ddrphy_top/u_ddrphy_clk/u_pll1/u_bufg_fbclk_auto_created_sclk_s_1_r_bk5  |            8             
RUN-1001 : -----------------------------------------------------------------------------------------------------------------------------------------------------------------------------------------------------------------------------------------------------------------------------------------------------------------------------------------------------------------------------------------------------------------------------------
RUN-1002 : start command "export_db traffic_sign_td_pr.db"
RUN-1001 : Exported flow parameters
RUN-1001 : Exported /
RUN-1001 : Exported libs
RUN-1001 : Exported entities
RUN-1001 : Exported ports
RUN-1001 : Exported pins
RUN-1001 : Exported instances
RUN-1001 : Exported nets
RUN-1001 : Exported buses
RUN-1001 : Exported models
RUN-1001 : Exported phy database
RUN-1001 : Exported packer
RUN-1001 : Exported congestions
RUN-1001 : Exported violations
RUN-1001 : Exported ATMR Setting
RUN-1001 : Exported timing constraints
RUN-1001 : Exported IO constraints
RUN-1001 : Exported Inst constraints
RUN-1001 : Exported ChipWatcher
RUN-1003 : finish command "export_db traffic_sign_td_pr.db" in  1.126969s wall, 1.421875s user + 0.031250s system = 1.453125s CPU (128.9%)

RUN-1004 : used memory is 2343 MB, reserved memory is 2444 MB, peak memory is 2343 MB
PHY-1001 : Current memory(MB): used = 2343, reserved = 2444, peak = 2343.
PHY-1001 : End export database. 1.173142s wall, 1.468750s user + 0.031250s system = 1.500000s CPU (127.9%)

PHY-1001 : End detail routing;  45.497495s wall, 93.203125s user + 0.562500s system = 93.765625s CPU (206.1%)

PHY-1001 : End Stage 2 | Detail Routing; Time: 45.497558s wall, 93.203125s user + 0.562500s system = 93.765625s CPU (206.1%); Memory(MB): used = 2343, reserved = 2444, peak = 2343;

RUN-1002 : start command "fix_hold"

PHY-1001 : Stage 3 | Hold Fix
PHY-1001 : Stage 3.1 | Load Design Data
PHY-1034 : Refresh detailed routing grids ...
PHY-1001 : Generate nets ...
PHY-1001 : eco open net = 0
PHY-1001 : End Stage 3.1 | Load Design Data; Time: 0.313108s wall, 0.484375s user + 0.000000s system = 0.484375s CPU (154.7%); Memory(MB): used = 2343, reserved = 2444, peak = 2343;

PHY-1001 : Stage 3.2 | Hold Fix Optimization
RUN-1002 : start command "start_timer"
RUN-1003 : finish command "start_timer" in  1.597498s wall, 1.593750s user + 0.015625s system = 1.609375s CPU (100.7%)

RUN-1004 : used memory is 2343 MB, reserved memory is 2444 MB, peak memory is 2343 MB
PHY-1001 : Timing info: SWNS 0.139ns | STNS 0.000ns | HWNS -0.157ns | HTNS -1.767ns.
PHY-1001 : Processing hold violation on 39 end-point, worst slack = -157ps, best slack = 19ps.
PHY-1001 : End timing refresh.  4.219357s wall, 4.156250s user + 0.015625s system = 4.171875s CPU (98.9%)

PHY-1001 : Stage 3.2.1 | Phase 1
PHY-1001 : Stage 3.2.1.1 | Hold Fix By LutBridge
PHY-1001 : len = 3.7757e+06, over cnt = 0(0%), over = 0, worst = 0, crit = 0
PHY-1001 : Bridge count = 30; unresolved count = 0.
PHY-1001 : 0 out of 39 ((0.00)%) EP fixed by LB.
PHY-1001 : End Stage 3.2.1.1 | Hold Fix By LutBridge; Time: 0.252129s wall, 0.250000s user + 0.000000s system = 0.250000s CPU (99.2%); Memory(MB): used = 2343, reserved = 2444, peak = 2343;

PHY-1001 : Timing info: SWNS 0.139ns | STNS 0.000ns | HWNS -0.144ns | HTNS -0.971ns.
PHY-1001 : Processing hold violation on 30 end-point, worst slack = -144ps, best slack = 19ps.
PHY-1001 : End timing refresh.  0.060752s wall, 0.062500s user + 0.000000s system = 0.062500s CPU (102.9%)

PHY-1001 : Stage 3.2.1.2 | Hold Fix By Pin
PHY-1001 : len = 3.77819e+06, over cnt = 0(0%), over = 0, worst = 0, crit = 0
PHY-1001 : 22 out of 30 ((73.33)%) EP fixed by pin delay.
PHY-1001 : End Stage 3.2.1.2 | Hold Fix By Pin; Time: 1.009107s wall, 1.000000s user + 0.000000s system = 1.000000s CPU (99.1%); Memory(MB): used = 2343, reserved = 2444, peak = 2343;

PHY-1001 : Timing info: SWNS 0.139ns | STNS 0.000ns | HWNS -0.050ns | HTNS -0.228ns.
PHY-1001 : Processing hold violation on 8 end-point, worst slack = -50ps, best slack = 12ps.
PHY-1001 : End timing refresh.  0.059955s wall, 0.062500s user + 0.000000s system = 0.062500s CPU (104.2%)

PHY-1001 : Stage 3.2.1.3 | Hold Fix By Net
PHY-1001 : len = 3.77995e+06, over cnt = 0(0%), over = 0, worst = 0, crit = 0
PHY-1001 : 8 out of 8 ((100.00)%) EP fixed by net delay.
PHY-1001 : End Stage 3.2.1.3 | Hold Fix By Net; Time: 0.292769s wall, 0.296875s user + 0.000000s system = 0.296875s CPU (101.4%); Memory(MB): used = 2343, reserved = 2444, peak = 2343;

PHY-1001 : Timing info: SWNS 0.139ns | STNS 0.000ns | HWNS 0.021ns | HTNS 0.000ns.
PHY-1001 : End timing refresh.  0.073163s wall, 0.078125s user + 0.000000s system = 0.078125s CPU (106.8%)

PHY-1001 : End Stage 3.2.1 | Phase 1; Time: 1.768395s wall, 1.765625s user + 0.000000s system = 1.765625s CPU (99.8%); Memory(MB): used = 2343, reserved = 2444, peak = 2343;

PHY-1001 : End Stage 3.2 | Hold Fix Optimization; Time: 5.989169s wall, 5.937500s user + 0.015625s system = 5.953125s CPU (99.4%); Memory(MB): used = 2343, reserved = 2444, peak = 2343;

PHY-1001 : End Stage 3 | Hold Fix; Time: 6.430857s wall, 6.546875s user + 0.015625s system = 6.562500s CPU (102.0%); Memory(MB): used = 2343, reserved = 2444, peak = 2343;

RUN-1003 : finish command "fix_hold" in  6.448123s wall, 6.562500s user + 0.015625s system = 6.578125s CPU (102.0%)

RUN-1004 : used memory is 2343 MB, reserved memory is 2444 MB, peak memory is 2343 MB
PHY-1001 : Stage 4 | Report Route Qor
RUN-1002 : start command "report_qor -step route -file route.qor"
RUN-1002 : start command "start_timer"
RUN-1003 : finish command "start_timer" in  1.582488s wall, 1.546875s user + 0.000000s system = 1.546875s CPU (97.7%)

RUN-1004 : used memory is 2343 MB, reserved memory is 2444 MB, peak memory is 2343 MB
-----------------------------------------------------------
| QoR metrics               |         value               |
-----------------------------------------------------------
| Timing                    |                             |
|     Setup WNS             |          139                |
|     Setup TNS             |            0                |
|     Num of violated S-EP  |            0                |
|     Hold WNS              |           21                |
|     Hold TNS              |            0                |
|     Num of violated H-EP  |            0                |
-----------------------------------------------------------
| Routing Resource          |                             |
|     Wire length           |      3779952                |
-----------------------------------------------------------
| Utilization               |                             |
|     #slices               |        16484                |
|     slices percentage     |       77.70%                |
|     #RAMs                 |           30                |
|     #DSPs                 |           21                |
|     #DRAMHARDCON          |           77                |
-----------------------------------------------------------
Report route stage QoR done.

RUN-1003 : finish command "report_qor -step route -file route.qor" in  4.216227s wall, 4.156250s user + 0.000000s system = 4.156250s CPU (98.6%)

RUN-1004 : used memory is 2343 MB, reserved memory is 2444 MB, peak memory is 2343 MB
RUN-1002 : start command "update_timing -mode final"
RUN-1002 : start command "start_timer"
RUN-1003 : finish command "start_timer" in  1.599127s wall, 1.562500s user + 0.000000s system = 1.562500s CPU (97.7%)

RUN-1004 : used memory is 2343 MB, reserved memory is 2444 MB, peak memory is 2343 MB
RUN-1003 : finish command "update_timing -mode final" in  4.162005s wall, 4.015625s user + 0.000000s system = 4.015625s CPU (96.5%)

RUN-1004 : used memory is 2343 MB, reserved memory is 2444 MB, peak memory is 2343 MB
RUN-1002 : start command "report_timing_summary -file final_timing.rpt"
OPT-1001 : QoR tracer report on route step:
    SWNS [   incr ]    STNS [   incr ]  S-FEPS [   incr ]    HWNS [   incr ]      HTNS [     incr ]    H-FEPS [     incr ]    CELL [   incr ]       WL [    incr ]   RT(s) [   incr ]   MEM(mb) [     incr ]
     360 [      0 ]       0 [      0 ]       0 [      0 ]    -194 [      0 ]    -10998 [        0 ]       232 [        0 ]   17161 [      0 ]  3350224 [       0 ]      26 [      0 ]      2211 [        0 ] : dr_initialization
     360 [      0 ]       0 [      0 ]       0 [      0 ]     -16 [    178 ]       -16 [    10982 ]         1 [     -231 ]   17161 [      0 ]  3392688 [   42464 ]      31 [      5 ]      2214 [        3 ] : dr_timing_opt_phase1
    -549 [   -909 ]   -2868 [  -2868 ]      11 [     11 ]    -128 [   -112 ]     -2474 [    -2458 ]        56 [       55 ]   17161 [      0 ]  3760368 [  367680 ]      46 [     15 ]      2247 [       33 ] : dr_opt_phase1
     139 [    688 ]       0 [   2868 ]       0 [    -11 ]      21 [    149 ]         0 [     2474 ]         0 [      -56 ]   17161 [      0 ]  3778608 [   18240 ]      48 [      2 ]      2247 [        0 ] : dr_timing_opt_phase2
     139 [      0 ]       0 [      0 ]       0 [      0 ]    -157 [   -178 ]     -1767 [    -1767 ]        32 [       32 ]   17161 [      0 ]  3774752 [   -3856 ]      49 [      1 ]      2247 [        0 ] : dr_opt_phase2
     139 [      0 ]       0 [      0 ]       0 [      0 ]    -157 [      0 ]     -1767 [        0 ]        32 [        0 ]   17161 [      0 ]  3774752 [       0 ]      49 [      0 ]      2247 [        0 ] : multi_try_opt
     139 [      0 ]       0 [      0 ]       0 [      0 ]      21 [    178 ]         0 [     1767 ]         0 [      -32 ]   17161 [      0 ]  3779952 [    5200 ]      57 [      8 ]      2343 [       96 ] : fix_hold_opt

PHY-1001 : End Stage 4 | Report Route Qor; Time: 8.469110s wall, 8.250000s user + 0.000000s system = 8.250000s CPU (97.4%); Memory(MB): used = 2343, reserved = 2444, peak = 2343;

PHY-1001 : Stage 5 | Routing DRC
PHY-1001 : Stage 5.1 | Check And Add Lut-bridge
PHY-1001 : End Stage 5.1 | Check And Add Lut-bridge; Time: 0.065363s wall, 0.078125s user + 0.000000s system = 0.078125s CPU (119.5%); Memory(MB): used = 2343, reserved = 2444, peak = 2343;

PHY-1001 : Stage 5.2 | Lut Bridge Check
PHY-1001 : End Stage 5.2 | Lut Bridge Check; Time: 0.151420s wall, 0.125000s user + 0.000000s system = 0.125000s CPU (82.6%); Memory(MB): used = 2343, reserved = 2444, peak = 2343;

PHY-1001 : Stage 5.3 | Physical Net Status Check
PHY-1001 : End Stage 5.3 | Physical Net Status Check; Time: 0.041779s wall, 0.046875s user + 0.000000s system = 0.046875s CPU (112.2%); Memory(MB): used = 2343, reserved = 2444, peak = 2343;

PHY-1001 : Start multi-drive drc check......
PHY-1001 : No multi-drive.
PHY-1001 : Stage 5.4 | Clock Net Status Check
PHY-1001 : 2 clock net(s) utilize local routing resource.
PHY-5079 CRITICAL-WARNING: Marked 1 clock net(s) utilize the local routing resources. Please check log message and the sinks of clock nets.
RUN-1001 : CTS Local Wire Summary
RUN-1001 : ------------------------------------------------------------------------------------------------------------------------------------------------------------
RUN-1001 :    ClockName    |   DriverType    |  Clock/Fanout  |  LocalWireNum  |                                  NetName                                   |  Marked  
RUN-1001 : ------------------------------------------------------------------------------------------------------------------------------------------------------------
RUN-1001 :        -        |  AL_PHY_LSLICE  |      1/3       |       11       |                      u_uicfgcs500/uii2c_inst/scl_clk                       |    -     
RUN-1001 :   pll_clk_24m   |   AL_PHY_SCLK   |     54/55      |       3        |  O_cam_24m_dup_1_created_gclkinst_auto_created_sclk_s_0_l_bk5_sclk_outnet  |   true   
RUN-1001 : ------------------------------------------------------------------------------------------------------------------------------------------------------------
PHY-5088 WARNING: Clock_Analyzer: Detected 1 buffer(s) clkin net because they drive non-clock sinks. Run "analyze_clock -detail" for more infomation.
PHY-5088 WARNING: Clock_Analyzer: Detected 1 buffer(s) clkout net because they drive non-clock sinks. Run "analyze_clock -detail" for more infomation.
PHY-5088 WARNING: Clock_Analyzer: 2 clock-net(s) because they drive other clock net, may cause clock skew. Run "analyze_clock -detail" for more infomation.
PHY-1001 : End Stage 5.4 | Clock Net Status Check; Time: 0.056685s wall, 0.062500s user + 0.000000s system = 0.062500s CPU (110.3%); Memory(MB): used = 2343, reserved = 2444, peak = 2343;

PHY-1001 : Stage 5.5 | Abnormal Timing Path check
PHY-1001 : No abnormal timing path.
PHY-1001 : End Stage 5.5 | Abnormal Timing Path check; Time: 0.155010s wall, 0.156250s user + 0.000000s system = 0.156250s CPU (100.8%); Memory(MB): used = 2343, reserved = 2444, peak = 2343;

PHY-1001 : Stage 5.6 | Bound Check
PHY-1001 : Check Pass.
PHY-1001 : End Stage 5.6 | Bound Check; Time: 0.003262s wall, 0.000000s user + 0.000000s system = 0.000000s CPU (n/a%); Memory(MB): used = 2343, reserved = 2444, peak = 2343;

PHY-1001 : End Stage 5 | Routing DRC; Time: 0.514612s wall, 0.500000s user + 0.000000s system = 0.500000s CPU (97.2%); Memory(MB): used = 2343, reserved = 2444, peak = 2343;

RUN-1003 : finish command "route" in  66.535908s wall, 114.921875s user + 0.593750s system = 115.515625s CPU (173.6%)

RUN-1004 : used memory is 2343 MB, reserved memory is 2444 MB, peak memory is 2343 MB
RUN-1002 : start command "report_area -io_info -file traffic_sign_td_phy.area"
SYN-4034 : The count of slices with lut is 10290.
SYN-4035 : The count of slices with lut+ripple is 3388.
RUN-1001 : standard
***Report Model: design_top_wrapper Device: PH1P35MDG324***

Design Statistics
#IO                        58   out of    160   36.25%
  #input                    2
  #output                  31
  #inout                   25
#lut6                   14406   out of  21216   67.90%
#reg                    14588
  #slice reg            14588   out of  42432   34.38%
  #pad reg                  0

Utilization Statistics
#slice                  16484   out of  21216   77.70%
  #used ram               728
    #dram lut             616
    #shifter lut          112
  #used logic           15756
    #with luts          10290
    #with adder          3388
    #reg only            2078
#feedthrough             2651
#f7mux                      0   out of  10608    0.00%
#f8mux                      0   out of   5304    0.00%
#eram                      30   out of    108   27.78%
  #eram20k                 30
  #fifo20k                  0
#dsp                       21   out of     40   52.50%
#ddr_byte                   6   out of     12   50.00%
#mipi_tx                    0   out of      2    0.00%
#mipi_rx                    1   out of      2   50.00%
#pad                       17   out of    160   10.62%
#pll                        3   out of      6   50.00%
#gclk                       9   out of     32   28.12%
#lclk                       0   out of     12    0.00%
#sclk                      20   out of     48   41.67%
#mlclk                      2   out of      6   33.33%
#ioclk                      4   out of     18   22.22%


DataNet Average Fanout:

   Index     Fanout     Nets   
    #1          1       25403  
    #2          2       7967   
    #3          3       1255   
    #4          4        777   
    #5        5-10      2361   
    #6        11-50      452   
    #7       51-100      84    
    #8       101-500     42    
    #9        >500        5    
  Average     2.33             

RUN-1002 : start command "update_timing -mode final"
RUN-1002 : start command "start_timer"
RUN-1003 : finish command "start_timer" in  1.587403s wall, 1.546875s user + 0.000000s system = 1.546875s CPU (97.4%)

RUN-1004 : used memory is 2343 MB, reserved memory is 2444 MB, peak memory is 2343 MB
RUN-1003 : finish command "update_timing -mode final" in  4.140284s wall, 3.984375s user + 0.015625s system = 4.000000s CPU (96.6%)

RUN-1004 : used memory is 2343 MB, reserved memory is 2444 MB, peak memory is 2343 MB
RUN-1002 : start command "report_timing_status -file traffic_sign_td_phy.ts"
RUN-1002 : start command "report_timing_summary -file traffic_sign_td_pr.timing"
RUN-1002 : start command "report_timing_exception -file traffic_sign_td_exception.timing"
RUN-1002 : start command "flow_status -file route_flow.status"
Location         : D:\anlu\rtl\traffic_sign_td\td_project\traffic_sign_td_Runs\syn_2
Running with     : Tang Dynasty v6.2.168116
                   Copyright (c) 2012-2025 Anlogic Inc.
Top Model        : design_top_wrapper
Device           : PH1P35MDG324
Speed            : 3

Timing Mode      : final
Setup            : WNS   139ps  TNS        0ps  NUM_FEPS     0
Hold             : WNS    21ps  TNS        0ps  NUM_FEPS     0

Flow Statistics  :
RUN-1001 : Flow Statistics:
RUN-1001 : ---------------------------------------------------------------------------------------------------
RUN-1001 :      command     |  #calls  |  wall time   |  cpu time(s)  |  used memory(mb)  |  peak memory(mb)  
RUN-1001 : ---------------------------------------------------------------------------------------------------
RUN-1001 :   optimize_rtl   |    1     |  2m14s(33%)  |   131(19%)    |       1025        |       1078        
RUN-1001 :       place      |    1     |  1m39s(24%)  |   332(49%)    |       1582        |       1582        
RUN-1001 :   optimize_gate  |    1     |  1m37s(24%)  |    94(13%)    |       1215        |       1215        
RUN-1001 :       route      |    1     |  1m0s(15%)   |   108(16%)    |       2343        |       2343        
RUN-1001 :     fix_hold     |    1     |    6s(1%)    |     6(0%)     |       2343        |       2343        
RUN-1001 :   import_device  |    1     |    1s(0%)    |     1(0%)     |        324        |        324        
RUN-1001 :     read_adc     |    1     |    0s(0%)    |     0(0%)     |        850        |        851        
RUN-1001 :     read_sdc     |    3     |    0s(0%)    |     0(0%)     |        845        |        851        
RUN-1001 : ---------------------------------------------------------------------------------------------------
RUN-1001 :       total      |    10    |    6m37s     |      672      |       2343        |       2343        
RUN-1001 : ---------------------------------------------------------------------------------------------------
RUN-1002 : start command "export_db traffic_sign_td_pr.db"
RUN-1001 : Exported flow parameters
RUN-1001 : Exported /
RUN-1001 : Exported libs
RUN-1001 : Exported entities
RUN-1001 : Exported ports
RUN-1001 : Exported pins
RUN-1001 : Exported instances
RUN-1001 : Exported nets
RUN-1001 : Exported buses
RUN-1001 : Exported models
RUN-1001 : Exported phy database
RUN-1001 : Exported packer
RUN-1001 : Exported congestions
RUN-1001 : Exported violations
RUN-1001 : Exported ATMR Setting
RUN-1001 : Exported timing constraints
RUN-1001 : Exported IO constraints
RUN-1001 : Exported Inst constraints
RUN-1001 : Exported ChipWatcher
RUN-1003 : finish command "export_db traffic_sign_td_pr.db" in  1.122632s wall, 1.359375s user + 0.015625s system = 1.375000s CPU (122.5%)

RUN-1004 : used memory is 2347 MB, reserved memory is 2444 MB, peak memory is 2347 MB
RUN-1002 : start command "export_flow_status -s read_design -e opt_route"
RUN-1002 : start command "flow_status"

Location         : D:\anlu\rtl\traffic_sign_td\td_project\traffic_sign_td_Runs\syn_2
Running with     : Tang Dynasty v6.2.168116
                   Copyright (c) 2012-2025 Anlogic Inc.
Top Model        : design_top_wrapper
Device           : PH1P35MDG324
Speed            : 3

Timing Mode      : final
Setup            : WNS   139ps  TNS        0ps  NUM_FEPS     0
Hold             : WNS    21ps  TNS        0ps  NUM_FEPS     0

RUN-1001 : Flow Statistics:
RUN-1001 : ---------------------------------------------------------------------------------------------------
RUN-1001 :      command     |  #calls  |  wall time   |  cpu time(s)  |  used memory(mb)  |  peak memory(mb)  
RUN-1001 : ---------------------------------------------------------------------------------------------------
RUN-1001 :   optimize_rtl   |    1     |  2m14s(33%)  |   131(19%)    |       1025        |       1078        
RUN-1001 :       place      |    1     |  1m39s(24%)  |   332(49%)    |       1582        |       1582        
RUN-1001 :   optimize_gate  |    1     |  1m37s(24%)  |    94(13%)    |       1215        |       1215        
RUN-1001 :       route      |    1     |  1m0s(15%)   |   108(16%)    |       2343        |       2343        
RUN-1001 :     fix_hold     |    1     |    6s(1%)    |     6(0%)     |       2343        |       2343        
RUN-1001 :   import_device  |    1     |    1s(0%)    |     1(0%)     |        324        |        324        
RUN-1001 :     read_adc     |    1     |    0s(0%)    |     0(0%)     |        850        |        851        
RUN-1001 :     read_sdc     |    3     |    0s(0%)    |     0(0%)     |        845        |        851        
RUN-1001 : ---------------------------------------------------------------------------------------------------
RUN-1001 :       total      |    10    |    6m37s     |      672      |       2343        |       2343        
RUN-1001 : ---------------------------------------------------------------------------------------------------
