============================================================
   Tang Dynasty, V6.2.168116
   Copyright (c) 2012-2025 Anlogic Inc.
   Executable = D:/Anlogic/TD_6.2.1_Engineer_6.2.168.116/bin/td_commands_prompt.exe
   Built at =   16:32:07 Jun 12 2025
   Run by =     »ÆÂúöÎ
   Run Date =   Thu Sep  3 11:09:59 2026

   Run on =     LAPTOP-JS31KT7K
============================================================
RUN-1002 : start command "import_device ph1_35p.db -package PH1P35MDG324 -speed 3"
ARC-1001 : Device Initialization.
ARC-1001 : ----------------------------------------------------------------
ARC-1001 :           OPTION          |          IO           |   SETTING   
ARC-1001 : ----------------------------------------------------------------
ARC-1001 :   non_jtag_persist(none)  |        35 IOs         |    gpio    
ARC-1001 :            jtag           |  P13/P15/L14/R13/T13  |  dedicate  
ARC-1001 : ----------------------------------------------------------------
RUN-1003 : finish command "import_device ph1_35p.db -package PH1P35MDG324 -speed 3" in  1.351439s wall, 1.109375s user + 0.062500s system = 1.171875s CPU (86.7%)

RUN-1004 : used memory is 326 MB, reserved memory is 321 MB, peak memory is 326 MB
RUN-1002 : start command "open_project D:/anlu/rtl/td_project/camera_to_dsi_display.al -single_run"
RUN-1002 : start command "commit_param -step design"
RUN-1001 : Print Global Property
RUN-1001 : -------------------------------------------------------------
RUN-1001 :     Parameters    |   Settings   |  Default Values  |  Note  
RUN-1001 : -------------------------------------------------------------
RUN-1001 :    enable_seed    |     off      |       off        |        
RUN-1001 :    hfn_to_clock   |  1000000000  |    1000000000    |        
RUN-1001 :      message      |   standard   |     standard     |        
RUN-1001 :    qor_monitor    |      on      |        on        |        
RUN-1001 :   speedup_effort  |      0       |        0         |        
RUN-1001 :    syn_ip_flow    |     off      |       off        |        
RUN-1001 :       thread      |     auto     |       auto       |        
RUN-1001 : -------------------------------------------------------------
RUN-1001 : Print Design Property
RUN-1001 : ----------------------------------------------------------------
RUN-1001 :       Parameters       |  Settings  |  Default Values  |  Note  
RUN-1001 : ----------------------------------------------------------------
RUN-1001 :   default_reg_initial  |    auto    |       auto       |        
RUN-1001 :    hdl_warning_level   |   normal   |      normal      |        
RUN-1001 : ----------------------------------------------------------------
HDL-1007 : analyze verilog file ../user_source/hdl_source/ip/image/demosaic_4x_2_0/blk_mem_gen_demosaic/RTL/ram_c36c2ca3b3a7.v
HDL-1007 : analyze verilog file ../user_source/hdl_source/ip/image/demosaic_4x_2_0/blk_mem_gen_demosaic/blk_mem_gen_demosaic.v
HDL-1007 : analyze verilog file ../user_source/hdl_source/ip/image/demosaic_4x_2_0/blk_mem_gen_zhenghe/RTL/ram_d32970204f32.v
HDL-1007 : analyze verilog file ../user_source/hdl_source/ip/image/demosaic_4x_2_0/blk_mem_gen_zhenghe/blk_mem_gen_zhenghe.v
HDL-1007 : analyze verilog file ../user_source/hdl_source/ip/memory/ph1p35_ddr/ddr2/ph1p_ddrmc_wrapper_63f4ac254419.v
HDL-1007 : analyze included file ../user_source/hdl_source/ip/memory/ph1p35_ddr/ddr2/./src/rtl/include/ph1p_mis_define.vh in ../user_source/hdl_source/ip/memory/ph1p35_ddr/ddr2/ph1p_ddrmc_wrapper_63f4ac254419.v(11)
HDL-1007 : back to file '../user_source/hdl_source/ip/memory/ph1p35_ddr/ddr2/ph1p_ddrmc_wrapper_63f4ac254419.v' in ../user_source/hdl_source/ip/memory/ph1p35_ddr/ddr2/ph1p_ddrmc_wrapper_63f4ac254419.v(11)
Copyright (c) 1998-2019 The OpenSSL Project.  All rights reserved.
This product includes software developed by the OpenSSL Project
for use in the OpenSSL Toolkit (http://www.openssl.org/)
Copyright (C) 1995-1998 Eric Young (eay@cryptsoft.com)
All rights reserved.
This product includes cryptographic software written by Eric Young (eay@cryptsoft.com)
HDL-1007 : back to file '../user_source/hdl_source/ip/memory/ph1p35_ddr/ddr2/ph1p_ddrmc_wrapper_63f4ac254419.v' in ../user_source/hdl_source/ip/memory/ph1p35_ddr/ddr2/ph1p_ddrmc_wrapper_63f4ac254419.v(417)
HDL-1007 : analyze verilog file ../user_source/hdl_source/ip/memory/ph1p35_ddr/ddr2/ddr2.v
HDL-1007 : analyze verilog file ../user_source/hdl_source/ip/memory/ph1p35_ddr/ddr2/src/rtl/clk/ph1p_ddrphy_clk_top.v
HDL-1007 : analyze verilog file ../user_source/hdl_source/ip/memory/ph1p35_ddr/ddr2/src/rtl/clk/ph1p_ddrphy_pll0.v
HDL-1007 : analyze verilog file ../user_source/hdl_source/ip/memory/ph1p35_ddr/ddr2/src/rtl/clk/ph1p_ddrphy_pll1.v
HDL-1007 : analyze verilog file ../user_source/hdl_source/ip/memory/ph1p35_ddr/ddr2/src/rtl/init/ph1p_ddrphy_dram_init_ddr2.v
HDL-1007 : analyze verilog file ../user_source/hdl_source/ip/memory/ph1p35_ddr/ddr2/src/rtl/mc/alc_phy2mc_fifo_ctrl.v
HDL-1007 : analyze verilog file ../user_source/hdl_source/ip/memory/ph1p35_ddr/ddr2/src/rtl/misc/ph1p_ddr_fifo_dram_sync.v
HDL-1007 : analyze verilog file ../user_source/hdl_source/ip/memory/ph1p35_ddr/ddr2/src/rtl/misc/ph1p_ddrphy_sync_rst_gen.v
HDL-1007 : analyze verilog file ../user_source/hdl_source/ip/memory/ph1p35_ddr/ddr2/src/rtl/phy/ph1p_ddrphy.v
HDL-1007 : analyze included file ../user_source/hdl_source/ip/memory/ph1p35_ddr/ddr2/src/rtl/phy/./include/ph1p_ddrphy_pad_type.vh in ../user_source/hdl_source/ip/memory/ph1p35_ddr/ddr2/src/rtl/phy/ph1p_ddrphy.v(105)
HDL-1007 : back to file '../user_source/hdl_source/ip/memory/ph1p35_ddr/ddr2/src/rtl/phy/ph1p_ddrphy.v' in ../user_source/hdl_source/ip/memory/ph1p35_ddr/ddr2/src/rtl/phy/ph1p_ddrphy.v(105)
HDL-1007 : analyze included file ../user_source/hdl_source/ip/memory/ph1p35_ddr/ddr2/src/rtl/phy/./include/ph1p_ddrphy_bus_matrix.vh in ../user_source/hdl_source/ip/memory/ph1p35_ddr/ddr2/src/rtl/phy/ph1p_ddrphy.v(507)
HDL-1007 : back to file '../user_source/hdl_source/ip/memory/ph1p35_ddr/ddr2/src/rtl/phy/ph1p_ddrphy.v' in ../user_source/hdl_source/ip/memory/ph1p35_ddr/ddr2/src/rtl/phy/ph1p_ddrphy.v(507)
HDL-1007 : analyze verilog file ../user_source/hdl_source/ip/memory/ph1p35_ddr/ddr2/src/rtl/phy/ph1p_ddrphy_apb_bridge.v
HDL-1007 : analyze verilog file ../user_source/hdl_source/ip/memory/ph1p35_ddr/ddr2/src/rtl/phy/ph1p_ddrphy_bankref_cfg.v
HDL-1007 : analyze verilog file ../user_source/hdl_source/ip/memory/ph1p35_ddr/ddr2/src/rtl/phy/ph1p_ddrphy_byte_wrapper.v
HDL-1007 : analyze verilog file ../user_source/hdl_source/ip/memory/ph1p35_ddr/ddr2/src/rtl/phy/ph1p_ddrphy_cmd_decode.v
HDL-1007 : analyze verilog file ../user_source/hdl_source/ip/memory/ph1p35_ddr/ddr2/src/rtl/phy/ph1p_ddrphy_cmd_execution.v
HDL-1007 : analyze verilog file ../user_source/hdl_source/ip/memory/ph1p35_ddr/ddr2/src/rtl/phy/ph1p_ddrphy_cmd_wrapper.v
HDL-1007 : analyze verilog file ../user_source/hdl_source/ip/memory/ph1p35_ddr/ddr2/src/rtl/phy/ph1p_ddrphy_dcu.v
HDL-1007 : analyze verilog file ../user_source/hdl_source/ip/memory/ph1p35_ddr/ddr2/src/rtl/phy/ph1p_ddrphy_dcu_wrapper.v
HDL-1007 : analyze verilog file ../user_source/hdl_source/ip/memory/ph1p35_ddr/ddr2/src/rtl/phy/ph1p_ddrphy_fast_init.v
HDL-1007 : analyze verilog file ../user_source/hdl_source/ip/memory/ph1p35_ddr/ddr2/src/rtl/phy/ph1p_ddrphy_fast_init_wrapper.v
HDL-1007 : analyze included file ../user_source/hdl_source/ip/memory/ph1p35_ddr/ddr2/src/rtl/phy/./include/ph1p_ddrphy_board_delay.vh in ../user_source/hdl_source/ip/memory/ph1p35_ddr/ddr2/src/rtl/phy/ph1p_ddrphy_fast_init_wrapper.v(71)
HDL-1007 : back to file '../user_source/hdl_source/ip/memory/ph1p35_ddr/ddr2/src/rtl/phy/ph1p_ddrphy_fast_init_wrapper.v' in ../user_source/hdl_source/ip/memory/ph1p35_ddr/ddr2/src/rtl/phy/ph1p_ddrphy_fast_init_wrapper.v(71)
HDL-1007 : analyze verilog file ../user_source/hdl_source/ip/memory/ph1p35_ddr/ddr2/src/rtl/phy/ph1p_ddrphy_init.v
HDL-1007 : analyze verilog file ../user_source/hdl_source/ip/memory/ph1p35_ddr/ddr2/src/rtl/phy/ph1p_ddrphy_mdl_cal.v
HDL-1007 : analyze verilog file ../user_source/hdl_source/ip/memory/ph1p35_ddr/ddr2/src/rtl/phy/ph1p_ddrphy_mdl_cal_wrapper.v
HDL-1007 : analyze verilog file ../user_source/hdl_source/ip/memory/ph1p35_ddr/ddr2/src/rtl/phy/ph1p_ddrphy_rphase_ctl.v
HDL-1007 : analyze verilog file ../user_source/hdl_source/ip/memory/ph1p35_ddr/ddr2/src/rtl/phy/ph1p_ddrphy_top.v
HDL-1007 : analyze included file ../user_source/hdl_source/ip/memory/ph1p35_ddr/ddr2/src/rtl/phy/./include/ph1p_ddrphy_ddrio.vh in ../user_source/hdl_source/ip/memory/ph1p35_ddr/ddr2/src/rtl/phy/ph1p_ddrphy_top.v(736)
HDL-1007 : back to file '../user_source/hdl_source/ip/memory/ph1p35_ddr/ddr2/src/rtl/phy/ph1p_ddrphy_top.v' in ../user_source/hdl_source/ip/memory/ph1p35_ddr/ddr2/src/rtl/phy/ph1p_ddrphy_top.v(736)
HDL-1007 : analyze verilog file ../user_source/hdl_source/ip/memory/ph1p35_ddr/ddr2/src/rtl/phy/ph1p_ddrphy_wphase_ctl.v
HDL-1007 : analyze verilog file ../user_source/hdl_source/ip/memory/ph1p35_ddr/ddr2/src/rtl/phy/ph1p_ddrphy_wrapper.v
HDL-1007 : analyze verilog file ../user_source/hdl_source/ip/memory/ph1p35_ddr/ddr2/src/rtl/top/ph1p_ddrmc_top.v
HDL-1007 : analyze verilog file ../user_source/hdl_source/ip/memory/ph1p35_ddr/ddr2/src/rtl/mc/alc_mc_top_all.enc.sv
HDL-1007 : analyze included file ../user_source/hdl_source/ip/memory/ph1p35_ddr/ddr2/src/rtl/mc/../include/ph1p_mis_define.vh in ../user_source/hdl_source/ip/memory/ph1p35_ddr/ddr2/src/rtl/mc/alc_mc_top_all.enc.sv(4)
HDL-1007 : back to file '../user_source/hdl_source/ip/memory/ph1p35_ddr/ddr2/src/rtl/mc/alc_mc_top_all.enc.sv' in ../user_source/hdl_source/ip/memory/ph1p35_ddr/ddr2/src/rtl/mc/alc_mc_top_all.enc.sv(4)
HDL-1007 : analyze included file ../user_source/hdl_source/ip/memory/ph1p35_ddr/ddr2/src/rtl/mc/../timing/ddr2/ddr2_parameter.vh in ../user_source/hdl_source/ip/memory/ph1p35_ddr/ddr2/src/rtl/mc/alc_mc_top_all.enc.sv(106)
HDL-1007 : analyze included file ../user_source/hdl_source/ip/memory/ph1p35_ddr/ddr2/src/rtl/mc/../timing/ddr2/ddr2_1066.vh in ../user_source/hdl_source/ip/memory/ph1p35_ddr/ddr2/src/rtl/mc/../timing/ddr2/ddr2_parameter.vh(118)
HDL-1007 : back to file '../user_source/hdl_source/ip/memory/ph1p35_ddr/ddr2/src/rtl/mc/../timing/ddr2/ddr2_parameter.vh' in ../user_source/hdl_source/ip/memory/ph1p35_ddr/ddr2/src/rtl/mc/../timing/ddr2/ddr2_parameter.vh(118)
HDL-1007 : back to file '../user_source/hdl_source/ip/memory/ph1p35_ddr/ddr2/src/rtl/mc/alc_mc_top_all.enc.sv' in ../user_source/hdl_source/ip/memory/ph1p35_ddr/ddr2/src/rtl/mc/alc_mc_top_all.enc.sv(106)
HDL-1007 : back to file '../user_source/hdl_source/ip/memory/ph1p35_ddr/ddr2/src/rtl/mc/alc_mc_top_all.enc.sv' in ../user_source/hdl_source/ip/memory/ph1p35_ddr/ddr2/src/rtl/mc/alc_mc_top_all.enc.sv(121)
HDL-1007 : analyze verilog file ../user_source/ip_source/PLL/RTL/ph1p_phy_pll_wrapper_25a56e5ce2f9.v
HDL-1007 : analyze verilog file ../user_source/ip_source/PLL/PLL.v
HDL-1007 : analyze verilog file ../user_source/ip_source/blk_mem_gen_awb_delay_signal/blk_mem_gen_awb_delay_signal.v
HDL-1007 : analyze verilog file ../user_source/ip_source/blk_mem_gen_awb_delay_signal/ram_f84573da5ab5.v
HDL-1007 : analyze verilog file ../user_source/ip_source/divider/divider_gate.v
HDL-1007 : undeclared symbol 'open_n2', assumed default net type 'wire' in ../user_source/ip_source/divider/divider_gate.v(2729)
HDL-1007 : undeclared symbol 'open_n5', assumed default net type 'wire' in ../user_source/ip_source/divider/divider_gate.v(2811)
HDL-1007 : undeclared symbol 'open_n8', assumed default net type 'wire' in ../user_source/ip_source/divider/divider_gate.v(3783)
HDL-1007 : undeclared symbol 'open_n11', assumed default net type 'wire' in ../user_source/ip_source/divider/divider_gate.v(3872)
HDL-1007 : undeclared symbol 'open_n14', assumed default net type 'wire' in ../user_source/ip_source/divider/divider_gate.v(4854)
HDL-1007 : undeclared symbol 'open_n17', assumed default net type 'wire' in ../user_source/ip_source/divider/divider_gate.v(4950)
HDL-1007 : undeclared symbol 'open_n20', assumed default net type 'wire' in ../user_source/ip_source/divider/divider_gate.v(5948)
HDL-1007 : undeclared symbol 'open_n23', assumed default net type 'wire' in ../user_source/ip_source/divider/divider_gate.v(6051)
HDL-1007 : undeclared symbol 'open_n26', assumed default net type 'wire' in ../user_source/ip_source/divider/divider_gate.v(7065)
HDL-1007 : undeclared symbol 'open_n29', assumed default net type 'wire' in ../user_source/ip_source/divider/divider_gate.v(7175)
HDL-1007 : undeclared symbol 'open_n32', assumed default net type 'wire' in ../user_source/ip_source/divider/divider_gate.v(8205)
HDL-1007 : undeclared symbol 'open_n35', assumed default net type 'wire' in ../user_source/ip_source/divider/divider_gate.v(8322)
HDL-1007 : undeclared symbol 'open_n38', assumed default net type 'wire' in ../user_source/ip_source/divider/divider_gate.v(9368)
HDL-1007 : undeclared symbol 'open_n41', assumed default net type 'wire' in ../user_source/ip_source/divider/divider_gate.v(9492)
HDL-1007 : undeclared symbol 'open_n44', assumed default net type 'wire' in ../user_source/ip_source/divider/divider_gate.v(10548)
HDL-1007 : undeclared symbol 'open_n47', assumed default net type 'wire' in ../user_source/ip_source/divider/divider_gate.v(10679)
HDL-1007 : undeclared symbol 'open_n50', assumed default net type 'wire' in ../user_source/ip_source/divider/divider_gate.v(11751)
HDL-1007 : undeclared symbol 'open_n53', assumed default net type 'wire' in ../user_source/ip_source/divider/divider_gate.v(11889)
HDL-1007 : undeclared symbol 'open_n56', assumed default net type 'wire' in ../user_source/ip_source/divider/divider_gate.v(12977)
HDL-1007 : undeclared symbol 'open_n59', assumed default net type 'wire' in ../user_source/ip_source/divider/divider_gate.v(13122)
HDL-1007 : undeclared symbol 'open_n62', assumed default net type 'wire' in ../user_source/ip_source/divider/divider_gate.v(15070)
HDL-1007 : undeclared symbol 'open_n65', assumed default net type 'wire' in ../user_source/ip_source/divider/divider_gate.v(15222)
HDL-1007 : undeclared symbol 'open_n68', assumed default net type 'wire' in ../user_source/ip_source/divider/divider_gate.v(16342)
HDL-1007 : undeclared symbol 'open_n71', assumed default net type 'wire' in ../user_source/ip_source/divider/divider_gate.v(16501)
HDL-1007 : undeclared symbol 'open_n74', assumed default net type 'wire' in ../user_source/ip_source/divider/divider_gate.v(17631)
HDL-1007 : undeclared symbol 'open_n77', assumed default net type 'wire' in ../user_source/ip_source/divider/divider_gate.v(17797)
HDL-1007 : undeclared symbol 'open_n80', assumed default net type 'wire' in ../user_source/ip_source/divider/divider_gate.v(18943)
HDL-1007 : undeclared symbol 'open_n83', assumed default net type 'wire' in ../user_source/ip_source/divider/divider_gate.v(19116)
HDL-1007 : undeclared symbol 'open_n86', assumed default net type 'wire' in ../user_source/ip_source/divider/divider_gate.v(20278)
HDL-1007 : undeclared symbol 'open_n89', assumed default net type 'wire' in ../user_source/ip_source/divider/divider_gate.v(20458)
HDL-1007 : undeclared symbol 'open_n92', assumed default net type 'wire' in ../user_source/ip_source/divider/divider_gate.v(21636)
HDL-1007 : undeclared symbol 'open_n95', assumed default net type 'wire' in ../user_source/ip_source/divider/divider_gate.v(21823)
HDL-1007 : undeclared symbol 'open_n98', assumed default net type 'wire' in ../user_source/ip_source/divider/divider_gate.v(23017)
HDL-1007 : undeclared symbol 'open_n101', assumed default net type 'wire' in ../user_source/ip_source/divider/divider_gate.v(23211)
HDL-1007 : undeclared symbol 'open_n104', assumed default net type 'wire' in ../user_source/ip_source/divider/divider_gate.v(24415)
HDL-1007 : undeclared symbol 'open_n107', assumed default net type 'wire' in ../user_source/ip_source/divider/divider_gate.v(24616)
HDL-1007 : undeclared symbol 'open_n110', assumed default net type 'wire' in ../user_source/ip_source/divider/divider_gate.v(25836)
HDL-1007 : undeclared symbol 'open_n113', assumed default net type 'wire' in ../user_source/ip_source/divider/divider_gate.v(26044)
HDL-1007 : undeclared symbol 'open_n116', assumed default net type 'wire' in ../user_source/ip_source/divider/divider_gate.v(27280)
HDL-1007 : undeclared symbol 'open_n119', assumed default net type 'wire' in ../user_source/ip_source/divider/divider_gate.v(27495)
HDL-1007 : undeclared symbol 'open_n122', assumed default net type 'wire' in ../user_source/ip_source/divider/divider_gate.v(29638)
HDL-1007 : undeclared symbol 'open_n125', assumed default net type 'wire' in ../user_source/ip_source/divider/divider_gate.v(29860)
HDL-1007 : undeclared symbol 'open_n128', assumed default net type 'wire' in ../user_source/ip_source/divider/divider_gate.v(31128)
HDL-1007 : undeclared symbol 'open_n129', assumed default net type 'wire' in ../user_source/ip_source/divider/divider_gate.v(31359)
HDL-1007 : undeclared symbol 'open_n132', assumed default net type 'wire' in ../user_source/ip_source/divider/divider_gate.v(32637)
HDL-1007 : undeclared symbol 'open_n133', assumed default net type 'wire' in ../user_source/ip_source/divider/divider_gate.v(32868)
HDL-1007 : undeclared symbol 'open_n134', assumed default net type 'wire' in ../user_source/ip_source/divider/divider_gate.v(32875)
HDL-1007 : undeclared symbol 'open_n137', assumed default net type 'wire' in ../user_source/ip_source/divider/divider_gate.v(34153)
HDL-1007 : undeclared symbol 'open_n138', assumed default net type 'wire' in ../user_source/ip_source/divider/divider_gate.v(34384)
HDL-1007 : undeclared symbol 'open_n139', assumed default net type 'wire' in ../user_source/ip_source/divider/divider_gate.v(34391)
HDL-1007 : undeclared symbol 'open_n142', assumed default net type 'wire' in ../user_source/ip_source/divider/divider_gate.v(35669)
HDL-1007 : undeclared symbol 'open_n143', assumed default net type 'wire' in ../user_source/ip_source/divider/divider_gate.v(35900)
HDL-1007 : undeclared symbol 'open_n144', assumed default net type 'wire' in ../user_source/ip_source/divider/divider_gate.v(35907)
HDL-1007 : undeclared symbol 'open_n147', assumed default net type 'wire' in ../user_source/ip_source/divider/divider_gate.v(37185)
HDL-1007 : undeclared symbol 'open_n148', assumed default net type 'wire' in ../user_source/ip_source/divider/divider_gate.v(37416)
HDL-1007 : undeclared symbol 'open_n149', assumed default net type 'wire' in ../user_source/ip_source/divider/divider_gate.v(37423)
HDL-1007 : undeclared symbol 'open_n152', assumed default net type 'wire' in ../user_source/ip_source/divider/divider_gate.v(38701)
HDL-1007 : undeclared symbol 'open_n153', assumed default net type 'wire' in ../user_source/ip_source/divider/divider_gate.v(38932)
HDL-1007 : undeclared symbol 'open_n154', assumed default net type 'wire' in ../user_source/ip_source/divider/divider_gate.v(38939)
HDL-1007 : undeclared symbol 'open_n157', assumed default net type 'wire' in ../user_source/ip_source/divider/divider_gate.v(40217)
HDL-1007 : undeclared symbol 'open_n158', assumed default net type 'wire' in ../user_source/ip_source/divider/divider_gate.v(40448)
HDL-1007 : undeclared symbol 'open_n159', assumed default net type 'wire' in ../user_source/ip_source/divider/divider_gate.v(40455)
HDL-1007 : undeclared symbol 'open_n162', assumed default net type 'wire' in ../user_source/ip_source/divider/divider_gate.v(41733)
HDL-1007 : undeclared symbol 'open_n163', assumed default net type 'wire' in ../user_source/ip_source/divider/divider_gate.v(41964)
HDL-1007 : undeclared symbol 'open_n164', assumed default net type 'wire' in ../user_source/ip_source/divider/divider_gate.v(41971)
HDL-1007 : undeclared symbol 'open_n167', assumed default net type 'wire' in ../user_source/ip_source/divider/divider_gate.v(43249)
HDL-1007 : undeclared symbol 'open_n168', assumed default net type 'wire' in ../user_source/ip_source/divider/divider_gate.v(43480)
HDL-1007 : undeclared symbol 'open_n169', assumed default net type 'wire' in ../user_source/ip_source/divider/divider_gate.v(43487)
HDL-1007 : undeclared symbol 'open_n172', assumed default net type 'wire' in ../user_source/ip_source/divider/divider_gate.v(45678)
HDL-1007 : undeclared symbol 'open_n173', assumed default net type 'wire' in ../user_source/ip_source/divider/divider_gate.v(45909)
HDL-1007 : undeclared symbol 'open_n174', assumed default net type 'wire' in ../user_source/ip_source/divider/divider_gate.v(45916)
HDL-1007 : undeclared symbol 'open_n177', assumed default net type 'wire' in ../user_source/ip_source/divider/divider_gate.v(47194)
HDL-1007 : undeclared symbol 'open_n178', assumed default net type 'wire' in ../user_source/ip_source/divider/divider_gate.v(47425)
HDL-1007 : undeclared symbol 'open_n179', assumed default net type 'wire' in ../user_source/ip_source/divider/divider_gate.v(47432)
HDL-1007 : undeclared symbol 'open_n182', assumed default net type 'wire' in ../user_source/ip_source/divider/divider_gate.v(48710)
HDL-1007 : undeclared symbol 'open_n183', assumed default net type 'wire' in ../user_source/ip_source/divider/divider_gate.v(48941)
HDL-1007 : undeclared symbol 'open_n184', assumed default net type 'wire' in ../user_source/ip_source/divider/divider_gate.v(48948)
HDL-1007 : undeclared symbol 'open_n187', assumed default net type 'wire' in ../user_source/ip_source/divider/divider_gate.v(50226)
HDL-1007 : undeclared symbol 'open_n188', assumed default net type 'wire' in ../user_source/ip_source/divider/divider_gate.v(50457)
HDL-1007 : undeclared symbol 'open_n189', assumed default net type 'wire' in ../user_source/ip_source/divider/divider_gate.v(50464)
HDL-1007 : undeclared symbol 'open_n192', assumed default net type 'wire' in ../user_source/ip_source/divider/divider_gate.v(51742)
HDL-1007 : undeclared symbol 'open_n193', assumed default net type 'wire' in ../user_source/ip_source/divider/divider_gate.v(51973)
HDL-1007 : undeclared symbol 'open_n194', assumed default net type 'wire' in ../user_source/ip_source/divider/divider_gate.v(51980)
HDL-1007 : undeclared symbol 'open_n197', assumed default net type 'wire' in ../user_source/ip_source/divider/divider_gate.v(53258)
HDL-1007 : undeclared symbol 'open_n198', assumed default net type 'wire' in ../user_source/ip_source/divider/divider_gate.v(53489)
HDL-1007 : undeclared symbol 'open_n199', assumed default net type 'wire' in ../user_source/ip_source/divider/divider_gate.v(53496)
HDL-1007 : undeclared symbol 'open_n202', assumed default net type 'wire' in ../user_source/ip_source/divider/divider_gate.v(54774)
HDL-1007 : undeclared symbol 'open_n203', assumed default net type 'wire' in ../user_source/ip_source/divider/divider_gate.v(55005)
HDL-1007 : undeclared symbol 'open_n204', assumed default net type 'wire' in ../user_source/ip_source/divider/divider_gate.v(55012)
HDL-1007 : undeclared symbol 'open_n207', assumed default net type 'wire' in ../user_source/ip_source/divider/divider_gate.v(57048)
HDL-1007 : undeclared symbol 'open_n208', assumed default net type 'wire' in ../user_source/ip_source/divider/divider_gate.v(57167)
HDL-1007 : undeclared symbol 'open_n209', assumed default net type 'wire' in ../user_source/ip_source/divider/divider_gate.v(57174)
HDL-1007 : undeclared symbol 'open_n212', assumed default net type 'wire' in ../user_source/ip_source/divider/divider_gate.v(58502)
HDL-1007 : undeclared symbol 'open_n215', assumed default net type 'wire' in ../user_source/ip_source/divider/divider_gate.v(58507)
HDL-1007 : undeclared symbol 'open_n218', assumed default net type 'wire' in ../user_source/ip_source/divider/divider_gate.v(59405)
HDL-1007 : undeclared symbol 'open_n221', assumed default net type 'wire' in ../user_source/ip_source/divider/divider_gate.v(59459)
HDL-1007 : undeclared symbol 'open_n224', assumed default net type 'wire' in ../user_source/ip_source/divider/divider_gate.v(60367)
HDL-1007 : undeclared symbol 'open_n227', assumed default net type 'wire' in ../user_source/ip_source/divider/divider_gate.v(60428)
HDL-1007 : undeclared symbol 'open_n230', assumed default net type 'wire' in ../user_source/ip_source/divider/divider_gate.v(61352)
HDL-1007 : undeclared symbol 'open_n233', assumed default net type 'wire' in ../user_source/ip_source/divider/divider_gate.v(61420)
HDL-1007 : undeclared symbol 'open_n236', assumed default net type 'wire' in ../user_source/ip_source/divider/divider_gate.v(62360)
HDL-1007 : undeclared symbol 'open_n239', assumed default net type 'wire' in ../user_source/ip_source/divider/divider_gate.v(62435)
HDL-1007 : analyze verilog file ../user_source/ip_source/w128_d512_fifo/soft_fifo_al_4057d6b76aa6.v
HDL-1007 : analyze verilog file ../user_source/ip_source/w128_d512_fifo/w128_d512_fifo.v
HDL-1007 : analyze verilog file ../user_source/ip_source/w155_d512_fifo/soft_fifo_al_f58e8b3e1f3d.v
HDL-1007 : analyze verilog file ../user_source/ip_source/w155_d512_fifo/w155_d512_fifo.v
HDL-1007 : analyze verilog file ../user_source/hdl_source/design_top_wrapper.v
HDL-1007 : analyze verilog file ../user_source/hdl_source/ip/control/mode_selector.v
HDL-1007 : analyze verilog file ../user_source/hdl_source/ip/camera/mipi/mipi_dphy_rx/mipi_dphy_rx_ph1p_mipiio_wrapper.sv
HDL-1007 : analyze verilog file ../user_source/hdl_source/ip/camera/mipi/mipi_dphy_rx/ph1p_mipiio_rx_wrapper.v
HDL-1007 : analyze verilog file ../user_source/hdl_source/ip/video/video_in.v
HDL-1007 : analyze verilog file ../user_source/hdl_source/ip/video/video_out.v
HDL-1007 : analyze verilog file ../user_source/hdl_source/ip/memory/mc_to_user_interface.v
HDL-1007 : analyze verilog file ../user_source/hdl_source/ip/camera/mipi/mipi_dphy_rx/byte_aligner.enc.v
HDL-1007 : back to file '../user_source/hdl_source/ip/camera/mipi/mipi_dphy_rx/byte_aligner.enc.v' in ../user_source/hdl_source/ip/camera/mipi/mipi_dphy_rx/byte_aligner.enc.v(18)
HDL-1007 : analyze verilog file ../user_source/hdl_source/ip/camera/mipi/mipi_dphy_rx/byte_aligner_wrapper.enc.sv
HDL-1007 : back to file '../user_source/hdl_source/ip/camera/mipi/mipi_dphy_rx/byte_aligner_wrapper.enc.sv' in ../user_source/hdl_source/ip/camera/mipi/mipi_dphy_rx/byte_aligner_wrapper.enc.sv(20)
HDL-1007 : analyze verilog file ../user_source/hdl_source/ip/camera/mipi/mipi_dphy_rx/channel_aligner.enc.v
HDL-1007 : back to file '../user_source/hdl_source/ip/camera/mipi/mipi_dphy_rx/channel_aligner.enc.v' in ../user_source/hdl_source/ip/camera/mipi/mipi_dphy_rx/channel_aligner.enc.v(17)
HDL-1007 : analyze verilog file ../user_source/hdl_source/ip/camera/mipi/mipi_dphy_rx/channel_aligner_wrapper.enc.sv
HDL-1007 : back to file '../user_source/hdl_source/ip/camera/mipi/mipi_dphy_rx/channel_aligner_wrapper.enc.sv' in ../user_source/hdl_source/ip/camera/mipi/mipi_dphy_rx/channel_aligner_wrapper.enc.sv(17)
HDL-1007 : analyze verilog file ../user_source/hdl_source/ip/camera/mipi/mipi_dphy_rx/hs_detect.enc.v
HDL-1007 : back to file '../user_source/hdl_source/ip/camera/mipi/mipi_dphy_rx/hs_detect.enc.v' in ../user_source/hdl_source/ip/camera/mipi/mipi_dphy_rx/hs_detect.enc.v(13)
HDL-1007 : analyze verilog file ../user_source/hdl_source/ip/image/signal_delay.v
HDL-1007 : analyze verilog file ../user_source/hdl_source/ip/image/awb.v
HDL-1007 : analyze verilog file ../user_source/hdl_source/ip/memory/ph1p35_ddr/ph1p35_324_ddr_wrapper.v
HDL-1007 : undeclared symbol 'dhi_clk', assumed default net type 'wire' in ../user_source/hdl_source/ip/memory/ph1p35_ddr/ph1p35_324_ddr_wrapper.v(83)
HDL-1007 : analyze verilog file ../user_source/hdl_source/ip/camera/mipi/csi_unpacket_2lane.v
HDL-1007 : analyze verilog file ../user_source/hdl_source/ip/image/image_process_stream_96.v
HDL-1007 : analyze verilog file ../user_source/hdl_source/ip/image/isp_top.v
HDL-1007 : analyze verilog file ../user_source/hdl_source/ip/camera/mipi/raw10_unpacket_2lane.v
HDL-1007 : analyze verilog file ../user_source/hdl_source/ip/camera/mipi/uial2axis.v
HDL-1007 : analyze verilog file ../user_source/hdl_source/ip/image/demosaic_4x_2_0/bilinear_interpolation.v
HDL-1007 : analyze verilog file ../user_source/hdl_source/ip/image/demosaic_4x_2_0/demosaic.v
HDL-5007 WARNING: /* is inside a comment in ../user_source/hdl_source/ip/image/demosaic_4x_2_0/demosaic.v(89)
HDL-5007 WARNING: /* is inside a comment in ../user_source/hdl_source/ip/image/demosaic_4x_2_0/demosaic.v(100)
HDL-1007 : analyze verilog file ../user_source/hdl_source/ip/image/demosaic_4x_2_0/line_buffer_demosaic.v
HDL-1007 : analyze verilog file ../user_source/hdl_source/ip/image/demosaic_4x_2_0/mipi_to_raw_converter.v
HDL-1007 : analyze verilog file ../user_source/hdl_source/ip/image/demosaic_4x_2_0/raw_matrix_3x3_buffer.v
HDL-1007 : analyze verilog file ../user_source/hdl_source/ip/image/demosaic_4x_2_0/zhenghe.v
HDL-1007 : undeclared symbol 'rd_valid', assumed default net type 'wire' in ../user_source/hdl_source/ip/image/demosaic_4x_2_0/zhenghe.v(146)
HDL-1007 : analyze verilog file ../user_source/hdl_source/ip/image/data128_96/data128_96.v
HDL-1007 : analyze verilog file ../user_source/hdl_source/ip/image/data96_128/data96_128.v
HDL-1007 : analyze verilog file ../user_source/hdl_source/ip/image/image_correction.v
HDL-1007 : analyze verilog file ../user_source/hdl_source/ip/camera/config/uics500_cfg/SC500GainTbl.v
HDL-1007 : analyze verilog file ../user_source/hdl_source/ip/camera/config/uics500_cfg/uicfgcs500.v
HDL-1007 : undeclared symbol 'iic_busy', assumed default net type 'wire' in ../user_source/hdl_source/ip/camera/config/uics500_cfg/uicfgcs500.v(141)
HDL-1007 : analyze verilog file ../user_source/hdl_source/ip/camera/config/uics500_cfg/uics500reg.v
HDL-1007 : analyze verilog file ../user_source/hdl_source/ip/camera/config/uics500_cfg/uics500regAE.v
HDL-1007 : analyze verilog file ../user_source/hdl_source/ip/camera/config/uics500_cfg/uii2c.v
HDL-1007 : analyze verilog file ../user_source/hdl_source/ip/camera/config/uiisp_beta/ae_set.v
HDL-1007 : analyze verilog file ../user_source/hdl_source/ip/display/hdmi/hdmi_tx.v
HDL-1007 : analyze verilog file ../user_source/hdl_source/ip/display/hdmi/hdmi_1_4b_transmitter_core_wrapper.enc.v
HDL-1007 : undeclared symbol '**', assumed default net type '**' in ../user_source/hdl_source/ip/display/hdmi/hdmi_1_4b_transmitter_core_wrapper.enc.v(2614)
HDL-1007 : undeclared symbol '**', assumed default net type '**' in ../user_source/hdl_source/ip/display/hdmi/hdmi_1_4b_transmitter_core_wrapper.enc.v(2716)
HDL-1007 : undeclared symbol '**', assumed default net type '**' in ../user_source/hdl_source/ip/display/hdmi/hdmi_1_4b_transmitter_core_wrapper.enc.v(2724)
HDL-1007 : undeclared symbol '**', assumed default net type '**' in ../user_source/hdl_source/ip/display/hdmi/hdmi_1_4b_transmitter_core_wrapper.enc.v(4936)
HDL-1007 : undeclared symbol '**', assumed default net type '**' in ../user_source/hdl_source/ip/display/hdmi/hdmi_1_4b_transmitter_core_wrapper.enc.v(5989)
HDL-1007 : back to file '../user_source/hdl_source/ip/display/hdmi/hdmi_1_4b_transmitter_core_wrapper.enc.v' in ../user_source/hdl_source/ip/display/hdmi/hdmi_1_4b_transmitter_core_wrapper.enc.v(77)
HDL-1007 : analyze verilog file ../user_source/hdl_source/ip/display/hdmi/hdmi_phy_warpper.v
HDL-1007 : analyze verilog file ../user_source/hdl_source/ip/display/hdmi/lane_lvds_10_1.v
HDL-1007 : analyze verilog file ../user_source/hdl_source/ip/video/vtc/uivtc.v
HDL-1007 : analyze verilog file ../user_source/hdl_source/ip/video/osd/hdmi_mixer.v
HDL-1007 : analyze verilog file ../user_source/hdl_source/ip/audio/I2S_receiver.v
HDL-1007 : analyze verilog file ../user_source/hdl_source/ip/audio/audio_arc_calculate.v
HDL-1007 : analyze verilog file ../user_source/hdl_source/ip/control/key_remove_shakes.v
HDL-1007 : analyze verilog file ../user_source/hdl_source/ip/video/osd/anlogic_logo_rom.v
HDL-1007 : analyze verilog file ../user_source/hdl_source/ip/video/osd/osd_char_lib.v
HDL-1007 : analyze verilog file ../user_source/hdl_source/ip/image/cnn/cnn_input_bram.v
HDL-1007 : analyze verilog file ../user_source/hdl_source/ip/image/cnn/cnn_feat_bram.v
HDL-1007 : analyze verilog file ../user_source/hdl_source/ip/image/cnn/cnn_bias_rom.v
HDL-1007 : analyze verilog file ../user_source/hdl_source/ip/image/cnn/cnn_weight_rom.v
HDL-5007 WARNING: root scope declaration is not allowed in Verilog 95/2K mode in ../user_source/hdl_source/ip/image/cnn/cnn_weight_rom.v(44)
HDL-5007 WARNING: root scope declaration is not allowed in Verilog 95/2K mode in ../user_source/hdl_source/ip/image/cnn/cnn_weight_rom.v(45)
HDL-5007 WARNING: root scope declaration is not allowed in Verilog 95/2K mode in ../user_source/hdl_source/ip/image/cnn/cnn_weight_rom.v(46)
HDL-1007 : analyze verilog file ../user_source/hdl_source/ip/image/cnn/cnn_core.v
HDL-1007 : analyze included file ../user_source/hdl_source/ip/image/cnn/cnn_quant_params.vh in ../user_source/hdl_source/ip/image/cnn/cnn_core.v(2)
HDL-1007 : back to file '../user_source/hdl_source/ip/image/cnn/cnn_core.v' in ../user_source/hdl_source/ip/image/cnn/cnn_core.v(2)
HDL-1007 : analyze verilog file ../user_source/hdl_source/ip/image/cnn/cnn_input_sampler_96.v
HDL-1007 : analyze verilog file ../user_source/hdl_source/ip/image/cnn/cnn_result_cdc.v
PRJ-1401 : Successfully analyzed 95 source files.
RUN-1002 : start command "load_run_param -run syn_1"
RUN-1002 : start command "import_db D:/anlu/rtl/reports/cnn_final_maparea_gate.db"
RUN-1001 : Importing database generated by Tang Dynasty, V6.2.168116.
RUN-1001 : Database version number 46207
RUN-1001 : Import flow parameters
RUN-1001 : Import netlist
RUN-1001 : Import timing constraints
RUN-1001 : Import IO constraints
RUN-1001 : Import Inst constraints
RUN-1001 : Import ChipWatcher
RUN-1001 : Import design success TD_VERSION=6.2.168116 , DB_VERSION=46207
RUN-1003 : finish command "import_db D:/anlu/rtl/reports/cnn_final_maparea_gate.db" in  1.750563s wall, 0.562500s user + 0.000000s system = 0.562500s CPU (32.1%)

RUN-1004 : used memory is 733 MB, reserved memory is 731 MB, peak memory is 733 MB
RUN-1002 : start command "commit_param -step place"
RUN-1001 : Print Global Property
RUN-1001 : -------------------------------------------------------------
RUN-1001 :     Parameters    |   Settings   |  Default Values  |  Note  
RUN-1001 : -------------------------------------------------------------
RUN-1001 :    enable_seed    |     off      |       off        |        
RUN-1001 :    hfn_to_clock   |  1000000000  |    1000000000    |        
RUN-1001 :      message      |   standard   |     standard     |        
RUN-1001 :    qor_monitor    |      on      |        on        |        
RUN-1001 :   speedup_effort  |      0       |        0         |        
RUN-1001 :    syn_ip_flow    |     off      |       off        |        
RUN-1001 :       thread      |     auto     |       auto       |        
RUN-1001 : -------------------------------------------------------------
RUN-1001 : Print Place Property
RUN-1001 : ---------------------------------------------------------------
RUN-1001 :       Parameters      |  Settings  |  Default Values  |  Note  
RUN-1001 : ---------------------------------------------------------------
RUN-1001 :         effort        |   medium   |      medium      |        
RUN-1001 :     hfn_opt_effort    |   medium   |      medium      |        
RUN-1001 :    logic_level_opt    |    off     |       off        |        
RUN-1001 :   macro_performance   |    auto    |       auto       |        
RUN-1001 :       max_fanout      |   999999   |      999999      |        
RUN-1001 :       opt_timing      |   medium   |      medium      |        
RUN-1001 :     post_place_opt    |    auto    |       auto       |        
RUN-1001 :      pr_strategy      |     1      |        1         |        
RUN-1001 :   preplace_floorplan  |    off     |       off        |        
RUN-1001 : ---------------------------------------------------------------
RUN-1002 : start command "read_adc ../user_source/constraints_source/pin.adc"
RUN-1002 : start command "set_pin_assignment  I_sys_clk   LOCATION = C4; IOSTANDARD  = LVCMOS33; PULLTYPE = PULLUP; "
RUN-1002 : start command "set_pin_assignment  I_rst_n   LOCATION = R10; IOSTANDARD = LVCMOS33; PULLTYPE = PULLUP; "
RUN-1002 : start command "set_pin_assignment  O_cam_scl   LOCATION = K3; IOSTANDARD  = LVCMOS33; DRIVESTRENGTH = 8; PULLTYPE = PULLUP; "
RUN-1002 : start command "set_pin_assignment  IO_cam_sda   LOCATION = J3; IOSTANDARD  = LVCMOS33; DRIVESTRENGTH = 8; PULLTYPE = PULLUP; "
RUN-1002 : start command "set_pin_assignment  O_cam_24m   LOCATION = L3; IOSTANDARD  = LVCMOS33; DRIVESTRENGTH = 8; PULLTYPE = PULLUP; "
RUN-1002 : start command "set_pin_assignment  O_cam_rst   LOCATION = L2; IOSTANDARD  = LVCMOS33; DRIVESTRENGTH = 8; PULLTYPE = PULLUP; "
RUN-1002 : start command "set_pin_assignment  I_button[0]   LOCATION = N2;  IOSTANDARD = LVCMOS33; DRIVESTRENGTH = 8; PULLTYPE = PULLUP; "
RUN-1002 : start command "set_pin_assignment  I_button[1]   LOCATION = J14; IOSTANDARD = LVCMOS33; DRIVESTRENGTH = 8; PULLTYPE = PULLUP; "
RUN-1002 : start command "set_pin_assignment  O_screen_pwm   LOCATION = R11; IOSTANDARD = LVCMOS33; DRIVESTRENGTH = 8; PULLTYPE = PULLDOWN; "
RUN-1002 : start command "set_pin_assignment  O_tmds_ch0_p   LOCATION = G16; IOSTANDARD = TMDS33; PULLTYPE = NONE; "
RUN-1002 : start command "set_pin_assignment  O_tmds_ch1_p   LOCATION = F17; IOSTANDARD = TMDS33; PULLTYPE = NONE; "
RUN-1002 : start command "set_pin_assignment  O_tmds_ch2_p   LOCATION = H14; IOSTANDARD = TMDS33; PULLTYPE = NONE; "
RUN-1002 : start command "set_pin_assignment  O_tmds_clk_p   LOCATION = C17; IOSTANDARD = TMDS33; PULLTYPE = NONE; "
RUN-1001 : Starting of IO setups legality check.
RUN-1003 : finish command "read_adc ../user_source/constraints_source/pin.adc" in  1.701610s wall, 1.687500s user + 0.000000s system = 1.687500s CPU (99.2%)

RUN-1004 : used memory is 693 MB, reserved memory is 689 MB, peak memory is 735 MB
RUN-1002 : start command "read_ip_adc -ip ddr2 -file ../user_source/hdl_source/ip/memory/ph1p35_ddr/ddr2/src/adc/ddr2.adc"
RUN-1001 : Starting of IO setups legality check.
RUN-1003 : finish command "read_ip_adc -ip ddr2 -file ../user_source/hdl_source/ip/memory/ph1p35_ddr/ddr2/src/adc/ddr2.adc" in  1.635084s wall, 1.625000s user + 0.000000s system = 1.625000s CPU (99.4%)

RUN-1004 : used memory is 693 MB, reserved memory is 690 MB, peak memory is 735 MB
RUN-1002 : start command "read_sdc camera_to_dsi_display.sdc"
RUN-1002 : start command "read_sdc -ip w128_d512_fifo ../user_source/ip_source/w128_d512_fifo/w128_d512_fifo.tcl"
RUN-1002 : start command "read_sdc -ip ddr2 ../user_source/hdl_source/ip/memory/ph1p35_ddr/ddr2/src/sdc/ddr2.sdc"
RUN-1002 : start command "place"
RUN-1001 : Open license file D:/Anlogic/TD_6.2.1_Engineer_6.2.168.116/license/Anlogic.lic
PHY-3001 : Placer runs in 32 thread(s).
PHY-1001 : Stage 1 | Initialize Design
PHY-1001 : Stage 1.1 | Build Design
PHY-1001 : 14723 luts, 19762 seqs, 536 mslices, 5641 lslices, 54 pads, 108 brams, 31 dsps
RUN-1002 : start command "legalize_phy_inst"
SYN-1011 : Flatten model design_top_wrapper
SYN-1001 : ADC: Instance "u_ph1p35_324_ddr_wrapper/u_ddr2/ph1p_ddrmc_wrapper/ph1p_ddrmc_top/u_ddr_phy/u_ddrphy_top/u_ddrphy/ac_byte[0]$ac_byte_used$u_ddrphy_ac_byte_wrapper/u_ddrphy_byte" LOCATION="X0Y70Z0"
SYN-1001 : ADC: Instance "u_ph1p35_324_ddr_wrapper/u_ddr2/ph1p_ddrmc_wrapper/ph1p_ddrmc_top/u_ddr_phy/u_ddrphy_top/u_ddrphy/ac_byte[1]$ac_byte_used$u_ddrphy_ac_byte_wrapper/u_ddrphy_byte" LOCATION="X0Y60Z0"
SYN-1001 : ADC: Instance "u_ph1p35_324_ddr_wrapper/u_ddr2/ph1p_ddrmc_wrapper/ph1p_ddrmc_top/u_ddr_phy/u_ddrphy_top/u_ddrphy/ac_byte[2]$ac_byte_used$u_ddrphy_ac_byte_wrapper/u_ddrphy_byte" LOCATION="X0Y50Z0"
SYN-1001 : ADC: Instance "u_ph1p35_324_ddr_wrapper/u_ddr2/ph1p_ddrmc_wrapper/ph1p_ddrmc_top/u_ddr_phy/u_ddrphy_top/u_ddrphy/ac_byte[3]$ac_byte_used$u_ddrphy_ac_byte_wrapper/u_ddrphy_byte" LOCATION="X0Y40Z0"
SYN-1001 : ADC: Instance "u_ph1p35_324_ddr_wrapper/u_ddr2/ph1p_ddrmc_wrapper/ph1p_ddrmc_top/u_ddr_phy/u_ddrphy_top/u_ddrphy/bkref[0]$u_ddrphy_bankref" LOCATION="X0Y19Z0"
SYN-1001 : ADC: Instance "u_ph1p35_324_ddr_wrapper/u_ddr2/ph1p_ddrmc_wrapper/ph1p_ddrmc_top/u_ddr_phy/u_ddrphy_top/u_ddrphy/bkref[1]$u_ddrphy_bankref" LOCATION="X0Y59Z0"
SYN-1001 : ADC: Instance "u_ph1p35_324_ddr_wrapper/u_ddr2/ph1p_ddrmc_wrapper/ph1p_ddrmc_top/u_ddr_phy/u_ddrphy_top/u_ddrphy/dx_byte[0]$dx_byte_used$u_ddrphy_dx_byte_wrapper/u_ddrphy_byte" LOCATION="X0Y30Z0"
SYN-1001 : ADC: Instance "u_ph1p35_324_ddr_wrapper/u_ddr2/ph1p_ddrmc_wrapper/ph1p_ddrmc_top/u_ddr_phy/u_ddrphy_top/u_ddrphy/dx_byte[1]$dx_byte_used$u_ddrphy_dx_byte_wrapper/u_ddrphy_byte" LOCATION="X0Y10Z0"
SYN-1001 : ADC: Instance "u_ph1p35_324_ddr_wrapper/u_ddr2/ph1p_ddrmc_wrapper/ph1p_ddrmc_top/u_ddr_phy/u_ddrphy_top/u_ddrphy_clk/ioclk[0]$u_ioclk_0" LOCATION="X0Y59Z0"
SYN-1001 : ADC: Instance "u_ph1p35_324_ddr_wrapper/u_ddr2/ph1p_ddrmc_wrapper/ph1p_ddrmc_top/u_ddr_phy/u_ddrphy_top/u_ddrphy_clk/ioclk[0]$u_ioclk_1" LOCATION="X0Y59Z1"
SYN-1001 : ADC: Instance "u_ph1p35_324_ddr_wrapper/u_ddr2/ph1p_ddrmc_wrapper/ph1p_ddrmc_top/u_ddr_phy/u_ddrphy_top/u_ddrphy_clk/ioclk[1]$u_ioclk_0" LOCATION="X0Y19Z0"
SYN-1001 : ADC: Instance "u_ph1p35_324_ddr_wrapper/u_ddr2/ph1p_ddrmc_wrapper/ph1p_ddrmc_top/u_ddr_phy/u_ddrphy_top/u_ddrphy_clk/ioclk[1]$u_ioclk_1" LOCATION="X0Y19Z1"
SYN-1001 : ADC: Instance "u_ph1p35_324_ddr_wrapper/u_ddr2/ph1p_ddrmc_wrapper/ph1p_ddrmc_top/u_ddr_phy/u_ddrphy_top/u_ddrphy_clk/u_mlclk_1" LOCATION="X0Y59Z0"
SYN-1001 : ADC: Instance "u_ph1p35_324_ddr_wrapper/u_ddr2/ph1p_ddrmc_wrapper/ph1p_ddrmc_top/u_ddr_phy/u_ddrphy_top/u_ddrphy_clk/u_mlclk_2" LOCATION="X0Y59Z1"
SYN-1001 : ADC: Instance "u_ph1p35_324_ddr_wrapper/u_ddr2/ph1p_ddrmc_wrapper/ph1p_ddrmc_top/u_ddr_phy/u_ddrphy_top/u_ddrphy_clk/u_pll0/u_pll_inst" LOCATION="X0Y40Z0"
SYN-1001 : ADC: Instance "u_ph1p35_324_ddr_wrapper/u_ddr2/ph1p_ddrmc_wrapper/ph1p_ddrmc_top/u_ddr_phy/u_ddrphy_top/u_ddrphy_clk/u_pll1/u_pll_inst" LOCATION="X0Y79Z0"
PHY-1001 : Remove keep and sweep redundant instances ...
PHY-1001 : 14352 luts, 19419 seqs, 536 mslices, 5610 lslices, 54 pads, 108 brams, 31 dsps
PHY-1001 : End Stage 1.1 | Build Design; Time: 0.271555s wall, 0.281250s user + 0.000000s system = 0.281250s CPU (103.6%); Memory(MB): used = 697, reserved = 693, peak = 735;

PHY-1001 : Stage 1.2 | Optimize Design
OPT-1001 : Stage 1.2.1 | Simplify Lut
OPT-1001 : End Stage 1.2.1 | Simplify Lut; Time: 0.043501s wall, 0.031250s user + 0.000000s system = 0.031250s CPU (71.8%); Memory(MB): used = 701, reserved = 697, peak = 735;

OPT-1001 : Stage 1.2.2 | Sweep
OPT-1001 : End Stage 1.2.2 | Sweep; Time: 0.014323s wall, 0.015625s user + 0.000000s system = 0.015625s CPU (109.1%); Memory(MB): used = 701, reserved = 697, peak = 735;

OPT-1001 : Stage 1.2.3 | Merge Lut
OPT-1001 : Start remap optimization ...
RUN-1001 :   Added 0 lut1 for undup drivers
OPT-1001 : skip lut merge since lut number 14350 is similar to or less than reg number 19419
OPT-1001 : End Stage 1.2.3 | Merge Lut; Time: 0.019566s wall, 0.031250s user + 0.000000s system = 0.031250s CPU (159.7%); Memory(MB): used = 701, reserved = 697, peak = 735;

OPT-1001 : Stage 1.2.4 | Synthesize High-fanout Net
OPT-1001 : Start high-fanout net optimization in pre-place flow with medium effort ...
RUN-1001 : HFN opt statistic
RUN-1001 : ------------------------------------------------------
RUN-1001 :   DriverCell type  |  HFN count  |  Duplicated count  
RUN-1001 : ------------------------------------------------------
RUN-1001 :       LSLICE       |      0      |         0          
RUN-1001 :       MSLICE       |      0      |         0          
RUN-1001 :        TOTAL       |      0      |         0          
RUN-1001 : ------------------------------------------------------
OPT-1001 : End high-fanout net optimization;  0.000062s wall, 0.000000s user + 0.000000s system = 0.000000s CPU (n/a%)

OPT-1001 : Current memory(MB): used = 701, reserved = 697, peak = 735.
OPT-1001 : End Stage 1.2.4 | Synthesize High-fanout Net; Time: 0.000113s wall, 0.000000s user + 0.000000s system = 0.000000s CPU (n/a%); Memory(MB): used = 701, reserved = 697, peak = 735;

OPT-1001 : End physical optimization;  0.077682s wall, 0.078125s user + 0.000000s system = 0.078125s CPU (100.6%)

PHY-1001 : End Stage 1.2 | Optimize Design; Time: 0.077722s wall, 0.078125s user + 0.000000s system = 0.078125s CPU (100.5%); Memory(MB): used = 701, reserved = 697, peak = 735;

PHY-1001 : Stage 1.3 | Initialize Clock
PHY-1001 : Start to synthesize physical clock networks.
RUN-1002 : start command "start_timer"
USR-1002 : Derived clock:  create_generated_clock -name {u_PLL/ph1p_phy_pll_wrapper_25a56e5ce2f9_Inst/u_PH1P_PHY_PLL.clkc[0]} -source [get_ports {I_sys_clk}] -master_clock {sys_clk_50m} -multiply_by 2.0000 -duty_cycle 50.0000 [get_pins {u_PLL/ph1p_phy_pll_wrapper_25a56e5ce2f9_Inst/u_PH1P_PHY_PLL.clkc[0]}]
USR-1002 : Derived clock:  create_generated_clock -name {u_PLL/ph1p_phy_pll_wrapper_25a56e5ce2f9_Inst/u_PH1P_PHY_PLL.clkc[1]} -source [get_ports {I_sys_clk}] -master_clock {sys_clk_50m} -divide_by 2.0769 -duty_cycle 50.0000 [get_pins {u_PLL/ph1p_phy_pll_wrapper_25a56e5ce2f9_Inst/u_PH1P_PHY_PLL.clkc[1]}]
USR-1002 : Derived clock:  create_generated_clock -name {u_PLL/ph1p_phy_pll_wrapper_25a56e5ce2f9_Inst/u_PH1P_PHY_PLL.clkc[4]} -source [get_ports {I_sys_clk}] -master_clock {sys_clk_50m} -multiply_by 1.0400 -duty_cycle 50.0000 [get_pins {u_PLL/ph1p_phy_pll_wrapper_25a56e5ce2f9_Inst/u_PH1P_PHY_PLL.clkc[4]}]
USR-1002 : Derived clock:  create_generated_clock -name {u_PLL/ph1p_phy_pll_wrapper_25a56e5ce2f9_Inst/u_PH1P_PHY_PLL.clkc[5]} -source [get_ports {I_sys_clk}] -master_clock {sys_clk_50m} -multiply_by 5.2000 -duty_cycle 50.0000 [get_pins {u_PLL/ph1p_phy_pll_wrapper_25a56e5ce2f9_Inst/u_PH1P_PHY_PLL.clkc[5]}]
USR-1002 : Derived clock:  create_generated_clock -name {u_ph1p35_324_ddr_wrapper/u_ddr2/ph1p_ddrmc_wrapper/ph1p_ddrmc_top/u_ddr_phy/u_ddrphy_top/u_ddrphy_clk/u_pll0/u_pll_inst.clkc[0]} -source [get_ports {I_sys_clk}] -master_clock {sys_clk_50m} -multiply_by 1.3333 -duty_cycle 50.0000 [get_pins {u_ph1p35_324_ddr_wrapper/u_ddr2/ph1p_ddrmc_wrapper/ph1p_ddrmc_top/u_ddr_phy/u_ddrphy_top/u_ddrphy_clk/u_pll0/u_pll_inst.clkc[0]}]
USR-1002 : Derived clock:  create_generated_clock -name {u_ph1p35_324_ddr_wrapper/u_ddr2/ph1p_ddrmc_wrapper/ph1p_ddrmc_top/u_ddr_phy/u_ddrphy_top/u_ddrphy_clk/u_pll0/u_pll_inst.clkc[1]} -source [get_ports {I_sys_clk}] -master_clock {sys_clk_50m} -multiply_by 1.3333 -duty_cycle 50.0000 [get_pins {u_ph1p35_324_ddr_wrapper/u_ddr2/ph1p_ddrmc_wrapper/ph1p_ddrmc_top/u_ddr_phy/u_ddrphy_top/u_ddrphy_clk/u_pll0/u_pll_inst.clkc[1]}]
USR-1002 : Derived clock:  create_generated_clock -name {u_ph1p35_324_ddr_wrapper/u_ddr2/ph1p_ddrmc_wrapper/ph1p_ddrmc_top/u_ddr_phy/u_ddrphy_top/u_ddrphy_clk/u_pll0/u_pll_inst.clkc[2]} -source [get_ports {I_sys_clk}] -master_clock {sys_clk_50m} -multiply_by 5.3333 -duty_cycle 50.0000 [get_pins {u_ph1p35_324_ddr_wrapper/u_ddr2/ph1p_ddrmc_wrapper/ph1p_ddrmc_top/u_ddr_phy/u_ddrphy_top/u_ddrphy_clk/u_pll0/u_pll_inst.clkc[2]}]
USR-1002 : Derived clock:  create_generated_clock -name {u_ph1p35_324_ddr_wrapper/u_ddr2/ph1p_ddrmc_wrapper/ph1p_ddrmc_top/u_ddr_phy/u_ddrphy_top/u_ddrphy_clk/u_pll0/u_pll_inst.clkc[3]} -source [get_ports {I_sys_clk}] -master_clock {sys_clk_50m} -divide_by 1.9687 -duty_cycle 50.0000 [get_pins {u_ph1p35_324_ddr_wrapper/u_ddr2/ph1p_ddrmc_wrapper/ph1p_ddrmc_top/u_ddr_phy/u_ddrphy_top/u_ddrphy_clk/u_pll0/u_pll_inst.clkc[3]}]
USR-1002 : Derived clock:  create_generated_clock -name {u_ph1p35_324_ddr_wrapper/u_ddr2/ph1p_ddrmc_wrapper/ph1p_ddrmc_top/u_ddr_phy/u_ddrphy_top/u_ddrphy_clk/u_pll1/u_pll_inst.clkc[0]} -source [get_pins {u_ph1p35_324_ddr_wrapper/u_ddr2/ph1p_ddrmc_wrapper/ph1p_ddrmc_top/u_ddr_phy/u_ddrphy_top/u_ddrphy_clk/u_pll0/u_pll_inst.clkc[0]}] -master_clock {u_ph1p35_324_ddr_wrapper/u_ddr2/ph1p_ddrmc_wrapper/ph1p_ddrmc_top/u_ddr_phy/u_ddrphy_top/u_ddrphy_clk/u_pll0/u_pll_inst.clkc[0]} -multiply_by 1.0000 -duty_cycle 50.0000 [get_pins {u_ph1p35_324_ddr_wrapper/u_ddr2/ph1p_ddrmc_wrapper/ph1p_ddrmc_top/u_ddr_phy/u_ddrphy_top/u_ddrphy_clk/u_pll1/u_pll_inst.clkc[0]}]
8.888000
15.000000
15.000000
19.230000
RUN-1003 : finish command "start_timer" in  1.545745s wall, 1.515625s user + 0.031250s system = 1.546875s CPU (100.1%)

RUN-1004 : used memory is 1020 MB, reserved memory is 1013 MB, peak memory is 1020 MB
TMR-2502 : Net delay update with mode: Synthesized
PHY-5060 CRITICAL-WARNING: Clock net candidate u_uicfgcs500/uii2c_inst/scl_clk has mixed fanouts of 1 clock pins; 2 data/ctrl pins. Please check connection of the net in design.
PHY-5060 CRITICAL-WARNING: Clock net candidate O_cam_24m_syn_3 has mixed fanouts of 83 clock pins; 1 data/ctrl pins. Please check connection of the net in design.
PHY-1001 : Populate physical database on model design_top_wrapper.
RUN-1001 : There are total 40766 instances
RUN-0007 : 14350 luts, 19419 seqs, 536 mslices, 5610 lslices, 54 pads, 108 brams, 31 dsps
RUN-1001 : There are total 56050 nets
RUN-1001 : 38579 nets have 2 pins
RUN-1001 : 14177 nets have [3 - 5] pins
RUN-1001 : 2161 nets have [6 - 10] pins
RUN-1001 : 558 nets have [11 - 20] pins
RUN-1001 : 481 nets have [21 - 99] pins
RUN-1001 : 94 nets have 100+ pins
PHY-1001 : Start to check user instance location assignments; please refer to ADC constraint.
PHY-1001 : End Stage 1.3 | Initialize Clock; Time: 2.471371s wall, 2.390625s user + 0.062500s system = 2.453125s CPU (99.3%); Memory(MB): used = 1150, reserved = 1142, peak = 1150;

PHY-1001 : End Stage 1 | Initialize Design; Time: 2.859082s wall, 2.781250s user + 0.062500s system = 2.843750s CPU (99.5%); Memory(MB): used = 1150, reserved = 1142, peak = 1150;

PHY-1001 : Stage 2 | Global Placement
RUN-1001 : Report Control nets information:
RUN-1001 : DFF Distribution
RUN-1001 : -------------------------------------
RUN-1001 :   CE   |  SSR  |  ASR  |  DFF Count  
RUN-1001 : -------------------------------------
RUN-1001 :   No   |  No   |  No   |    6682     
RUN-1001 :   No   |  No   |  Yes  |    4258     
RUN-1001 :   No   |  Yes  |  No   |     217     
RUN-1001 :   Yes  |  No   |  No   |     424     
RUN-1001 :   Yes  |  No   |  Yes  |    7916     
RUN-1001 :   Yes  |  Yes  |  No   |     146     
RUN-1001 : -------------------------------------
RUN-1001 : Control Group Statistic
RUN-1001 : -----------------------------
RUN-1001 :   #CLK  |  #CE  |  #SSR/ASR  
RUN-1001 : -----------------------------
RUN-1001 :    9    |  282  |     26     
RUN-1001 : -----------------------------
RUN-0007 : Control Set = 318
PHY-1001 : Stage 2.1 | Place Fixed Instances
PHY-1001 : Processing 2 clock pins of DDR instance u_ph1p35_324_ddr_wrapper/u_ddr2/ph1p_ddrmc_wrapper/ph1p_ddrmc_top/u_ddr_phy/u_ddrphy_top/u_ddrphy/ac_byte[0]$ac_byte_used$u_ddrphy_ac_byte_wrapper/u_ddrphy_byte, location = x0y70z0.
PHY-1001 :   User location X0Y59Z1 of ioclk instance u_ph1p35_324_ddr_wrapper/u_ddr2/ph1p_ddrmc_wrapper/ph1p_ddrmc_top/u_ddr_phy/u_ddrphy_top/u_ddrphy_clk/ioclk[0]$u_ioclk_1.
PHY-1001 :   Placement of ioclk instance u_ph1p35_324_ddr_wrapper/u_ddr2/ph1p_ddrmc_wrapper/ph1p_ddrmc_top/u_ddr_phy/u_ddrphy_top/u_ddrphy_clk/ioclk[0]$u_ioclk_1; location = x0y59z1.
PHY-1001 :   User location X0Y59Z0 of ioclk instance u_ph1p35_324_ddr_wrapper/u_ddr2/ph1p_ddrmc_wrapper/ph1p_ddrmc_top/u_ddr_phy/u_ddrphy_top/u_ddrphy_clk/ioclk[0]$u_ioclk_0.
PHY-1001 :   Placement of ioclk instance u_ph1p35_324_ddr_wrapper/u_ddr2/ph1p_ddrmc_wrapper/ph1p_ddrmc_top/u_ddr_phy/u_ddrphy_top/u_ddrphy_clk/ioclk[0]$u_ioclk_0; location = x0y59z0.
PHY-1001 : Processing 2 clock pins of DDR instance u_ph1p35_324_ddr_wrapper/u_ddr2/ph1p_ddrmc_wrapper/ph1p_ddrmc_top/u_ddr_phy/u_ddrphy_top/u_ddrphy/ac_byte[1]$ac_byte_used$u_ddrphy_ac_byte_wrapper/u_ddrphy_byte, location = x0y60z0.
PHY-1001 :   Placed ioclk instance u_ph1p35_324_ddr_wrapper/u_ddr2/ph1p_ddrmc_wrapper/ph1p_ddrmc_top/u_ddr_phy/u_ddrphy_top/u_ddrphy_clk/ioclk[0]$u_ioclk_1, location = x0y59z1.
PHY-1001 :   Placed ioclk instance u_ph1p35_324_ddr_wrapper/u_ddr2/ph1p_ddrmc_wrapper/ph1p_ddrmc_top/u_ddr_phy/u_ddrphy_top/u_ddrphy_clk/ioclk[0]$u_ioclk_0, location = x0y59z0.
PHY-1001 : Processing 2 clock pins of DDR instance u_ph1p35_324_ddr_wrapper/u_ddr2/ph1p_ddrmc_wrapper/ph1p_ddrmc_top/u_ddr_phy/u_ddrphy_top/u_ddrphy/ac_byte[2]$ac_byte_used$u_ddrphy_ac_byte_wrapper/u_ddrphy_byte, location = x0y50z0.
PHY-1001 :   Placed ioclk instance u_ph1p35_324_ddr_wrapper/u_ddr2/ph1p_ddrmc_wrapper/ph1p_ddrmc_top/u_ddr_phy/u_ddrphy_top/u_ddrphy_clk/ioclk[0]$u_ioclk_1, location = x0y59z1.
PHY-1001 :   Placed ioclk instance u_ph1p35_324_ddr_wrapper/u_ddr2/ph1p_ddrmc_wrapper/ph1p_ddrmc_top/u_ddr_phy/u_ddrphy_top/u_ddrphy_clk/ioclk[0]$u_ioclk_0, location = x0y59z0.
PHY-1001 : Processing 2 clock pins of DDR instance u_ph1p35_324_ddr_wrapper/u_ddr2/ph1p_ddrmc_wrapper/ph1p_ddrmc_top/u_ddr_phy/u_ddrphy_top/u_ddrphy/ac_byte[3]$ac_byte_used$u_ddrphy_ac_byte_wrapper/u_ddrphy_byte, location = x0y40z0.
PHY-1001 :   Placed ioclk instance u_ph1p35_324_ddr_wrapper/u_ddr2/ph1p_ddrmc_wrapper/ph1p_ddrmc_top/u_ddr_phy/u_ddrphy_top/u_ddrphy_clk/ioclk[0]$u_ioclk_1, location = x0y59z1.
PHY-1001 :   Placed ioclk instance u_ph1p35_324_ddr_wrapper/u_ddr2/ph1p_ddrmc_wrapper/ph1p_ddrmc_top/u_ddr_phy/u_ddrphy_top/u_ddrphy_clk/ioclk[0]$u_ioclk_0, location = x0y59z0.
PHY-1001 : Processing 2 clock pins of DDR instance u_ph1p35_324_ddr_wrapper/u_ddr2/ph1p_ddrmc_wrapper/ph1p_ddrmc_top/u_ddr_phy/u_ddrphy_top/u_ddrphy/dx_byte[0]$dx_byte_used$u_ddrphy_dx_byte_wrapper/u_ddrphy_byte, location = x0y30z0.
PHY-1001 :   User location X0Y19Z1 of ioclk instance u_ph1p35_324_ddr_wrapper/u_ddr2/ph1p_ddrmc_wrapper/ph1p_ddrmc_top/u_ddr_phy/u_ddrphy_top/u_ddrphy_clk/ioclk[1]$u_ioclk_1.
PHY-1001 :   Placement of ioclk instance u_ph1p35_324_ddr_wrapper/u_ddr2/ph1p_ddrmc_wrapper/ph1p_ddrmc_top/u_ddr_phy/u_ddrphy_top/u_ddrphy_clk/ioclk[1]$u_ioclk_1; location = x0y19z1.
PHY-1001 :   User location X0Y19Z0 of ioclk instance u_ph1p35_324_ddr_wrapper/u_ddr2/ph1p_ddrmc_wrapper/ph1p_ddrmc_top/u_ddr_phy/u_ddrphy_top/u_ddrphy_clk/ioclk[1]$u_ioclk_0.
PHY-1001 :   Placement of ioclk instance u_ph1p35_324_ddr_wrapper/u_ddr2/ph1p_ddrmc_wrapper/ph1p_ddrmc_top/u_ddr_phy/u_ddrphy_top/u_ddrphy_clk/ioclk[1]$u_ioclk_0; location = x0y19z0.
PHY-1001 : Processing 2 clock pins of DDR instance u_ph1p35_324_ddr_wrapper/u_ddr2/ph1p_ddrmc_wrapper/ph1p_ddrmc_top/u_ddr_phy/u_ddrphy_top/u_ddrphy/dx_byte[1]$dx_byte_used$u_ddrphy_dx_byte_wrapper/u_ddrphy_byte, location = x0y10z0.
PHY-1001 :   Placed ioclk instance u_ph1p35_324_ddr_wrapper/u_ddr2/ph1p_ddrmc_wrapper/ph1p_ddrmc_top/u_ddr_phy/u_ddrphy_top/u_ddrphy_clk/ioclk[1]$u_ioclk_1, location = x0y19z1.
PHY-1001 :   Placed ioclk instance u_ph1p35_324_ddr_wrapper/u_ddr2/ph1p_ddrmc_wrapper/ph1p_ddrmc_top/u_ddr_phy/u_ddrphy_top/u_ddrphy_clk/ioclk[1]$u_ioclk_0, location = x0y19z0.
PHY-1001 : DDR MLCLK topology u_ph1p35_324_ddr_wrapper/u_ddr2/ph1p_ddrmc_wrapper/ph1p_ddrmc_top/u_ddr_phy/u_ddrphy_top/u_ddrphy_clk/u_mlclk_1.
PHY-1001 :   Driver: PH1P_PHY_PLL_V2 u_ph1p35_324_ddr_wrapper/u_ddr2/ph1p_ddrmc_wrapper/ph1p_ddrmc_top/u_ddr_phy/u_ddrphy_top/u_ddrphy_clk/u_pll0/u_pll_inst.clkc[1], user location :X0Y40Z0.
PHY-1001 :   Sink: PH1P_PHY_IOCLK u_ph1p35_324_ddr_wrapper/u_ddr2/ph1p_ddrmc_wrapper/ph1p_ddrmc_top/u_ddr_phy/u_ddrphy_top/u_ddrphy_clk/ioclk[0]$u_ioclk_0, location = x0y59z0, sectorID = 1.
PHY-1001 :   Sink: PH1P_PHY_IOCLK u_ph1p35_324_ddr_wrapper/u_ddr2/ph1p_ddrmc_wrapper/ph1p_ddrmc_top/u_ddr_phy/u_ddrphy_top/u_ddrphy_clk/ioclk[1]$u_ioclk_0, location = x0y19z0, sectorID = 0.
PHY-1001 : Placement of MLCLK instance u_ph1p35_324_ddr_wrapper/u_ddr2/ph1p_ddrmc_wrapper/ph1p_ddrmc_top/u_ddr_phy/u_ddrphy_top/u_ddrphy_clk/u_mlclk_1; location = x0y59z0,  sectorID = 1.
PHY-1001 : DDR MLCLK topology u_ph1p35_324_ddr_wrapper/u_ddr2/ph1p_ddrmc_wrapper/ph1p_ddrmc_top/u_ddr_phy/u_ddrphy_top/u_ddrphy_clk/u_mlclk_2.
PHY-1001 :   Driver: PH1P_PHY_PLL_V2 u_ph1p35_324_ddr_wrapper/u_ddr2/ph1p_ddrmc_wrapper/ph1p_ddrmc_top/u_ddr_phy/u_ddrphy_top/u_ddrphy_clk/u_pll0/u_pll_inst.clkc[2], user location :X0Y40Z0.
PHY-1001 :   Sink: PH1P_PHY_IOCLK u_ph1p35_324_ddr_wrapper/u_ddr2/ph1p_ddrmc_wrapper/ph1p_ddrmc_top/u_ddr_phy/u_ddrphy_top/u_ddrphy_clk/ioclk[0]$u_ioclk_1, location = x0y59z1, sectorID = 1.
PHY-1001 :   Sink: PH1P_PHY_IOCLK u_ph1p35_324_ddr_wrapper/u_ddr2/ph1p_ddrmc_wrapper/ph1p_ddrmc_top/u_ddr_phy/u_ddrphy_top/u_ddrphy_clk/ioclk[1]$u_ioclk_1, location = x0y19z1, sectorID = 0.
PHY-1001 : Placement of MLCLK instance u_ph1p35_324_ddr_wrapper/u_ddr2/ph1p_ddrmc_wrapper/ph1p_ddrmc_top/u_ddr_phy/u_ddrphy_top/u_ddrphy_clk/u_mlclk_2; location = x0y59z1,  sectorID = 1.
PHY-5016 WARNING: PLL clkc is driving an IO without location.
PHY-5016 WARNING: PLL clkc is not driving a clock-capable IO.
PHY-5016 WARNING: PLL clkc is driving an IO without location.
PHY-5016 WARNING: PLL clkc is not driving a clock-capable IO.
PHY-1001 : End Stage 2.1 | Place Fixed Instances; Time: 0.054853s wall, 0.062500s user + 0.000000s system = 0.062500s CPU (113.9%); Memory(MB): used = 1179, reserved = 1170, peak = 1179;

PHY-1001 : Stage 2.2 | Pre-Place DRC Check
PHY-1001 : Stage 2.2.1 | Force Route Constraint Check
PHY-1001 : Check Pass.
PHY-1001 : End Stage 2.2.1 | Force Route Constraint Check; Time: 0.002192s wall, 0.000000s user + 0.000000s system = 0.000000s CPU (n/a%); Memory(MB): used = 1179, reserved = 1170, peak = 1179;

PHY-1001 : End Stage 2.2 | Pre-Place DRC Check; Time: 0.002222s wall, 0.000000s user + 0.000000s system = 0.000000s CPU (n/a%); Memory(MB): used = 1179, reserved = 1170, peak = 1179;

PHY-1001 : Clock GCLK Statistics:
RUN-1001 : GCLK Index: 
RUN-1001 : -------------------------------------------------------------------------------------------------------------------------------------------------------
RUN-1001 :   Index  |                                                          Clock GCLK                                                           |  Location   
RUN-1001 : -------------------------------------------------------------------------------------------------------------------------------------------------------
RUN-1001 :     1    |                           u_mipi_dphy_rx_ph1p_mipiio_wrapper/u_ph1p_mipiio_rx_wrapper/bufg_feedback                           |  x23y39z0   
RUN-1001 :     2    |   u_ph1p35_324_ddr_wrapper/u_ddr2/ph1p_ddrmc_wrapper/ph1p_ddrmc_top/u_ddr_phy/u_ddrphy_top/u_ddrphy_clk/u_pll1/u_bufg_fbclk   |  x23y39z16  
RUN-1001 :     3    |                                              u_hdmi_mixer/I_clk_created_gclkinst                                              |  x23y39z17  
RUN-1001 :     4    |                                               I_sys_clk_dup_6_created_gclkinst                                                |  x23y39z22  
RUN-1001 :     5    |                                               O_cam_24m_dup_1_created_gclkinst                                                |  x23y39z18  
RUN-1001 :     6    |                          u_hdmi_tx/u_hdmi2phy_wrapper/u0_lane_lvds_8_1/I_serial_clk_created_gclkinst                          |  x23y39z19  
RUN-1001 :     7    |  u_ph1p35_324_ddr_wrapper/u_ddr2/ph1p_ddrmc_wrapper/ph1p_ddrmc_top/u_ddr_phy/u_ddrphy_top/u_ddrphy/apb_pclk_created_gclkinst  |  x23y39z20  
RUN-1001 :     8    |                                       u_uicfgcs500/uii2c_inst/scl_clk_created_gclkinst                                        |  x23y39z1   
RUN-1001 :     9    |                                                      u_PLL/bufg_feedback                                                      |  x23y39z21  
RUN-1001 : -------------------------------------------------------------------------------------------------------------------------------------------------------
RUN-1001 : Clock Nets Connect To GCLK Statistics: 
RUN-1001 : -----------------------------------------------------------------------------------------------------------------------------------------------------------------------------------------
RUN-1001 :   Index  |                        Leading Net                        |  CLK/DATA/IO/PLL Sink(s)  |                       Following Net                       |  CLK/DATA/IO/PLL Sink(s)  
RUN-1001 : -----------------------------------------------------------------------------------------------------------------------------------------------------------------------------------------
RUN-1001 :     1    | u_mipi_dphy_rx_ph1p_mipiio_wrapper/u_ph1p_mipiio_rx_w...  |          1/0/0/0          | u_isp_top/u_demosaic/raw_matrix_3x3_buffer_d/zhenghe_...  |        14332/0/0/0        
RUN-1001 :     2    | u_ph1p35_324_ddr_wrapper/u_ddr2/ph1p_ddrmc_wrapper/ph...  |          1/0/0/0          | u_ph1p35_324_ddr_wrapper/u_ddr2/ph1p_ddrmc_wrapper/ph...  |        3529/0/0/0         
RUN-1001 :     3    |                    u_hdmi_mixer/I_clk                     |          1/0/0/0          |                u_hdmi_mixer/I_clk_syn_654                 |        1572/0/0/0         
RUN-1001 :     4    |                      I_sys_clk_dup_6                      |          3/0/0/0          |                      I_sys_clk_syn_8                      |         137/0/0/0         
RUN-1001 :     5    |                      O_cam_24m_dup_1                      |          1/0/0/0          |                      O_cam_24m_syn_3                      |         83/1/0/0          
RUN-1001 :     6    | u_hdmi_tx/u_hdmi2phy_wrapper/u0_lane_lvds_8_1/I_seria...  |          1/0/0/0          | u_hdmi_tx/u_hdmi2phy_wrapper/u0_lane_lvds_8_1/I_seria...  |         61/0/0/0          
RUN-1001 :     7    | u_ph1p35_324_ddr_wrapper/u_ddr2/ph1p_ddrmc_wrapper/ph...  |          1/0/0/0          | u_ph1p35_324_ddr_wrapper/u_ddr2/ph1p_ddrmc_wrapper/ph...  |         43/0/0/0          
RUN-1001 :     8    |              u_uicfgcs500/uii2c_inst/scl_clk              |          1/2/0/0          |           u_uicfgcs500/uii2c_inst/scl_clk_syn_9           |         24/0/0/0          
RUN-1001 :     9    |                      u_PLL/clk0_buf                       |          1/0/0/0          | u_mipi_dphy_rx_ph1p_mipiio_wrapper/u_ph1p_mipiio_rx_w...  |         13/0/0/0          
RUN-1001 : -----------------------------------------------------------------------------------------------------------------------------------------------------------------------------------------
PHY-1001 : Stage 2.3 | Global Placement Step 1
PHY-3001 : Target density is 60%
PHY-1001 : Stage 2.3.1 | Update Timing
RUN-1002 : start command "start_timer"
RUN-1003 : finish command "start_timer" in  1.232607s wall, 1.187500s user + 0.000000s system = 1.187500s CPU (96.3%)

RUN-1004 : used memory is 1233 MB, reserved memory is 1226 MB, peak memory is 1233 MB
PHY-1001 : SWNS: 320, STNS: 0, FEP: 0
PHY-1001 : End Stage 2.3.1 | Update Timing; Time: 2.205703s wall, 2.156250s user + 0.000000s system = 2.156250s CPU (97.8%); Memory(MB): used = 1246, reserved = 1239, peak = 1246;

PHY-0007 : Cell area utilization is 74%
RUN-1001 : Huge Net Statistic
RUN-1001 : ----------------------------------------------------------------------------------------------------------------------------------------------------------------------------------------
RUN-1001 :   Fanout  |  Slack  |                                                                                Net                                                                                
RUN-1001 : ----------------------------------------------------------------------------------------------------------------------------------------------------------------------------------------
RUN-1001 :    8836   |   Inf   |                                u_ph1p35_324_ddr_wrapper/u_ddr2/ph1p_ddrmc_wrapper/ph1p_ddrmc_top/u_ddr_phy/u_ddrphy_top/sys_rst_n                                 
RUN-1001 :    1472   |  11982  |                                u_ph1p35_324_ddr_wrapper/u_ddr2/ph1p_ddrmc_wrapper/ph1p_ddrmc_top/u_alc_mc_top/u_rbuf_addr_fifo/rst                                
RUN-1001 :    1089   |   Inf   |  u_ph1p35_324_ddr_wrapper/u_ddr2/ph1p_ddrmc_wrapper/ph1p_ddrmc_top/u_ddr_phy/u_ddrphy_top/u_ddrphy/dx_byte[1]$dx_byte_used$u_ddrphy_dx_byte_wrapper/dx_phy_rst_n  
RUN-1001 : ----------------------------------------------------------------------------------------------------------------------------------------------------------------------------------------
PHY-3001 : Clustering ...
PHY-3001 : End clustering;  0.149017s wall, 0.437500s user + 0.031250s system = 0.468750s CPU (314.6%)

PHY-3001 : Target density is 60%
PHY-1001 : Stage 2.3.2 | GP Iteration
PHY-1001 : End Stage 2.3.2 | GP Iteration; Time: 1.773333s wall, 5.562500s user + 3.796875s system = 9.359375s CPU (527.8%); Memory(MB): used = 1265, reserved = 1257, peak = 1265;

PHY-3001 : Multithread accelerating rate: 5.06
RUN-1002 : start command "start_timer"
USR-1002 : Derived clock:  create_generated_clock -name {u_PLL/ph1p_phy_pll_wrapper_25a56e5ce2f9_Inst/u_PH1P_PHY_PLL.clkc[0]} -source [get_ports {I_sys_clk}] -master_clock {sys_clk_50m} -multiply_by 2.0000 -duty_cycle 50.0000 [get_pins {u_PLL/ph1p_phy_pll_wrapper_25a56e5ce2f9_Inst/u_PH1P_PHY_PLL.clkc[0]}]
USR-1002 : Derived clock:  create_generated_clock -name {u_PLL/ph1p_phy_pll_wrapper_25a56e5ce2f9_Inst/u_PH1P_PHY_PLL.clkc[1]} -source [get_ports {I_sys_clk}] -master_clock {sys_clk_50m} -divide_by 2.0769 -duty_cycle 50.0000 [get_pins {u_PLL/ph1p_phy_pll_wrapper_25a56e5ce2f9_Inst/u_PH1P_PHY_PLL.clkc[1]}]
USR-1002 : Derived clock:  create_generated_clock -name {u_PLL/ph1p_phy_pll_wrapper_25a56e5ce2f9_Inst/u_PH1P_PHY_PLL.clkc[4]} -source [get_ports {I_sys_clk}] -master_clock {sys_clk_50m} -multiply_by 1.0400 -duty_cycle 50.0000 [get_pins {u_PLL/ph1p_phy_pll_wrapper_25a56e5ce2f9_Inst/u_PH1P_PHY_PLL.clkc[4]}]
USR-1002 : Derived clock:  create_generated_clock -name {u_PLL/ph1p_phy_pll_wrapper_25a56e5ce2f9_Inst/u_PH1P_PHY_PLL.clkc[5]} -source [get_ports {I_sys_clk}] -master_clock {sys_clk_50m} -multiply_by 5.2000 -duty_cycle 50.0000 [get_pins {u_PLL/ph1p_phy_pll_wrapper_25a56e5ce2f9_Inst/u_PH1P_PHY_PLL.clkc[5]}]
USR-1002 : Derived clock:  create_generated_clock -name {u_ph1p35_324_ddr_wrapper/u_ddr2/ph1p_ddrmc_wrapper/ph1p_ddrmc_top/u_ddr_phy/u_ddrphy_top/u_ddrphy_clk/u_pll0/u_pll_inst.clkc[0]} -source [get_ports {I_sys_clk}] -master_clock {sys_clk_50m} -multiply_by 1.3333 -duty_cycle 50.0000 [get_pins {u_ph1p35_324_ddr_wrapper/u_ddr2/ph1p_ddrmc_wrapper/ph1p_ddrmc_top/u_ddr_phy/u_ddrphy_top/u_ddrphy_clk/u_pll0/u_pll_inst.clkc[0]}]
USR-1002 : Derived clock:  create_generated_clock -name {u_ph1p35_324_ddr_wrapper/u_ddr2/ph1p_ddrmc_wrapper/ph1p_ddrmc_top/u_ddr_phy/u_ddrphy_top/u_ddrphy_clk/u_pll0/u_pll_inst.clkc[1]} -source [get_ports {I_sys_clk}] -master_clock {sys_clk_50m} -multiply_by 1.3333 -duty_cycle 50.0000 [get_pins {u_ph1p35_324_ddr_wrapper/u_ddr2/ph1p_ddrmc_wrapper/ph1p_ddrmc_top/u_ddr_phy/u_ddrphy_top/u_ddrphy_clk/u_pll0/u_pll_inst.clkc[1]}]
USR-1002 : Derived clock:  create_generated_clock -name {u_ph1p35_324_ddr_wrapper/u_ddr2/ph1p_ddrmc_wrapper/ph1p_ddrmc_top/u_ddr_phy/u_ddrphy_top/u_ddrphy_clk/u_pll0/u_pll_inst.clkc[2]} -source [get_ports {I_sys_clk}] -master_clock {sys_clk_50m} -multiply_by 5.3333 -duty_cycle 50.0000 [get_pins {u_ph1p35_324_ddr_wrapper/u_ddr2/ph1p_ddrmc_wrapper/ph1p_ddrmc_top/u_ddr_phy/u_ddrphy_top/u_ddrphy_clk/u_pll0/u_pll_inst.clkc[2]}]
USR-1002 : Derived clock:  create_generated_clock -name {u_ph1p35_324_ddr_wrapper/u_ddr2/ph1p_ddrmc_wrapper/ph1p_ddrmc_top/u_ddr_phy/u_ddrphy_top/u_ddrphy_clk/u_pll0/u_pll_inst.clkc[3]} -source [get_ports {I_sys_clk}] -master_clock {sys_clk_50m} -divide_by 1.9687 -duty_cycle 50.0000 [get_pins {u_ph1p35_324_ddr_wrapper/u_ddr2/ph1p_ddrmc_wrapper/ph1p_ddrmc_top/u_ddr_phy/u_ddrphy_top/u_ddrphy_clk/u_pll0/u_pll_inst.clkc[3]}]
USR-1002 : Derived clock:  create_generated_clock -name {u_ph1p35_324_ddr_wrapper/u_ddr2/ph1p_ddrmc_wrapper/ph1p_ddrmc_top/u_ddr_phy/u_ddrphy_top/u_ddrphy_clk/u_pll1/u_pll_inst.clkc[0]} -source [get_pins {u_ph1p35_324_ddr_wrapper/u_ddr2/ph1p_ddrmc_wrapper/ph1p_ddrmc_top/u_ddr_phy/u_ddrphy_top/u_ddrphy_clk/u_pll0/u_pll_inst.clkc[0]}] -master_clock {u_ph1p35_324_ddr_wrapper/u_ddr2/ph1p_ddrmc_wrapper/ph1p_ddrmc_top/u_ddr_phy/u_ddrphy_top/u_ddrphy_clk/u_pll0/u_pll_inst.clkc[0]} -multiply_by 1.0000 -duty_cycle 50.0000 [get_pins {u_ph1p35_324_ddr_wrapper/u_ddr2/ph1p_ddrmc_wrapper/ph1p_ddrmc_top/u_ddr_phy/u_ddrphy_top/u_ddrphy_clk/u_pll1/u_pll_inst.clkc[0]}]
8.888000
15.000000
15.000000
19.230000
RUN-1003 : finish command "start_timer" in  1.395408s wall, 1.375000s user + 0.015625s system = 1.390625s CPU (99.7%)

RUN-1004 : used memory is 1265 MB, reserved memory is 1257 MB, peak memory is 1265 MB
TMR-2502 : Net delay update with mode: Placed
PHY-3001 : No need to merge 9x9 Dsps.
PHY-1001 : Populate physical database on model design_top_wrapper.
PHY-1001 : End Stage 2.3 | Global Placement Step 1; Time: 6.874304s wall, 10.828125s user + 3.921875s system = 14.750000s CPU (214.6%); Memory(MB): used = 1356, reserved = 1347, peak = 1356;

PHY-1001 : Stage 2.4 | RAM/DSP Legalization and Detailed Placement
PHY-1001 : Stage 2.4.1 | Legalization
PHY-3001 : Before Legalized: Len = 2.86597e+06
PHY-3001 : After Legalized: Len = 2.96533e+06, Over = 524.719
PHY-1001 : End Stage 2.4.1 | Legalization; Time: 1.154759s wall, 1.125000s user + 0.015625s system = 1.140625s CPU (98.8%); Memory(MB): used = 1359, reserved = 1350, peak = 1359;

PHY-1001 : Stage 2.4.2 | Detailed Placement
PHY-1001 : Stage 2.4.2.1 | Simulated Annealing Based DP
PHY-0007 : Initial: WL Cost = 280781, TD Cost = 4.58389e+06, SWNS = 397, STNS = 0, Nums per T = 1390, Range Limit = 2x32
PHY-0007 : Finally: WL Cost = 276728, TD Cost = 4.50878e+06, WL Ratio = 0.985563, TD Ratio = 0.983614, SWNS = 397, STNS = 0
RUN-1001 : Print Detailed placement's Summary information
RUN-1001 : -------------------------------------------------------------------------------------------------------------------------------
RUN-1001 :             |  Total  |  Accept  |  Reject by overFlow  |  Reject by worseCost  |  Failed by noTarget  |  Failed by gridCheck  
RUN-1001 : -------------------------------------------------------------------------------------------------------------------------------
RUN-1001 :   RAM/DSPs  |  6950   |   411    |          0           |         6539          |          0           |           0           
RUN-1001 :    Macros   |  1526   |    69    |          0           |         1457          |          0           |           0           
RUN-1001 : -------------------------------------------------------------------------------------------------------------------------------
PHY-1001 : End Stage 2.4.2.1 | Simulated Annealing Based DP; Time: 4.330097s wall, 4.812500s user + 0.375000s system = 5.187500s CPU (119.8%); Memory(MB): used = 1362, reserved = 1353, peak = 1362;

PHY-3001 : End Detailed Place; 
PHY-1001 : End Stage 2.4.2 | Detailed Placement; Time: 4.464114s wall, 4.953125s user + 0.375000s system = 5.328125s CPU (119.4%); Memory(MB): used = 1362, reserved = 1353, peak = 1362;

PHY-1001 : End Stage 2.4 | RAM/DSP Legalization and Detailed Placement; Time: 5.619602s wall, 6.078125s user + 0.390625s system = 6.468750s CPU (115.1%); Memory(MB): used = 1362, reserved = 1353, peak = 1362;

PHY-1001 : Stage 2.5 | Global Placement Step 2
PHY-3001 : Target density is 60%
PHY-1001 : Stage 2.5.1 | Update Timing
PHY-1001 : SWNS: 397, STNS: 0, FEP: 0
PHY-1001 : End Stage 2.5.1 | Update Timing; Time: 0.100721s wall, 0.093750s user + 0.000000s system = 0.093750s CPU (93.1%); Memory(MB): used = 1362, reserved = 1353, peak = 1362;

PHY-1001 : Stage 2.5.2 | Refresh Congestion
RUN-1001 : Generating global routing grids ...
RUN-1001 : Building simple global routing graph ...
PHY-1001 : Generate routing nets ...
PHY-1001 : Reuse net number 0/16599.
PHY-1001 : Global iterations in 32 thread ...
PHY-1002 : len = 3.18645e+06, over cnt = 3706(5%), over = 28942, worst = 109
PHY-1001 : End global iterations;  0.404008s wall, 0.578125s user + 0.031250s system = 0.609375s CPU (150.8%)

PHY-1001 : Congestion index:
PHY-1001 : top1  = 296.30(S 195.93, N 181.78, E 248.27, W 229.11, I 575.82, O 615.05)
PHY-1001 : top5  = 200.53(S 128.48, N 110.83, E 153.38, W 142.96, I 332.61, O 372.97)
PHY-1001 : top10 = 162.66(S 97.77, N 83.49, E 114.85, W 106.77, I 229.09, O 257.00)
PHY-1001 : top15 = 139.71(S 80.15, N 68.06, E 94.64, W 88.07, I 170.72, O 193.40)
PHY-1001 : End Stage 2.5.2 | Refresh Congestion; Time: 0.670820s wall, 0.812500s user + 0.062500s system = 0.875000s CPU (130.4%); Memory(MB): used = 1463, reserved = 1454, peak = 1463;

PHY-1001 : Stage 2.5.3 | GP Iteration
PHY-1001 : End Stage 2.5.3 | GP Iteration; Time: 0.815706s wall, 4.812500s user + 0.859375s system = 5.671875s CPU (695.3%); Memory(MB): used = 1463, reserved = 1454, peak = 1463;

PHY-3001 : Target density is 60%
PHY-1001 : Stage 2.5.4 | Update Timing
PHY-1001 : SWNS: 256, STNS: 0, FEP: 0
PHY-1001 : End Stage 2.5.4 | Update Timing; Time: 1.136982s wall, 1.140625s user + 0.000000s system = 1.140625s CPU (100.3%); Memory(MB): used = 1468, reserved = 1459, peak = 1468;

PHY-1001 : Stage 2.5.5 | Refresh Congestion
RUN-1001 : Generating global routing grids ...
PHY-1001 : Generate routing nets ...
PHY-1001 : Reuse net number 258/18833.
PHY-1001 : Global iterations in 32 thread ...
PHY-1002 : len = 2.92075e+06, over cnt = 3925(5%), over = 23074, worst = 52
PHY-1001 : End global iterations;  0.542774s wall, 0.828125s user + 0.000000s system = 0.828125s CPU (152.6%)

PHY-1001 : Congestion index:
PHY-1001 : top1  = 219.96(S 147.47, N 127.06, E 190.87, W 185.67, I 364.23, O 433.80)
PHY-1001 : top5  = 155.41(S 104.76, N 85.99, E 120.66, W 128.23, I 227.08, O 256.14)
PHY-1001 : top10 = 130.61(S 84.37, N 69.31, E 94.48, W 102.30, I 168.61, O 191.48)
PHY-1001 : top15 = 116.08(S 71.78, N 59.45, E 79.97, W 87.31, I 137.06, O 154.89)
PHY-1001 : End Stage 2.5.5 | Refresh Congestion; Time: 0.681810s wall, 0.968750s user + 0.000000s system = 0.968750s CPU (142.1%); Memory(MB): used = 1469, reserved = 1459, peak = 1469;

PHY-1001 : Stage 2.5.6 | GP Iteration
PHY-1001 : End Stage 2.5.6 | GP Iteration; Time: 1.458822s wall, 9.812500s user + 0.156250s system = 9.968750s CPU (683.3%); Memory(MB): used = 1476, reserved = 1467, peak = 1476;

PHY-3001 : Multithread accelerating rate: 6.78
PHY-1001 : End Stage 2.5 | Global Placement Step 2; Time: 6.066937s wall, 18.812500s user + 1.093750s system = 19.906250s CPU (328.1%); Memory(MB): used = 1480, reserved = 1471, peak = 1480;

PHY-1001 : Stage 2.6 | RAM/DSP Detailed Placement
PHY-1001 : Stage 2.6.1 | Detailed Placement
PHY-1001 : Stage 2.6.1.1 | Simulated Annealing Based DP
PHY-0007 : Initial: WL Cost = 236199, TD Cost = 2.60615e+06, SWNS = 451, STNS = 0, Nums per T = 1390, Range Limit = 2x32
PHY-0007 : Finally: WL Cost = 234934, TD Cost = 2.55605e+06, WL Ratio = 0.994648, TD Ratio = 0.980775, SWNS = 451, STNS = 0
RUN-1001 : Print Detailed placement's Summary information
RUN-1001 : -------------------------------------------------------------------------------------------------------------------------------
RUN-1001 :             |  Total  |  Accept  |  Reject by overFlow  |  Reject by worseCost  |  Failed by noTarget  |  Failed by gridCheck  
RUN-1001 : -------------------------------------------------------------------------------------------------------------------------------
RUN-1001 :   RAM/DSPs  |  6950   |   358    |          0           |         6592          |          0           |           0           
RUN-1001 :    Macros   |  1487   |    32    |          0           |         1455          |          0           |           0           
RUN-1001 : -------------------------------------------------------------------------------------------------------------------------------
PHY-1001 : End Stage 2.6.1.1 | Simulated Annealing Based DP; Time: 2.220461s wall, 2.937500s user + 0.015625s system = 2.953125s CPU (133.0%); Memory(MB): used = 1483, reserved = 1474, peak = 1483;

PHY-3001 : End Detailed Place; 
PHY-1001 : End Stage 2.6.1 | Detailed Placement; Time: 2.361508s wall, 3.078125s user + 0.015625s system = 3.093750s CPU (131.0%); Memory(MB): used = 1483, reserved = 1474, peak = 1483;

PHY-1001 : Stage 2.6.2 | Spreading
OPT-1001 : Total overflow 1101.66 peak overflow 9.69
PHY-3001 : Spreading for sector grids.
PHY-3001 : Iter 1, total overflow: 0
PHY-3001 : tot_capacity: 36, usage_cnt: 16, movable_cnt: 26
PHY-3001 : End spreading;  0.053900s wall, 0.046875s user + 0.000000s system = 0.046875s CPU (87.0%)

PHY-1001 : End Stage 2.6.2 | Spreading; Time: 0.053953s wall, 0.046875s user + 0.000000s system = 0.046875s CPU (86.9%); Memory(MB): used = 1483, reserved = 1474, peak = 1483;

PHY-1001 : End Stage 2.6 | RAM/DSP Detailed Placement; Time: 2.561425s wall, 3.281250s user + 0.015625s system = 3.296875s CPU (128.7%); Memory(MB): used = 1483, reserved = 1474, peak = 1483;

PHY-1001 : Stage 2.7 | Optimize Design
OPT-1001 : Start physical optimization ...
OPT-1001 : Total overflow 1101.66 peak overflow 9.69
OPT-1001 : Stage 2.7.1 | Synthesize High-fanout Net
OPT-1001 : Start high-fanout net optimization in pre-pack flow with medium effort ...
OPT-1001 : Update timing in Manhattan mode
OPT-1001 : End timing update;  1.154585s wall, 1.140625s user + 0.015625s system = 1.156250s CPU (100.1%)

OPT-1001 : Start: SWNS 451 STNS 0 NUM_FEPS 0
OPT-1001 : Total overflow 1101.66 peak overflow 9.69
PHY-1001 : Populate physical database on model design_top_wrapper.
OPT-1001 : 170 high-fanout net processed.
PHY-3001 : Start incremental placement ...
PHY-1001 : Populate physical database on model design_top_wrapper.
PHY-1001 : Processing 2 clock pins of DDR instance u_ph1p35_324_ddr_wrapper/u_ddr2/ph1p_ddrmc_wrapper/ph1p_ddrmc_top/u_ddr_phy/u_ddrphy_top/u_ddrphy/ac_byte[0]$ac_byte_used$u_ddrphy_ac_byte_wrapper/u_ddrphy_byte, location = x0y70z0.
PHY-1001 :   Placed ioclk instance u_ph1p35_324_ddr_wrapper/u_ddr2/ph1p_ddrmc_wrapper/ph1p_ddrmc_top/u_ddr_phy/u_ddrphy_top/u_ddrphy_clk/ioclk[0]$u_ioclk_1, location = x0y59z1.
PHY-1001 :   Placed ioclk instance u_ph1p35_324_ddr_wrapper/u_ddr2/ph1p_ddrmc_wrapper/ph1p_ddrmc_top/u_ddr_phy/u_ddrphy_top/u_ddrphy_clk/ioclk[0]$u_ioclk_0, location = x0y59z0.
PHY-1001 : Processing 2 clock pins of DDR instance u_ph1p35_324_ddr_wrapper/u_ddr2/ph1p_ddrmc_wrapper/ph1p_ddrmc_top/u_ddr_phy/u_ddrphy_top/u_ddrphy/ac_byte[1]$ac_byte_used$u_ddrphy_ac_byte_wrapper/u_ddrphy_byte, location = x0y60z0.
PHY-1001 :   Placed ioclk instance u_ph1p35_324_ddr_wrapper/u_ddr2/ph1p_ddrmc_wrapper/ph1p_ddrmc_top/u_ddr_phy/u_ddrphy_top/u_ddrphy_clk/ioclk[0]$u_ioclk_1, location = x0y59z1.
PHY-1001 :   Placed ioclk instance u_ph1p35_324_ddr_wrapper/u_ddr2/ph1p_ddrmc_wrapper/ph1p_ddrmc_top/u_ddr_phy/u_ddrphy_top/u_ddrphy_clk/ioclk[0]$u_ioclk_0, location = x0y59z0.
PHY-1001 : Processing 2 clock pins of DDR instance u_ph1p35_324_ddr_wrapper/u_ddr2/ph1p_ddrmc_wrapper/ph1p_ddrmc_top/u_ddr_phy/u_ddrphy_top/u_ddrphy/ac_byte[2]$ac_byte_used$u_ddrphy_ac_byte_wrapper/u_ddrphy_byte, location = x0y50z0.
PHY-1001 :   Placed ioclk instance u_ph1p35_324_ddr_wrapper/u_ddr2/ph1p_ddrmc_wrapper/ph1p_ddrmc_top/u_ddr_phy/u_ddrphy_top/u_ddrphy_clk/ioclk[0]$u_ioclk_1, location = x0y59z1.
PHY-1001 :   Placed ioclk instance u_ph1p35_324_ddr_wrapper/u_ddr2/ph1p_ddrmc_wrapper/ph1p_ddrmc_top/u_ddr_phy/u_ddrphy_top/u_ddrphy_clk/ioclk[0]$u_ioclk_0, location = x0y59z0.
PHY-1001 : Processing 2 clock pins of DDR instance u_ph1p35_324_ddr_wrapper/u_ddr2/ph1p_ddrmc_wrapper/ph1p_ddrmc_top/u_ddr_phy/u_ddrphy_top/u_ddrphy/ac_byte[3]$ac_byte_used$u_ddrphy_ac_byte_wrapper/u_ddrphy_byte, location = x0y40z0.
PHY-1001 :   Placed ioclk instance u_ph1p35_324_ddr_wrapper/u_ddr2/ph1p_ddrmc_wrapper/ph1p_ddrmc_top/u_ddr_phy/u_ddrphy_top/u_ddrphy_clk/ioclk[0]$u_ioclk_1, location = x0y59z1.
PHY-1001 :   Placed ioclk instance u_ph1p35_324_ddr_wrapper/u_ddr2/ph1p_ddrmc_wrapper/ph1p_ddrmc_top/u_ddr_phy/u_ddrphy_top/u_ddrphy_clk/ioclk[0]$u_ioclk_0, location = x0y59z0.
PHY-1001 : Processing 2 clock pins of DDR instance u_ph1p35_324_ddr_wrapper/u_ddr2/ph1p_ddrmc_wrapper/ph1p_ddrmc_top/u_ddr_phy/u_ddrphy_top/u_ddrphy/dx_byte[0]$dx_byte_used$u_ddrphy_dx_byte_wrapper/u_ddrphy_byte, location = x0y30z0.
PHY-1001 :   Placed ioclk instance u_ph1p35_324_ddr_wrapper/u_ddr2/ph1p_ddrmc_wrapper/ph1p_ddrmc_top/u_ddr_phy/u_ddrphy_top/u_ddrphy_clk/ioclk[1]$u_ioclk_1, location = x0y19z1.
PHY-1001 :   Placed ioclk instance u_ph1p35_324_ddr_wrapper/u_ddr2/ph1p_ddrmc_wrapper/ph1p_ddrmc_top/u_ddr_phy/u_ddrphy_top/u_ddrphy_clk/ioclk[1]$u_ioclk_0, location = x0y19z0.
PHY-1001 : Processing 2 clock pins of DDR instance u_ph1p35_324_ddr_wrapper/u_ddr2/ph1p_ddrmc_wrapper/ph1p_ddrmc_top/u_ddr_phy/u_ddrphy_top/u_ddrphy/dx_byte[1]$dx_byte_used$u_ddrphy_dx_byte_wrapper/u_ddrphy_byte, location = x0y10z0.
PHY-1001 :   Placed ioclk instance u_ph1p35_324_ddr_wrapper/u_ddr2/ph1p_ddrmc_wrapper/ph1p_ddrmc_top/u_ddr_phy/u_ddrphy_top/u_ddrphy_clk/ioclk[1]$u_ioclk_1, location = x0y19z1.
PHY-1001 :   Placed ioclk instance u_ph1p35_324_ddr_wrapper/u_ddr2/ph1p_ddrmc_wrapper/ph1p_ddrmc_top/u_ddr_phy/u_ddrphy_top/u_ddrphy_clk/ioclk[1]$u_ioclk_0, location = x0y19z0.
PHY-3001 : Target density is 60%
PHY-3001 : Target density is 60%
PHY-1001 : Stage 2.7.1.1 | Update Timing
PHY-1001 : SWNS: 402, STNS: 0, FEP: 0
PHY-1001 : End Stage 2.7.1.1 | Update Timing; Time: 0.141103s wall, 0.140625s user + 0.000000s system = 0.140625s CPU (99.7%); Memory(MB): used = 1484, reserved = 1474, peak = 1484;

PHY-1001 : Stage 2.7.1.2 | Refresh Congestion
RUN-1001 : Generating global routing grids ...
PHY-1001 : Generate routing nets ...
PHY-1001 : Reuse net number 686/32270.
PHY-1001 : Global iterations in 32 thread ...
PHY-1002 : len = 2.59558e+06, over cnt = 4414(6%), over = 26074, worst = 143
PHY-1001 : End global iterations;  0.841906s wall, 1.265625s user + 0.015625s system = 1.281250s CPU (152.2%)

PHY-1001 : Congestion index:
PHY-1001 : top1  = 258.05(S 172.31, N 128.31, E 231.32, W 184.75, I 271.24, O 288.24)
PHY-1001 : top5  = 171.47(S 113.34, N 86.97, E 135.93, W 124.57, I 167.53, O 174.15)
PHY-1001 : top10 = 141.11(S 89.49, N 71.23, E 105.83, W 99.50, I 126.52, O 134.36)
PHY-1001 : top15 = 124.57(S 76.24, N 61.99, E 89.99, W 85.61, I 104.56, O 113.28)
PHY-1001 : End Stage 2.7.1.2 | Refresh Congestion; Time: 1.016655s wall, 1.468750s user + 0.015625s system = 1.484375s CPU (146.0%); Memory(MB): used = 1498, reserved = 1488, peak = 1498;

PHY-1001 : Stage 2.7.1.3 | GP Iteration
PHY-1001 : End Stage 2.7.1.3 | GP Iteration; Time: 1.566148s wall, 12.859375s user + 0.140625s system = 13.000000s CPU (830.1%); Memory(MB): used = 1498, reserved = 1488, peak = 1498;

PHY-3001 : Multithread accelerating rate: 8.20
OPT-1001 : Total overflow 1112.75 peak overflow 8.94
PHY-3001 : Spreading for sector grids.
PHY-3001 : Iter 1, total overflow: 0
PHY-3001 : tot_capacity: 48, usage_cnt: 21, movable_cnt: 37
PHY-3001 : End spreading;  0.057547s wall, 0.140625s user + 0.000000s system = 0.140625s CPU (244.4%)

PHY-3001 : Final: Len = 2.10806e+06, Over = 427.344
PHY-3001 : End incremental placement;  3.026498s wall, 14.859375s user + 0.156250s system = 15.015625s CPU (496.1%)

OPT-1001 : Total overflow 1112.75 peak overflow 8.94
RUN-1001 : HFN opt statistic
RUN-1001 : ------------------------------------------------------
RUN-1001 :   DriverCell type  |  HFN count  |  Duplicated count  
RUN-1001 : ------------------------------------------------------
RUN-1001 :         REG        |     14      |         91         
RUN-1001 :        LUT6        |     39      |         47         
RUN-1001 :        LUT5        |      3      |         18         
RUN-1001 :        LUT4        |     32      |         90         
RUN-1001 :        LUT3        |     54      |         2          
RUN-1001 :        LUT2        |     28      |         99         
RUN-1001 :        TOTAL       |     170     |        347         
RUN-1001 : ------------------------------------------------------
OPT-1001 : End high-fanout net optimization;  6.590737s wall, 18.343750s user + 0.171875s system = 18.515625s CPU (280.9%)

OPT-1001 : Update timing in Manhattan mode
OPT-1001 : End timing update;  1.188654s wall, 1.171875s user + 0.000000s system = 1.171875s CPU (98.6%)

OPT-1001 : Current memory(MB): used = 1498, reserved = 1488, peak = 1498.
OPT-1001 : End Stage 2.7.1 | Synthesize High-fanout Net; Time: 7.927615s wall, 19.656250s user + 0.171875s system = 19.828125s CPU (250.1%); Memory(MB): used = 1498, reserved = 1488, peak = 1498;

OPT-1001 : Stage 2.7.2 | Global Optimization
OPT-1001 : Start global optimization ...
OPT-0007 : Start: SWNS 523 STNS 0 NUM_FEPS 0
OPT-1001 : Start congestion update ...
RUN-1001 : Generating global routing grids ...
PHY-1001 : Generate routing nets ...
PHY-1001 : Reuse net number 4458/32060.
PHY-1001 : Global iterations in 32 thread ...
PHY-1002 : len = 2.57091e+06, over cnt = 4558(6%), over = 15271, worst = 53
PHY-1002 : len = 2.80802e+06, over cnt = 3932(5%), over = 9830, worst = 20
PHY-1002 : len = 3.14765e+06, over cnt = 1742(2%), over = 3724, worst = 20
PHY-1002 : len = 3.23856e+06, over cnt = 910(1%), over = 2023, worst = 11
PHY-1002 : len = 3.31584e+06, over cnt = 339(0%), over = 831, worst = 9
PHY-1001 : End global iterations;  5.368538s wall, 6.062500s user + 0.015625s system = 6.078125s CPU (113.2%)

PHY-1001 : Congestion index:
PHY-1001 : top1  = 106.39(S 97.69, N 88.57, E 97.83, W 98.57, I 275.00, O 282.40)
PHY-1001 : top5  = 89.62(S 77.37, N 67.23, E 79.07, W 82.01, I 159.73, O 170.35)
PHY-1001 : top10 = 82.37(S 68.62, N 59.69, E 70.27, W 73.91, I 122.59, O 131.71)
PHY-1001 : top15 = 77.76(S 63.20, N 54.83, E 64.59, W 68.37, I 102.66, O 111.37)
OPT-1001 : End congestion update;  5.650814s wall, 6.328125s user + 0.015625s system = 6.343750s CPU (112.3%)

OPT-0007 : Iter 1: improved SWNS 553 STNS 0 NUM_FEPS 0 with 34 cells processed and 2013 slack improved
OPT-0007 : Iter 2: improved SWNS 553 STNS 0 NUM_FEPS 0 with 4 cells processed and 199 slack improved
OPT-1001 : Overall commit ratio 0.35
OPT-1001 : End global optimization;  5.759622s wall, 6.453125s user + 0.015625s system = 6.468750s CPU (112.3%)

OPT-1001 : Current memory(MB): used = 1498, reserved = 1488, peak = 1498.
OPT-1001 : End Stage 2.7.2 | Global Optimization; Time: 6.267004s wall, 6.953125s user + 0.015625s system = 6.968750s CPU (111.2%); Memory(MB): used = 1498, reserved = 1488, peak = 1498;

OPT-0007 : End flow prepack: SWNS 553 STNS 0 NUM_FEPS 0
OPT-1001 : End physical optimization;  14.227646s wall, 26.750000s user + 0.187500s system = 26.937500s CPU (189.3%)

PHY-1001 : End Stage 2.7 | Optimize Design; Time: 14.230485s wall, 26.750000s user + 0.187500s system = 26.937500s CPU (189.3%); Memory(MB): used = 1498, reserved = 1488, peak = 1498;

PHY-1001 : Stage 2.8 | Pack and Legalization
PHY-1001 : Stage 2.8.1 | Direct Legalization
PHY-3001 : Start Direct Legalization ...
PHY-3001 : Get top1 grid util = 0.960886, top1_avg = 0.960886.
PHY-1001 : Populate physical database on model design_top_wrapper.
PHY-3001 : Target density is 60%
PHY-3001 : Before Legalization for Slice Macros, Len = 2.11086e+06.
RUN-1001 : Legalization top10 inst displacement:
RUN-1001 : -----------------------------------------------------------------------------------------------------------------------------------------------------------------------------------------------------------------------------------
RUN-1001 :   Index  |  Bounded  |  Height  |        Location        |  Disp. (slots)  |  Disp. (grids)  |                                                                Name                                                                 
RUN-1001 : -----------------------------------------------------------------------------------------------------------------------------------------------------------------------------------------------------------------------------------
RUN-1001 :     1    |     N     |    8     |    x1y7z6 to x9y8z0    |       66        |        9        |      u_ph1p35_324_ddr_wrapper/u_ddr2/ph1p_ddrmc_wrapper/ph1p_ddrmc_top/u_phy2mc_fifo/byteIdx_1[1]$u_wfifo_sync/ramread0_syn_88      
RUN-1001 :     2    |     N     |    8     |   x2y54z6 to x5y59z0   |       58        |        8        |       u_ph1p35_324_ddr_wrapper/u_ddr2/ph1p_ddrmc_wrapper/ph1p_ddrmc_top/u_ddr_phy/u_ddrphy_top/u_ddrphy_init/ramread0_syn_91        
RUN-1001 :     3    |     N     |    8     |   x1y56z1 to x5y58z0   |       47        |        6        |       u_ph1p35_324_ddr_wrapper/u_ddr2/ph1p_ddrmc_wrapper/ph1p_ddrmc_top/u_ddr_phy/u_ddrphy_top/u_ddrphy_init/ramread0_syn_71        
RUN-1001 :     4    |     N     |    8     |   x3y45z6 to x5y42z0   |       46        |        5        |  u_ph1p35_324_ddr_wrapper/u_ddr2/ph1p_ddrmc_wrapper/ph1p_ddrmc_top/u_alc_mc_top/u_wr_data/wr_buffer[0]$u_wdata_ram/ramread0_syn_72  
RUN-1001 :     5    |     N     |    10    |  x46y62z1 to x41y62z0  |       41        |        5        |                                      u_isp_top/u_demosaic/bilinear_interpolation_d/add8_syn_52                                      
RUN-1001 :     6    |     N     |    8     |   x1y55z7 to x5y57z0   |       41        |        6        |       u_ph1p35_324_ddr_wrapper/u_ddr2/ph1p_ddrmc_wrapper/ph1p_ddrmc_top/u_ddr_phy/u_ddrphy_top/u_ddrphy_init/ramread0_syn_51        
RUN-1001 :     7    |     N     |    14    |  x46y45z3 to x41y45z4  |       41        |        5        |                                 u_isp_top/u_demosaic/raw_matrix_3x3_buffer_d/zhenghe_d/add4_syn_86                                  
RUN-1001 :     8    |     N     |    10    |  x46y69z3 to x41y69z4  |       41        |        5        |                                      u_isp_top/u_demosaic/bilinear_interpolation_d/add5_syn_52                                      
RUN-1001 :     9    |     N     |    14    |  x46y53z0 to x41y53z0  |       40        |        5        |                                      u_isp_top/u_demosaic/raw_matrix_3x3_buffer_d/add1_syn_87                                       
RUN-1001 :    10    |     N     |    8     |   x1y47z1 to x5y48z0   |       39        |        5        |       u_ph1p35_324_ddr_wrapper/u_ddr2/ph1p_ddrmc_wrapper/ph1p_ddrmc_top/u_alc_mc_top/u_rd_data/u_status_ram1/ramread0_syn_26        
RUN-1001 : -----------------------------------------------------------------------------------------------------------------------------------------------------------------------------------------------------------------------------------
PHY-3001 : After Legalization for Slice Macros, Len = 2.25331e+06.
RUN-1001 : Generating global routing grids ...
PHY-1001 : Generate routing nets ...
PHY-1001 : Reuse net number 26142/33039.
RUN-1002 : start command "update_timing -mode MANHATTAN"
RUN-1002 : start command "start_timer"
RUN-1003 : finish command "start_timer" in  1.343990s wall, 1.312500s user + 0.000000s system = 1.312500s CPU (97.7%)

RUN-1004 : used memory is 1525 MB, reserved memory is 1515 MB, peak memory is 1525 MB
RUN-1003 : finish command "update_timing -mode MANHATTAN" in  2.433965s wall, 2.375000s user + 0.000000s system = 2.375000s CPU (97.6%)

RUN-1004 : used memory is 1527 MB, reserved memory is 1516 MB, peak memory is 1527 MB
PHY-1001 : Global iterations in 32 thread ...
PHY-1002 : len = 3.33346e+06, over cnt = 2024(2%), over = 5411, worst = 15
PHY-1002 : len = 3.39774e+06, over cnt = 1763(2%), over = 3410, worst = 13
PHY-1002 : len = 3.50462e+06, over cnt = 824(1%), over = 1202, worst = 11
PHY-1002 : len = 3.53379e+06, over cnt = 520(0%), over = 694, worst = 6
PHY-1002 : len = 3.56402e+06, over cnt = 155(0%), over = 208, worst = 3
PHY-1001 : End global iterations;  1.640371s wall, 2.062500s user + 0.000000s system = 2.062500s CPU (125.7%)

PHY-1001 : Congestion index:
PHY-1001 : top1  = 99.18(S 91.62, N 82.66, E 95.00, W 95.99, I 225.00, O 276.64)
PHY-1001 : top5  = 88.82(S 76.17, N 66.74, E 79.50, W 83.54, I 137.70, O 165.49)
PHY-1001 : top10 = 82.63(S 68.13, N 60.08, E 71.54, W 76.00, I 108.71, O 129.74)
PHY-1001 : top15 = 78.38(S 62.89, N 55.76, E 66.35, W 70.84, I 93.71, O 110.18)
PHY-3001 : Total Iter 237, legal = 32910 / 33622 (97.88%), avg_move = 43.18, max_move = 440.
PHY-3001 : Post-LG, Legalize 712 illegal instances, avg_move = 310.82, max_move = 907.
PHY-1001 : Populate physical database on model design_top_wrapper.
PHY-3001 : End Direct Legalization;  24.922371s wall, 263.234375s user + 0.250000s system = 263.484375s CPU (1057.2%)

RUN-1001 : Summary of LUT-FF Pairs
RUN-1001 : ---------------------------------------------------------------
RUN-1001 :   Num of Fanout Seqs  |   1x   |  2x  |  3~5  |  6~10  |  >10  
RUN-1001 : ---------------------------------------------------------------
RUN-1001 :         Total         |  7957  |  77  |  59   |   69   |  193  
RUN-1001 :          Grid         |  7694  |  77  |  54   |   46   |  193  
RUN-1001 :          Bank         |  7465  |  76  |  43   |   40   |  193  
RUN-1001 :         Paired        |  7416  |  76  |  39   |   40   |  190  
RUN-1001 : ---------------------------------------------------------------
RUN-1001 : Summary of LUT Pairs
RUN-1001 : ---------------------------------------------------------------------------------------------------------------------
RUN-1001 :            |           |           |           |           |           |  O5 + O6  |  Only O5  |  Only O6  |  Total  
RUN-1001 : ---------------------------------------------------------------------------------------------------------------------
RUN-1001 :   5 Share  |  4 Share  |  3 Share  |  2 Share  |  1 Share  |  0 Share  |           |           |           |         
RUN-1001 :     148    |    294    |    320    |    455    |   1911    |   3990    |   7118    |   3746    |   5980    |  16844  
RUN-1001 : ---------------------------------------------------------------------------------------------------------------------
PHY-1001 : End Stage 2.8.1 | Direct Legalization; Time: 24.967416s wall, 263.281250s user + 0.250000s system = 263.531250s CPU (1055.5%); Memory(MB): used = 1646, reserved = 1636, peak = 1647;

PHY-3001 : Target density is 60%
PHY-3001 : After Direct Legalization, Len = 3.33828e+06.
PHY-1001 : End Stage 2.8 | Pack and Legalization; Time: 25.096933s wall, 263.406250s user + 0.250000s system = 263.656250s CPU (1050.6%); Memory(MB): used = 1647, reserved = 1636, peak = 1647;

RUN-1002 : start command "start_timer"
RUN-1003 : finish command "start_timer" in  2.663391s wall, 2.625000s user + 0.000000s system = 2.625000s CPU (98.6%)

RUN-1004 : used memory is 1647 MB, reserved memory is 1636 MB, peak memory is 1647 MB
PHY-1001 : End Stage 2 | Global Placement; Time: 64.457922s wall, 333.062500s user + 5.890625s system = 338.953125s CPU (525.9%); Memory(MB): used = 1653, reserved = 1642, peak = 1653;

PHY-1001 : Stage 3 | Detailed Placement
PHY-1001 : Stage 3.1 | SLICE Detailed Placement
PHY-1001 : Stage 3.1.1 | Spreading
PHY-3001 : Design contains 283 ce signals.
PHY-3001 : Spreading for sector grids.
PHY-3001 : Iter 1, total overflow: 0
PHY-3001 : tot_capacity: 48, usage_cnt: 21, movable_cnt: 34
PHY-3001 : Spreading for clock grids.
PHY-3001 : clock grid count for 24 x 4 grids
PHY-3001 : Spreading for plb grids.
PHY-3001 : total displace: 0, max displace: 0.
PHY-3001 : End spreading;  0.219312s wall, 0.218750s user + 0.000000s system = 0.218750s CPU (99.7%)

PHY-1001 : End Stage 3.1.1 | Spreading; Time: 0.219395s wall, 0.218750s user + 0.000000s system = 0.218750s CPU (99.7%); Memory(MB): used = 1665, reserved = 1654, peak = 1665;

PHY-1001 : Stage 3.1.2 | Simulated Annealing Based DP
RUN-1001 : Generating global routing grids ...
PHY-1001 : Generate routing nets ...
PHY-1001 : Reuse net number 3713/28676.
PHY-1001 : Global iterations in 32 thread ...
PHY-1002 : len = 3.89387e+06, over cnt = 3637(5%), over = 6803, worst = 9
PHY-1002 : len = 3.98477e+06, over cnt = 2489(3%), over = 4087, worst = 9
PHY-1002 : len = 4.10102e+06, over cnt = 872(1%), over = 1342, worst = 7
PHY-1002 : len = 4.1588e+06, over cnt = 220(0%), over = 331, worst = 5
PHY-1002 : len = 4.17331e+06, over cnt = 0(0%), over = 0, worst = 0
PHY-1001 : End global iterations;  2.713073s wall, 3.265625s user + 0.015625s system = 3.281250s CPU (120.9%)

PHY-1001 : Congestion index:
PHY-1001 : top1  = 98.11(S 79.34, N 76.81, E 97.53, W 90.13, I 65.54, O 79.93)
PHY-1001 : top5  = 89.47(S 68.66, N 65.55, E 87.13, W 79.21, I 58.74, O 71.52)
PHY-1001 : top10 = 83.25(S 62.79, N 59.59, E 78.57, W 73.33, I 56.40, O 65.66)
PHY-1001 : top15 = 79.09(S 58.77, N 55.84, E 72.66, W 69.08, I 54.59, O 61.78)
PHY-0007 : Initial: WL Cost = 286062, TD Cost = 2.62368e+06, SWNS = -109, STNS = -109, Nums per T = 140190, Range Limit = 4x8
PHY-0007 : Finally: WL Cost = 264829, TD Cost = 2.24741e+06, WL Ratio = 0.925777, TD Ratio = 0.856586, SWNS = 56, STNS = 0
RUN-1001 : Print Detailed placement's Summary information
RUN-1001 : -------------------------------------------------------------------------------------------------------------------------------
RUN-1001 :           |   Total   |  Accept  |  Reject by overFlow  |  Reject by worseCost  |  Failed by noTarget  |  Failed by gridCheck  
RUN-1001 : -------------------------------------------------------------------------------------------------------------------------------
RUN-1001 :   Slices  |  1121520  |  25129   |        16937         |        1038763        |         1097         |         39594         
RUN-1001 :   Macros  |   63063   |   1397   |         3673         |         57486         |         290          |          217          
RUN-1001 : -------------------------------------------------------------------------------------------------------------------------------
PHY-1001 : End Stage 3.1.2 | Simulated Annealing Based DP; Time: 16.233695s wall, 18.093750s user + 0.031250s system = 18.125000s CPU (111.7%); Memory(MB): used = 1689, reserved = 1677, peak = 1689;

PHY-3001 : End Detailed Place; 
PHY-3001 : Final: Len = 3.04218e+06, Over = 0
PHY-1001 : End Stage 3.1 | SLICE Detailed Placement; Time: 16.765697s wall, 18.625000s user + 0.031250s system = 18.656250s CPU (111.3%); Memory(MB): used = 1689, reserved = 1677, peak = 1689;

PHY-3001 : End Detailed Place; 
PHY-1001 : Stage 3.2 | Optimize Design
OPT-1001 : Start physical optimization ...
OPT-1001 : Total overflow 0.00 peak overflow 0.00
OPT-1001 : Stage 3.2.1 | Physical Optimization
OPT-1001 : Start high-fanout net optimization in optimize equivalent flow with medium effort ...
OPT-1001 : Clean unloaded insts before merging registers
PHY-1001 : Populate physical database on model design_top_wrapper.
PHY-1001 : Populate physical database on model design_top_wrapper.
OPT-1001 : Total overflow 0.00 peak overflow 0.00
OPT-1001 : End optimize duplicated nets. Total 91 instances are merged and 1829 sinks are reconnected,  1.778908s wall, 1.765625s user + 0.000000s system = 1.765625s CPU (99.3%)

OPT-1001 : End high-fanout net optimization;  1.780095s wall, 1.765625s user + 0.000000s system = 1.765625s CPU (99.2%)

OPT-1001 : Update timing in Manhattan mode
RUN-1002 : start command "start_timer"
RUN-1003 : finish command "start_timer" in  2.080676s wall, 2.093750s user + 0.000000s system = 2.093750s CPU (100.6%)

RUN-1004 : used memory is 1690 MB, reserved memory is 1677 MB, peak memory is 1690 MB
OPT-1001 : End timing update;  3.288031s wall, 3.281250s user + 0.000000s system = 3.281250s CPU (99.8%)

OPT-1001 : Current memory(MB): used = 1690, reserved = 1677, peak = 1690.
OPT-1001 : End Stage 3.2.1 | Physical Optimization; Time: 5.209063s wall, 5.187500s user + 0.000000s system = 5.187500s CPU (99.6%); Memory(MB): used = 1690, reserved = 1677, peak = 1690;

OPT-1001 : Stage 3.2.2 | Synthesize High-fanout Net
OPT-1001 : Start high-fanout net optimization in post-pack flow with medium effort ...
OPT-1001 : Start: SWNS 56 STNS 0 NUM_FEPS 0
OPT-1001 : Total overflow 0.00 peak overflow 0.00
PHY-1001 : Populate physical database on model design_top_wrapper.
OPT-1001 : 98 high-fanout net processed.
OPT-1001 : Total overflow 0.00 peak overflow 0.00
RUN-1001 : HFN opt statistic
RUN-1001 : ------------------------------------------------------
RUN-1001 :   DriverCell type  |  HFN count  |  Duplicated count  
RUN-1001 : ------------------------------------------------------
RUN-1001 :       LSLICE       |      0      |         0          
RUN-1001 :       MSLICE       |      0      |         0          
RUN-1001 :        OTHER       |     98      |         52         
RUN-1001 :        TOTAL       |     98      |         52         
RUN-1001 : ------------------------------------------------------
OPT-1001 : End high-fanout net optimization;  1.972064s wall, 1.937500s user + 0.000000s system = 1.937500s CPU (98.2%)

OPT-1001 : Current memory(MB): used = 1690, reserved = 1677, peak = 1690.
OPT-1001 : End Stage 3.2.2 | Synthesize High-fanout Net; Time: 2.119148s wall, 2.078125s user + 0.000000s system = 2.078125s CPU (98.1%); Memory(MB): used = 1690, reserved = 1677, peak = 1690;

OPT-1001 : Stage 3.2.3 | Optimize Path
OPT-1001 : Start unpack path based optimization ...
OPT-0007 : Start: SWNS 56 STNS 0 NUM_FEPS 0 with mode 2
OPT-1001 : Start congestion update ...
RUN-1001 : Generating global routing grids ...
PHY-1001 : Generate routing nets ...
PHY-1001 : Reuse net number 10779/29434.
PHY-1001 : Global iterations in 32 thread ...
PHY-1002 : len = 3.73598e+06, over cnt = 3876(5%), over = 6890, worst = 9
PHY-1002 : len = 3.83432e+06, over cnt = 2595(3%), over = 3979, worst = 9
PHY-1002 : len = 3.93616e+06, over cnt = 1137(1%), over = 1668, worst = 7
PHY-1002 : len = 3.99003e+06, over cnt = 152(0%), over = 212, worst = 6
PHY-1002 : len = 4.01229e+06, over cnt = 20(0%), over = 25, worst = 3
PHY-1001 : End global iterations;  2.419288s wall, 2.921875s user + 0.000000s system = 2.921875s CPU (120.8%)

PHY-1001 : Congestion index:
PHY-1001 : top1  = 98.36(S 75.76, N 76.27, E 98.19, W 87.91, I 65.38, O 77.88)
PHY-1001 : top5  = 88.91(S 66.99, N 66.62, E 87.00, W 78.01, I 57.94, O 69.21)
PHY-1001 : top10 = 82.53(S 61.51, N 60.98, E 78.52, W 71.88, I 55.77, O 63.71)
PHY-1001 : top15 = 78.41(S 57.88, N 57.19, E 72.97, W 67.67, I 53.87, O 59.81)
OPT-1001 : End congestion update;  2.816256s wall, 3.312500s user + 0.000000s system = 3.312500s CPU (117.6%)

OPT-0007 : Iter 1: improved SWNS 225 STNS 0 NUM_FEPS 0 with 10(2388) cells and 1206(2458) paths processed with 2236 slack improved, crit_thod: 1930 ratio: 1.00(10/10) rt: 0.6s
OPT-0007 : Iter 2: improved SWNS 387 STNS 0 NUM_FEPS 0 with 13(4726) cells and 2363(2363) paths processed with 5198 slack improved, crit_thod: 1936 ratio: 0.80(16/20) rt: 1.0s
OPT-0007 : Iter 3: improved SWNS 442 STNS 0 NUM_FEPS 0 with 7(4508) cells and 2254(2254) paths processed with 1717 slack improved, crit_thod: 2048 ratio: 1.00(7/7) rt: 0.6s
OPT-0007 : Iter 4: improved SWNS 489 STNS 0 NUM_FEPS 0 with 5(4528) cells and 2264(2264) paths processed with 1293 slack improved, crit_thod: 2077 ratio: 0.88(7/8) rt: 0.5s
OPT-0007 : Iter 5: improved SWNS 489 STNS 0 NUM_FEPS 0 with 0(4514) cells and 2257(2257) paths processed with 0 slack improved, crit_thod: 2099 ratio: 0.00(0/2) rt: 0.3s
OPT-1001 : End path based optimization;  5.764837s wall, 6.171875s user + 0.000000s system = 6.171875s CPU (107.1%)

OPT-1001 : Current memory(MB): used = 1690, reserved = 1677, peak = 1690.
OPT-1001 : End Stage 3.2.3 | Optimize Path; Time: 5.922044s wall, 6.312500s user + 0.000000s system = 6.312500s CPU (106.6%); Memory(MB): used = 1690, reserved = 1677, peak = 1690;

OPT-1001 : Stage 3.2.4 | Optimize Duplicated Nets
OPT-1001 : Start: WNS 489 TNS 0 NUM_FEPS 0
OPT-1001 : Clean unloaded insts before merging registers
PHY-1001 : Populate physical database on model design_top_wrapper.
PHY-1001 : Populate physical database on model design_top_wrapper.
OPT-1001 : Total overflow 0.00 peak overflow 0.00
OPT-1001 : End optimize duplicated nets. Total 8 instances are merged and 1111 sinks are reconnected,  1.814501s wall, 2.046875s user + 0.000000s system = 2.046875s CPU (112.8%)

OPT-1001 : Update timing in Manhattan mode
RUN-1002 : start command "start_timer"
RUN-1003 : finish command "start_timer" in  2.248958s wall, 2.234375s user + 0.000000s system = 2.234375s CPU (99.4%)

RUN-1004 : used memory is 1690 MB, reserved memory is 1677 MB, peak memory is 1690 MB
OPT-1001 : End timing update;  3.666811s wall, 3.609375s user + 0.000000s system = 3.609375s CPU (98.4%)

OPT-1001 : Current memory(MB): used = 1690, reserved = 1677, peak = 1690.
OPT-1001 : End Stage 3.2.4 | Optimize Duplicated Nets; Time: 5.633369s wall, 5.812500s user + 0.000000s system = 5.812500s CPU (103.2%); Memory(MB): used = 1690, reserved = 1677, peak = 1690;

OPT-1001 : Stage 3.2.5 | Swap Pins
OPT-1001 : Start pin optimization...
OPT-1001 : Start: SWNS 489 STNS 0 NUM_FEPS 0
OPT-1001 : Successfully optimized 3109 instances
OPT-1001 : Successfully optimized 817 instances
OPT-1001 : End pin optimization;  2.680003s wall, 2.640625s user + 0.000000s system = 2.640625s CPU (98.5%)

OPT-1001 : Current memory(MB): used = 1690, reserved = 1677, peak = 1690.
OPT-1001 : End Stage 3.2.5 | Swap Pins; Time: 2.820904s wall, 2.781250s user + 0.000000s system = 2.781250s CPU (98.6%); Memory(MB): used = 1690, reserved = 1677, peak = 1690;

OPT-1001 : Stage 3.2.6 | Optimize Beeline
OPT-1001 : Start beeline optimization...
OPT-1001 : Start: SWNS 495 STNS 0 NUM_FEPS 0
PHY-1001 : Beeline DP, 307 out of 5801 (5.29)%; hop = 420.
PHY-1001 : Beeline DP, 109 out of 5480 (1.99)%; hop = 147.
PHY-1001 : Beeline DP, 67 out of 5410 (1.24)%; hop = 91.
PHY-1001 : Beeline DP, 53 out of 5380 (0.99)%; hop = 75.
PHY-1001 : Beeline DP, 43 out of 5370 (0.80)%; hop = 62.
PHY-1001 : Beeline optimization intraPLB, 2561 1-hop(40.39%), 2510 2-hop(39.59%), 498 3-hop( 7.85%), 771 others (12.16%)
PHY-1001 :  7.385715s wall, 7.265625s user + 0.000000s system = 7.265625s CPU (98.4%)

RUN-1001 : Beeline optimization outerPLB: 1-hop 2681, 2-hop 4498, 3-hop 2704, 4-hop 794, other 2132 
OPT-1001 : End beeline optimization;  7.812376s wall, 7.671875s user + 0.000000s system = 7.671875s CPU (98.2%)

OPT-1001 : Update timing in Manhattan mode
OPT-1001 : End timing update;  1.251472s wall, 1.234375s user + 0.000000s system = 1.234375s CPU (98.6%)

OPT-1001 : End Stage 3.2.6 | Optimize Beeline; Time: 9.291907s wall, 9.125000s user + 0.000000s system = 9.125000s CPU (98.2%); Memory(MB): used = 1690, reserved = 1677, peak = 1690;

OPT-0007 : End flow postpack: SWNS 495 STNS 0 NUM_FEPS 0
RUN-1001 : Generating global routing grids ...
PHY-1001 : Generate routing nets ...
PHY-1001 : Reuse net number 28154/29078.
PHY-1001 : Global iterations in 32 thread ...
PHY-1002 : len = 3.98613e+06, over cnt = 481(0%), over = 596, worst = 5
PHY-1002 : len = 3.99891e+06, over cnt = 247(0%), over = 284, worst = 3
PHY-1002 : len = 4.00947e+06, over cnt = 72(0%), over = 83, worst = 3
PHY-1002 : len = 4.01098e+06, over cnt = 40(0%), over = 47, worst = 2
PHY-1002 : len = 4.01181e+06, over cnt = 0(0%), over = 0, worst = 0
PHY-1001 : End global iterations;  0.479031s wall, 0.562500s user + 0.000000s system = 0.562500s CPU (117.4%)

PHY-1001 : Congestion index:
PHY-1001 : top1  = 98.27(S 75.85, N 76.07, E 98.11, W 86.76, I 65.38, O 77.80)
PHY-1001 : top5  = 88.96(S 66.98, N 66.71, E 87.16, W 76.90, I 57.89, O 69.19)
PHY-1001 : top10 = 82.24(S 61.71, N 61.08, E 78.47, W 71.04, I 55.70, O 63.66)
PHY-1001 : top15 = 78.06(S 58.02, N 57.26, E 72.99, W 66.89, I 53.74, O 59.68)
RUN-1001 : top one percent high-util tile is with util 93 and average util is 97.815789
RUN-1001 : QoR Analysis:
OPT-0007 :   SWNS 495 STNS 0 NUM_FEPS 0
RUN-1001 :   Local congestion issue exists, and most congested 1% tile average routing util is 97.815789
OPT-1002 :   please consider adjusting placer strategy to avoid the congestion issue
RUN-1001 :   Top critical paths
RUN-1001 :       #1 path slack 495ps with logic level 8 
RUN-1001 :   extra opt step will be enabled to improve QoR
PHY-3001 : Start incremental legalization ...
PHY-1001 : Populate physical database on model design_top_wrapper.
PHY-1001 : Processing 2 clock pins of DDR instance u_ph1p35_324_ddr_wrapper/u_ddr2/ph1p_ddrmc_wrapper/ph1p_ddrmc_top/u_ddr_phy/u_ddrphy_top/u_ddrphy/ac_byte[0]$ac_byte_used$u_ddrphy_ac_byte_wrapper/u_ddrphy_byte, location = x0y70z0.
PHY-1001 :   Placed ioclk instance u_ph1p35_324_ddr_wrapper/u_ddr2/ph1p_ddrmc_wrapper/ph1p_ddrmc_top/u_ddr_phy/u_ddrphy_top/u_ddrphy_clk/ioclk[0]$u_ioclk_1, location = x0y59z1.
PHY-1001 :   Placed ioclk instance u_ph1p35_324_ddr_wrapper/u_ddr2/ph1p_ddrmc_wrapper/ph1p_ddrmc_top/u_ddr_phy/u_ddrphy_top/u_ddrphy_clk/ioclk[0]$u_ioclk_0, location = x0y59z0.
PHY-1001 : Processing 2 clock pins of DDR instance u_ph1p35_324_ddr_wrapper/u_ddr2/ph1p_ddrmc_wrapper/ph1p_ddrmc_top/u_ddr_phy/u_ddrphy_top/u_ddrphy/ac_byte[1]$ac_byte_used$u_ddrphy_ac_byte_wrapper/u_ddrphy_byte, location = x0y60z0.
PHY-1001 :   Placed ioclk instance u_ph1p35_324_ddr_wrapper/u_ddr2/ph1p_ddrmc_wrapper/ph1p_ddrmc_top/u_ddr_phy/u_ddrphy_top/u_ddrphy_clk/ioclk[0]$u_ioclk_1, location = x0y59z1.
PHY-1001 :   Placed ioclk instance u_ph1p35_324_ddr_wrapper/u_ddr2/ph1p_ddrmc_wrapper/ph1p_ddrmc_top/u_ddr_phy/u_ddrphy_top/u_ddrphy_clk/ioclk[0]$u_ioclk_0, location = x0y59z0.
PHY-1001 : Processing 2 clock pins of DDR instance u_ph1p35_324_ddr_wrapper/u_ddr2/ph1p_ddrmc_wrapper/ph1p_ddrmc_top/u_ddr_phy/u_ddrphy_top/u_ddrphy/ac_byte[2]$ac_byte_used$u_ddrphy_ac_byte_wrapper/u_ddrphy_byte, location = x0y50z0.
PHY-1001 :   Placed ioclk instance u_ph1p35_324_ddr_wrapper/u_ddr2/ph1p_ddrmc_wrapper/ph1p_ddrmc_top/u_ddr_phy/u_ddrphy_top/u_ddrphy_clk/ioclk[0]$u_ioclk_1, location = x0y59z1.
PHY-1001 :   Placed ioclk instance u_ph1p35_324_ddr_wrapper/u_ddr2/ph1p_ddrmc_wrapper/ph1p_ddrmc_top/u_ddr_phy/u_ddrphy_top/u_ddrphy_clk/ioclk[0]$u_ioclk_0, location = x0y59z0.
PHY-1001 : Processing 2 clock pins of DDR instance u_ph1p35_324_ddr_wrapper/u_ddr2/ph1p_ddrmc_wrapper/ph1p_ddrmc_top/u_ddr_phy/u_ddrphy_top/u_ddrphy/ac_byte[3]$ac_byte_used$u_ddrphy_ac_byte_wrapper/u_ddrphy_byte, location = x0y40z0.
PHY-1001 :   Placed ioclk instance u_ph1p35_324_ddr_wrapper/u_ddr2/ph1p_ddrmc_wrapper/ph1p_ddrmc_top/u_ddr_phy/u_ddrphy_top/u_ddrphy_clk/ioclk[0]$u_ioclk_1, location = x0y59z1.
PHY-1001 :   Placed ioclk instance u_ph1p35_324_ddr_wrapper/u_ddr2/ph1p_ddrmc_wrapper/ph1p_ddrmc_top/u_ddr_phy/u_ddrphy_top/u_ddrphy_clk/ioclk[0]$u_ioclk_0, location = x0y59z0.
PHY-1001 : Processing 2 clock pins of DDR instance u_ph1p35_324_ddr_wrapper/u_ddr2/ph1p_ddrmc_wrapper/ph1p_ddrmc_top/u_ddr_phy/u_ddrphy_top/u_ddrphy/dx_byte[0]$dx_byte_used$u_ddrphy_dx_byte_wrapper/u_ddrphy_byte, location = x0y30z0.
PHY-1001 :   Placed ioclk instance u_ph1p35_324_ddr_wrapper/u_ddr2/ph1p_ddrmc_wrapper/ph1p_ddrmc_top/u_ddr_phy/u_ddrphy_top/u_ddrphy_clk/ioclk[1]$u_ioclk_1, location = x0y19z1.
PHY-1001 :   Placed ioclk instance u_ph1p35_324_ddr_wrapper/u_ddr2/ph1p_ddrmc_wrapper/ph1p_ddrmc_top/u_ddr_phy/u_ddrphy_top/u_ddrphy_clk/ioclk[1]$u_ioclk_0, location = x0y19z0.
PHY-1001 : Processing 2 clock pins of DDR instance u_ph1p35_324_ddr_wrapper/u_ddr2/ph1p_ddrmc_wrapper/ph1p_ddrmc_top/u_ddr_phy/u_ddrphy_top/u_ddrphy/dx_byte[1]$dx_byte_used$u_ddrphy_dx_byte_wrapper/u_ddrphy_byte, location = x0y10z0.
PHY-1001 :   Placed ioclk instance u_ph1p35_324_ddr_wrapper/u_ddr2/ph1p_ddrmc_wrapper/ph1p_ddrmc_top/u_ddr_phy/u_ddrphy_top/u_ddrphy_clk/ioclk[1]$u_ioclk_1, location = x0y19z1.
PHY-1001 :   Placed ioclk instance u_ph1p35_324_ddr_wrapper/u_ddr2/ph1p_ddrmc_wrapper/ph1p_ddrmc_top/u_ddr_phy/u_ddrphy_top/u_ddrphy_clk/ioclk[1]$u_ioclk_0, location = x0y19z0.
PHY-3001 : Target density is 60%
PHY-3001 : Target density is 60%
PHY-3001 : Initial: Len = 3.05754e+06, Over = 0
PHY-1001 : Stage 3.2.7 | Spreading
PHY-3001 : Design contains 290 ce signals.
PHY-3001 : Spreading for sector grids.
PHY-3001 : Iter 1, total overflow: 0
PHY-3001 : tot_capacity: 48, usage_cnt: 21, movable_cnt: 37
PHY-3001 : Spreading for clock grids.
PHY-3001 : clock grid count for 24 x 4 grids
PHY-3001 : Spreading for plb grids.
PHY-3001 : total displace: 0, max displace: 0.
PHY-3001 : End spreading;  0.229934s wall, 0.234375s user + 0.000000s system = 0.234375s CPU (101.9%)

PHY-1001 : End Stage 3.2.7 | Spreading; Time: 0.229993s wall, 0.234375s user + 0.000000s system = 0.234375s CPU (101.9%); Memory(MB): used = 1706, reserved = 1693, peak = 1706;

PHY-3001 : Final: Len = 3.05754e+06, Over = 0
PHY-3001 : End incremental legalization;  0.474387s wall, 0.468750s user + 0.000000s system = 0.468750s CPU (98.8%)

OPT-1001 : Total overflow 0.00 peak overflow 0.00
OPT-1001 : Stage 3.2.8 | Synthesize High-fanout Net
OPT-1001 : Current memory(MB): used = 1706, reserved = 1693, peak = 1706.
OPT-1001 : End Stage 3.2.8 | Synthesize High-fanout Net; Time: 0.216291s wall, 0.203125s user + 0.000000s system = 0.203125s CPU (93.9%); Memory(MB): used = 1706, reserved = 1693, peak = 1706;

OPT-1001 : Stage 3.2.9 | Optimize Path
OPT-1001 : Start unpack path based optimization ...
OPT-0007 : Start: SWNS 495 STNS 0 NUM_FEPS 0 with mode 2
OPT-1001 : Start congestion update ...
RUN-1001 : Generating global routing grids ...
PHY-1001 : Generate routing nets ...
PHY-1001 : Reuse net number 29078/29078.
PHY-1001 : Global iterations in 32 thread ...
PHY-1002 : len = 4.01181e+06, over cnt = 0(0%), over = 0, worst = 0
PHY-1001 : End global iterations;  0.054681s wall, 0.062500s user + 0.000000s system = 0.062500s CPU (114.3%)

PHY-1001 : Congestion index:
PHY-1001 : top1  = 98.27(S 75.85, N 76.07, E 98.11, W 86.76, I 65.38, O 77.80)
PHY-1001 : top5  = 88.96(S 66.98, N 66.71, E 87.16, W 76.90, I 57.89, O 69.19)
PHY-1001 : top10 = 82.24(S 61.71, N 61.08, E 78.47, W 71.04, I 55.70, O 63.66)
PHY-1001 : top15 = 78.06(S 58.02, N 57.26, E 72.99, W 66.89, I 53.74, O 59.68)
OPT-1001 : End congestion update;  0.380178s wall, 0.328125s user + 0.031250s system = 0.359375s CPU (94.5%)

OPT-0007 : Iter 1: improved SWNS 495 STNS 0 NUM_FEPS 0 with 1(698) cells and 349(349) paths processed with 115 slack improved, crit_thod: 1000 ratio: 1.00(1/1) rt: 0.2s
OPT-0007 : Iter 2: improved SWNS 495 STNS 0 NUM_FEPS 0 with 0(692) cells and 346(346) paths processed with 0 slack improved, crit_thod: 1000 ratio: -1.00(0/0) rt: 0.1s
OPT-1001 : End path based optimization;  0.742086s wall, 0.703125s user + 0.031250s system = 0.734375s CPU (99.0%)

OPT-1001 : Current memory(MB): used = 1706, reserved = 1693, peak = 1706.
OPT-1001 : End Stage 3.2.9 | Optimize Path; Time: 0.885107s wall, 0.843750s user + 0.031250s system = 0.875000s CPU (98.9%); Memory(MB): used = 1706, reserved = 1693, peak = 1706;

OPT-1001 : Stage 3.2.10 | Aggressive Optimization
OPT-1001 : End Stage 3.2.10 | Aggressive Optimization; Time: 0.143868s wall, 0.140625s user + 0.000000s system = 0.140625s CPU (97.7%); Memory(MB): used = 1706, reserved = 1693, peak = 1706;

OPT-1001 : Stage 3.2.11 | Optimize Bottleneck
OPT-1001 : Start bottleneck based optimization ...
OPT-0007 : Start: SWNS 495 STNS 0 NUM_FEPS 0
OPT-1001 : Start congestion update ...
RUN-1001 : Generating global routing grids ...
PHY-1001 : Generate routing nets ...
PHY-1001 : Reuse net number 29076/29079.
PHY-1001 : Global iterations in 32 thread ...
PHY-1002 : len = 4.01174e+06, over cnt = 1(0%), over = 1, worst = 1
PHY-1002 : len = 4.01174e+06, over cnt = 0(0%), over = 0, worst = 0
PHY-1001 : End global iterations;  0.113624s wall, 0.109375s user + 0.000000s system = 0.109375s CPU (96.3%)

PHY-1001 : Congestion index:
PHY-1001 : top1  = 98.27(S 75.85, N 76.07, E 98.11, W 86.84, I 65.38, O 77.80)
PHY-1001 : top5  = 88.98(S 66.98, N 66.70, E 87.16, W 76.90, I 57.89, O 69.19)
PHY-1001 : top10 = 82.24(S 61.71, N 61.04, E 78.47, W 71.05, I 55.70, O 63.66)
PHY-1001 : top15 = 78.06(S 58.02, N 57.23, E 72.99, W 66.91, I 53.74, O 59.68)
OPT-1001 : End congestion update;  0.429596s wall, 0.421875s user + 0.000000s system = 0.421875s CPU (98.2%)

OPT-0007 : Iter 1: improved SWNS 495 STNS 0 NUM_FEPS 0 with 0(55) cells processed with 0 slack improved, crit_thod: 695 ratio: -1.00(0/0) rt: 0.2s
OPT-0007 : Iter 2: improved SWNS 495 STNS 0 NUM_FEPS 0 with 0(55) cells processed with 0 slack improved, crit_thod: 695 ratio: -1.00(0/0) rt: 0.2s
OPT-1001 : End bottleneck based optimization;  0.804389s wall, 0.812500s user + 0.000000s system = 0.812500s CPU (101.0%)

OPT-1001 : Current memory(MB): used = 1706, reserved = 1693, peak = 1706.
OPT-1001 : End Stage 3.2.11 | Optimize Bottleneck; Time: 0.945688s wall, 0.953125s user + 0.000000s system = 0.953125s CPU (100.8%); Memory(MB): used = 1706, reserved = 1693, peak = 1706;

OPT-1001 : Stage 3.2.12 | Swap Pins
OPT-1001 : Start pin optimization...
OPT-1001 : Start: SWNS 495 STNS 0 NUM_FEPS 0
OPT-1001 : Successfully optimized 1 instances
OPT-1001 : Successfully optimized 0 instances
OPT-1001 : End pin optimization;  0.592271s wall, 0.593750s user + 0.000000s system = 0.593750s CPU (100.2%)

OPT-1001 : Current memory(MB): used = 1706, reserved = 1693, peak = 1706.
OPT-1001 : End Stage 3.2.12 | Swap Pins; Time: 0.734184s wall, 0.734375s user + 0.000000s system = 0.734375s CPU (100.0%); Memory(MB): used = 1706, reserved = 1693, peak = 1706;

OPT-1001 : Stage 3.2.13 | Optimize Duplicated Nets
OPT-1001 : Start: WNS 500 TNS 0 NUM_FEPS 0
OPT-1001 : Clean unloaded insts before merging registers
PHY-1001 : Populate physical database on model design_top_wrapper.
PHY-1001 : Populate physical database on model design_top_wrapper.
OPT-1001 : Total overflow 0.00 peak overflow 0.00
OPT-1001 : End optimize duplicated nets. Total 4 instances are merged and 60 sinks are reconnected,  1.445106s wall, 1.734375s user + 0.000000s system = 1.734375s CPU (120.0%)

OPT-1001 : Update timing in Manhattan mode
RUN-1002 : start command "start_timer"
RUN-1003 : finish command "start_timer" in  2.099009s wall, 2.093750s user + 0.000000s system = 2.093750s CPU (99.7%)

RUN-1004 : used memory is 1706 MB, reserved memory is 1693 MB, peak memory is 1706 MB
OPT-1001 : End timing update;  3.312819s wall, 3.265625s user + 0.015625s system = 3.281250s CPU (99.0%)

OPT-1001 : Current memory(MB): used = 1706, reserved = 1693, peak = 1706.
OPT-1001 : End Stage 3.2.13 | Optimize Duplicated Nets; Time: 4.902785s wall, 5.156250s user + 0.015625s system = 5.171875s CPU (105.5%); Memory(MB): used = 1706, reserved = 1693, peak = 1706;

OPT-0007 : End flow postplace: SWNS 500 STNS 0 NUM_FEPS 0
OPT-1001 : End physical optimization;  40.388340s wall, 41.000000s user + 0.046875s system = 41.046875s CPU (101.6%)

PHY-1001 : End Stage 3.2 | Optimize Design; Time: 40.388454s wall, 41.000000s user + 0.046875s system = 41.046875s CPU (101.6%); Memory(MB): used = 1706, reserved = 1693, peak = 1706;

RUN-1001 : Report Control nets information:
RUN-1001 : DFF Distribution
RUN-1001 : -------------------------------------
RUN-1001 :   CE   |  SSR  |  ASR  |  DFF Count  
RUN-1001 : -------------------------------------
RUN-1001 :   No   |  No   |  No   |     224     
RUN-1001 :   No   |  No   |  Yes  |      0      
RUN-1001 :   No   |  Yes  |  No   |      0      
RUN-1001 :   Yes  |  No   |  No   |    6882     
RUN-1001 :   Yes  |  No   |  Yes  |    12253    
RUN-1001 :   Yes  |  Yes  |  No   |     363     
RUN-1001 : -------------------------------------
RUN-1001 : Control Group Statistic
RUN-1001 : ------------------------------
RUN-1001 :   #CLK  |  #CE   |  #SSR/ASR  
RUN-1001 : ------------------------------
RUN-1001 :    10   |  1257  |     31     
RUN-1001 : ------------------------------
RUN-0007 : Control Set = 1333
PHY-1001 : End Stage 3 | Detailed Placement; Time: 57.283479s wall, 59.765625s user + 0.078125s system = 59.843750s CPU (104.5%); Memory(MB): used = 1706, reserved = 1693, peak = 1706;

PHY-1001 : Populate physical database on model design_top_wrapper.
PHY-1001 : Stage 4 | Optimize Design
PHY-3001 : Start incremental legalization ...
PHY-1001 : Populate physical database on model design_top_wrapper.
PHY-1001 : Processing 2 clock pins of DDR instance u_ph1p35_324_ddr_wrapper/u_ddr2/ph1p_ddrmc_wrapper/ph1p_ddrmc_top/u_ddr_phy/u_ddrphy_top/u_ddrphy/ac_byte[0]$ac_byte_used$u_ddrphy_ac_byte_wrapper/u_ddrphy_byte, location = x0y70z0.
PHY-1001 :   Placed ioclk instance u_ph1p35_324_ddr_wrapper/u_ddr2/ph1p_ddrmc_wrapper/ph1p_ddrmc_top/u_ddr_phy/u_ddrphy_top/u_ddrphy_clk/ioclk[0]$u_ioclk_1, location = x0y59z1.
PHY-1001 :   Placed ioclk instance u_ph1p35_324_ddr_wrapper/u_ddr2/ph1p_ddrmc_wrapper/ph1p_ddrmc_top/u_ddr_phy/u_ddrphy_top/u_ddrphy_clk/ioclk[0]$u_ioclk_0, location = x0y59z0.
PHY-1001 : Processing 2 clock pins of DDR instance u_ph1p35_324_ddr_wrapper/u_ddr2/ph1p_ddrmc_wrapper/ph1p_ddrmc_top/u_ddr_phy/u_ddrphy_top/u_ddrphy/ac_byte[1]$ac_byte_used$u_ddrphy_ac_byte_wrapper/u_ddrphy_byte, location = x0y60z0.
PHY-1001 :   Placed ioclk instance u_ph1p35_324_ddr_wrapper/u_ddr2/ph1p_ddrmc_wrapper/ph1p_ddrmc_top/u_ddr_phy/u_ddrphy_top/u_ddrphy_clk/ioclk[0]$u_ioclk_1, location = x0y59z1.
PHY-1001 :   Placed ioclk instance u_ph1p35_324_ddr_wrapper/u_ddr2/ph1p_ddrmc_wrapper/ph1p_ddrmc_top/u_ddr_phy/u_ddrphy_top/u_ddrphy_clk/ioclk[0]$u_ioclk_0, location = x0y59z0.
PHY-1001 : Processing 2 clock pins of DDR instance u_ph1p35_324_ddr_wrapper/u_ddr2/ph1p_ddrmc_wrapper/ph1p_ddrmc_top/u_ddr_phy/u_ddrphy_top/u_ddrphy/ac_byte[2]$ac_byte_used$u_ddrphy_ac_byte_wrapper/u_ddrphy_byte, location = x0y50z0.
PHY-1001 :   Placed ioclk instance u_ph1p35_324_ddr_wrapper/u_ddr2/ph1p_ddrmc_wrapper/ph1p_ddrmc_top/u_ddr_phy/u_ddrphy_top/u_ddrphy_clk/ioclk[0]$u_ioclk_1, location = x0y59z1.
PHY-1001 :   Placed ioclk instance u_ph1p35_324_ddr_wrapper/u_ddr2/ph1p_ddrmc_wrapper/ph1p_ddrmc_top/u_ddr_phy/u_ddrphy_top/u_ddrphy_clk/ioclk[0]$u_ioclk_0, location = x0y59z0.
PHY-1001 : Processing 2 clock pins of DDR instance u_ph1p35_324_ddr_wrapper/u_ddr2/ph1p_ddrmc_wrapper/ph1p_ddrmc_top/u_ddr_phy/u_ddrphy_top/u_ddrphy/ac_byte[3]$ac_byte_used$u_ddrphy_ac_byte_wrapper/u_ddrphy_byte, location = x0y40z0.
PHY-1001 :   Placed ioclk instance u_ph1p35_324_ddr_wrapper/u_ddr2/ph1p_ddrmc_wrapper/ph1p_ddrmc_top/u_ddr_phy/u_ddrphy_top/u_ddrphy_clk/ioclk[0]$u_ioclk_1, location = x0y59z1.
PHY-1001 :   Placed ioclk instance u_ph1p35_324_ddr_wrapper/u_ddr2/ph1p_ddrmc_wrapper/ph1p_ddrmc_top/u_ddr_phy/u_ddrphy_top/u_ddrphy_clk/ioclk[0]$u_ioclk_0, location = x0y59z0.
PHY-1001 : Processing 2 clock pins of DDR instance u_ph1p35_324_ddr_wrapper/u_ddr2/ph1p_ddrmc_wrapper/ph1p_ddrmc_top/u_ddr_phy/u_ddrphy_top/u_ddrphy/dx_byte[0]$dx_byte_used$u_ddrphy_dx_byte_wrapper/u_ddrphy_byte, location = x0y30z0.
PHY-1001 :   Placed ioclk instance u_ph1p35_324_ddr_wrapper/u_ddr2/ph1p_ddrmc_wrapper/ph1p_ddrmc_top/u_ddr_phy/u_ddrphy_top/u_ddrphy_clk/ioclk[1]$u_ioclk_1, location = x0y19z1.
PHY-1001 :   Placed ioclk instance u_ph1p35_324_ddr_wrapper/u_ddr2/ph1p_ddrmc_wrapper/ph1p_ddrmc_top/u_ddr_phy/u_ddrphy_top/u_ddrphy_clk/ioclk[1]$u_ioclk_0, location = x0y19z0.
PHY-1001 : Processing 2 clock pins of DDR instance u_ph1p35_324_ddr_wrapper/u_ddr2/ph1p_ddrmc_wrapper/ph1p_ddrmc_top/u_ddr_phy/u_ddrphy_top/u_ddrphy/dx_byte[1]$dx_byte_used$u_ddrphy_dx_byte_wrapper/u_ddrphy_byte, location = x0y10z0.
PHY-1001 :   Placed ioclk instance u_ph1p35_324_ddr_wrapper/u_ddr2/ph1p_ddrmc_wrapper/ph1p_ddrmc_top/u_ddr_phy/u_ddrphy_top/u_ddrphy_clk/ioclk[1]$u_ioclk_1, location = x0y19z1.
PHY-1001 :   Placed ioclk instance u_ph1p35_324_ddr_wrapper/u_ddr2/ph1p_ddrmc_wrapper/ph1p_ddrmc_top/u_ddr_phy/u_ddrphy_top/u_ddrphy_clk/ioclk[1]$u_ioclk_0, location = x0y19z0.
PHY-3001 : Target density is 60%
PHY-3001 : Target density is 60%
PHY-3001 : Initial: Len = 3.07457e+06, Over = 0
PHY-1001 : Stage 4.1 | Spreading
PHY-3001 : Design contains 290 ce signals.
PHY-3001 : Spreading for sector grids.
PHY-3001 : Iter 1, total overflow: 0
PHY-3001 : tot_capacity: 48, usage_cnt: 21, movable_cnt: 37
PHY-3001 : Spreading for clock grids.
PHY-3001 : clock grid count for 24 x 4 grids
PHY-3001 : Spreading for plb grids.
PHY-3001 : total displace: 0, max displace: 0.
PHY-3001 : End spreading;  0.215414s wall, 0.218750s user + 0.000000s system = 0.218750s CPU (101.5%)

PHY-1001 : End Stage 4.1 | Spreading; Time: 0.215465s wall, 0.218750s user + 0.000000s system = 0.218750s CPU (101.5%); Memory(MB): used = 1706, reserved = 1693, peak = 1706;

PHY-3001 : Final: Len = 3.07457e+06, Over = 0
PHY-3001 : End incremental legalization;  0.422609s wall, 0.406250s user + 0.000000s system = 0.406250s CPU (96.1%)

RUN-1002 : start command "report_qor -step place -file place.qor"
RUN-1002 : start command "start_timer"
RUN-1003 : finish command "start_timer" in  1.655830s wall, 1.656250s user + 0.000000s system = 1.656250s CPU (100.0%)

RUN-1004 : used memory is 1706 MB, reserved memory is 1693 MB, peak memory is 1706 MB
RUN-1001 : Generating global routing grids ...
-----------------------------------------------------------
| QoR metrics               |         value               |
-----------------------------------------------------------
| Timing                    |                             |
|     Setup WNS             |          500                |
|     Setup TNS             |            0                |
|     Num of violated S-EP  |            0                |
|     FMAX                  |   119.218MHz                |
|     SWNS path clock period |       8888ps                |
|     Hold WNS              |         -306                |
|     Hold TNS              |       -69933                |
|     Num of violated H-EP  |          564                |
-----------------------------------------------------------
| Routing Resource          |                             |
|     Wire length           |      3067715                |
|     Route Net Num         |        34305                |
|     DontRoute Net Num     |        14906                |
|     RouteSinks Num        |       120809                |
-----------------------------------------------------------
| Utilization               |                             |
|     #slices               |        19426                |
|     slices percentage     |       91.56%                |
|     #RAMs                 |          108                |
|     #DSPs                 |           31                |
|     #DRAMHARDCON          |           53                |
-----------------------------------------------------------
| Congestion                |                             |
|     Top 1% tile util      |           93                |
|     Top 1% tile avg util  |       97.82%                |
|     Over 100% util #tile  |           18                |
|     Max level             |            3                |
|     Window                |  [  7  24] - [ 16  31]      |
-----------------------------------------------------------
Report place stage QoR done.

RUN-1003 : finish command "report_qor -step place -file place.qor" in  3.470618s wall, 3.921875s user + 0.015625s system = 3.937500s CPU (113.5%)

RUN-1004 : used memory is 1706 MB, reserved memory is 1693 MB, peak memory is 1706 MB
PHY-1001 : End Stage 4 | Optimize Design; Time: 3.904847s wall, 4.343750s user + 0.015625s system = 4.359375s CPU (111.6%); Memory(MB): used = 1706, reserved = 1693, peak = 1706;

PHY-1001 : Stage 5 | DRC Check
PHY-1001 : Stage 5.1 | Slice Attributes Check
PHY-1035 : Redundant attributes/nets in slice detected. You can use tcl "check_slice_attr -verbose" to get full message.
PHY-1039 : Found 112 mslices getting no used reg attributes, eg: u_hdmi_tx/u_hdmi_1_4b_transmitter_core_wrapper/u_hdmi_tx_controller_wrapper/u_hdmi_video_data_assemble/S_island_guard_band_1d_syn_10.
PHY-1039 : Found 112 mslices getting no used ce attributes, eg: u_hdmi_tx/u_hdmi_1_4b_transmitter_core_wrapper/u_hdmi_tx_controller_wrapper/u_hdmi_video_data_assemble/S_island_guard_band_1d_syn_10.
PHY-1001 : End Stage 5.1 | Slice Attributes Check; Time: 0.038181s wall, 0.031250s user + 0.000000s system = 0.031250s CPU (81.8%); Memory(MB): used = 1706, reserved = 1693, peak = 1706;

PHY-1001 : Stage 5.2 | Clock Bound Check
PHY-1001 : Check pass.
PHY-1001 : End Stage 5.2 | Clock Bound Check; Time: 0.001896s wall, 0.015625s user + 0.000000s system = 0.015625s CPU (824.0%); Memory(MB): used = 1706, reserved = 1693, peak = 1706;

PHY-1001 : Stage 5.3 | Force Route Constraint Check
PHY-1001 : Check Pass.
PHY-1001 : End Stage 5.3 | Force Route Constraint Check; Time: 0.001809s wall, 0.000000s user + 0.000000s system = 0.000000s CPU (n/a%); Memory(MB): used = 1706, reserved = 1693, peak = 1706;

PHY-1001 : Stage 5.4 | Sigmap Check
PHY-1001 : Check pass.
PHY-1001 : End Stage 5.4 | Sigmap Check; Time: 0.066040s wall, 0.062500s user + 0.000000s system = 0.062500s CPU (94.6%); Memory(MB): used = 1706, reserved = 1693, peak = 1706;

PHY-1001 : Stage 5.5 | Duplicated SelfDriven Check
PHY-1001 : Check pass.
PHY-1001 : End Stage 5.5 | Duplicated SelfDriven Check; Time: 0.357381s wall, 0.359375s user + 0.000000s system = 0.359375s CPU (100.6%); Memory(MB): used = 1706, reserved = 1693, peak = 1706;

PHY-1001 : Stage 5.6 | Clock Rule Check
PHY-5088 WARNING: Clock_Analyzer: Detected 1 buffer(s) clkin net because they drive non-clock sinks. Run "analyze_clock -detail" for more infomation.
PHY-5088 WARNING: Clock_Analyzer: Detected 1 buffer(s) clkout net because they drive non-clock sinks. Run "analyze_clock -detail" for more infomation.
PHY-5088 WARNING: Clock_Analyzer: 3 clock-net(s) because they drive other clock net, may cause clock skew. Run "analyze_clock -detail" for more infomation.
PHY-1001 : End Stage 5.6 | Clock Rule Check; Time: 0.062726s wall, 0.062500s user + 0.000000s system = 0.062500s CPU (99.6%); Memory(MB): used = 1706, reserved = 1693, peak = 1706;

PHY-1001 : End Stage 5 | DRC Check; Time: 0.569452s wall, 0.578125s user + 0.000000s system = 0.578125s CPU (101.5%); Memory(MB): used = 1706, reserved = 1693, peak = 1706;

OPT-1001 : QoR tracer report on placement steps:
    SWNS [   incr ]    STNS [   incr ]    FEPS [   incr ]    CRIT [   incr ]      CELL [     incr ]        WL [     incr ]    CONG [   incr ]    PDES [   incr ]   RT(s) [   incr ]   MEM(mb) [     incr ]
       0 [      0 ]       0 [      0 ]       0 [      0 ]       0 [      0 ]     40760 [        0 ]         0 [        0 ]    0.00 [   0.00 ]       0 [      0 ]       0 [      0 ]       735 [        0 ] : preplace:simplify_lut
       0 [      0 ]       0 [      0 ]       0 [      0 ]       0 [      0 ]     40760 [        0 ]         0 [        0 ]    0.00 [   0.00 ]       0 [      0 ]       0 [      0 ]       735 [        0 ] : preplace:sweep
       0 [      0 ]       0 [      0 ]       0 [      0 ]       0 [      0 ]     40760 [        0 ]         0 [        0 ]    0.00 [   0.00 ]       0 [      0 ]       0 [      0 ]       735 [        0 ] : preplace:lut_merge
       0 [      0 ]       0 [      0 ]       0 [      0 ]       0 [      0 ]     40760 [        0 ]         0 [        0 ]    0.00 [   0.00 ]       0 [      0 ]       0 [      0 ]       735 [        0 ] : preplace:hfn_opt
     347 [    347 ]       0 [      0 ]       0 [      0 ]    3806 [   3806 ]     42546 [     1786 ]   2914091 [  2914091 ]    0.00 [   0.00 ]       0 [      0 ]       9 [      9 ]      1351 [      616 ] : step1_gp
     397 [     50 ]       0 [      0 ]       0 [      0 ]    3636 [   -170 ]     42546 [        0 ]   3013410 [    99319 ]    0.00 [   0.00 ]       0 [      0 ]      11 [      2 ]      1359 [        8 ] : step1_legal
     397 [      0 ]       0 [      0 ]       0 [      0 ]    3816 [    180 ]     42546 [        0 ]   2953136 [   -60274 ]    0.00 [   0.00 ]       0 [      0 ]      15 [      4 ]      1362 [        3 ] : step1_dp
     451 [     54 ]       0 [      0 ]       0 [      0 ]    3810 [     -6 ]     42546 [        0 ]   2267175 [  -685961 ]  219.55 [ 219.55 ]       0 [      0 ]      21 [      6 ]      1480 [      118 ] : step2_gp
     451 [      0 ]       0 [      0 ]       0 [      0 ]    3815 [      5 ]     42546 [        0 ]   2248171 [   -19004 ]  219.55 [   0.00 ]       0 [      0 ]      23 [      2 ]      1483 [        3 ] : step2_dp
     451 [      0 ]       0 [      0 ]       0 [      0 ]    3815 [      0 ]     42546 [        0 ]   2248171 [        0 ]  219.55 [   0.00 ]       0 [      0 ]      24 [      1 ]      1483 [        0 ] : prepack_spreading
     523 [     72 ]       0 [      0 ]       0 [      0 ]    3883 [     68 ]     42893 [      347 ]   2099394 [  -148777 ]  257.61 [  38.05 ]       0 [      0 ]      32 [      8 ]      1498 [       15 ] : prepack:hfn_opt
     553 [     30 ]       0 [      0 ]       0 [      0 ]    3889 [      6 ]     42893 [        0 ]   2100880 [     1486 ]  106.08 [-151.53 ]       0 [      0 ]      38 [      6 ]      1498 [        0 ] : prepack:global_opt
    -109 [   -662 ]    -109 [   -109 ]       1 [      1 ]    3514 [   -375 ]     22006 [   -20887 ]   3331406 [  1230526 ]   98.68 [  -7.39 ]       0 [      0 ]      67 [     29 ]      1653 [      155 ] : direct_legalization
    -109 [      0 ]    -109 [      0 ]       1 [      0 ]    3514 [      0 ]     22006 [        0 ]   3331406 [        0 ]   98.68 [   0.00 ]       0 [      0 ]      67 [      0 ]      1666 [       13 ] : post_pack_spreading
      56 [    165 ]       0 [    109 ]       0 [     -1 ]    3604 [     90 ]     22006 [        0 ]   3035312 [  -296094 ]   97.58 [  -1.11 ]       0 [      0 ]      84 [     17 ]      1689 [       23 ] : post_pack_dp
      56 [      0 ]       0 [      0 ]       0 [      0 ]    3620 [     16 ]     21992 [      -14 ]   3018068 [   -17244 ]   97.58 [   0.00 ]       0 [      0 ]      89 [      5 ]      1690 [        1 ] : postpack:optimize_equivalent_quick
      56 [      0 ]       0 [      0 ]       0 [      0 ]    3621 [      1 ]     22044 [       52 ]   3029664 [    11596 ]   97.58 [   0.00 ]       0 [      0 ]      91 [      2 ]      1690 [        0 ] : postpack:hfn_opt
     489 [    433 ]       0 [      0 ]       0 [      0 ]    3561 [    -60 ]     22063 [       19 ]   3029247 [     -417 ]   97.89 [   0.32 ]       0 [      0 ]      97 [      6 ]      1690 [        0 ] : postpack:path_opt
     489 [      0 ]       0 [      0 ]       0 [      0 ]    3625 [     64 ]     22057 [       -6 ]   3025127 [    -4120 ]   97.89 [   0.00 ]       0 [      0 ]     103 [      6 ]      1690 [        0 ] : postpack:optimize_equivalent
     495 [      6 ]       0 [      0 ]       0 [      0 ]    3922 [    297 ]     22057 [        0 ]   3025127 [        0 ]   97.89 [   0.00 ]       0 [      0 ]     105 [      2 ]      1690 [        0 ] : postpack:pin_opt
     495 [      0 ]       0 [      0 ]       0 [      0 ]    3922 [      0 ]     22057 [        0 ]   3050683 [    25556 ]   97.89 [   0.00 ]       0 [      0 ]     115 [     10 ]      1690 [        0 ] : postpack:beeline_opt
     495 [      0 ]       0 [      0 ]       0 [      0 ]    3922 [      0 ]     22057 [        0 ]   3050683 [        0 ]   97.82 [  -0.08 ]       0 [      0 ]     116 [      1 ]      1706 [       16 ] : postplace:crit_hfn_opt
     495 [      0 ]       0 [      0 ]       0 [      0 ]    3922 [      0 ]     22057 [        0 ]   3050673 [      -10 ]   97.82 [   0.00 ]       0 [      0 ]     117 [      1 ]      1706 [        0 ] : postplace:path_opt
     495 [      0 ]       0 [      0 ]       0 [      0 ]    3922 [      0 ]     22057 [        0 ]   3050673 [        0 ]   97.82 [   0.00 ]       0 [      0 ]     117 [      0 ]      1706 [        0 ] : postplace:aggressive_opt
     495 [      0 ]       0 [      0 ]       0 [      0 ]    3922 [      0 ]     22057 [        0 ]   3050673 [        0 ]   97.82 [   0.00 ]       0 [      0 ]     118 [      1 ]      1706 [        0 ] : postplace:bn_opt
     500 [      5 ]       0 [      0 ]       0 [      0 ]    3922 [      0 ]     22057 [        0 ]   3050673 [        0 ]   97.82 [   0.00 ]       0 [      0 ]     119 [      1 ]      1706 [        0 ] : postplace:pin_opt
     500 [      0 ]       0 [      0 ]       0 [      0 ]    3922 [      0 ]     22057 [        0 ]   3050681 [        8 ]   97.82 [   0.00 ]       0 [      0 ]     124 [      5 ]      1706 [        0 ] : postplace:optimize_equivalent

RUN-1003 : finish command "place" in  129.213167s wall, 400.625000s user + 6.062500s system = 406.687500s CPU (314.7%)

RUN-1004 : used memory is 1706 MB, reserved memory is 1693 MB, peak memory is 1706 MB
RUN-1002 : start command "update_timing -mode manhattan"
RUN-1002 : start command "start_timer"
RUN-1003 : finish command "start_timer" in  1.668116s wall, 1.671875s user + 0.000000s system = 1.671875s CPU (100.2%)

RUN-1004 : used memory is 1706 MB, reserved memory is 1693 MB, peak memory is 1706 MB
RUN-1003 : finish command "update_timing -mode manhattan" in  2.803927s wall, 2.796875s user + 0.015625s system = 2.812500s CPU (100.3%)

RUN-1004 : used memory is 1706 MB, reserved memory is 1693 MB, peak memory is 1706 MB
RUN-1002 : start command "report_timing_summary -file D:/anlu/rtl/reports/cnn_final_place.timing"
RUN-1002 : start command "report_area -io_info -file D:/anlu/rtl/reports/cnn_final_place.area"
SYN-4034 : The count of slices with lut is 13479.
SYN-4035 : The count of slices with lut+ripple is 3422.
RUN-1001 : standard
***Report Model: design_top_wrapper Device: PH1P35MDG324***

Design Statistics
#IO                        58   out of    160   36.25%
  #input                    2
  #output                  31
  #inout                   25
#lut6                   17437   out of  21216   82.19%
#reg                    19498
  #slice reg            19498   out of  42432   45.95%
  #pad reg                  0

Utilization Statistics
#slice                  19426   out of  21216   91.56%
  #used ram               536
    #dram lut             424
    #shifter lut          112
  #used logic           18890
    #with luts          13479
    #with adder          3422
    #reg only            1989
#f7mux                    932   out of  10608    8.79%
#f8mux                    410   out of   5304    7.73%
#eram                     108   out of    108  100.00%
  #eram20k                108
  #fifo20k                  0
#dsp                       31   out of     40   77.50%
#ddr_byte                   6   out of     12   50.00%
#mipi_tx                    0   out of      2    0.00%
#mipi_rx                    1   out of      2   50.00%
#pad                       17   out of    160   10.62%
#pll                        3   out of      6   50.00%
#gclk                       9   out of     32   28.12%
#lclk                       0   out of     12    0.00%
#sclk                       0   out of     48    0.00%
#mlclk                      2   out of      6   33.33%
#ioclk                      4   out of     18   22.22%

RUN-1002 : start command "report_clock_utilization -file D:/anlu/rtl/reports/cnn_final_place.clock"
RUN-1002 : start command "flow_status -file D:/anlu/rtl/reports/cnn_final_place.flow"
Location         : D:\anlu\rtl\td_project
Running with     : Tang Dynasty v6.2.168116
                   Copyright (c) 2012-2025 Anlogic Inc.
Top Model        : design_top_wrapper
Device           : PH1P35MDG324
Speed            : 3

Timing Mode      : manhattan
Setup            : WNS   500ps  TNS        0ps  NUM_FEPS     0
Hold             : WNS  -306ps  TNS   -69933ps  NUM_FEPS   564

Flow Statistics  :
RUN-1001 : Flow Statistics:
RUN-1001 : --------------------------------------------------------------------------------------------------
RUN-1001 :      command     |  #calls  |  wall time  |  cpu time(s)  |  used memory(mb)  |  peak memory(mb)  
RUN-1001 : --------------------------------------------------------------------------------------------------
RUN-1001 :       place      |    1     |  2m9s(97%)  |   406(99%)    |       1706        |       1706        
RUN-1001 :     import_db    |    1     |   1s(0%)    |     0(0%)     |        733        |        733        
RUN-1001 :   import_device  |    1     |   1s(0%)    |     1(0%)     |        326        |        326        
RUN-1001 :     read_adc     |    1     |   1s(0%)    |     1(0%)     |        693        |        735        
RUN-1001 :     read_sdc     |    3     |   0s(0%)    |     0(0%)     |        693        |        735        
RUN-1001 : --------------------------------------------------------------------------------------------------
RUN-1001 :       total      |    7     |    2m12s    |      408      |       1706        |       1706        
RUN-1001 : --------------------------------------------------------------------------------------------------
RUN-1002 : start command "export_db D:/anlu/rtl/reports/cnn_final_place.db"
RUN-1001 : Exported flow parameters
RUN-1001 : Exported /
RUN-1001 : Exported libs
RUN-1001 : Exported entities
RUN-1001 : Exported ports
RUN-1001 : Exported pins
RUN-1001 : Exported instances
RUN-1001 : Exported nets
RUN-1001 : Exported buses
RUN-1001 : Exported models
RUN-1001 : Exported phy database
RUN-1001 : Exported packer
RUN-1001 : Exported congestions
RUN-1001 : Exported violations
RUN-1001 : Exported ATMR Setting
RUN-1001 : Exported timing constraints
RUN-1001 : Exported IO constraints
RUN-1001 : Exported Inst constraints
RUN-1001 : Exported ChipWatcher
RUN-1002 : start command "commit_param -step route"
RUN-1001 : Print Global Property
RUN-1001 : -------------------------------------------------------------
RUN-1001 :     Parameters    |   Settings   |  Default Values  |  Note  
RUN-1001 : -------------------------------------------------------------
RUN-1001 :    enable_seed    |     off      |       off        |        
RUN-1001 :    hfn_to_clock   |  1000000000  |    1000000000    |        
RUN-1001 :      message      |   standard   |     standard     |        
RUN-1001 :    qor_monitor    |      on      |        on        |        
RUN-1001 :   speedup_effort  |      0       |        0         |        
RUN-1001 :    syn_ip_flow    |     off      |       off        |        
RUN-1001 :       thread      |     auto     |       auto       |        
RUN-1001 : -------------------------------------------------------------
RUN-1001 : Print Route Property
RUN-1001 : ---------------------------------------------------------------
RUN-1001 :       Parameters      |  Settings  |  Default Values  |  Note  
RUN-1001 : ---------------------------------------------------------------
RUN-1001 :         effort        |   normal   |      normal      |        
RUN-1001 :        fix_hold       |     on     |        on        |        
RUN-1001 :   hold_fix_iteration  |     5      |        5         |        
RUN-1001 :     post_route_opt    |    auto    |       auto       |        
RUN-1001 :         timing        |     on     |        on        |        
RUN-1001 : ---------------------------------------------------------------
RUN-1002 : start command "route"
RUN-1001 : Open license file D:/Anlogic/TD_6.2.1_Engineer_6.2.168.116/license/Anlogic.lic
PHY-1001 : Reconnected 29 VDD pins with routing demanding
PHY-1001 : Populate physical database on model design_top_wrapper.
RUN-1001 : Dedicate pll clock connection statistics:
RUN-1001 : Clock Region s_1_l [0,40][23,79]; Utilization: 1 out of 12
RUN-1001 : ----------------------------------------------------------------------------------------------------------------------------------------------------------------------------------------------------------------------------------
RUN-1001 :   Index  |                                    Leading Clock                                     |                                                          Special Sink                                                           
RUN-1001 : ----------------------------------------------------------------------------------------------------------------------------------------------------------------------------------------------------------------------------------
RUN-1001 :     1    |  u_ph1p35_324_ddr_wrapper/u_ddr2/ph1p_ddrmc_wrapper/ph1p_ddrmc_top/u_alc_mc_top/clk  |  u_ph1p35_324_ddr_wrapper/u_ddr2/ph1p_ddrmc_wrapper/ph1p_ddrmc_top/u_ddr_phy/u_ddrphy_top/u_ddrphy_clk/u_pll1/u_pll_inst.fbclk  
RUN-1001 : ----------------------------------------------------------------------------------------------------------------------------------------------------------------------------------------------------------------------------------
RUN-1001 : Clock Region s_1_r [24,40][43,79]; Utilization: 1 out of 12
RUN-1001 : -----------------------------------------------------------------------------------------------------------------------------------------------------------------------
RUN-1001 :   Index  |                                     Leading Clock                                     |                            Special Sink                             
RUN-1001 : -----------------------------------------------------------------------------------------------------------------------------------------------------------------------
RUN-1001 :     1    |  u_mipi_dphy_rx_ph1p_mipiio_wrapper/u_ph1p_mipiio_rx_wrapper/u_lane0_hs_detect/I_clk  |  u_PLL/ph1p_phy_pll_wrapper_25a56e5ce2f9_Inst/u_PH1P_PHY_PLL.fbclk  
RUN-1001 : -----------------------------------------------------------------------------------------------------------------------------------------------------------------------
PHY-1001 : Working orders of clock nets being processed in bank assignment:
PHY-1001 : u_ph1p35_324_ddr_wrapper/u_ddr2/ph1p_ddrmc_wrapper/ph1p_ddrmc_top/u_alc_mc_top/clk;
PHY-1001 : u_mipi_dphy_rx_ph1p_mipiio_wrapper/u_ph1p_mipiio_rx_wrapper/u_lane0_hs_detect/I_clk;
PHY-1001 : u_isp_top/u_demosaic/raw_matrix_3x3_buffer_d/zhenghe_d/blk_mem_gen_zhenghe_d1/ram_d32970204f32_Inst/clkb;
PHY-1001 : u_hdmi_mixer/I_clk_syn_654;
PHY-1001 : I_sys_clk_syn_8;
PHY-1001 : O_cam_24m_syn_3;
PHY-1001 : u_hdmi_tx/u_hdmi2phy_wrapper/u0_lane_lvds_8_1/I_serial_clk_syn_1;
PHY-1001 : u_ph1p35_324_ddr_wrapper/u_ddr2/ph1p_ddrmc_wrapper/ph1p_ddrmc_top/u_ddr_phy/u_ddrphy_top/u_ddrphy/apb_pclk_syn_1;
PHY-1001 : u_uicfgcs500/uii2c_inst/scl_clk_syn_9;
PHY-1001 : Internal bound Intnl_0_0_25_40 is being created by clock MIPI_RX_BYTE_CLK through SCLK.
PHY-1001 : Internal bound Intnl_25_0_23_40 is being created by clock MIPI_RX_BYTE_CLK through SCLK.
PHY-1001 : Internal bound Intnl_0_40_25_40 is being created by clock u_ph1p35_324_ddr_wrapper/u_ddr2/usr_clk through SCLK.
PHY-1001 : Internal bound Intnl_25_40_19_40 is being created by clock MIPI_RX_BYTE_CLK through SCLK.
RUN-1001 : Clock region assignment statistics:
RUN-1001 : Clock Region s_0_l [0,0][23,39]; Utilization: 7 out of 12
RUN-1001 : ----------------------------------------------------------------------------------------------------------------------------------------------------------------------------------------------------------------------------------------------------------------------------------------------------------------------------------------
RUN-1001 :   Bank  |                                                   Leading Clock                                                    |       Type        |                                                                          Buffer                                                                           |  Regional Clock Fanouts  
RUN-1001 : ----------------------------------------------------------------------------------------------------------------------------------------------------------------------------------------------------------------------------------------------------------------------------------------------------------------------------------------
RUN-1001 :    1    |      u_isp_top/u_demosaic/raw_matrix_3x3_buffer_d/zhenghe_d/blk_mem_gen_zhenghe_d1/ram_d32970204f32_Inst/clkb      |  (infered sclk)   |                           u_mipi_dphy_rx_ph1p_mipiio_wrapper/u_ph1p_mipiio_rx_wrapper/bufg_feedback_auto_created_sclk_s_0_l_bk1                           |           1992           
RUN-1001 :    2    |                 u_ph1p35_324_ddr_wrapper/u_ddr2/ph1p_ddrmc_wrapper/ph1p_ddrmc_top/u_alc_mc_top/clk                 |  (infered sclk)   |   u_ph1p35_324_ddr_wrapper/u_ddr2/ph1p_ddrmc_wrapper/ph1p_ddrmc_top/u_ddr_phy/u_ddrphy_top/u_ddrphy_clk/u_pll1/u_bufg_fbclk_auto_created_sclk_s_0_l_bk2   |           639            
RUN-1001 :    3    |                                             u_hdmi_mixer/I_clk_syn_654                                             |  (infered sclk)   |                                              u_hdmi_mixer/I_clk_created_gclkinst_auto_created_sclk_s_0_l_bk3                                              |           126            
RUN-1001 :    4    |                                                  I_sys_clk_syn_8                                                   |  (infered sclk)   |                                               I_sys_clk_dup_6_created_gclkinst_auto_created_sclk_s_0_l_bk4                                                |            69            
RUN-1001 :    5    |                                                  O_cam_24m_syn_3                                                   |  (infered sclk)   |                                               O_cam_24m_dup_1_created_gclkinst_auto_created_sclk_s_0_l_bk5                                                |            29            
RUN-1001 :    6    |                                       u_uicfgcs500/uii2c_inst/scl_clk_syn_9                                        |  (infered sclk)   |                                       u_uicfgcs500/uii2c_inst/scl_clk_created_gclkinst_auto_created_sclk_s_0_l_bk6                                        |            15            
RUN-1001 :    7    |  u_ph1p35_324_ddr_wrapper/u_ddr2/ph1p_ddrmc_wrapper/ph1p_ddrmc_top/u_ddr_phy/u_ddrphy_top/u_ddrphy/apb_pclk_syn_1  |  (infered sclk)   |  u_ph1p35_324_ddr_wrapper/u_ddr2/ph1p_ddrmc_wrapper/ph1p_ddrmc_top/u_ddr_phy/u_ddrphy_top/u_ddrphy/apb_pclk_created_gclkinst_auto_created_sclk_s_0_l_bk7  |            3             
RUN-1001 : ----------------------------------------------------------------------------------------------------------------------------------------------------------------------------------------------------------------------------------------------------------------------------------------------------------------------------------------
RUN-1001 : Clock Region s_0_r [24,0][47,39]; Utilization: 4 out of 12
RUN-1001 : ------------------------------------------------------------------------------------------------------------------------------------------------------------------------------------------------------------------------------------------------------------------------------
RUN-1001 :   Bank  |                                               Leading Clock                                                |       Type        |                                                 Buffer                                                  |  Regional Clock Fanouts  
RUN-1001 : ------------------------------------------------------------------------------------------------------------------------------------------------------------------------------------------------------------------------------------------------------------------------------
RUN-1001 :    1    |  u_isp_top/u_demosaic/raw_matrix_3x3_buffer_d/zhenghe_d/blk_mem_gen_zhenghe_d1/ram_d32970204f32_Inst/clkb  |  (infered sclk)   |  u_mipi_dphy_rx_ph1p_mipiio_wrapper/u_ph1p_mipiio_rx_wrapper/bufg_feedback_auto_created_sclk_s_0_r_bk1  |           2324           
RUN-1001 :    2    |                                         u_hdmi_mixer/I_clk_syn_654                                         |  (infered sclk)   |                     u_hdmi_mixer/I_clk_created_gclkinst_auto_created_sclk_s_0_r_bk2                     |           102            
RUN-1001 :    3    |                                              O_cam_24m_syn_3                                               |  (infered sclk)   |                      O_cam_24m_dup_1_created_gclkinst_auto_created_sclk_s_0_r_bk3                       |            19            
RUN-1001 :    4    |            u_mipi_dphy_rx_ph1p_mipiio_wrapper/u_ph1p_mipiio_rx_wrapper/u_lane0_hs_detect/I_clk             |  (infered sclk)   |                             u_PLL/bufg_feedback_auto_created_sclk_s_0_r_bk4                             |            7             
RUN-1001 : ------------------------------------------------------------------------------------------------------------------------------------------------------------------------------------------------------------------------------------------------------------------------------
RUN-1001 : Clock Region s_1_l [0,40][23,79]; Utilization: 5 out of 12
RUN-1001 : ----------------------------------------------------------------------------------------------------------------------------------------------------------------------------------------------------------------------------------------------------------------------------------------------------------------------------------------
RUN-1001 :   Bank  |                                                   Leading Clock                                                    |       Type        |                                                                          Buffer                                                                           |  Regional Clock Fanouts  
RUN-1001 : ----------------------------------------------------------------------------------------------------------------------------------------------------------------------------------------------------------------------------------------------------------------------------------------------------------------------------------------
RUN-1001 :    1    |                 u_ph1p35_324_ddr_wrapper/u_ddr2/ph1p_ddrmc_wrapper/ph1p_ddrmc_top/u_alc_mc_top/clk                 |  (infered sclk)   |   u_ph1p35_324_ddr_wrapper/u_ddr2/ph1p_ddrmc_wrapper/ph1p_ddrmc_top/u_ddr_phy/u_ddrphy_top/u_ddrphy_clk/u_pll1/u_bufg_fbclk_auto_created_sclk_s_1_l_bk1   |           1411           
RUN-1001 :    2    |      u_isp_top/u_demosaic/raw_matrix_3x3_buffer_d/zhenghe_d/blk_mem_gen_zhenghe_d1/ram_d32970204f32_Inst/clkb      |  (infered sclk)   |                           u_mipi_dphy_rx_ph1p_mipiio_wrapper/u_ph1p_mipiio_rx_wrapper/bufg_feedback_auto_created_sclk_s_1_l_bk2                           |           1775           
RUN-1001 :    3    |                                             u_hdmi_mixer/I_clk_syn_654                                             |  (infered sclk)   |                                              u_hdmi_mixer/I_clk_created_gclkinst_auto_created_sclk_s_1_l_bk3                                              |           262            
RUN-1001 :    4    |  u_ph1p35_324_ddr_wrapper/u_ddr2/ph1p_ddrmc_wrapper/ph1p_ddrmc_top/u_ddr_phy/u_ddrphy_top/u_ddrphy/apb_pclk_syn_1  |  (infered sclk)   |  u_ph1p35_324_ddr_wrapper/u_ddr2/ph1p_ddrmc_wrapper/ph1p_ddrmc_top/u_ddr_phy/u_ddrphy_top/u_ddrphy/apb_pclk_created_gclkinst_auto_created_sclk_s_1_l_bk4  |            26            
RUN-1001 :    5    |                                                  O_cam_24m_syn_3                                                   |  (infered sclk)   |                                               O_cam_24m_dup_1_created_gclkinst_auto_created_sclk_s_1_l_bk5                                                |            14            
RUN-1001 : ----------------------------------------------------------------------------------------------------------------------------------------------------------------------------------------------------------------------------------------------------------------------------------------------------------------------------------------
RUN-1001 : Clock Region s_1_r [24,40][43,79]; Utilization: 5 out of 12
RUN-1001 : ------------------------------------------------------------------------------------------------------------------------------------------------------------------------------------------------------------------------------------------------------------------------------------------------------------------------------
RUN-1001 :   Bank  |                                               Leading Clock                                                |       Type        |                                                                         Buffer                                                                          |  Regional Clock Fanouts  
RUN-1001 : ------------------------------------------------------------------------------------------------------------------------------------------------------------------------------------------------------------------------------------------------------------------------------------------------------------------------------
RUN-1001 :    1    |            u_mipi_dphy_rx_ph1p_mipiio_wrapper/u_ph1p_mipiio_rx_wrapper/u_lane0_hs_detect/I_clk             |  (infered sclk)   |                                                     u_PLL/bufg_feedback_auto_created_sclk_s_1_r_bk1                                                     |            1             
RUN-1001 :    2    |  u_isp_top/u_demosaic/raw_matrix_3x3_buffer_d/zhenghe_d/blk_mem_gen_zhenghe_d1/ram_d32970204f32_Inst/clkb  |  (infered sclk)   |                          u_mipi_dphy_rx_ph1p_mipiio_wrapper/u_ph1p_mipiio_rx_wrapper/bufg_feedback_auto_created_sclk_s_1_r_bk2                          |           2266           
RUN-1001 :    3    |                                         u_hdmi_mixer/I_clk_syn_654                                         |  (infered sclk)   |                                             u_hdmi_mixer/I_clk_created_gclkinst_auto_created_sclk_s_1_r_bk3                                             |           405            
RUN-1001 :    4    |                      u_hdmi_tx/u_hdmi2phy_wrapper/u0_lane_lvds_8_1/I_serial_clk_syn_1                      |  (infered sclk)   |                         u_hdmi_tx/u_hdmi2phy_wrapper/u0_lane_lvds_8_1/I_serial_clk_created_gclkinst_auto_created_sclk_s_1_r_bk4                         |            36            
RUN-1001 :    5    |             u_ph1p35_324_ddr_wrapper/u_ddr2/ph1p_ddrmc_wrapper/ph1p_ddrmc_top/u_alc_mc_top/clk             |  (infered sclk)   |  u_ph1p35_324_ddr_wrapper/u_ddr2/ph1p_ddrmc_wrapper/ph1p_ddrmc_top/u_ddr_phy/u_ddrphy_top/u_ddrphy_clk/u_pll1/u_bufg_fbclk_auto_created_sclk_s_1_r_bk5  |            2             
RUN-1001 : ------------------------------------------------------------------------------------------------------------------------------------------------------------------------------------------------------------------------------------------------------------------------------------------------------------------------------
PHY-1001 : Populate physical database on model design_top_wrapper.
PHY-1001 : Route runs in 32 thread(s)
RUN-1001 : There are total 20817 instances
RUN-1001 : 536 mslices, 18890 lslices, 54 pads, 108 brams, 31 dsps
RUN-1001 : There are total 49768 nets
RUN-1001 : 32486 nets have 2 pins
RUN-1001 : 13645 nets have [3 - 5] pins
RUN-1001 : 2168 nets have [6 - 10] pins
RUN-1001 : 870 nets have [11 - 20] pins
RUN-1001 : 518 nets have [21 - 99] pins
RUN-1001 : 81 nets have 100+ pins
RUN-1002 : start command "start_timer"
RUN-1003 : finish command "start_timer" in  2.637721s wall, 2.625000s user + 0.000000s system = 2.625000s CPU (99.5%)

RUN-1004 : used memory is 1736 MB, reserved memory is 1806 MB, peak memory is 1736 MB
PHY-1001 : 536 mslices, 18890 lslices, 54 pads, 108 brams, 31 dsps

PHY-1001 : Stage 1 | Global Routing
PHY-1001 : Start global routing, caller is route ...
RUN-1001 : Generating global routing grids ...
PHY-1001 : Generate routing nets ...
RUN-1001 : Generate nets statistics:
RUN-1001 : ----------------------------
RUN-1001 :        Type       |  Nets   
RUN-1001 : ----------------------------
RUN-1001 :   TotalRouteNets  |  34326  
RUN-1001 :   DontRouteNets   |  5247   
RUN-1001 :     RouteNets     |  29079  
RUN-1001 :     RouteSinks    |  61729  
RUN-1001 : ----------------------------
PHY-1001 : Global iterations in 32 thread ...
PHY-1002 : len = 3.55734e+06, over cnt = 4260(5%), over = 8240, worst = 9
PHY-1002 : len = 3.68299e+06, over cnt = 2836(3%), over = 4608, worst = 9
PHY-1002 : len = 3.82587e+06, over cnt = 767(1%), over = 1301, worst = 9
PHY-1002 : len = 3.90917e+06, over cnt = 9(0%), over = 22, worst = 9
PHY-1002 : len = 3.91024e+06, over cnt = 0(0%), over = 0, worst = 0
PHY-1001 : End global iterations;  2.886453s wall, 3.468750s user + 0.031250s system = 3.500000s CPU (121.3%)

PHY-1001 : Congestion index:
PHY-1001 : top1  = 98.77(S 76.80, N 75.78, E 98.60, W 87.58, I 71.57, O 85.03)
PHY-1001 : top5  = 88.94(S 66.26, N 66.37, E 86.46, W 77.43, I 59.27, O 70.72)
PHY-1001 : top10 = 82.31(S 60.65, N 60.64, E 78.00, W 71.53, I 56.42, O 64.39)
PHY-1001 : top15 = 78.23(S 56.89, N 56.79, E 72.44, W 67.17, I 54.26, O 60.16)
PHY-1001 : End global routing;  3.217983s wall, 3.796875s user + 0.031250s system = 3.828125s CPU (119.0%)

PHY-1001 : End Stage 1 | Global Routing; Time: 3.218023s wall, 3.796875s user + 0.031250s system = 3.828125s CPU (119.0%); Memory(MB): used = 1753, reserved = 1806, peak = 1753;

PHY-1001 : Stage 2 | Detail Routing
PHY-1001 : Stage 2.1 | Build Routing Design
PHY-1001 : Routing in high effort: false
PHY-1001 : Routing Mode: normal
PHY-1001 : Generate detailed routing grids ...
RUN-1001 : Constructing routing connections ...
PHY-1001 : End build routing graph; 1.907831s wall, 17.781250s user + 0.015625s system = 17.796875s CPU (932.8%)

PHY-1001 : Generate nets ...
RUN-1001 : Generate nets statistics:
RUN-1001 : -------------------------------
RUN-1001 :         Type        |   Nets   
RUN-1001 : -------------------------------
RUN-1001 :        Route        |  34863   
RUN-1001 :      DontRoute      |  14905   
RUN-1001 :      RouteSinks     |  124370  
RUN-1001 :   RouteEntitySinks  |    0     
RUN-1001 :       Lut2Dff       |    0     
RUN-1001 :       Ram2Dff       |    0     
RUN-1001 :      Carry2Dff      |    0     
RUN-1001 : -------------------------------
RUN-1001 : DR clock net summary:
RUN-1001 : ---------------------------------------------------------------------------------------------------------------------------------------------------
RUN-1001 :   Net Idx  |                                                        Net Name                                                        |  Clock Type  
RUN-1001 : ---------------------------------------------------------------------------------------------------------------------------------------------------
RUN-1001 :      1     |                                                    I_sys_clk_dup_6                                                     |    Normal    
RUN-1001 :      2     |                                                    I_sys_clk_syn_8                                                     |    Normal    
RUN-1001 :      3     |                                                    O_cam_24m_dup_1                                                     |    Normal    
RUN-1001 :      4     |                                                    O_cam_24m_syn_3                                                     |    Normal    
RUN-1001 :      5     |                                                     u_PLL/clk0_buf                                                     |    Normal    
RUN-1001 :      6     |                                                   u_hdmi_mixer/I_clk                                                   |    Normal    
RUN-1001 :      7     |                                               u_hdmi_mixer/I_clk_syn_654                                               |    Normal    
RUN-1001 :      8     |                               u_hdmi_tx/u_hdmi2phy_wrapper/u0_lane_lvds_8_1/I_serial_clk                               |    Normal    
RUN-1001 :      9     |                            u_hdmi_tx/u_hdmi2phy_wrapper/u0_lane_lvds_8_1/I_serial_clk_syn_1                            |    Normal    
RUN-1001 :     10     |        u_isp_top/u_demosaic/raw_matrix_3x3_buffer_d/zhenghe_d/blk_mem_gen_zhenghe_d1/ram_d32970204f32_Inst/clkb        |    Normal    
RUN-1001 :     11     |                     u_mipi_dphy_rx_ph1p_mipiio_wrapper/u_ph1p_mipiio_rx_wrapper/S_mipiio_hs_rx_clk                     |    Normal    
RUN-1001 :     12     |                  u_mipi_dphy_rx_ph1p_mipiio_wrapper/u_ph1p_mipiio_rx_wrapper/u_lane0_hs_detect/I_clk                   |    Normal    
RUN-1001 :     13     |                   u_ph1p35_324_ddr_wrapper/u_ddr2/ph1p_ddrmc_wrapper/ph1p_ddrmc_top/u_alc_mc_top/clk                   |    Normal    
RUN-1001 :     14     |       u_ph1p35_324_ddr_wrapper/u_ddr2/ph1p_ddrmc_wrapper/ph1p_ddrmc_top/u_ddr_phy/u_ddrphy_top/u_ddrphy/apb_pclk       |    Normal    
RUN-1001 :     15     |    u_ph1p35_324_ddr_wrapper/u_ddr2/ph1p_ddrmc_wrapper/ph1p_ddrmc_top/u_ddr_phy/u_ddrphy_top/u_ddrphy/apb_pclk_syn_1    |    Normal    
RUN-1001 :     16     |      u_ph1p35_324_ddr_wrapper/u_ddr2/ph1p_ddrmc_wrapper/ph1p_ddrmc_top/u_ddr_phy/u_ddrphy_top/u_ddrphy/ctl_clk[0]      |    Normal    
RUN-1001 :     17     |      u_ph1p35_324_ddr_wrapper/u_ddr2/ph1p_ddrmc_wrapper/ph1p_ddrmc_top/u_ddr_phy/u_ddrphy_top/u_ddrphy/ctl_clk[1]      |    Normal    
RUN-1001 :     18     |      u_ph1p35_324_ddr_wrapper/u_ddr2/ph1p_ddrmc_wrapper/ph1p_ddrmc_top/u_ddr_phy/u_ddrphy_top/u_ddrphy/ddr_clk[0]      |    Normal    
RUN-1001 :     19     |      u_ph1p35_324_ddr_wrapper/u_ddr2/ph1p_ddrmc_wrapper/ph1p_ddrmc_top/u_ddr_phy/u_ddrphy_top/u_ddrphy/ddr_clk[1]      |    Normal    
RUN-1001 :     20     |    u_ph1p35_324_ddr_wrapper/u_ddr2/ph1p_ddrmc_wrapper/ph1p_ddrmc_top/u_ddr_phy/u_ddrphy_top/u_ddrphy_clk/pll0_clk_1    |    Normal    
RUN-1001 :     21     |    u_ph1p35_324_ddr_wrapper/u_ddr2/ph1p_ddrmc_wrapper/ph1p_ddrmc_top/u_ddr_phy/u_ddrphy_top/u_ddrphy_clk/pll0_clk_2    |    Normal    
RUN-1001 :     22     |   u_ph1p35_324_ddr_wrapper/u_ddr2/ph1p_ddrmc_wrapper/ph1p_ddrmc_top/u_ddr_phy/u_ddrphy_top/u_ddrphy_clk/pll0_mlclk_1   |    Normal    
RUN-1001 :     23     |   u_ph1p35_324_ddr_wrapper/u_ddr2/ph1p_ddrmc_wrapper/ph1p_ddrmc_top/u_ddr_phy/u_ddrphy_top/u_ddrphy_clk/pll0_mlclk_2   |    Normal    
RUN-1001 :     24     |  u_ph1p35_324_ddr_wrapper/u_ddr2/ph1p_ddrmc_wrapper/ph1p_ddrmc_top/u_ddr_phy/u_ddrphy_top/u_ddrphy_clk/u_pll1/clkc[0]  |    Normal    
RUN-1001 :     25     |  u_ph1p35_324_ddr_wrapper/u_ddr2/ph1p_ddrmc_wrapper/ph1p_ddrmc_top/u_ddr_phy/u_ddrphy_top/u_ddrphy_clk/u_pll1/refclk   |    Normal    
RUN-1001 :     26     |                                            u_uicfgcs500/uii2c_inst/scl_clk                                             |    Normal    
RUN-1001 :     27     |                                         u_uicfgcs500/uii2c_inst/scl_clk_syn_9                                          |    Normal    
RUN-1001 : ---------------------------------------------------------------------------------------------------------------------------------------------------
RUN-1001 : DR clock buffer summary:
RUN-1001 : -------------------------------------------------------------------------------------------------------------------------------------------------------------------
RUN-1001 :   Idx  |                                                                           Name                                                                            
RUN-1001 : -------------------------------------------------------------------------------------------------------------------------------------------------------------------
RUN-1001 :    1   |                           u_mipi_dphy_rx_ph1p_mipiio_wrapper/u_ph1p_mipiio_rx_wrapper/bufg_feedback_auto_created_sclk_s_0_l_bk1                           
RUN-1001 :    2   |   u_ph1p35_324_ddr_wrapper/u_ddr2/ph1p_ddrmc_wrapper/ph1p_ddrmc_top/u_ddr_phy/u_ddrphy_top/u_ddrphy_clk/u_pll1/u_bufg_fbclk_auto_created_sclk_s_0_l_bk2   
RUN-1001 :    3   |                                              u_hdmi_mixer/I_clk_created_gclkinst_auto_created_sclk_s_0_l_bk3                                              
RUN-1001 :    4   |                                               I_sys_clk_dup_6_created_gclkinst_auto_created_sclk_s_0_l_bk4                                                
RUN-1001 :    5   |                                               O_cam_24m_dup_1_created_gclkinst_auto_created_sclk_s_0_l_bk5                                                
RUN-1001 :    6   |                                       u_uicfgcs500/uii2c_inst/scl_clk_created_gclkinst_auto_created_sclk_s_0_l_bk6                                        
RUN-1001 :    7   |  u_ph1p35_324_ddr_wrapper/u_ddr2/ph1p_ddrmc_wrapper/ph1p_ddrmc_top/u_ddr_phy/u_ddrphy_top/u_ddrphy/apb_pclk_created_gclkinst_auto_created_sclk_s_0_l_bk7  
RUN-1001 :    8   |                           u_mipi_dphy_rx_ph1p_mipiio_wrapper/u_ph1p_mipiio_rx_wrapper/bufg_feedback_auto_created_sclk_s_0_r_bk1                           
RUN-1001 :    9   |                                              u_hdmi_mixer/I_clk_created_gclkinst_auto_created_sclk_s_0_r_bk2                                              
RUN-1001 :   10   |                                               O_cam_24m_dup_1_created_gclkinst_auto_created_sclk_s_0_r_bk3                                                
RUN-1001 :   11   |                                                      u_PLL/bufg_feedback_auto_created_sclk_s_0_r_bk4                                                      
RUN-1001 :   12   |   u_ph1p35_324_ddr_wrapper/u_ddr2/ph1p_ddrmc_wrapper/ph1p_ddrmc_top/u_ddr_phy/u_ddrphy_top/u_ddrphy_clk/u_pll1/u_bufg_fbclk_auto_created_sclk_s_1_l_bk1   
RUN-1001 :   13   |                           u_mipi_dphy_rx_ph1p_mipiio_wrapper/u_ph1p_mipiio_rx_wrapper/bufg_feedback_auto_created_sclk_s_1_l_bk2                           
RUN-1001 :   14   |                                              u_hdmi_mixer/I_clk_created_gclkinst_auto_created_sclk_s_1_l_bk3                                              
RUN-1001 :   15   |  u_ph1p35_324_ddr_wrapper/u_ddr2/ph1p_ddrmc_wrapper/ph1p_ddrmc_top/u_ddr_phy/u_ddrphy_top/u_ddrphy/apb_pclk_created_gclkinst_auto_created_sclk_s_1_l_bk4  
RUN-1001 :   16   |                                               O_cam_24m_dup_1_created_gclkinst_auto_created_sclk_s_1_l_bk5                                                
RUN-1001 :   17   |                                                      u_PLL/bufg_feedback_auto_created_sclk_s_1_r_bk1                                                      
RUN-1001 :   18   |                           u_mipi_dphy_rx_ph1p_mipiio_wrapper/u_ph1p_mipiio_rx_wrapper/bufg_feedback_auto_created_sclk_s_1_r_bk2                           
RUN-1001 :   19   |                                              u_hdmi_mixer/I_clk_created_gclkinst_auto_created_sclk_s_1_r_bk3                                              
RUN-1001 :   20   |                          u_hdmi_tx/u_hdmi2phy_wrapper/u0_lane_lvds_8_1/I_serial_clk_created_gclkinst_auto_created_sclk_s_1_r_bk4                          
RUN-1001 :   21   |   u_ph1p35_324_ddr_wrapper/u_ddr2/ph1p_ddrmc_wrapper/ph1p_ddrmc_top/u_ddr_phy/u_ddrphy_top/u_ddrphy_clk/u_pll1/u_bufg_fbclk_auto_created_sclk_s_1_r_bk5   
RUN-1001 : -------------------------------------------------------------------------------------------------------------------------------------------------------------------
PHY-1001 : End Stage 2.1 | Build Routing Design; Time: 2.357152s wall, 18.234375s user + 0.015625s system = 18.250000s CPU (774.2%); Memory(MB): used = 2096, reserved = 2089, peak = 2096;

RUN-1001 : Top Percentage Crit. Net Stat.
RUN-1001 : -------------------------------------------------------
RUN-1001 :   Top %  |  Net Count  |  Avg. Fanout  |  Avg. Slack   
RUN-1001 : -------------------------------------------------------
RUN-1001 :     1    |     497     |   2.396378    |  1408.410463  
RUN-1001 :     2    |     995     |   5.402010    |  2109.067337  
RUN-1001 :     3    |    1493     |   5.738111    |  2488.687877  
RUN-1001 :     4    |    1990     |   5.341709    |  2778.122111  
RUN-1001 :     5    |    2488     |   4.901929    |  2993.758039  
RUN-1001 :     6    |    2986     |   4.464501    |  3155.106162  
RUN-1001 :     7    |    3483     |   4.227964    |  3283.934539  
RUN-1001 :     8    |    3981     |   4.037930    |  3397.517960  
RUN-1001 :     9    |    4479     |   3.947979    |  3506.800179  
RUN-1001 :    10    |    4976     |   4.125000    |  3624.656551  
RUN-1001 : -------------------------------------------------------
PHY-1001 : Stage 2.2 | Tile Base Routing
PHY-1001 : 331 nets need to preroute.
PHY-1001 : len = 0, over cnt = 0(0%), over = 0, worst = 0, crit = 0
PHY-1001 : End Stage 2.2 | Tile Base Routing; Time: 0.354615s wall, 7.921875s user + 0.000000s system = 7.921875s CPU (2233.9%); Memory(MB): used = 2100, reserved = 2093, peak = 2100;

PHY-1001 : Stage 2.3 | Clock Nets Routing
PHY-1001 : Routed 0% nets.
PHY-1001 : len = 478704, over cnt = 0(0%), over = 0, worst = 0, crit = 0
PHY-1001 : End Stage 2.3 | Clock Nets Routing; Time: 0.467380s wall, 0.593750s user + 0.000000s system = 0.593750s CPU (127.0%); Memory(MB): used = 2129, reserved = 2121, peak = 2129;

PHY-1001 : Stage 2.4 | Routing Initialization
PHY-1001 : Mark 1% net(place mode slack < 2237ps) as critical nets.
PHY-1001 : Stage 2.4.1 | Normal Nets Routing

PHY-1001 : Routed 70% nets.
PHY-1001 : len = 5.72314e+06, over cnt = 32701(2%), over = 35593, worst = 4, crit = 0
PHY-1001 : End Stage 2.4.1 | Normal Nets Routing; Time: 20.535116s wall, 30.734375s user + 0.109375s system = 30.843750s CPU (150.2%); Memory(MB): used = 2197, reserved = 2189, peak = 2197;

PHY-1001 : Stage 2.4.2 | Update Timing
RUN-1002 : start command "start_timer"
USR-1002 : Derived clock:  create_generated_clock -name {u_PLL/ph1p_phy_pll_wrapper_25a56e5ce2f9_Inst/u_PH1P_PHY_PLL.clkc[0]} -source [get_ports {I_sys_clk}] -master_clock {sys_clk_50m} -multiply_by 2.0000 -duty_cycle 50.0000 [get_pins {u_PLL/ph1p_phy_pll_wrapper_25a56e5ce2f9_Inst/u_PH1P_PHY_PLL.clkc[0]}]
USR-1002 : Derived clock:  create_generated_clock -name {u_PLL/ph1p_phy_pll_wrapper_25a56e5ce2f9_Inst/u_PH1P_PHY_PLL.clkc[1]} -source [get_ports {I_sys_clk}] -master_clock {sys_clk_50m} -divide_by 2.0769 -duty_cycle 50.0000 [get_pins {u_PLL/ph1p_phy_pll_wrapper_25a56e5ce2f9_Inst/u_PH1P_PHY_PLL.clkc[1]}]
USR-1002 : Derived clock:  create_generated_clock -name {u_PLL/ph1p_phy_pll_wrapper_25a56e5ce2f9_Inst/u_PH1P_PHY_PLL.clkc[4]} -source [get_ports {I_sys_clk}] -master_clock {sys_clk_50m} -multiply_by 1.0400 -duty_cycle 50.0000 [get_pins {u_PLL/ph1p_phy_pll_wrapper_25a56e5ce2f9_Inst/u_PH1P_PHY_PLL.clkc[4]}]
USR-1002 : Derived clock:  create_generated_clock -name {u_PLL/ph1p_phy_pll_wrapper_25a56e5ce2f9_Inst/u_PH1P_PHY_PLL.clkc[5]} -source [get_ports {I_sys_clk}] -master_clock {sys_clk_50m} -multiply_by 5.2000 -duty_cycle 50.0000 [get_pins {u_PLL/ph1p_phy_pll_wrapper_25a56e5ce2f9_Inst/u_PH1P_PHY_PLL.clkc[5]}]
USR-1002 : Derived clock:  create_generated_clock -name {u_ph1p35_324_ddr_wrapper/u_ddr2/ph1p_ddrmc_wrapper/ph1p_ddrmc_top/u_ddr_phy/u_ddrphy_top/u_ddrphy_clk/u_pll0/u_pll_inst.clkc[0]} -source [get_ports {I_sys_clk}] -master_clock {sys_clk_50m} -multiply_by 1.3333 -duty_cycle 50.0000 [get_pins {u_ph1p35_324_ddr_wrapper/u_ddr2/ph1p_ddrmc_wrapper/ph1p_ddrmc_top/u_ddr_phy/u_ddrphy_top/u_ddrphy_clk/u_pll0/u_pll_inst.clkc[0]}]
USR-1002 : Derived clock:  create_generated_clock -name {u_ph1p35_324_ddr_wrapper/u_ddr2/ph1p_ddrmc_wrapper/ph1p_ddrmc_top/u_ddr_phy/u_ddrphy_top/u_ddrphy_clk/u_pll0/u_pll_inst.clkc[1]} -source [get_ports {I_sys_clk}] -master_clock {sys_clk_50m} -multiply_by 1.3333 -duty_cycle 50.0000 [get_pins {u_ph1p35_324_ddr_wrapper/u_ddr2/ph1p_ddrmc_wrapper/ph1p_ddrmc_top/u_ddr_phy/u_ddrphy_top/u_ddrphy_clk/u_pll0/u_pll_inst.clkc[1]}]
USR-1002 : Derived clock:  create_generated_clock -name {u_ph1p35_324_ddr_wrapper/u_ddr2/ph1p_ddrmc_wrapper/ph1p_ddrmc_top/u_ddr_phy/u_ddrphy_top/u_ddrphy_clk/u_pll0/u_pll_inst.clkc[2]} -source [get_ports {I_sys_clk}] -master_clock {sys_clk_50m} -multiply_by 5.3333 -duty_cycle 50.0000 [get_pins {u_ph1p35_324_ddr_wrapper/u_ddr2/ph1p_ddrmc_wrapper/ph1p_ddrmc_top/u_ddr_phy/u_ddrphy_top/u_ddrphy_clk/u_pll0/u_pll_inst.clkc[2]}]
USR-1002 : Derived clock:  create_generated_clock -name {u_ph1p35_324_ddr_wrapper/u_ddr2/ph1p_ddrmc_wrapper/ph1p_ddrmc_top/u_ddr_phy/u_ddrphy_top/u_ddrphy_clk/u_pll0/u_pll_inst.clkc[3]} -source [get_ports {I_sys_clk}] -master_clock {sys_clk_50m} -divide_by 1.9687 -duty_cycle 50.0000 [get_pins {u_ph1p35_324_ddr_wrapper/u_ddr2/ph1p_ddrmc_wrapper/ph1p_ddrmc_top/u_ddr_phy/u_ddrphy_top/u_ddrphy_clk/u_pll0/u_pll_inst.clkc[3]}]
USR-1002 : Derived clock:  create_generated_clock -name {u_ph1p35_324_ddr_wrapper/u_ddr2/ph1p_ddrmc_wrapper/ph1p_ddrmc_top/u_ddr_phy/u_ddrphy_top/u_ddrphy_clk/u_pll1/u_pll_inst.clkc[0]} -source [get_pins {u_ph1p35_324_ddr_wrapper/u_ddr2/ph1p_ddrmc_wrapper/ph1p_ddrmc_top/u_ddr_phy/u_ddrphy_top/u_ddrphy_clk/u_pll0/u_pll_inst.clkc[0]}] -master_clock {u_ph1p35_324_ddr_wrapper/u_ddr2/ph1p_ddrmc_wrapper/ph1p_ddrmc_top/u_ddr_phy/u_ddrphy_top/u_ddrphy_clk/u_pll0/u_pll_inst.clkc[0]} -multiply_by 1.0000 -duty_cycle 50.0000 [get_pins {u_ph1p35_324_ddr_wrapper/u_ddr2/ph1p_ddrmc_wrapper/ph1p_ddrmc_top/u_ddr_phy/u_ddrphy_top/u_ddrphy_clk/u_pll1/u_pll_inst.clkc[0]}]
8.888000
15.000000
15.000000
19.230000
RUN-1003 : finish command "start_timer" in  1.883501s wall, 1.875000s user + 0.000000s system = 1.875000s CPU (99.5%)

RUN-1004 : used memory is 2200 MB, reserved memory is 2193 MB, peak memory is 2200 MB
TMR-2502 : Net delay update with mode: Routed
PHY-1001 : 92/34326(0%) critical/total net(s).
PHY-1001 : Setup: WNS(ns) = -0.400, TNS(ns) = -0.537, FEP = 5 | Hold: WNS(ns) = -0.200, TNS(ns) = -8.441, FEP = 201.
PHY-1001 : End Stage 2.4.2 | Update Timing; Time: 5.339393s wall, 5.281250s user + 0.000000s system = 5.281250s CPU (98.9%); Memory(MB): used = 2413, reserved = 2408, peak = 2413;

PHY-1001 : Stage 2.4.3 | Deskew Clock Tree
RUN-1001 : Deskew Summary
RUN-1001 : ---------------------------------------------------------------------------------------------------------------------------------
RUN-1001 :                                                 Clock                                                 |  Pre-Skew  |  Post-Skew  
RUN-1001 : ---------------------------------------------------------------------------------------------------------------------------------
RUN-1001 :                                             mipi_rx_ck_pad                                            |     32     |     32      
RUN-1001 :   u_mipi_dphy_rx_ph1p_mipiio_wrapper/u_ph1p_mipiio_rx_wrapper/u_PH1P_LOGIC_DPHY_MIPI_RX.io_clk_pad_p  |     32     |     32      
RUN-1001 :                                            MIPI_RX_BYTE_CLK                                           |     32     |     32      
RUN-1001 :                                              pll_clk_100m                                             |     20     |     20      
RUN-1001 :                                u_ph1p35_324_ddr_wrapper/u_ddr2/usr_clk                                |     12     |     12      
RUN-1001 :                                             HDMI_PIXEL_CLK                                            |     15     |     15      
RUN-1001 :                                u_ph1p35_324_ddr_wrapper/u_ddr2/mcu_clk                                |     12     |     12      
RUN-1001 :                                              pll_clk_24m                                              |     16     |     16      
RUN-1001 : ---------------------------------------------------------------------------------------------------------------------------------
PHY-1001 : 92/34326(0%) critical/total net(s).
PHY-1001 : Setup: WNS(ns) = -0.400, TNS(ns) = -0.537, FEP = 5 | Hold: WNS(ns) = -0.200, TNS(ns) = -8.441, FEP = 201.
PHY-1001 : End Stage 2.4.3 | Deskew Clock Tree; Time: 3.463609s wall, 3.406250s user + 0.000000s system = 3.406250s CPU (98.3%); Memory(MB): used = 2471, reserved = 2465, peak = 2471;

PHY-1001 : End Stage 2.4 | Routing Initialization; Time: 29.436137s wall, 39.515625s user + 0.109375s system = 39.625000s CPU (134.6%); Memory(MB): used = 2471, reserved = 2465, peak = 2471;

PHY-1001 : Stage 2.5 | Routing Optimization
PHY-1001 : Build lut bridge;  0.100084s wall, 0.078125s user + 0.000000s system = 0.078125s CPU (78.1%)

PHY-1001 : Stage 2.5.1 | Phase 1
PHY-1001 : Stage 2.5.1.1 | Hold TimeOptimization
PHY-1001 : Iter 0; Processed 298 pins with HWNS -0.200ns HTNS -6.155ns FEP 142 took 0.233134 seconds.
PHY-1001 : Iter 1; Processed 479 pins with HWNS -0.032ns HTNS -0.067ns FEP 3 took 1.01092 seconds.
PHY-1001 : len = 5.76016e+06, over cnt = 32612(2%), over = 35502, worst = 4, crit = 0
PHY-1001 : End Stage 2.5.1.1 | Hold TimeOptimization; Time: 1.329515s wall, 1.515625s user + 0.000000s system = 1.515625s CPU (114.0%); Memory(MB): used = 2474, reserved = 2468, peak = 2474;

PHY-1001 : Stage 2.5.1.2 | High Fanout Nets Optimization
PHY-1001 : High fanout net optimize summary:
PHY-1001 : Process 0 nets and 0 pins with SWNS -0.400ns STNS -0.537ns FEP 5.
PHY-1001 : len = 5.76016e+06, over cnt = 32612(2%), over = 35502, worst = 4, crit = 0
PHY-1001 : End Stage 2.5.1.2 | High Fanout Nets Optimization; Time: 0.239879s wall, 0.250000s user + 0.000000s system = 0.250000s CPU (104.2%); Memory(MB): used = 2474, reserved = 2468, peak = 2474;

PHY-1001 : Stage 2.5.1.3 | Setup TimeOptimization
PHY-1001 : Start to optimize setup violation with net base ...
PHY-1001 : Iter 1; Processed 20 pins with SWNS -0.023ns STNS -0.023ns FEP 1 took 0.512741 seconds.
PHY-1001 : Mark 274 critical net(s) and 540 critical pin(s).
PHY-1001 : len = 5.76034e+06, over cnt = 32624(2%), over = 35516, worst = 4, crit = 48
PHY-1001 : End Stage 2.5.1.3 | Setup TimeOptimization; Time: 0.882752s wall, 1.203125s user + 0.000000s system = 1.203125s CPU (136.3%); Memory(MB): used = 2474, reserved = 2468, peak = 2474;

PHY-1001 : Stage 2.5.1.4 | Rip-up And ReRoute
PHY-0007 : Congestion: {91.41, 85.35, 81.27, 78.49}; Timing: {-0.023ns, -0.023ns, 1}
PHY-1001 : Iter 1: len = 5.97976e+06, over cnt = 20564(1%), over = 21270, worst = 4, crit = 0, time(s) = 12.13
PHY-1001 : Iter 2: len = 6.04866e+06, over cnt = 16289(1%), over = 16585, worst = 3, crit = 0, time(s) = 6.50
PHY-1001 : Iter 3: len = 6.07384e+06, over cnt = 14161(0%), over = 14339, worst = 3, crit = 0, time(s) = 9.54
PHY-1001 : Iter 4: len = 6.20749e+06, over cnt = 9998(0%), over = 10069, worst = 2, crit = 0, time(s) = 11.20
PHY-1001 : Iter 5: len = 6.27643e+06, over cnt = 7899(0%), over = 7919, worst = 2, crit = 0, time(s) = 9.10
PHY-1001 : Iter 6: len = 6.30619e+06, over cnt = 6866(0%), over = 6877, worst = 2, crit = 0, time(s) = 6.33
PHY-1001 : Iter 7: len = 6.31965e+06, over cnt = 6274(0%), over = 6281, worst = 2, crit = 0, time(s) = 5.33
PHY-1001 : Marking 227 (5.91%) hot zones with cutoff utilization 81.08.
PHY-1001 : Iter 8: len = 6.52291e+06, over cnt = 3642(0%), over = 3644, worst = 2, crit = 0, time(s) = 9.97
PHY-1001 : Iter 9: len = 6.58006e+06, over cnt = 2814(0%), over = 2816, worst = 2, crit = 0, time(s) = 5.63
PHY-1001 : Iter 10: len = 6.71226e+06, over cnt = 2202(0%), over = 2203, worst = 2, crit = 0, time(s) = 4.86
PHY-1001 : Iter 11: len = 6.77619e+06, over cnt = 2054(0%), over = 2056, worst = 2, crit = 0, time(s) = 5.35
PHY-1001 : Iter 12: len = 6.93848e+06, over cnt = 1150(0%), over = 1150, worst = 1, crit = 0, time(s) = 10.31
PHY-1001 : Marking 227 (5.91%) hot zones with cutoff utilization 81.08.
PHY-1001 : Iter 13: len = 7.00747e+06, over cnt = 866(0%), over = 866, worst = 1, crit = 0, time(s) = 6.63
PHY-1001 : Iter 14: len = 7.03618e+06, over cnt = 611(0%), over = 611, worst = 1, crit = 0, time(s) = 4.93
PHY-1001 : Iter 15: len = 7.06656e+06, over cnt = 531(0%), over = 531, worst = 1, crit = 0, time(s) = 4.17
PHY-1001 : Iter 16: len = 7.13302e+06, over cnt = 296(0%), over = 296, worst = 1, crit = 0, time(s) = 7.78
PHY-1001 : Iter 17: len = 7.1567e+06, over cnt = 216(0%), over = 216, worst = 1, crit = 0, time(s) = 4.33
PHY-1001 : Iter 18: len = 7.182e+06, over cnt = 133(0%), over = 133, worst = 1, crit = 0, time(s) = 3.33
PHY-1001 : Marking 227 (5.91%) hot zones with cutoff utilization 81.08.
PHY-1001 : Iter 19: len = 7.1933e+06, over cnt = 86(0%), over = 86, worst = 1, crit = 0, time(s) = 3.35
PHY-1001 : Iter 20: len = 7.20691e+06, over cnt = 26(0%), over = 26, worst = 1, crit = 0, time(s) = 3.44
PHY-1001 : Iter 21: len = 7.20992e+06, over cnt = 21(0%), over = 21, worst = 1, crit = 0, time(s) = 2.01
PHY-1001 : Iter 22: len = 7.21426e+06, over cnt = 17(0%), over = 17, worst = 1, crit = 0, time(s) = 1.54
PHY-1001 : Iter 23: len = 7.21768e+06, over cnt = 9(0%), over = 9, worst = 1, crit = 0, time(s) = 1.14
PHY-1001 : Iter 24: len = 7.21992e+06, over cnt = 4(0%), over = 4, worst = 1, crit = 0, time(s) = 0.65
PHY-1001 : Iter 25: len = 7.22062e+06, over cnt = 3(0%), over = 3, worst = 1, crit = 0, time(s) = 0.69
PHY-1001 : Marking 227 (5.91%) hot zones with cutoff utilization 81.08.
PHY-1001 : Iter 26: len = 7.22088e+06, over cnt = 2(0%), over = 2, worst = 1, crit = 0, time(s) = 0.41
PHY-1001 : Iter 27: len = 7.22104e+06, over cnt = 1(0%), over = 1, worst = 1, crit = 0, time(s) = 0.28
PHY-1001 : Iter 28: len = 7.22112e+06, over cnt = 1(0%), over = 1, worst = 1, crit = 0, time(s) = 0.32
PHY-1001 : Iter 29: len = 7.22154e+06, over cnt = 0(0%), over = 0, worst = 0, crit = 0, time(s) = 0.08
PHY-1001 : Marking 227 (5.91%) hot zones with cutoff utilization 81.08.
PHY-1001 : Update congestion ...
PHY-1001 : Marking 227 (5.91%) hot zones with cutoff utilization 81.08.
PHY-1001 : Congestion index:
PHY-1001 : top1  = 100.00(S 90.55, N 90.51, E 100.00, W 98.45, I 71.57, O 85.03)
PHY-1001 : top5  = 96.69(S 84.17, N 83.98, E 95.48, W 93.21, I 59.27, O 70.72)
PHY-1001 : top10 = 94.32(S 79.93, N 79.70, E 91.16, W 89.48, I 56.42, O 64.39)
PHY-1001 : top15 = 92.16(S 76.98, N 76.41, E 87.86, W 86.73, I 54.26, O 60.16)
PHY-1001 : End update congestion; 0.013472s wall, 0.250000s user + 0.000000s system = 0.250000s CPU (1855.8%)

PHY-1001 : End Stage 2.5.1.4 | Rip-up And ReRoute; Time: 141.533233s wall, 213.109375s user + 0.640625s system = 213.750000s CPU (151.0%); Memory(MB): used = 2474, reserved = 2468, peak = 2474;

PHY-1001 : Stage 2.5.1.5 | Update Timing
PHY-1001 : 1217/34326(3%) critical/total net(s).
PHY-1001 : Setup: WNS(ns) = -2.624, TNS(ns) = -419.206, FEP = 811 | Hold: WNS(ns) = -0.123, TNS(ns) = -1.760, FEP = 45.
PHY-1001 : End Stage 2.5.1.5 | Update Timing; Time: 2.535762s wall, 2.531250s user + 0.000000s system = 2.531250s CPU (99.8%); Memory(MB): used = 2484, reserved = 2478, peak = 2484;

PHY-1001 : Stage 2.5.1.6 | Commit Data
PHY-1001 : Commit better result to database ...
PHY-1001 : End Stage 2.5.1.6 | Commit Data; Time: 0.115293s wall, 0.062500s user + 0.000000s system = 0.062500s CPU (54.2%); Memory(MB): used = 2512, reserved = 2505, peak = 2512;

PHY-1001 : End Stage 2.5.1 | Phase 1; Time: 147.107517s wall, 219.375000s user + 0.640625s system = 220.015625s CPU (149.6%); Memory(MB): used = 2512, reserved = 2505, peak = 2512;

PHY-1001 : Stage 2.5.2 | Phase 2
PHY-1001 : Stage 2.5.2.1 | Hold TimeOptimization
PHY-1001 : Iter 0; Processed 80 pins with HWNS -0.085ns HTNS -0.546ns FEP 16 took 0.321008 seconds.
PHY-1001 : Iter 1; Processed 113 pins with HWNS 0.019ns HTNS 0.000ns FEP 0 took 0.332798 seconds.
PHY-1001 : len = 7.23698e+06, over cnt = 30(0%), over = 45, worst = 3, crit = 0
PHY-1001 : End Stage 2.5.2.1 | Hold TimeOptimization; Time: 0.745502s wall, 1.031250s user + 0.000000s system = 1.031250s CPU (138.3%); Memory(MB): used = 2512, reserved = 2505, peak = 2512;

PHY-1001 : Stage 2.5.2.2 | High Fanout Nets Optimization
PHY-1001 : High fanout net optimize summary:
PHY-1001 : Process 182 nets and 831 pins with SWNS -1.141ns STNS -7.060ns FEP 16.
PHY-1001 : len = 7.25352e+06, over cnt = 470(0%), over = 487, worst = 3, crit = 0
PHY-1001 : End Stage 2.5.2.2 | High Fanout Nets Optimization; Time: 4.137221s wall, 4.171875s user + 0.000000s system = 4.171875s CPU (100.8%); Memory(MB): used = 2513, reserved = 2506, peak = 2513;

PHY-1001 : Stage 2.5.2.3 | Setup TimeOptimization
PHY-1001 : Start to optimize setup violation with net base ...
PHY-1001 : Iter 1; Processed 26 pins with SWNS -0.265ns STNS -0.523ns FEP 2 took 0.767604 seconds.
PHY-1001 : Mark 627 critical net(s) and 1099 critical pin(s).
PHY-1001 : len = 7.25366e+06, over cnt = 521(0%), over = 538, worst = 3, crit = 7
PHY-1001 : End Stage 2.5.2.3 | Setup TimeOptimization; Time: 1.165253s wall, 1.343750s user + 0.015625s system = 1.359375s CPU (116.7%); Memory(MB): used = 2513, reserved = 2507, peak = 2513;

PHY-1001 : Stage 2.5.2.4 | Rip-up And ReRoute
PHY-1001 : Iter 1: len = 7.2417e+06, over cnt = 344(0%), over = 345, worst = 2, crit = 2, time(s) = 2.41
PHY-1001 : Iter 2: len = 7.24162e+06, over cnt = 319(0%), over = 320, worst = 2, crit = 2, time(s) = 1.77
PHY-1001 : Iter 3: len = 7.24173e+06, over cnt = 308(0%), over = 309, worst = 2, crit = 2, time(s) = 1.58
PHY-1001 : Iter 4: len = 7.25589e+06, over cnt = 184(0%), over = 184, worst = 1, crit = 1, time(s) = 2.78
PHY-1001 : Iter 5: len = 7.25987e+06, over cnt = 154(0%), over = 154, worst = 1, crit = 0, time(s) = 2.96
PHY-1001 : Iter 6: len = 7.26051e+06, over cnt = 145(0%), over = 145, worst = 1, crit = 0, time(s) = 1.91
PHY-1001 : Iter 7: len = 7.2624e+06, over cnt = 132(0%), over = 132, worst = 1, crit = 0, time(s) = 1.19
PHY-1001 : Marking 768 (20.00%) hot zones with cutoff utilization 82.35.
PHY-1001 : Iter 8: len = 7.28304e+06, over cnt = 45(0%), over = 45, worst = 1, crit = 0, time(s) = 8.79
PHY-1001 : Iter 9: len = 7.28611e+06, over cnt = 33(0%), over = 33, worst = 1, crit = 0, time(s) = 3.70
PHY-1001 : Iter 10: len = 7.2907e+06, over cnt = 26(0%), over = 26, worst = 1, crit = 0, time(s) = 3.13
PHY-1001 : Iter 11: len = 7.29371e+06, over cnt = 21(0%), over = 21, worst = 1, crit = 0, time(s) = 2.24
PHY-1001 : Iter 12: len = 7.2965e+06, over cnt = 11(0%), over = 11, worst = 1, crit = 0, time(s) = 2.89
PHY-1001 : Marking 768 (20.00%) hot zones with cutoff utilization 82.35.
PHY-1001 : Iter 13: len = 7.29794e+06, over cnt = 6(0%), over = 6, worst = 1, crit = 0, time(s) = 1.09
PHY-1001 : Iter 14: len = 7.29877e+06, over cnt = 2(0%), over = 2, worst = 1, crit = 0, time(s) = 0.95
PHY-1001 : Iter 15: len = 7.2988e+06, over cnt = 2(0%), over = 2, worst = 1, crit = 0, time(s) = 0.39
PHY-1001 : Iter 16: len = 7.29902e+06, over cnt = 1(0%), over = 1, worst = 1, crit = 0, time(s) = 0.35
PHY-1001 : Iter 17: len = 7.29899e+06, over cnt = 1(0%), over = 1, worst = 1, crit = 0, time(s) = 0.68
PHY-1001 : Iter 18: len = 7.29912e+06, over cnt = 1(0%), over = 1, worst = 1, crit = 0, time(s) = 0.68
PHY-1001 : Marking 768 (20.00%) hot zones with cutoff utilization 82.35.
PHY-1001 : Iter 19: len = 7.29909e+06, over cnt = 0(0%), over = 0, worst = 0, crit = 0, time(s) = 0.05
PHY-1001 : Marking 768 (20.00%) hot zones with cutoff utilization 82.35.
PHY-1001 : Update congestion ...
PHY-1001 : Marking 768 (20.00%) hot zones with cutoff utilization 82.35.
PHY-1001 : Congestion index:
PHY-1001 : top1  = 100.00(S 90.40, N 89.75, E 100.00, W 99.23, I 71.57, O 85.03)
PHY-1001 : top5  = 96.99(S 84.43, N 83.76, E 95.21, W 93.80, I 59.27, O 70.72)
PHY-1001 : top10 = 94.47(S 80.45, N 79.68, E 90.84, W 90.26, I 56.42, O 64.39)
PHY-1001 : top15 = 92.28(S 77.52, N 76.56, E 87.64, W 87.55, I 54.26, O 60.16)
PHY-1001 : End update congestion; 0.014190s wall, 0.015625s user + 0.000000s system = 0.015625s CPU (110.1%)

PHY-1001 : End Stage 2.5.2.4 | Rip-up And ReRoute; Time: 39.703214s wall, 44.750000s user + 0.156250s system = 44.906250s CPU (113.1%); Memory(MB): used = 2513, reserved = 2507, peak = 2513;

PHY-1001 : Stage 2.5.2.5 | Update Timing
PHY-1001 : 374/34326(1%) critical/total net(s).
PHY-1001 : Setup: WNS(ns) = -0.876, TNS(ns) = -9.549, FEP = 31 | Hold: WNS(ns) = -0.090, TNS(ns) = -0.292, FEP = 9.
PHY-1001 : End Stage 2.5.2.5 | Update Timing; Time: 1.074800s wall, 1.062500s user + 0.000000s system = 1.062500s CPU (98.9%); Memory(MB): used = 2517, reserved = 2511, peak = 2517;

PHY-1001 : Stage 2.5.2.6 | Commit Data
PHY-1001 : Commit better result to database ...
PHY-1001 : End Stage 2.5.2.6 | Commit Data; Time: 0.055823s wall, 0.046875s user + 0.000000s system = 0.046875s CPU (84.0%); Memory(MB): used = 2517, reserved = 2511, peak = 2517;

PHY-1001 : End Stage 2.5.2 | Phase 2; Time: 47.276454s wall, 52.953125s user + 0.171875s system = 53.125000s CPU (112.4%); Memory(MB): used = 2517, reserved = 2511, peak = 2517;

PHY-1001 : Stage 2.5.3 | Phase 3
PHY-1001 : Stage 2.5.3.1 | Hold TimeOptimization
PHY-1001 : Iter 0; Processed 15 pins with HWNS 0.019ns HTNS 0.000ns FEP 0 took 0.102313 seconds.
PHY-1001 : Iter 1; Processed 16 pins with HWNS 0.019ns HTNS 0.000ns FEP 0 took 0.0909689 seconds.
PHY-1001 : len = 7.30062e+06, over cnt = 12(0%), over = 13, worst = 2, crit = 0
PHY-1001 : End Stage 2.5.3.1 | Hold TimeOptimization; Time: 0.287022s wall, 0.812500s user + 0.000000s system = 0.812500s CPU (283.1%); Memory(MB): used = 2517, reserved = 2511, peak = 2517;

PHY-1001 : Stage 2.5.3.2 | High Fanout Nets Optimization
PHY-1001 : High fanout net optimize summary:
PHY-1001 : Process 37 nets and 58 pins with SWNS -0.742ns STNS -2.180ns FEP 11.
PHY-1001 : len = 7.30355e+06, over cnt = 29(0%), over = 30, worst = 2, crit = 0
PHY-1001 : End Stage 2.5.3.2 | High Fanout Nets Optimization; Time: 1.508541s wall, 1.500000s user + 0.000000s system = 1.500000s CPU (99.4%); Memory(MB): used = 2517, reserved = 2511, peak = 2517;

PHY-1001 : Stage 2.5.3.3 | Setup TimeOptimization
PHY-1001 : Start to optimize setup violation with net base ...
PHY-1001 : Iter 1; Processed 16 pins with SWNS -0.265ns STNS -0.268ns FEP 2 took 0.885956 seconds.
PHY-1001 : Mark 713 critical net(s) and 1237 critical pin(s).
PHY-1001 : len = 7.30421e+06, over cnt = 59(0%), over = 60, worst = 2, crit = 0
PHY-1001 : End Stage 2.5.3.3 | Setup TimeOptimization; Time: 1.266147s wall, 1.578125s user + 0.015625s system = 1.593750s CPU (125.9%); Memory(MB): used = 2517, reserved = 2511, peak = 2517;

PHY-1001 : Stage 2.5.3.4 | Rip-up And ReRoute
PHY-1001 : Iter 1: len = 7.30253e+06, over cnt = 33(0%), over = 33, worst = 1, crit = 0, time(s) = 1.63
PHY-1001 : Iter 2: len = 7.30394e+06, over cnt = 11(0%), over = 11, worst = 1, crit = 0, time(s) = 0.72
PHY-1001 : Iter 3: len = 7.30394e+06, over cnt = 11(0%), over = 11, worst = 1, crit = 0, time(s) = 1.03
PHY-1001 : Iter 4: len = 7.30474e+06, over cnt = 3(0%), over = 3, worst = 1, crit = 0, time(s) = 1.10
PHY-1001 : Iter 5: len = 7.30474e+06, over cnt = 3(0%), over = 3, worst = 1, crit = 0, time(s) = 0.42
PHY-1001 : Iter 6: len = 7.30518e+06, over cnt = 2(0%), over = 2, worst = 1, crit = 0, time(s) = 0.28
PHY-1001 : Iter 7: len = 7.30523e+06, over cnt = 1(0%), over = 1, worst = 1, crit = 0, time(s) = 0.20
PHY-1001 : Marking 768 (20.00%) hot zones with cutoff utilization 82.35.
PHY-1001 : Iter 8: len = 7.30522e+06, over cnt = 1(0%), over = 1, worst = 1, crit = 0, time(s) = 0.27
PHY-1001 : Iter 9: len = 7.30541e+06, over cnt = 0(0%), over = 0, worst = 0, crit = 0, time(s) = 0.06
PHY-1001 : Marking 768 (20.00%) hot zones with cutoff utilization 82.35.
PHY-1001 : Update congestion ...
PHY-1001 : Marking 768 (20.00%) hot zones with cutoff utilization 82.35.
PHY-1001 : Congestion index:
PHY-1001 : top1  = 100.00(S 90.47, N 89.96, E 100.00, W 99.07, I 71.57, O 85.03)
PHY-1001 : top5  = 96.95(S 84.50, N 83.80, E 95.17, W 93.80, I 59.27, O 70.72)
PHY-1001 : top10 = 94.49(S 80.53, N 79.73, E 90.83, W 90.30, I 56.42, O 64.39)
PHY-1001 : top15 = 92.30(S 77.57, N 76.62, E 87.63, W 87.63, I 54.26, O 60.16)
PHY-1001 : End update congestion; 0.014623s wall, 0.015625s user + 0.000000s system = 0.015625s CPU (106.9%)

PHY-1001 : End Stage 2.5.3.4 | Rip-up And ReRoute; Time: 5.830981s wall, 8.609375s user + 0.031250s system = 8.640625s CPU (148.2%); Memory(MB): used = 2517, reserved = 2511, peak = 2517;

PHY-1001 : Stage 2.5.3.5 | Update Timing
PHY-1001 : 257/34326(0%) critical/total net(s).
PHY-1001 : Setup: WNS(ns) = -0.509, TNS(ns) = -5.184, FEP = 19 | Hold: WNS(ns) = -0.090, TNS(ns) = -0.396, FEP = 10.
PHY-1001 : End Stage 2.5.3.5 | Update Timing; Time: 0.645486s wall, 0.640625s user + 0.000000s system = 0.640625s CPU (99.2%); Memory(MB): used = 2517, reserved = 2511, peak = 2517;

PHY-1001 : Stage 2.5.3.6 | Commit Data
PHY-1001 : Commit better result to database ...
PHY-1001 : End Stage 2.5.3.6 | Commit Data; Time: 0.046033s wall, 0.031250s user + 0.000000s system = 0.031250s CPU (67.9%); Memory(MB): used = 2517, reserved = 2511, peak = 2517;

PHY-1001 : End Stage 2.5.3 | Phase 3; Time: 9.938518s wall, 13.640625s user + 0.187500s system = 13.828125s CPU (139.1%); Memory(MB): used = 2517, reserved = 2511, peak = 2517;

PHY-1001 : Stage 2.5.4 | Phase 4
PHY-1001 : Stage 2.5.4.1 | Hold TimeOptimization
PHY-1001 : Iter 0; Processed 13 pins with HWNS 0.019ns HTNS 0.000ns FEP 0 took 0.102027 seconds.
PHY-1001 : Iter 1; Processed 14 pins with HWNS 0.019ns HTNS 0.000ns FEP 0 took 0.0846375 seconds.
PHY-1001 : len = 7.3073e+06, over cnt = 11(0%), over = 11, worst = 1, crit = 0
PHY-1001 : End Stage 2.5.4.1 | Hold TimeOptimization; Time: 0.275823s wall, 0.281250s user + 0.015625s system = 0.296875s CPU (107.6%); Memory(MB): used = 2517, reserved = 2511, peak = 2517;

PHY-1001 : Stage 2.5.4.2 | High Fanout Nets Optimization
PHY-1001 : High fanout net optimize summary:
PHY-1001 : Process 15 nets and 24 pins with SWNS -0.265ns STNS -0.889ns FEP 5.
PHY-1001 : len = 7.3076e+06, over cnt = 15(0%), over = 15, worst = 1, crit = 0
PHY-1001 : End Stage 2.5.4.2 | High Fanout Nets Optimization; Time: 0.698994s wall, 0.828125s user + 0.015625s system = 0.843750s CPU (120.7%); Memory(MB): used = 2517, reserved = 2511, peak = 2517;

PHY-1001 : Stage 2.5.4.3 | Setup TimeOptimization
PHY-1001 : Start to optimize setup violation with net base ...
PHY-1001 : Iter 1; Processed 9 pins with SWNS -0.265ns STNS -0.339ns FEP 2 took 0.420528 seconds.
PHY-1001 : Mark 761 critical net(s) and 1338 critical pin(s).
PHY-1001 : len = 7.308e+06, over cnt = 26(0%), over = 26, worst = 1, crit = 0
PHY-1001 : End Stage 2.5.4.3 | Setup TimeOptimization; Time: 0.802792s wall, 0.796875s user + 0.000000s system = 0.796875s CPU (99.3%); Memory(MB): used = 2517, reserved = 2511, peak = 2517;

PHY-1001 : Stage 2.5.4.4 | Rip-up And ReRoute
PHY-1001 : Iter 1: len = 7.30829e+06, over cnt = 4(0%), over = 4, worst = 1, crit = 0, time(s) = 0.53
PHY-1001 : Iter 2: len = 7.30822e+06, over cnt = 2(0%), over = 2, worst = 1, crit = 0, time(s) = 0.38
PHY-1001 : Iter 3: len = 7.30822e+06, over cnt = 2(0%), over = 2, worst = 1, crit = 0, time(s) = 0.28
PHY-1001 : Iter 4: len = 7.30885e+06, over cnt = 0(0%), over = 0, worst = 0, crit = 0, time(s) = 0.38
PHY-1001 : Update congestion ...
PHY-1001 : Marking 768 (20.00%) hot zones with cutoff utilization 82.35.
PHY-1001 : Congestion index:
PHY-1001 : top1  = 100.00(S 90.55, N 89.89, E 100.00, W 99.23, I 71.57, O 85.03)
PHY-1001 : top5  = 97.01(S 84.56, N 83.85, E 95.24, W 93.86, I 59.27, O 70.72)
PHY-1001 : top10 = 94.54(S 80.62, N 79.77, E 90.86, W 90.34, I 56.42, O 64.39)
PHY-1001 : top15 = 92.34(S 77.65, N 76.65, E 87.66, W 87.68, I 54.26, O 60.16)
PHY-1001 : End update congestion; 0.015813s wall, 0.015625s user + 0.000000s system = 0.015625s CPU (98.8%)

PHY-1001 : End Stage 2.5.4.4 | Rip-up And ReRoute; Time: 1.645911s wall, 2.750000s user + 0.000000s system = 2.750000s CPU (167.1%); Memory(MB): used = 2517, reserved = 2511, peak = 2517;

PHY-1001 : Stage 2.5.4.5 | Update Timing
PHY-1001 : 177/34326(0%) critical/total net(s).
PHY-1001 : Setup: WNS(ns) = -0.265, TNS(ns) = -0.886, FEP = 7 | Hold: WNS(ns) = -0.038, TNS(ns) = -0.103, FEP = 4.
PHY-1001 : End Stage 2.5.4.5 | Update Timing; Time: 0.417995s wall, 0.421875s user + 0.000000s system = 0.421875s CPU (100.9%); Memory(MB): used = 2517, reserved = 2511, peak = 2517;

PHY-1001 : Stage 2.5.4.6 | Commit Data
PHY-1001 : Commit better result to database ...
PHY-1001 : End Stage 2.5.4.6 | Commit Data; Time: 0.045210s wall, 0.046875s user + 0.000000s system = 0.046875s CPU (103.7%); Memory(MB): used = 2517, reserved = 2511, peak = 2517;

PHY-1001 : End Stage 2.5.4 | Phase 4; Time: 4.239974s wall, 5.453125s user + 0.046875s system = 5.500000s CPU (129.7%); Memory(MB): used = 2517, reserved = 2511, peak = 2517;

PHY-1001 : Stage 2.5.5 | Phase 5
PHY-1001 : Stage 2.5.5.1 | Hold TimeOptimization
PHY-1001 : Iter 0; Processed 8 pins with HWNS 0.019ns HTNS 0.000ns FEP 0 took 0.106984 seconds.
PHY-1001 : Iter 1; Processed 9 pins with HWNS 0.019ns HTNS 0.000ns FEP 0 took 0.0916925 seconds.
PHY-1001 : len = 7.30933e+06, over cnt = 6(0%), over = 6, worst = 1, crit = 0
PHY-1001 : End Stage 2.5.5.1 | Hold TimeOptimization; Time: 0.297367s wall, 1.125000s user + 0.000000s system = 1.125000s CPU (378.3%); Memory(MB): used = 2517, reserved = 2511, peak = 2517;

PHY-1001 : Stage 2.5.5.2 | High Fanout Nets Optimization
PHY-1001 : High fanout net optimize summary:
PHY-1001 : Process 8 nets and 8 pins with SWNS -0.265ns STNS -0.603ns FEP 4.
PHY-1001 : len = 7.3093e+06, over cnt = 8(0%), over = 8, worst = 1, crit = 0
PHY-1001 : End Stage 2.5.5.2 | High Fanout Nets Optimization; Time: 0.689709s wall, 0.859375s user + 0.000000s system = 0.859375s CPU (124.6%); Memory(MB): used = 2517, reserved = 2511, peak = 2517;

PHY-1001 : Stage 2.5.5.3 | Setup TimeOptimization
PHY-1001 : Start to optimize setup violation with net base ...
PHY-1001 : Iter 1; Processed 7 pins with SWNS -0.265ns STNS -0.339ns FEP 2 took 0.292518 seconds.
PHY-1001 : Mark 767 critical net(s) and 1372 critical pin(s).
PHY-1001 : len = 7.30917e+06, over cnt = 9(0%), over = 9, worst = 1, crit = 0
PHY-1001 : End Stage 2.5.5.3 | Setup TimeOptimization; Time: 0.683002s wall, 0.859375s user + 0.000000s system = 0.859375s CPU (125.8%); Memory(MB): used = 2517, reserved = 2511, peak = 2517;

PHY-1001 : Stage 2.5.5.4 | Rip-up And ReRoute
PHY-0007 : Congestion: {100.00, 99.86, 97.01, 95.94}; Timing: {-0.265ns, -0.339ns, 2}
PHY-1001 : Iter 1: len = 7.30864e+06, over cnt = 2(0%), over = 2, worst = 1, crit = 0, time(s) = 0.08
PHY-1001 : Iter 2: len = 7.3084e+06, over cnt = 1(0%), over = 1, worst = 1, crit = 0, time(s) = 0.19
PHY-1001 : Iter 3: len = 7.3084e+06, over cnt = 1(0%), over = 1, worst = 1, crit = 0, time(s) = 0.17
PHY-1001 : Iter 4: len = 7.30915e+06, over cnt = 1(0%), over = 1, worst = 1, crit = 0, time(s) = 0.31
PHY-1001 : Marking 768 (20.00%) hot zones with cutoff utilization 88.24.
PHY-1001 : Iter 5: len = 7.30934e+06, over cnt = 0(0%), over = 0, worst = 0, crit = 0, time(s) = 0.09
PHY-1001 : Marking 768 (20.00%) hot zones with cutoff utilization 88.24.
PHY-1001 : Update congestion ...
PHY-1001 : Marking 768 (20.00%) hot zones with cutoff utilization 88.24.
PHY-1001 : Congestion index:
PHY-1001 : top1  = 100.00(S 90.55, N 89.89, E 100.00, W 99.23, I 71.57, O 85.03)
PHY-1001 : top5  = 97.01(S 84.57, N 83.85, E 95.24, W 93.86, I 59.27, O 70.72)
PHY-1001 : top10 = 94.54(S 80.63, N 79.77, E 90.86, W 90.34, I 56.42, O 64.39)
PHY-1001 : top15 = 92.34(S 77.64, N 76.65, E 87.66, W 87.68, I 54.26, O 60.16)
PHY-1001 : End update congestion; 0.014699s wall, 0.015625s user + 0.000000s system = 0.015625s CPU (106.3%)

PHY-1001 : End Stage 2.5.5.4 | Rip-up And ReRoute; Time: 0.981155s wall, 2.703125s user + 0.015625s system = 2.718750s CPU (277.1%); Memory(MB): used = 2517, reserved = 2511, peak = 2517;

PHY-1001 : Stage 2.5.5.5 | Update Timing
PHY-1001 : 144/34326(0%) critical/total net(s).
PHY-1001 : Setup: WNS(ns) = -0.265, TNS(ns) = -0.671, FEP = 4 | Hold: WNS(ns) = -0.067, TNS(ns) = -0.209, FEP = 6.
PHY-1001 : End Stage 2.5.5.5 | Update Timing; Time: 0.346147s wall, 0.343750s user + 0.000000s system = 0.343750s CPU (99.3%); Memory(MB): used = 2517, reserved = 2511, peak = 2517;

PHY-1001 : Stage 2.5.5.6 | Commit Data
PHY-1001 : Commit better result to database ...
PHY-1001 : End Stage 2.5.5.6 | Commit Data; Time: 0.041476s wall, 0.031250s user + 0.000000s system = 0.031250s CPU (75.3%); Memory(MB): used = 2517, reserved = 2511, peak = 2517;

PHY-1001 : End Stage 2.5.5 | Phase 5; Time: 3.398278s wall, 6.687500s user + 0.015625s system = 6.703125s CPU (197.3%); Memory(MB): used = 2517, reserved = 2511, peak = 2517;

PHY-1001 : Stage 2.5.6 | Phase 6
PHY-1001 : Stage 2.5.6.1 | Hold TimeOptimization
PHY-1001 : Iter 0; Processed 8 pins with HWNS 0.019ns HTNS 0.000ns FEP 0 took 0.10599 seconds.
PHY-1001 : Iter 1; Processed 9 pins with HWNS 0.019ns HTNS 0.000ns FEP 0 took 0.115932 seconds.
PHY-1001 : len = 7.31011e+06, over cnt = 5(0%), over = 6, worst = 2, crit = 0
PHY-1001 : End Stage 2.5.6.1 | Hold TimeOptimization; Time: 0.340007s wall, 0.328125s user + 0.015625s system = 0.343750s CPU (101.1%); Memory(MB): used = 2517, reserved = 2511, peak = 2517;

PHY-1001 : Stage 2.5.6.2 | High Fanout Nets Optimization
PHY-1001 : High fanout net optimize summary:
PHY-1001 : Process 4 nets and 4 pins with SWNS -0.265ns STNS -0.339ns FEP 2.
PHY-1001 : len = 7.31058e+06, over cnt = 5(0%), over = 6, worst = 2, crit = 0
PHY-1001 : End Stage 2.5.6.2 | High Fanout Nets Optimization; Time: 0.795074s wall, 1.015625s user + 0.000000s system = 1.015625s CPU (127.7%); Memory(MB): used = 2517, reserved = 2511, peak = 2517;

PHY-1001 : Stage 2.5.6.3 | Setup TimeOptimization
PHY-1001 : Start to optimize setup violation with net base ...
PHY-1001 : Iter 1; Processed 5 pins with SWNS -0.265ns STNS -0.339ns FEP 2 took 0.214484 seconds.
PHY-1001 : Mark 809 critical net(s) and 1425 critical pin(s).
PHY-1001 : len = 7.31058e+06, over cnt = 5(0%), over = 6, worst = 2, crit = 0
PHY-1001 : End Stage 2.5.6.3 | Setup TimeOptimization; Time: 0.635093s wall, 1.031250s user + 0.093750s system = 1.125000s CPU (177.1%); Memory(MB): used = 2517, reserved = 2511, peak = 2517;

PHY-1001 : Stage 2.5.6.4 | Rip-up And ReRoute
PHY-1001 : Iter 1: len = 7.31016e+06, over cnt = 0(0%), over = 0, worst = 0, crit = 0, time(s) = 0.04
PHY-1001 : Update congestion ...
PHY-1001 : Marking 768 (20.00%) hot zones with cutoff utilization 82.35.
PHY-1001 : Congestion index:
PHY-1001 : top1  = 100.00(S 90.55, N 89.89, E 100.00, W 99.23, I 71.57, O 85.03)
PHY-1001 : top5  = 97.01(S 84.57, N 83.86, E 95.24, W 93.86, I 59.27, O 70.72)
PHY-1001 : top10 = 94.54(S 80.63, N 79.78, E 90.86, W 90.34, I 56.42, O 64.39)
PHY-1001 : top15 = 92.34(S 77.64, N 76.66, E 87.66, W 87.68, I 54.26, O 60.16)
PHY-1001 : End update congestion; 0.015336s wall, 0.015625s user + 0.000000s system = 0.015625s CPU (101.9%)

PHY-1001 : End Stage 2.5.6.4 | Rip-up And ReRoute; Time: 0.093158s wall, 0.546875s user + 0.000000s system = 0.546875s CPU (587.0%); Memory(MB): used = 2517, reserved = 2511, peak = 2517;

PHY-1001 : Stage 2.5.6.5 | Update Timing
PHY-1001 : 121/34326(0%) critical/total net(s).
PHY-1001 : Setup: WNS(ns) = -0.265, TNS(ns) = -0.339, FEP = 2 | Hold: WNS(ns) = -0.067, TNS(ns) = -0.234, FEP = 5.
PHY-1001 : End Stage 2.5.6.5 | Update Timing; Time: 0.270000s wall, 0.265625s user + 0.000000s system = 0.265625s CPU (98.4%); Memory(MB): used = 2517, reserved = 2511, peak = 2517;

PHY-1001 : Stage 2.5.6.6 | Commit Data
PHY-1001 : Commit better result to database ...
PHY-1001 : End Stage 2.5.6.6 | Commit Data; Time: 0.039794s wall, 0.046875s user + 0.000000s system = 0.046875s CPU (117.8%); Memory(MB): used = 2517, reserved = 2511, peak = 2517;

PHY-1001 : End Stage 2.5.6 | Phase 6; Time: 2.540311s wall, 3.843750s user + 0.265625s system = 4.109375s CPU (161.8%); Memory(MB): used = 2517, reserved = 2511, peak = 2517;

PHY-1001 : Stage 2.5.7 | Phase 7
PHY-1001 : Stage 2.5.7.1 | Hold TimeOptimization
PHY-1001 : Iter 0; Processed 8 pins with HWNS 0.019ns HTNS 0.000ns FEP 0 took 0.0963186 seconds.
PHY-1001 : Iter 1; Processed 9 pins with HWNS 0.019ns HTNS 0.000ns FEP 0 took 0.0884042 seconds.
PHY-1001 : len = 7.31054e+06, over cnt = 6(0%), over = 6, worst = 1, crit = 0
PHY-1001 : End Stage 2.5.7.1 | Hold TimeOptimization; Time: 0.278943s wall, 1.171875s user + 0.000000s system = 1.171875s CPU (420.1%); Memory(MB): used = 2517, reserved = 2511, peak = 2517;

PHY-1001 : Stage 2.5.7.2 | High Fanout Nets Optimization
PHY-1001 : High fanout net optimize summary:
PHY-1001 : Process 1 nets and 1 pins with SWNS -0.265ns STNS -0.339ns FEP 2.
PHY-1001 : len = 7.31054e+06, over cnt = 6(0%), over = 6, worst = 1, crit = 0
PHY-1001 : End Stage 2.5.7.2 | High Fanout Nets Optimization; Time: 0.319456s wall, 0.312500s user + 0.000000s system = 0.312500s CPU (97.8%); Memory(MB): used = 2517, reserved = 2511, peak = 2517;

PHY-1001 : Stage 2.5.7.3 | Setup TimeOptimization
PHY-1001 : Start to optimize setup violation with net base ...
PHY-1001 : Iter 1; Processed 5 pins with SWNS -0.265ns STNS -0.339ns FEP 2 took 0.178532 seconds.
PHY-1001 : Mark 809 critical net(s) and 1425 critical pin(s).
PHY-1001 : len = 7.31054e+06, over cnt = 6(0%), over = 6, worst = 1, crit = 0
PHY-1001 : End Stage 2.5.7.3 | Setup TimeOptimization; Time: 0.564053s wall, 0.562500s user + 0.000000s system = 0.562500s CPU (99.7%); Memory(MB): used = 2517, reserved = 2511, peak = 2517;

PHY-1001 : Stage 2.5.7.4 | Rip-up And ReRoute
PHY-1001 : Iter 1: len = 7.30978e+06, over cnt = 0(0%), over = 0, worst = 0, crit = 0, time(s) = 0.04
PHY-1001 : Update congestion ...
PHY-1001 : Marking 768 (20.00%) hot zones with cutoff utilization 82.35.
PHY-1001 : Congestion index:
PHY-1001 : top1  = 100.00(S 90.55, N 89.89, E 100.00, W 99.23, I 71.57, O 85.03)
PHY-1001 : top5  = 97.01(S 84.57, N 83.86, E 95.24, W 93.86, I 59.27, O 70.72)
PHY-1001 : top10 = 94.54(S 80.63, N 79.78, E 90.86, W 90.34, I 56.42, O 64.39)
PHY-1001 : top15 = 92.34(S 77.64, N 76.66, E 87.66, W 87.68, I 54.26, O 60.16)
PHY-1001 : End update congestion; 0.015144s wall, 0.000000s user + 0.015625s system = 0.015625s CPU (103.2%)

PHY-1001 : End Stage 2.5.7.4 | Rip-up And ReRoute; Time: 0.089436s wall, 0.437500s user + 0.015625s system = 0.453125s CPU (506.6%); Memory(MB): used = 2517, reserved = 2511, peak = 2517;

PHY-1001 : Stage 2.5.7.5 | Update Timing
PHY-1001 : 121/34326(0%) critical/total net(s).
PHY-1001 : Setup: WNS(ns) = -0.265, TNS(ns) = -0.339, FEP = 2 | Hold: WNS(ns) = -0.048, TNS(ns) = -0.114, FEP = 5.
PHY-1001 : End Stage 2.5.7.5 | Update Timing; Time: 0.263960s wall, 0.234375s user + 0.000000s system = 0.234375s CPU (88.8%); Memory(MB): used = 2517, reserved = 2511, peak = 2517;

PHY-1001 : Stage 2.5.7.6 | Commit Data
PHY-1001 : Commit better result to database ...
PHY-1001 : End Stage 2.5.7.6 | Commit Data; Time: 0.042148s wall, 0.046875s user + 0.000000s system = 0.046875s CPU (111.2%); Memory(MB): used = 2517, reserved = 2511, peak = 2517;

PHY-1001 : End Stage 2.5.7 | Phase 7; Time: 1.911956s wall, 3.328125s user + 0.015625s system = 3.343750s CPU (174.9%); Memory(MB): used = 2517, reserved = 2511, peak = 2517;

PHY-1001 : End Stage 2.5 | Routing Optimization; Time: 220.067016s wall, 308.859375s user + 1.343750s system = 310.203125s CPU (141.0%); Memory(MB): used = 2517, reserved = 2511, peak = 2517;

PHY-1001 : Stage 2.6 | Multi-try route Optimization
PHY-1001 : Original timing status: SWNS -265ps, STNS -339ps, FEP 2.
PHY-1001 : Start to multi-try route opt...
PHY-1033 : Iter 1, processed 10 pins with SWNS -265 -> -232ps STNS -339 -> -306ps FEP 2 -> 2.
PHY-1033 : Iter 2, processed 10 pins with SWNS -232 -> -209ps STNS -306 -> -283ps FEP 2 -> 2.
PHY-1033 : Iter 3, processed 10 pins with SWNS -209 -> -203ps STNS -283 -> -277ps FEP 2 -> 2.
PHY-1033 : Iter 4, processed 10 pins with SWNS -203 -> -190ps STNS -277 -> -264ps FEP 2 -> 2.
PHY-1033 : Iter 5, processed 10 pins with SWNS -190 -> -146ps STNS -264 -> -220ps FEP 2 -> 2.
PHY-1033 : Iter 6, processed 10 pins with SWNS -146 -> -144ps STNS -220 -> -218ps FEP 2 -> 2.
PHY-1033 : Iter 7, processed 10 pins with SWNS -144 -> -144ps STNS -218 -> -218ps FEP 2 -> 2.
PHY-1033 : Try cnt 54, commit cnt 22(40.74%).
PHY-1001 : len = 7.31296e+06, over cnt = 0(0%), over = 0, worst = 0, crit = 0
PHY-1001 : Update timing ...
PHY-1001 : 60/34326(0%) critical/total net(s).
PHY-1001 : Setup: WNS(ns) = -0.144, TNS(ns) = -0.218, FEP = 2 | Hold: WNS(ns) = -0.048, TNS(ns) = -0.114, FEP = 5.
PHY-1001 : End update timing; 0.310382s wall, 0.296875s user + 0.000000s system = 0.296875s CPU (95.6%)

PHY-1001 : End multi-try route opt;  38.296492s wall, 66.937500s user + 0.203125s system = 67.140625s CPU (175.3%)

PHY-1001 : End Stage 2.6 | Multi-try route Optimization; Time: 38.365778s wall, 67.000000s user + 0.203125s system = 67.203125s CPU (175.2%); Memory(MB): used = 2521, reserved = 2515, peak = 2521;

PHY-1003 : Routed, final wirelength = 7.31296e+06
RUN-1001 : Clock region assignment statistics:
RUN-1001 : Clock Region s_0_l [0,0][23,39]; Utilization: 7 out of 12
RUN-1001 : -----------------------------------------------------------------------------------------------------------------------------------------------------------------------------------------------------------------------------------------------------------------------------------------------------------------------------------------------------------------------------------------------------------------------------------------------------
RUN-1001 :   Bank  |                                                   Assigned Clock                                                   |                                                    Route Clock                                                     |  Marking  |                                                                          Buffer                                                                           |  Regional Clock Fanouts  
RUN-1001 : -----------------------------------------------------------------------------------------------------------------------------------------------------------------------------------------------------------------------------------------------------------------------------------------------------------------------------------------------------------------------------------------------------------------------------------------------------
RUN-1001 :    1    |      u_isp_top/u_demosaic/raw_matrix_3x3_buffer_d/zhenghe_d/blk_mem_gen_zhenghe_d1/ram_d32970204f32_Inst/clkb      |      u_isp_top/u_demosaic/raw_matrix_3x3_buffer_d/zhenghe_d/blk_mem_gen_zhenghe_d1/ram_d32970204f32_Inst/clkb      |           |                           u_mipi_dphy_rx_ph1p_mipiio_wrapper/u_ph1p_mipiio_rx_wrapper/bufg_feedback_auto_created_sclk_s_0_l_bk1                           |           1992           
RUN-1001 :    2    |                 u_ph1p35_324_ddr_wrapper/u_ddr2/ph1p_ddrmc_wrapper/ph1p_ddrmc_top/u_alc_mc_top/clk                 |                 u_ph1p35_324_ddr_wrapper/u_ddr2/ph1p_ddrmc_wrapper/ph1p_ddrmc_top/u_alc_mc_top/clk                 |           |   u_ph1p35_324_ddr_wrapper/u_ddr2/ph1p_ddrmc_wrapper/ph1p_ddrmc_top/u_ddr_phy/u_ddrphy_top/u_ddrphy_clk/u_pll1/u_bufg_fbclk_auto_created_sclk_s_0_l_bk2   |           639            
RUN-1001 :    3    |                                             u_hdmi_mixer/I_clk_syn_654                                             |                                             u_hdmi_mixer/I_clk_syn_654                                             |           |                                              u_hdmi_mixer/I_clk_created_gclkinst_auto_created_sclk_s_0_l_bk3                                              |           126            
RUN-1001 :    4    |                                                  I_sys_clk_syn_8                                                   |                                                  I_sys_clk_syn_8                                                   |           |                                               I_sys_clk_dup_6_created_gclkinst_auto_created_sclk_s_0_l_bk4                                                |            69            
RUN-1001 :    5    |                                                  O_cam_24m_syn_3                                                   |                                                  O_cam_24m_syn_3                                                   |           |                                               O_cam_24m_dup_1_created_gclkinst_auto_created_sclk_s_0_l_bk5                                                |            29            
RUN-1001 :    6    |                                       u_uicfgcs500/uii2c_inst/scl_clk_syn_9                                        |                                       u_uicfgcs500/uii2c_inst/scl_clk_syn_9                                        |           |                                       u_uicfgcs500/uii2c_inst/scl_clk_created_gclkinst_auto_created_sclk_s_0_l_bk6                                        |            15            
RUN-1001 :    7    |  u_ph1p35_324_ddr_wrapper/u_ddr2/ph1p_ddrmc_wrapper/ph1p_ddrmc_top/u_ddr_phy/u_ddrphy_top/u_ddrphy/apb_pclk_syn_1  |  u_ph1p35_324_ddr_wrapper/u_ddr2/ph1p_ddrmc_wrapper/ph1p_ddrmc_top/u_ddr_phy/u_ddrphy_top/u_ddrphy/apb_pclk_syn_1  |           |  u_ph1p35_324_ddr_wrapper/u_ddr2/ph1p_ddrmc_wrapper/ph1p_ddrmc_top/u_ddr_phy/u_ddrphy_top/u_ddrphy/apb_pclk_created_gclkinst_auto_created_sclk_s_0_l_bk7  |            3             
RUN-1001 : -----------------------------------------------------------------------------------------------------------------------------------------------------------------------------------------------------------------------------------------------------------------------------------------------------------------------------------------------------------------------------------------------------------------------------------------------------
RUN-1001 : Clock Region s_0_r [24,0][47,39]; Utilization: 4 out of 12
RUN-1001 : -----------------------------------------------------------------------------------------------------------------------------------------------------------------------------------------------------------------------------------------------------------------------------------------------------------------------------------------------------------------------------------
RUN-1001 :   Bank  |                                               Assigned Clock                                               |                                                Route Clock                                                 |  Marking  |                                                 Buffer                                                  |  Regional Clock Fanouts  
RUN-1001 : -----------------------------------------------------------------------------------------------------------------------------------------------------------------------------------------------------------------------------------------------------------------------------------------------------------------------------------------------------------------------------------
RUN-1001 :    1    |  u_isp_top/u_demosaic/raw_matrix_3x3_buffer_d/zhenghe_d/blk_mem_gen_zhenghe_d1/ram_d32970204f32_Inst/clkb  |  u_isp_top/u_demosaic/raw_matrix_3x3_buffer_d/zhenghe_d/blk_mem_gen_zhenghe_d1/ram_d32970204f32_Inst/clkb  |           |  u_mipi_dphy_rx_ph1p_mipiio_wrapper/u_ph1p_mipiio_rx_wrapper/bufg_feedback_auto_created_sclk_s_0_r_bk1  |           2324           
RUN-1001 :    2    |                                         u_hdmi_mixer/I_clk_syn_654                                         |                                         u_hdmi_mixer/I_clk_syn_654                                         |           |                     u_hdmi_mixer/I_clk_created_gclkinst_auto_created_sclk_s_0_r_bk2                     |           102            
RUN-1001 :    3    |                                              O_cam_24m_syn_3                                               |                                              O_cam_24m_syn_3                                               |           |                      O_cam_24m_dup_1_created_gclkinst_auto_created_sclk_s_0_r_bk3                       |            19            
RUN-1001 :    4    |            u_mipi_dphy_rx_ph1p_mipiio_wrapper/u_ph1p_mipiio_rx_wrapper/u_lane0_hs_detect/I_clk             |            u_mipi_dphy_rx_ph1p_mipiio_wrapper/u_ph1p_mipiio_rx_wrapper/u_lane0_hs_detect/I_clk             |           |                             u_PLL/bufg_feedback_auto_created_sclk_s_0_r_bk4                             |            7             
RUN-1001 : -----------------------------------------------------------------------------------------------------------------------------------------------------------------------------------------------------------------------------------------------------------------------------------------------------------------------------------------------------------------------------------
RUN-1001 : Clock Region s_1_l [0,40][23,79]; Utilization: 5 out of 12
RUN-1001 : -----------------------------------------------------------------------------------------------------------------------------------------------------------------------------------------------------------------------------------------------------------------------------------------------------------------------------------------------------------------------------------------------------------------------------------------------------
RUN-1001 :   Bank  |                                                   Assigned Clock                                                   |                                                    Route Clock                                                     |  Marking  |                                                                          Buffer                                                                           |  Regional Clock Fanouts  
RUN-1001 : -----------------------------------------------------------------------------------------------------------------------------------------------------------------------------------------------------------------------------------------------------------------------------------------------------------------------------------------------------------------------------------------------------------------------------------------------------
RUN-1001 :    1    |                 u_ph1p35_324_ddr_wrapper/u_ddr2/ph1p_ddrmc_wrapper/ph1p_ddrmc_top/u_alc_mc_top/clk                 |                 u_ph1p35_324_ddr_wrapper/u_ddr2/ph1p_ddrmc_wrapper/ph1p_ddrmc_top/u_alc_mc_top/clk                 |           |   u_ph1p35_324_ddr_wrapper/u_ddr2/ph1p_ddrmc_wrapper/ph1p_ddrmc_top/u_ddr_phy/u_ddrphy_top/u_ddrphy_clk/u_pll1/u_bufg_fbclk_auto_created_sclk_s_1_l_bk1   |           1411           
RUN-1001 :    2    |      u_isp_top/u_demosaic/raw_matrix_3x3_buffer_d/zhenghe_d/blk_mem_gen_zhenghe_d1/ram_d32970204f32_Inst/clkb      |      u_isp_top/u_demosaic/raw_matrix_3x3_buffer_d/zhenghe_d/blk_mem_gen_zhenghe_d1/ram_d32970204f32_Inst/clkb      |           |                           u_mipi_dphy_rx_ph1p_mipiio_wrapper/u_ph1p_mipiio_rx_wrapper/bufg_feedback_auto_created_sclk_s_1_l_bk2                           |           1775           
RUN-1001 :    3    |                                             u_hdmi_mixer/I_clk_syn_654                                             |                                             u_hdmi_mixer/I_clk_syn_654                                             |           |                                              u_hdmi_mixer/I_clk_created_gclkinst_auto_created_sclk_s_1_l_bk3                                              |           262            
RUN-1001 :    4    |  u_ph1p35_324_ddr_wrapper/u_ddr2/ph1p_ddrmc_wrapper/ph1p_ddrmc_top/u_ddr_phy/u_ddrphy_top/u_ddrphy/apb_pclk_syn_1  |  u_ph1p35_324_ddr_wrapper/u_ddr2/ph1p_ddrmc_wrapper/ph1p_ddrmc_top/u_ddr_phy/u_ddrphy_top/u_ddrphy/apb_pclk_syn_1  |           |  u_ph1p35_324_ddr_wrapper/u_ddr2/ph1p_ddrmc_wrapper/ph1p_ddrmc_top/u_ddr_phy/u_ddrphy_top/u_ddrphy/apb_pclk_created_gclkinst_auto_created_sclk_s_1_l_bk4  |            26            
RUN-1001 :    5    |                                                  O_cam_24m_syn_3                                                   |                                                  O_cam_24m_syn_3                                                   |           |                                               O_cam_24m_dup_1_created_gclkinst_auto_created_sclk_s_1_l_bk5                                                |            14            
RUN-1001 : -----------------------------------------------------------------------------------------------------------------------------------------------------------------------------------------------------------------------------------------------------------------------------------------------------------------------------------------------------------------------------------------------------------------------------------------------------
RUN-1001 : Clock Region s_1_r [24,40][43,79]; Utilization: 5 out of 12
RUN-1001 : -----------------------------------------------------------------------------------------------------------------------------------------------------------------------------------------------------------------------------------------------------------------------------------------------------------------------------------------------------------------------------------------------------------------------------------
RUN-1001 :   Bank  |                                               Assigned Clock                                               |                                                Route Clock                                                 |  Marking  |                                                                         Buffer                                                                          |  Regional Clock Fanouts  
RUN-1001 : -----------------------------------------------------------------------------------------------------------------------------------------------------------------------------------------------------------------------------------------------------------------------------------------------------------------------------------------------------------------------------------------------------------------------------------
RUN-1001 :    1    |            u_mipi_dphy_rx_ph1p_mipiio_wrapper/u_ph1p_mipiio_rx_wrapper/u_lane0_hs_detect/I_clk             |            u_mipi_dphy_rx_ph1p_mipiio_wrapper/u_ph1p_mipiio_rx_wrapper/u_lane0_hs_detect/I_clk             |           |                                                     u_PLL/bufg_feedback_auto_created_sclk_s_1_r_bk1                                                     |            1             
RUN-1001 :    2    |  u_isp_top/u_demosaic/raw_matrix_3x3_buffer_d/zhenghe_d/blk_mem_gen_zhenghe_d1/ram_d32970204f32_Inst/clkb  |  u_isp_top/u_demosaic/raw_matrix_3x3_buffer_d/zhenghe_d/blk_mem_gen_zhenghe_d1/ram_d32970204f32_Inst/clkb  |           |                          u_mipi_dphy_rx_ph1p_mipiio_wrapper/u_ph1p_mipiio_rx_wrapper/bufg_feedback_auto_created_sclk_s_1_r_bk2                          |           2266           
RUN-1001 :    3    |                                         u_hdmi_mixer/I_clk_syn_654                                         |                                         u_hdmi_mixer/I_clk_syn_654                                         |           |                                             u_hdmi_mixer/I_clk_created_gclkinst_auto_created_sclk_s_1_r_bk3                                             |           405            
RUN-1001 :    4    |                      u_hdmi_tx/u_hdmi2phy_wrapper/u0_lane_lvds_8_1/I_serial_clk_syn_1                      |                      u_hdmi_tx/u_hdmi2phy_wrapper/u0_lane_lvds_8_1/I_serial_clk_syn_1                      |           |                         u_hdmi_tx/u_hdmi2phy_wrapper/u0_lane_lvds_8_1/I_serial_clk_created_gclkinst_auto_created_sclk_s_1_r_bk4                         |            36            
RUN-1001 :    5    |             u_ph1p35_324_ddr_wrapper/u_ddr2/ph1p_ddrmc_wrapper/ph1p_ddrmc_top/u_alc_mc_top/clk             |             u_ph1p35_324_ddr_wrapper/u_ddr2/ph1p_ddrmc_wrapper/ph1p_ddrmc_top/u_alc_mc_top/clk             |           |  u_ph1p35_324_ddr_wrapper/u_ddr2/ph1p_ddrmc_wrapper/ph1p_ddrmc_top/u_ddr_phy/u_ddrphy_top/u_ddrphy_clk/u_pll1/u_bufg_fbclk_auto_created_sclk_s_1_r_bk5  |            2             
RUN-1001 : -----------------------------------------------------------------------------------------------------------------------------------------------------------------------------------------------------------------------------------------------------------------------------------------------------------------------------------------------------------------------------------------------------------------------------------
PHY-1001 : Current memory(MB): used = 2522, reserved = 2516, peak = 2522.
PHY-1001 : End export database. 0.051042s wall, 0.062500s user + 0.000000s system = 0.062500s CPU (122.4%)

PHY-1001 : End detail routing;  292.593910s wall, 443.671875s user + 1.671875s system = 445.343750s CPU (152.2%)

PHY-1001 : End Stage 2 | Detail Routing; Time: 292.594026s wall, 443.671875s user + 1.671875s system = 445.343750s CPU (152.2%); Memory(MB): used = 2522, reserved = 2516, peak = 2522;

RUN-1002 : start command "phys_opt -post_route -effort low"
RUN-1002 : start command "start_timer -keep_rs"
RUN-1003 : finish command "start_timer -keep_rs" in  1.763364s wall, 1.750000s user + 0.000000s system = 1.750000s CPU (99.2%)

RUN-1004 : used memory is 2522 MB, reserved memory is 2516 MB, peak memory is 2522 MB
OPT-1001 : Total overflow 0.00 peak overflow 0.00
OPT-1001 : Stage 3 | Optimize Path After Routing
PHY-1034 : Refresh detailed routing grids ...
PHY-1001 : Loading existing routes ...
RUN-1001 : Clock Statistics :
RUN-1001 : -----------------------------------------------------------------------------------------------------------------
RUN-1001 :   Index  |                                   Clock Net                                   |         Type          
RUN-1001 : -----------------------------------------------------------------------------------------------------------------
RUN-1001 :     1    |                                u_PLL/clk0_buf                                 |       User GCLK       
RUN-1001 :     2    | u_mipi_dphy_rx_ph1p_mipiio_wrapper/u_ph1p_mipiio_rx_wrapper/S_mipiio_hs_r...  |       User GCLK       
RUN-1001 :     3    | u_ph1p35_324_ddr_wrapper/u_ddr2/ph1p_ddrmc_wrapper/ph1p_ddrmc_top/u_ddr_p...  |       User GCLK       
RUN-1001 :     4    |                                I_sys_clk_dup_6                                |     Inferred GCLK     
RUN-1001 :     5    |                              u_hdmi_mixer/I_clk                               |     Inferred GCLK     
RUN-1001 :     6    |                                O_cam_24m_dup_1                                |     Inferred GCLK     
RUN-1001 :     7    |          u_hdmi_tx/u_hdmi2phy_wrapper/u0_lane_lvds_8_1/I_serial_clk           |     Inferred GCLK     
RUN-1001 :     8    | u_ph1p35_324_ddr_wrapper/u_ddr2/ph1p_ddrmc_wrapper/ph1p_ddrmc_top/u_ddr_p...  |     Inferred GCLK     
RUN-1001 :     9    |                        u_uicfgcs500/uii2c_inst/scl_clk                        |     Inferred GCLK     
RUN-1001 :    10    | u_ph1p35_324_ddr_wrapper/u_ddr2/ph1p_ddrmc_wrapper/ph1p_ddrmc_top/u_ddr_p...  |  User Multi-Regional  
RUN-1001 :    11    | u_ph1p35_324_ddr_wrapper/u_ddr2/ph1p_ddrmc_wrapper/ph1p_ddrmc_top/u_ddr_p...  |  User Multi-Regional  
RUN-1001 :    12    | u_ph1p35_324_ddr_wrapper/u_ddr2/ph1p_ddrmc_wrapper/ph1p_ddrmc_top/u_ddr_p...  |     User Regional     
RUN-1001 :    13    | u_ph1p35_324_ddr_wrapper/u_ddr2/ph1p_ddrmc_wrapper/ph1p_ddrmc_top/u_ddr_p...  |     User Regional     
RUN-1001 :    14    | u_ph1p35_324_ddr_wrapper/u_ddr2/ph1p_ddrmc_wrapper/ph1p_ddrmc_top/u_ddr_p...  |     User Regional     
RUN-1001 :    15    | u_ph1p35_324_ddr_wrapper/u_ddr2/ph1p_ddrmc_wrapper/ph1p_ddrmc_top/u_ddr_p...  |     User Regional     
RUN-1001 : -----------------------------------------------------------------------------------------------------------------
PHY-1001 : eco open net = 0
OPT-1001 : Start post-route optimization ...
OPT-1001 : WNS -144 TNS -218 NUM_FEPS 2
OPT-1001 : Reroute critical path nets to improve timing ...
OPT-1001 : Reroute Iter 1 Best SWNS -74 STNS -142 NUM_FEPS 2 improved SWNS 70 STNS 76 with 1 net processed
OPT-1001 : Reroute Iter 2 Best SWNS -68 STNS -68 NUM_FEPS 1 improved SWNS 6 STNS 74 with 1 net processed
OPT-1001 : Reroute Iter 3 Best SWNS -60 STNS -60 NUM_FEPS 1 improved SWNS 8 STNS 8 with 1 net processed
OPT-1001 : Reroute Iter 4 Best SWNS -37 STNS -37 NUM_FEPS 1 improved SWNS 23 STNS 23 with 1 net processed
OPT-1001 : Reroute Iter 5 Best SWNS -37 STNS -37 NUM_FEPS 1 improved SWNS 0 STNS 0 with 0 net processed
OPT-1001 : Reroute Iter 6 Best SWNS -37 STNS -37 NUM_FEPS 1 improved SWNS 0 STNS 0 with 0 net processed
OPT-1001 : Fixing on SWNS mode with low effort
OPT-1001 : Relocation SWNS path with slack -37:
OPT-1001 : Relocation Iter 1: Best SWNS -30 STNS -30 NUM_FEPS 1 improved SWNS 7 STNS 7 with 1 cell processed
OPT-1001 : Reroute critical path nets to improve timing ...
OPT-1001 : Reroute Iter 1 Best SWNS -30 STNS -30 NUM_FEPS 1 improved SWNS 0 STNS 0 with 1 net processed
OPT-1001 : Reroute Iter 2 Best SWNS -6 STNS -6 NUM_FEPS 1 improved SWNS 24 STNS 24 with 1 net processed
OPT-1001 : Reroute Iter 3 Best SWNS 17 STNS 0 NUM_FEPS 0 improved SWNS 23 STNS 6 with 1 net processed
OPT-1001 : End post-route optimization;  19.896537s wall, 31.843750s user + 0.062500s system = 31.906250s CPU (160.4%)

OPT-1001 : End Stage 3 | Optimize Path After Routing; Time: 23.792186s wall, 35.671875s user + 0.062500s system = 35.734375s CPU (150.2%); Memory(MB): used = 2544, reserved = 2538, peak = 2544;

OPT-1001 : End physical optimization;  25.657341s wall, 37.515625s user + 0.062500s system = 37.578125s CPU (146.5%)

RUN-1001 : Post-route optimization summary
RUN-1001 : -----------------------------------------
RUN-1001 :   Metrics  |  Before  |  After  |  impr  
RUN-1001 : -----------------------------------------
RUN-1001 :    SWNS    |   -144   |   17    |  161   
RUN-1001 :    STNS    |   -218   |    0    |  218   
RUN-1001 :    FEPS    |    2     |    0    |   2    
RUN-1001 : -----------------------------------------
RUN-1001 : Attempt Statistics
RUN-1001 : -----------------------------------------------------
RUN-1001 :          Item         |  Total  |  Succ  |  Percent  
RUN-1001 : -----------------------------------------------------
RUN-1001 :   Attempt relocation  |    4    |   1    |  25.00%   
RUN-1001 :    Attempt reroute    |   31    |   7    |  22.58%   
RUN-1001 :       Attempt DR      |   35    |   31   |  88.57%   
RUN-1001 : -----------------------------------------------------
OPT-1001 : Total DR runtime: 10.852788
OPT-1001 : Total UT runtime: 7.856752
PHY-1001 : Stage 4 | Check And Add Lut-bridge
PHY-1001 : End Stage 4 | Check And Add Lut-bridge; Time: 0.079059s wall, 0.078125s user + 0.000000s system = 0.078125s CPU (98.8%); Memory(MB): used = 2544, reserved = 2538, peak = 2544;

PHY-1001 : Stage 5 | Lut Bridge Check
PHY-1001 : End Stage 5 | Lut Bridge Check; Time: 0.195311s wall, 0.187500s user + 0.000000s system = 0.187500s CPU (96.0%); Memory(MB): used = 2544, reserved = 2538, peak = 2544;

PHY-1001 : Stage 6 | Physical Net Status Check
PHY-1001 : End Stage 6 | Physical Net Status Check; Time: 0.045984s wall, 0.046875s user + 0.000000s system = 0.046875s CPU (101.9%); Memory(MB): used = 2544, reserved = 2538, peak = 2544;

PHY-1001 : Start multi-drive drc check......
PHY-1001 : No multi-drive.
PHY-1001 : Stage 7 | Clock Net Status Check
PHY-1001 : 2 clock net(s) utilize local routing resource.
PHY-5079 CRITICAL-WARNING: Marked 1 clock net(s) utilize the local routing resources. Please check log message and the sinks of clock nets.
RUN-1001 : CTS Local Wire Summary
RUN-1001 : ------------------------------------------------------------------------------------------------------------------------------------------------------------
RUN-1001 :    ClockName    |   DriverType    |  Clock/Fanout  |  LocalWireNum  |                                  NetName                                   |  Marked  
RUN-1001 : ------------------------------------------------------------------------------------------------------------------------------------------------------------
RUN-1001 :        -        |  AL_PHY_LSLICE  |      1/3       |       9        |                      u_uicfgcs500/uii2c_inst/scl_clk                       |    -     
RUN-1001 :   pll_clk_24m   |   AL_PHY_SCLK   |     28/29      |       3        |  O_cam_24m_dup_1_created_gclkinst_auto_created_sclk_s_0_l_bk5_sclk_outnet  |   true   
RUN-1001 : ------------------------------------------------------------------------------------------------------------------------------------------------------------
PHY-5088 WARNING: Clock_Analyzer: Detected 1 buffer(s) clkin net because they drive non-clock sinks. Run "analyze_clock -detail" for more infomation.
PHY-5088 WARNING: Clock_Analyzer: Detected 1 buffer(s) clkout net because they drive non-clock sinks. Run "analyze_clock -detail" for more infomation.
PHY-5088 WARNING: Clock_Analyzer: 2 clock-net(s) because they drive other clock net, may cause clock skew. Run "analyze_clock -detail" for more infomation.
PHY-1001 : End Stage 7 | Clock Net Status Check; Time: 0.059032s wall, 0.062500s user + 0.000000s system = 0.062500s CPU (105.9%); Memory(MB): used = 2544, reserved = 2538, peak = 2544;

PHY-1001 : Stage 8 | Abnormal Timing Path check
PHY-1001 : No abnormal timing path.
PHY-1001 : End Stage 8 | Abnormal Timing Path check; Time: 0.271532s wall, 0.281250s user + 0.000000s system = 0.281250s CPU (103.6%); Memory(MB): used = 2544, reserved = 2538, peak = 2544;

RUN-1003 : finish command "phys_opt -post_route -effort low" in  26.375038s wall, 38.234375s user + 0.062500s system = 38.296875s CPU (145.2%)

RUN-1004 : used memory is 2544 MB, reserved memory is 2538 MB, peak memory is 2544 MB
RUN-1002 : start command "fix_hold"

PHY-1001 : Stage 9 | Hold Fix
PHY-1001 : Stage 9.1 | Load Design Data
PHY-1034 : Refresh detailed routing grids ...
PHY-1001 : Generate nets ...
PHY-1001 : eco open net = 0
PHY-1001 : End Stage 9.1 | Load Design Data; Time: 0.349553s wall, 0.343750s user + 0.000000s system = 0.343750s CPU (98.3%); Memory(MB): used = 2544, reserved = 2538, peak = 2544;

PHY-1001 : Stage 9.2 | Hold Fix Optimization
RUN-1002 : start command "start_timer"
8.888000
15.000000
15.000000
19.230000
RUN-1003 : finish command "start_timer" in  1.987436s wall, 1.968750s user + 0.000000s system = 1.968750s CPU (99.1%)

RUN-1004 : used memory is 2543 MB, reserved memory is 2536 MB, peak memory is 2544 MB
PHY-1001 : Timing info: SWNS 0.017ns | STNS 0.000ns | HWNS -0.048ns | HTNS -0.114ns.
PHY-1001 : Processing hold violation on 8 end-point, worst slack = -48ps, best slack = 19ps.
PHY-1001 : End timing refresh.  5.330369s wall, 5.187500s user + 0.015625s system = 5.203125s CPU (97.6%)

PHY-1001 : Stage 9.2.1 | Phase 1
PHY-1001 : Stage 9.2.1.1 | Hold Fix By LutBridge
PHY-1001 : len = 7.31515e+06, over cnt = 0(0%), over = 0, worst = 0, crit = 0
PHY-1001 : Bridge count = 5; unresolved count = 0.
PHY-1001 : 0 out of 8 ((0.00)%) EP fixed by LB.
PHY-1001 : End Stage 9.2.1.1 | Hold Fix By LutBridge; Time: 0.166986s wall, 0.156250s user + 0.000000s system = 0.156250s CPU (93.6%); Memory(MB): used = 2543, reserved = 2536, peak = 2544;

PHY-1001 : Timing info: SWNS 0.017ns | STNS 0.000ns | HWNS -0.048ns | HTNS -0.055ns.
PHY-1001 : Processing hold violation on 5 end-point, worst slack = -48ps, best slack = 19ps.
PHY-1001 : End timing refresh.  0.099168s wall, 0.109375s user + 0.000000s system = 0.109375s CPU (110.3%)

PHY-1001 : Stage 9.2.1.2 | Hold Fix By Pin
PHY-1001 : len = 7.31523e+06, over cnt = 0(0%), over = 0, worst = 0, crit = 0
PHY-1001 : 3 out of 5 ((60.00)%) EP fixed by pin delay.
PHY-1001 : End Stage 9.2.1.2 | Hold Fix By Pin; Time: 0.365885s wall, 0.703125s user + 0.000000s system = 0.703125s CPU (192.2%); Memory(MB): used = 2543, reserved = 2536, peak = 2544;

PHY-1001 : Timing info: SWNS 0.017ns | STNS 0.000ns | HWNS -0.048ns | HTNS -0.048ns.
PHY-1001 : Processing hold violation on 2 end-point, worst slack = -48ps, best slack = 3ps.
PHY-1001 : End timing refresh.  0.101023s wall, 0.109375s user + 0.000000s system = 0.109375s CPU (108.3%)

PHY-1001 : Stage 9.2.1.3 | Hold Fix By Net
PHY-1001 : len = 7.31568e+06, over cnt = 0(0%), over = 0, worst = 0, crit = 0
PHY-1001 : 2 out of 2 ((100.00)%) EP fixed by net delay.
PHY-1001 : End Stage 9.2.1.3 | Hold Fix By Net; Time: 0.141321s wall, 0.312500s user + 0.000000s system = 0.312500s CPU (221.1%); Memory(MB): used = 2543, reserved = 2536, peak = 2544;

PHY-1001 : Timing info: SWNS 0.017ns | STNS 0.000ns | HWNS 0.020ns | HTNS 0.000ns.
PHY-1001 : End timing refresh.  0.103082s wall, 0.093750s user + 0.000000s system = 0.093750s CPU (90.9%)

PHY-1001 : End Stage 9.2.1 | Phase 1; Time: 1.010997s wall, 1.531250s user + 0.000000s system = 1.531250s CPU (151.5%); Memory(MB): used = 2543, reserved = 2536, peak = 2544;

PHY-1001 : End Stage 9.2 | Hold Fix Optimization; Time: 6.343074s wall, 6.718750s user + 0.015625s system = 6.734375s CPU (106.2%); Memory(MB): used = 2543, reserved = 2536, peak = 2544;

PHY-1001 : End Stage 9 | Hold Fix; Time: 6.824720s wall, 7.203125s user + 0.015625s system = 7.218750s CPU (105.8%); Memory(MB): used = 2543, reserved = 2536, peak = 2544;

RUN-1003 : finish command "fix_hold" in  6.840704s wall, 7.218750s user + 0.015625s system = 7.234375s CPU (105.8%)

RUN-1004 : used memory is 2543 MB, reserved memory is 2536 MB, peak memory is 2544 MB
PHY-1001 : Stage 10 | Report Route Qor
RUN-1002 : start command "report_qor -step route -file route.qor"
RUN-1002 : start command "start_timer"
RUN-1003 : finish command "start_timer" in  1.740029s wall, 1.734375s user + 0.000000s system = 1.734375s CPU (99.7%)

RUN-1004 : used memory is 2543 MB, reserved memory is 2536 MB, peak memory is 2544 MB
-----------------------------------------------------------
| QoR metrics               |         value               |
-----------------------------------------------------------
| Timing                    |                             |
|     Setup WNS             |           17                |
|     Setup TNS             |            0                |
|     Num of violated S-EP  |            0                |
|     Hold WNS              |           20                |
|     Hold TNS              |            0                |
|     Num of violated H-EP  |            0                |
-----------------------------------------------------------
| Routing Resource          |                             |
|     Wire length           |      7315680                |
-----------------------------------------------------------
| Utilization               |                             |
|     #slices               |        19426                |
|     slices percentage     |       91.56%                |
|     #RAMs                 |          108                |
|     #DSPs                 |           31                |
|     #DRAMHARDCON          |           53                |
-----------------------------------------------------------
Report route stage QoR done.

RUN-1003 : finish command "report_qor -step route -file route.qor" in  4.985938s wall, 4.953125s user + 0.000000s system = 4.953125s CPU (99.3%)

RUN-1004 : used memory is 2544 MB, reserved memory is 2537 MB, peak memory is 2544 MB
RUN-1002 : start command "update_timing -mode final"
RUN-1002 : start command "start_timer"
RUN-1003 : finish command "start_timer" in  1.784210s wall, 1.734375s user + 0.000000s system = 1.734375s CPU (97.2%)

RUN-1004 : used memory is 2543 MB, reserved memory is 2536 MB, peak memory is 2544 MB
RUN-1003 : finish command "update_timing -mode final" in  4.948270s wall, 4.875000s user + 0.015625s system = 4.890625s CPU (98.8%)

RUN-1004 : used memory is 2544 MB, reserved memory is 2537 MB, peak memory is 2544 MB
RUN-1002 : start command "report_timing_summary -file final_timing.rpt"
OPT-1001 : QoR tracer report on route step:
    SWNS [   incr ]     STNS [    incr ]  S-FEPS [   incr ]    HWNS [   incr ]      HTNS [     incr ]    H-FEPS [     incr ]    CELL [   incr ]       WL [    incr ]   RT(s) [   incr ]   MEM(mb) [     incr ]
    -400 [      0 ]     -537 [       0 ]       5 [      0 ]    -200 [      0 ]     -8441 [        0 ]       201 [        0 ]   20817 [      0 ]  5723136 [       0 ]      41 [      0 ]      2471 [        0 ] : dr_initialization
     -23 [    377 ]      -23 [     514 ]       1 [     -4 ]     -32 [    168 ]       -67 [     8374 ]         3 [     -198 ]   20817 [      0 ]  5760336 [   37200 ]      47 [      6 ]      2474 [        3 ] : dr_timing_opt_phase1
   -2624 [  -2601 ]  -419206 [ -419183 ]     811 [    810 ]    -123 [    -91 ]     -1760 [    -1693 ]        45 [       42 ]   20817 [      0 ]  7221536 [ 1461200 ]     191 [    144 ]      2512 [       38 ] : dr_opt_phase1
    -265 [   2359 ]     -523 [  418683 ]       2 [   -809 ]      19 [    142 ]         0 [     1760 ]         0 [      -45 ]   20817 [      0 ]  7253664 [   32128 ]     198 [      7 ]      2513 [        1 ] : dr_timing_opt_phase2
    -876 [   -611 ]    -9549 [   -9026 ]      31 [     29 ]     -90 [   -109 ]      -292 [     -292 ]         9 [        9 ]   20817 [      0 ]  7299088 [   45424 ]     239 [     41 ]      2517 [        4 ] : dr_opt_phase2
    -265 [    611 ]     -268 [    9281 ]       2 [    -29 ]      19 [    109 ]         0 [      292 ]         0 [       -9 ]   20817 [      0 ]  7304208 [    5120 ]     242 [      3 ]      2517 [        0 ] : dr_timing_opt_phase3
    -509 [   -244 ]    -5184 [   -4916 ]      19 [     17 ]     -90 [   -109 ]      -396 [     -396 ]        10 [       10 ]   20817 [      0 ]  7305408 [    1200 ]     249 [      7 ]      2517 [        0 ] : dr_opt_phase3
    -265 [    244 ]     -339 [    4845 ]       2 [    -17 ]      19 [    109 ]         0 [      396 ]         0 [      -10 ]   20817 [      0 ]  7308000 [    2592 ]     251 [      2 ]      2517 [        0 ] : dr_timing_opt_phase4
    -265 [      0 ]     -886 [    -547 ]       7 [      5 ]     -38 [    -57 ]      -103 [     -103 ]         4 [        4 ]   20817 [      0 ]  7308848 [     848 ]     253 [      2 ]      2517 [        0 ] : dr_opt_phase4
    -265 [      0 ]     -339 [     547 ]       2 [     -5 ]      19 [     57 ]         0 [      103 ]         0 [       -4 ]   20817 [      0 ]  7309168 [     320 ]     255 [      2 ]      2517 [        0 ] : dr_timing_opt_phase5
    -265 [      0 ]     -671 [    -332 ]       4 [      2 ]     -67 [    -86 ]      -209 [     -209 ]         6 [        6 ]   20817 [      0 ]  7309344 [     176 ]     256 [      1 ]      2517 [        0 ] : dr_opt_phase5
    -265 [      0 ]     -339 [     332 ]       2 [     -2 ]      19 [     86 ]         0 [      209 ]         0 [       -6 ]   20817 [      0 ]  7310576 [    1232 ]     258 [      2 ]      2517 [        0 ] : dr_timing_opt_phase6
    -265 [      0 ]     -339 [       0 ]       2 [      0 ]     -67 [    -86 ]      -234 [     -234 ]         5 [        5 ]   20817 [      0 ]  7310160 [    -416 ]     259 [      1 ]      2517 [        0 ] : dr_opt_phase6
    -265 [      0 ]     -339 [       0 ]       2 [      0 ]      19 [     86 ]         0 [      234 ]         0 [       -5 ]   20817 [      0 ]  7310544 [     384 ]     260 [      1 ]      2517 [        0 ] : dr_timing_opt_phase7
    -265 [      0 ]     -339 [       0 ]       2 [      0 ]     -48 [    -67 ]      -114 [     -114 ]         5 [        5 ]   20817 [      0 ]  7309776 [    -768 ]     261 [      1 ]      2517 [        0 ] : dr_opt_phase7
    -144 [    121 ]     -218 [     121 ]       2 [      0 ]     -48 [      0 ]      -114 [        0 ]         5 [        0 ]   20817 [      0 ]  7312960 [    3184 ]     299 [     38 ]      2521 [        4 ] : multi_try_opt
      17 [    161 ]        0 [     218 ]       0 [     -2 ]     -48 [      0 ]      -114 [        0 ]         5 [        0 ]   20817 [      0 ]  7314800 [    1840 ]     326 [     27 ]      2544 [       23 ] : post_route_opt
      17 [      0 ]        0 [       0 ]       0 [      0 ]      20 [     68 ]         0 [      114 ]         0 [       -5 ]   20817 [      0 ]  7315680 [     880 ]     333 [      7 ]      2544 [        0 ] : fix_hold_opt

PHY-1001 : End Stage 10 | Report Route Qor; Time: 10.030185s wall, 9.921875s user + 0.015625s system = 9.937500s CPU (99.1%); Memory(MB): used = 2544, reserved = 2537, peak = 2544;

PHY-1001 : Stage 11 | Routing DRC
PHY-1001 : Stage 11.1 | Check And Add Lut-bridge
PHY-1001 : End Stage 11.1 | Check And Add Lut-bridge; Time: 0.078836s wall, 0.062500s user + 0.015625s system = 0.078125s CPU (99.1%); Memory(MB): used = 2544, reserved = 2537, peak = 2544;

PHY-1001 : Stage 11.2 | Lut Bridge Check
PHY-1001 : End Stage 11.2 | Lut Bridge Check; Time: 0.194289s wall, 0.187500s user + 0.000000s system = 0.187500s CPU (96.5%); Memory(MB): used = 2544, reserved = 2537, peak = 2544;

PHY-1001 : Stage 11.3 | Physical Net Status Check
PHY-1001 : End Stage 11.3 | Physical Net Status Check; Time: 0.052596s wall, 0.062500s user + 0.000000s system = 0.062500s CPU (118.8%); Memory(MB): used = 2544, reserved = 2537, peak = 2544;

PHY-1001 : Start multi-drive drc check......
PHY-1001 : No multi-drive.
PHY-1001 : Stage 11.4 | Clock Net Status Check
PHY-1001 : 2 clock net(s) utilize local routing resource.
PHY-5079 CRITICAL-WARNING: Marked 1 clock net(s) utilize the local routing resources. Please check log message and the sinks of clock nets.
RUN-1001 : CTS Local Wire Summary
RUN-1001 : ------------------------------------------------------------------------------------------------------------------------------------------------------------
RUN-1001 :    ClockName    |   DriverType    |  Clock/Fanout  |  LocalWireNum  |                                  NetName                                   |  Marked  
RUN-1001 : ------------------------------------------------------------------------------------------------------------------------------------------------------------
RUN-1001 :        -        |  AL_PHY_LSLICE  |      1/3       |       9        |                      u_uicfgcs500/uii2c_inst/scl_clk                       |    -     
RUN-1001 :   pll_clk_24m   |   AL_PHY_SCLK   |     28/29      |       3        |  O_cam_24m_dup_1_created_gclkinst_auto_created_sclk_s_0_l_bk5_sclk_outnet  |   true   
RUN-1001 : ------------------------------------------------------------------------------------------------------------------------------------------------------------
PHY-5088 WARNING: Clock_Analyzer: Detected 1 buffer(s) clkin net because they drive non-clock sinks. Run "analyze_clock -detail" for more infomation.
PHY-5088 WARNING: Clock_Analyzer: Detected 1 buffer(s) clkout net because they drive non-clock sinks. Run "analyze_clock -detail" for more infomation.
PHY-5088 WARNING: Clock_Analyzer: 2 clock-net(s) because they drive other clock net, may cause clock skew. Run "analyze_clock -detail" for more infomation.
PHY-1001 : End Stage 11.4 | Clock Net Status Check; Time: 0.062669s wall, 0.062500s user + 0.000000s system = 0.062500s CPU (99.7%); Memory(MB): used = 2544, reserved = 2537, peak = 2544;

PHY-1001 : Stage 11.5 | Abnormal Timing Path check
PHY-1001 : No abnormal timing path.
PHY-1001 : End Stage 11.5 | Abnormal Timing Path check; Time: 0.222190s wall, 0.234375s user + 0.000000s system = 0.234375s CPU (105.5%); Memory(MB): used = 2544, reserved = 2537, peak = 2544;

PHY-1001 : Stage 11.6 | Bound Check
PHY-1001 : Check Pass.
PHY-1001 : End Stage 11.6 | Bound Check; Time: 0.002767s wall, 0.000000s user + 0.000000s system = 0.000000s CPU (n/a%); Memory(MB): used = 2544, reserved = 2537, peak = 2544;

PHY-1001 : End Stage 11 | Routing DRC; Time: 0.679854s wall, 0.656250s user + 0.015625s system = 0.671875s CPU (98.8%); Memory(MB): used = 2544, reserved = 2537, peak = 2544;

RUN-1003 : finish command "route" in  343.990411s wall, 507.718750s user + 1.812500s system = 509.531250s CPU (148.1%)

RUN-1004 : used memory is 2544 MB, reserved memory is 2537 MB, peak memory is 2544 MB
RUN-1002 : start command "fix_hold"

PHY-1001 : Stage 12 | Hold Fix
PHY-1001 : Stage 12.1 | Load Design Data
PHY-1034 : Refresh detailed routing grids ...
PHY-1001 : Generate nets ...
PHY-1001 : eco open net = 0
PHY-1001 : End Stage 12.1 | Load Design Data; Time: 0.353368s wall, 0.343750s user + 0.000000s system = 0.343750s CPU (97.3%); Memory(MB): used = 2544, reserved = 2537, peak = 2544;

PHY-1001 : Stage 12.2 | Hold Fix Optimization
RUN-1002 : start command "start_timer"
RUN-1003 : finish command "start_timer" in  1.723383s wall, 1.734375s user + 0.000000s system = 1.734375s CPU (100.6%)

RUN-1004 : used memory is 2543 MB, reserved memory is 2536 MB, peak memory is 2544 MB
PHY-1001 : Timing info: SWNS 0.017ns | STNS 0.000ns | HWNS 0.020ns | HTNS 0.000ns.
PHY-1001 : End timing refresh.  5.118627s wall, 5.109375s user + 0.000000s system = 5.109375s CPU (99.8%)

PHY-1001 : End Stage 12.2 | Hold Fix Optimization; Time: 5.118668s wall, 5.109375s user + 0.000000s system = 5.109375s CPU (99.8%); Memory(MB): used = 2544, reserved = 2537, peak = 2544;

PHY-1001 : End Stage 12 | Hold Fix; Time: 5.630425s wall, 5.609375s user + 0.000000s system = 5.609375s CPU (99.6%); Memory(MB): used = 2544, reserved = 2537, peak = 2544;

RUN-1003 : finish command "fix_hold" in  5.646069s wall, 5.625000s user + 0.000000s system = 5.625000s CPU (99.6%)

RUN-1004 : used memory is 2544 MB, reserved memory is 2537 MB, peak memory is 2544 MB
RUN-1002 : start command "update_timing -mode final"
RUN-1002 : start command "start_timer"
RUN-1003 : finish command "start_timer" in  1.783699s wall, 1.750000s user + 0.000000s system = 1.750000s CPU (98.1%)

RUN-1004 : used memory is 2543 MB, reserved memory is 2536 MB, peak memory is 2544 MB
RUN-1003 : finish command "update_timing -mode final" in  4.942715s wall, 4.875000s user + 0.000000s system = 4.875000s CPU (98.6%)

RUN-1004 : used memory is 2544 MB, reserved memory is 2537 MB, peak memory is 2544 MB
RUN-1002 : start command "report_timing_status -file D:/anlu/rtl/reports/cnn_final_pr.ts"
RUN-1002 : start command "report_timing_summary -file D:/anlu/rtl/reports/cnn_final_pr.timing"
RUN-1002 : start command "report_timing_exception -file D:/anlu/rtl/reports/cnn_final_pr.exception.timing"
RUN-1002 : start command "report_area -io_info -file D:/anlu/rtl/reports/cnn_final_pr.area"
SYN-4034 : The count of slices with lut is 13479.
SYN-4035 : The count of slices with lut+ripple is 3422.
RUN-1001 : standard
***Report Model: design_top_wrapper Device: PH1P35MDG324***

Design Statistics
#IO                        58   out of    160   36.25%
  #input                    2
  #output                  31
  #inout                   25
#lut6                   17437   out of  21216   82.19%
#reg                    19498
  #slice reg            19498   out of  42432   45.95%
  #pad reg                  0

Utilization Statistics
#slice                  19426   out of  21216   91.56%
  #used ram               536
    #dram lut             424
    #shifter lut          112
  #used logic           18890
    #with luts          13479
    #with adder          3422
    #reg only            1989
#feedthrough             2356
#f7mux                    932   out of  10608    8.79%
#f8mux                    410   out of   5304    7.73%
#eram                     108   out of    108  100.00%
  #eram20k                108
  #fifo20k                  0
#dsp                       31   out of     40   77.50%
#ddr_byte                   6   out of     12   50.00%
#mipi_tx                    0   out of      2    0.00%
#mipi_rx                    1   out of      2   50.00%
#pad                       17   out of    160   10.62%
#pll                        3   out of      6   50.00%
#gclk                       9   out of     32   28.12%
#lclk                       0   out of     12    0.00%
#sclk                      21   out of     48   43.75%
#mlclk                      2   out of      6   33.33%
#ioclk                      4   out of     18   22.22%


DataNet Average Fanout:

   Index     Fanout     Nets   
    #1          1       32293  
    #2          2       11030  
    #3          3       1641   
    #4          4        834   
    #5        5-10      2116   
    #6        11-50      724   
    #7       51-100      113   
    #8       101-500     42    
    #9        >500        9    
  Average     2.32             

RUN-1002 : start command "report_ram_utilization -file D:/anlu/rtl/reports/cnn_final_pr.ram"
RUN-1002 : start command "report_clock_utilization -file D:/anlu/rtl/reports/cnn_final_pr.clock"
RUN-1002 : start command "flow_status -file D:/anlu/rtl/reports/cnn_final_pr.flow"
Location         : D:\anlu\rtl\td_project
Running with     : Tang Dynasty v6.2.168116
                   Copyright (c) 2012-2025 Anlogic Inc.
Top Model        : design_top_wrapper
Device           : PH1P35MDG324
Speed            : 3

Timing Mode      : final
Setup            : WNS    17ps  TNS        0ps  NUM_FEPS     0
Hold             : WNS    20ps  TNS        0ps  NUM_FEPS     0

Flow Statistics  :
RUN-1001 : Flow Statistics:
RUN-1001 : ---------------------------------------------------------------------------------------------------
RUN-1001 :      command     |  #calls  |  wall time   |  cpu time(s)  |  used memory(mb)  |  peak memory(mb)  
RUN-1001 : ---------------------------------------------------------------------------------------------------
RUN-1001 :       route      |    1     |  5m11s(64%)  |   463(50%)    |       2544        |       2544        
RUN-1001 :       place      |    1     |  2m9s(26%)   |   406(44%)    |       1706        |       1706        
RUN-1001 :     phys_opt     |    1     |   26s(5%)    |    38(4%)     |       2544        |       2544        
RUN-1001 :     fix_hold     |    2     |   11s(2%)    |    12(1%)     |       2544        |       2544        
RUN-1001 :     import_db    |    1     |    1s(0%)    |     0(0%)     |        733        |        733        
RUN-1001 :   import_device  |    1     |    1s(0%)    |     1(0%)     |        326        |        326        
RUN-1001 :     read_adc     |    1     |    1s(0%)    |     1(0%)     |        693        |        735        
RUN-1001 :     read_sdc     |    3     |    0s(0%)    |     0(0%)     |        693        |        735        
RUN-1001 : ---------------------------------------------------------------------------------------------------
RUN-1001 :       total      |    11    |     8m0s     |      921      |       2544        |       2544        
RUN-1001 : ---------------------------------------------------------------------------------------------------
RUN-1002 : start command "export_db D:/anlu/rtl/reports/cnn_final_pr.db"
RUN-1001 : Exported flow parameters
RUN-1001 : Exported /
RUN-1001 : Exported libs
RUN-1001 : Exported entities
RUN-1001 : Exported ports
RUN-1001 : Exported pins
RUN-1001 : Exported instances
RUN-1001 : Exported nets
RUN-1001 : Exported buses
RUN-1001 : Exported models
RUN-1001 : Exported phy database
RUN-1001 : Exported packer
RUN-1001 : Exported congestions
RUN-1001 : Exported violations
RUN-1001 : Exported ATMR Setting
RUN-1001 : Exported timing constraints
RUN-1001 : Exported IO constraints
RUN-1001 : Exported Inst constraints
RUN-1001 : Exported ChipWatcher
RUN-1003 : finish command "export_db D:/anlu/rtl/reports/cnn_final_pr.db" in  1.233464s wall, 1.625000s user + 0.031250s system = 1.656250s CPU (134.3%)

RUN-1004 : used memory is 2571 MB, reserved memory is 2657 MB, peak memory is 2571 MB
