============================================================
   Tang Dynasty, V6.2.168116
   Copyright (c) 2012-2025 Anlogic Inc.
   Executable = D:/Anlogic/TD_6.2.1_Engineer_6.2.168.116/bin/td_commands_prompt.exe
   Built at =   16:32:07 Jun 12 2025
   Run by =     »ÆÂúöÎ
   Run Date =   Thu Sep  3 03:59:21 2026

   Run on =     LAPTOP-JS31KT7K
============================================================
RUN-1002 : start command "import_device ph1_35p.db -package PH1P35MDG324 -speed 3"
ARC-1001 : Device Initialization.
ARC-1001 : ----------------------------------------------------------------
ARC-1001 :           OPTION          |          IO           |   SETTING   
ARC-1001 : ----------------------------------------------------------------
ARC-1001 :   non_jtag_persist(none)  |        35 IOs         |    gpio    
ARC-1001 :            jtag           |  P13/P15/L14/R13/T13  |  dedicate  
ARC-1001 : ----------------------------------------------------------------
RUN-1003 : finish command "import_device ph1_35p.db -package PH1P35MDG324 -speed 3" in  1.324050s wall, 1.093750s user + 0.046875s system = 1.140625s CPU (86.1%)

RUN-1004 : used memory is 324 MB, reserved memory is 321 MB, peak memory is 324 MB
RUN-1002 : start command "open_project D:/anlu/rtl/td_project/camera_to_dsi_display.al -single_run"
RUN-1002 : start command "commit_param -step design"
RUN-1001 : Print Global Property
RUN-1001 : -------------------------------------------------------------
RUN-1001 :     Parameters    |   Settings   |  Default Values  |  Note  
RUN-1001 : -------------------------------------------------------------
RUN-1001 :    enable_seed    |     off      |       off        |        
RUN-1001 :    hfn_to_clock   |  1000000000  |    1000000000    |        
RUN-1001 :      message      |   standard   |     standard     |        
RUN-1001 :    qor_monitor    |      on      |        on        |        
RUN-1001 :   speedup_effort  |      0       |        0         |        
RUN-1001 :    syn_ip_flow    |     off      |       off        |        
RUN-1001 :       thread      |     auto     |       auto       |        
RUN-1001 : -------------------------------------------------------------
RUN-1001 : Print Design Property
RUN-1001 : ----------------------------------------------------------------
RUN-1001 :       Parameters       |  Settings  |  Default Values  |  Note  
RUN-1001 : ----------------------------------------------------------------
RUN-1001 :   default_reg_initial  |    auto    |       auto       |        
RUN-1001 :    hdl_warning_level   |   normal   |      normal      |        
RUN-1001 : ----------------------------------------------------------------
HDL-1007 : analyze verilog file ../user_source/hdl_source/ip/image/demosaic_4x_2_0/blk_mem_gen_demosaic/RTL/ram_c36c2ca3b3a7.v
HDL-1007 : analyze verilog file ../user_source/hdl_source/ip/image/demosaic_4x_2_0/blk_mem_gen_demosaic/blk_mem_gen_demosaic.v
HDL-1007 : analyze verilog file ../user_source/hdl_source/ip/image/demosaic_4x_2_0/blk_mem_gen_zhenghe/RTL/ram_d32970204f32.v
HDL-1007 : analyze verilog file ../user_source/hdl_source/ip/image/demosaic_4x_2_0/blk_mem_gen_zhenghe/blk_mem_gen_zhenghe.v
HDL-1007 : analyze verilog file ../user_source/hdl_source/ip/memory/ph1p35_ddr/ddr2/ph1p_ddrmc_wrapper_63f4ac254419.v
HDL-1007 : analyze included file ../user_source/hdl_source/ip/memory/ph1p35_ddr/ddr2/./src/rtl/include/ph1p_mis_define.vh in ../user_source/hdl_source/ip/memory/ph1p35_ddr/ddr2/ph1p_ddrmc_wrapper_63f4ac254419.v(11)
HDL-1007 : back to file '../user_source/hdl_source/ip/memory/ph1p35_ddr/ddr2/ph1p_ddrmc_wrapper_63f4ac254419.v' in ../user_source/hdl_source/ip/memory/ph1p35_ddr/ddr2/ph1p_ddrmc_wrapper_63f4ac254419.v(11)
Copyright (c) 1998-2019 The OpenSSL Project.  All rights reserved.
This product includes software developed by the OpenSSL Project
for use in the OpenSSL Toolkit (http://www.openssl.org/)
Copyright (C) 1995-1998 Eric Young (eay@cryptsoft.com)
All rights reserved.
This product includes cryptographic software written by Eric Young (eay@cryptsoft.com)
HDL-1007 : back to file '../user_source/hdl_source/ip/memory/ph1p35_ddr/ddr2/ph1p_ddrmc_wrapper_63f4ac254419.v' in ../user_source/hdl_source/ip/memory/ph1p35_ddr/ddr2/ph1p_ddrmc_wrapper_63f4ac254419.v(417)
HDL-1007 : analyze verilog file ../user_source/hdl_source/ip/memory/ph1p35_ddr/ddr2/ddr2.v
HDL-1007 : analyze verilog file ../user_source/hdl_source/ip/memory/ph1p35_ddr/ddr2/src/rtl/clk/ph1p_ddrphy_clk_top.v
HDL-1007 : analyze verilog file ../user_source/hdl_source/ip/memory/ph1p35_ddr/ddr2/src/rtl/clk/ph1p_ddrphy_pll0.v
HDL-1007 : analyze verilog file ../user_source/hdl_source/ip/memory/ph1p35_ddr/ddr2/src/rtl/clk/ph1p_ddrphy_pll1.v
HDL-1007 : analyze verilog file ../user_source/hdl_source/ip/memory/ph1p35_ddr/ddr2/src/rtl/init/ph1p_ddrphy_dram_init_ddr2.v
HDL-1007 : analyze verilog file ../user_source/hdl_source/ip/memory/ph1p35_ddr/ddr2/src/rtl/mc/alc_phy2mc_fifo_ctrl.v
HDL-1007 : analyze verilog file ../user_source/hdl_source/ip/memory/ph1p35_ddr/ddr2/src/rtl/misc/ph1p_ddr_fifo_dram_sync.v
HDL-1007 : analyze verilog file ../user_source/hdl_source/ip/memory/ph1p35_ddr/ddr2/src/rtl/misc/ph1p_ddrphy_sync_rst_gen.v
HDL-1007 : analyze verilog file ../user_source/hdl_source/ip/memory/ph1p35_ddr/ddr2/src/rtl/phy/ph1p_ddrphy.v
HDL-1007 : analyze included file ../user_source/hdl_source/ip/memory/ph1p35_ddr/ddr2/src/rtl/phy/./include/ph1p_ddrphy_pad_type.vh in ../user_source/hdl_source/ip/memory/ph1p35_ddr/ddr2/src/rtl/phy/ph1p_ddrphy.v(105)
HDL-1007 : back to file '../user_source/hdl_source/ip/memory/ph1p35_ddr/ddr2/src/rtl/phy/ph1p_ddrphy.v' in ../user_source/hdl_source/ip/memory/ph1p35_ddr/ddr2/src/rtl/phy/ph1p_ddrphy.v(105)
HDL-1007 : analyze included file ../user_source/hdl_source/ip/memory/ph1p35_ddr/ddr2/src/rtl/phy/./include/ph1p_ddrphy_bus_matrix.vh in ../user_source/hdl_source/ip/memory/ph1p35_ddr/ddr2/src/rtl/phy/ph1p_ddrphy.v(507)
HDL-1007 : back to file '../user_source/hdl_source/ip/memory/ph1p35_ddr/ddr2/src/rtl/phy/ph1p_ddrphy.v' in ../user_source/hdl_source/ip/memory/ph1p35_ddr/ddr2/src/rtl/phy/ph1p_ddrphy.v(507)
HDL-1007 : analyze verilog file ../user_source/hdl_source/ip/memory/ph1p35_ddr/ddr2/src/rtl/phy/ph1p_ddrphy_apb_bridge.v
HDL-1007 : analyze verilog file ../user_source/hdl_source/ip/memory/ph1p35_ddr/ddr2/src/rtl/phy/ph1p_ddrphy_bankref_cfg.v
HDL-1007 : analyze verilog file ../user_source/hdl_source/ip/memory/ph1p35_ddr/ddr2/src/rtl/phy/ph1p_ddrphy_byte_wrapper.v
HDL-1007 : analyze verilog file ../user_source/hdl_source/ip/memory/ph1p35_ddr/ddr2/src/rtl/phy/ph1p_ddrphy_cmd_decode.v
HDL-1007 : analyze verilog file ../user_source/hdl_source/ip/memory/ph1p35_ddr/ddr2/src/rtl/phy/ph1p_ddrphy_cmd_execution.v
HDL-1007 : analyze verilog file ../user_source/hdl_source/ip/memory/ph1p35_ddr/ddr2/src/rtl/phy/ph1p_ddrphy_cmd_wrapper.v
HDL-1007 : analyze verilog file ../user_source/hdl_source/ip/memory/ph1p35_ddr/ddr2/src/rtl/phy/ph1p_ddrphy_dcu.v
HDL-1007 : analyze verilog file ../user_source/hdl_source/ip/memory/ph1p35_ddr/ddr2/src/rtl/phy/ph1p_ddrphy_dcu_wrapper.v
HDL-1007 : analyze verilog file ../user_source/hdl_source/ip/memory/ph1p35_ddr/ddr2/src/rtl/phy/ph1p_ddrphy_fast_init.v
HDL-1007 : analyze verilog file ../user_source/hdl_source/ip/memory/ph1p35_ddr/ddr2/src/rtl/phy/ph1p_ddrphy_fast_init_wrapper.v
HDL-1007 : analyze included file ../user_source/hdl_source/ip/memory/ph1p35_ddr/ddr2/src/rtl/phy/./include/ph1p_ddrphy_board_delay.vh in ../user_source/hdl_source/ip/memory/ph1p35_ddr/ddr2/src/rtl/phy/ph1p_ddrphy_fast_init_wrapper.v(71)
HDL-1007 : back to file '../user_source/hdl_source/ip/memory/ph1p35_ddr/ddr2/src/rtl/phy/ph1p_ddrphy_fast_init_wrapper.v' in ../user_source/hdl_source/ip/memory/ph1p35_ddr/ddr2/src/rtl/phy/ph1p_ddrphy_fast_init_wrapper.v(71)
HDL-1007 : analyze verilog file ../user_source/hdl_source/ip/memory/ph1p35_ddr/ddr2/src/rtl/phy/ph1p_ddrphy_init.v
HDL-1007 : analyze verilog file ../user_source/hdl_source/ip/memory/ph1p35_ddr/ddr2/src/rtl/phy/ph1p_ddrphy_mdl_cal.v
HDL-1007 : analyze verilog file ../user_source/hdl_source/ip/memory/ph1p35_ddr/ddr2/src/rtl/phy/ph1p_ddrphy_mdl_cal_wrapper.v
HDL-1007 : analyze verilog file ../user_source/hdl_source/ip/memory/ph1p35_ddr/ddr2/src/rtl/phy/ph1p_ddrphy_rphase_ctl.v
HDL-1007 : analyze verilog file ../user_source/hdl_source/ip/memory/ph1p35_ddr/ddr2/src/rtl/phy/ph1p_ddrphy_top.v
HDL-1007 : analyze included file ../user_source/hdl_source/ip/memory/ph1p35_ddr/ddr2/src/rtl/phy/./include/ph1p_ddrphy_ddrio.vh in ../user_source/hdl_source/ip/memory/ph1p35_ddr/ddr2/src/rtl/phy/ph1p_ddrphy_top.v(736)
HDL-1007 : back to file '../user_source/hdl_source/ip/memory/ph1p35_ddr/ddr2/src/rtl/phy/ph1p_ddrphy_top.v' in ../user_source/hdl_source/ip/memory/ph1p35_ddr/ddr2/src/rtl/phy/ph1p_ddrphy_top.v(736)
HDL-1007 : analyze verilog file ../user_source/hdl_source/ip/memory/ph1p35_ddr/ddr2/src/rtl/phy/ph1p_ddrphy_wphase_ctl.v
HDL-1007 : analyze verilog file ../user_source/hdl_source/ip/memory/ph1p35_ddr/ddr2/src/rtl/phy/ph1p_ddrphy_wrapper.v
HDL-1007 : analyze verilog file ../user_source/hdl_source/ip/memory/ph1p35_ddr/ddr2/src/rtl/top/ph1p_ddrmc_top.v
HDL-1007 : analyze verilog file ../user_source/hdl_source/ip/memory/ph1p35_ddr/ddr2/src/rtl/mc/alc_mc_top_all.enc.sv
HDL-1007 : analyze included file ../user_source/hdl_source/ip/memory/ph1p35_ddr/ddr2/src/rtl/mc/../include/ph1p_mis_define.vh in ../user_source/hdl_source/ip/memory/ph1p35_ddr/ddr2/src/rtl/mc/alc_mc_top_all.enc.sv(4)
HDL-1007 : back to file '../user_source/hdl_source/ip/memory/ph1p35_ddr/ddr2/src/rtl/mc/alc_mc_top_all.enc.sv' in ../user_source/hdl_source/ip/memory/ph1p35_ddr/ddr2/src/rtl/mc/alc_mc_top_all.enc.sv(4)
HDL-1007 : analyze included file ../user_source/hdl_source/ip/memory/ph1p35_ddr/ddr2/src/rtl/mc/../timing/ddr2/ddr2_parameter.vh in ../user_source/hdl_source/ip/memory/ph1p35_ddr/ddr2/src/rtl/mc/alc_mc_top_all.enc.sv(106)
HDL-1007 : analyze included file ../user_source/hdl_source/ip/memory/ph1p35_ddr/ddr2/src/rtl/mc/../timing/ddr2/ddr2_1066.vh in ../user_source/hdl_source/ip/memory/ph1p35_ddr/ddr2/src/rtl/mc/../timing/ddr2/ddr2_parameter.vh(118)
HDL-1007 : back to file '../user_source/hdl_source/ip/memory/ph1p35_ddr/ddr2/src/rtl/mc/../timing/ddr2/ddr2_parameter.vh' in ../user_source/hdl_source/ip/memory/ph1p35_ddr/ddr2/src/rtl/mc/../timing/ddr2/ddr2_parameter.vh(118)
HDL-1007 : back to file '../user_source/hdl_source/ip/memory/ph1p35_ddr/ddr2/src/rtl/mc/alc_mc_top_all.enc.sv' in ../user_source/hdl_source/ip/memory/ph1p35_ddr/ddr2/src/rtl/mc/alc_mc_top_all.enc.sv(106)
HDL-1007 : back to file '../user_source/hdl_source/ip/memory/ph1p35_ddr/ddr2/src/rtl/mc/alc_mc_top_all.enc.sv' in ../user_source/hdl_source/ip/memory/ph1p35_ddr/ddr2/src/rtl/mc/alc_mc_top_all.enc.sv(121)
HDL-1007 : analyze verilog file ../user_source/ip_source/PLL/RTL/ph1p_phy_pll_wrapper_25a56e5ce2f9.v
HDL-1007 : analyze verilog file ../user_source/ip_source/PLL/PLL.v
HDL-1007 : analyze verilog file ../user_source/ip_source/blk_mem_gen_awb_delay_signal/blk_mem_gen_awb_delay_signal.v
HDL-1007 : analyze verilog file ../user_source/ip_source/blk_mem_gen_awb_delay_signal/ram_f84573da5ab5.v
HDL-1007 : analyze verilog file ../user_source/ip_source/divider/divider_gate.v
HDL-1007 : undeclared symbol 'open_n2', assumed default net type 'wire' in ../user_source/ip_source/divider/divider_gate.v(2729)
HDL-1007 : undeclared symbol 'open_n5', assumed default net type 'wire' in ../user_source/ip_source/divider/divider_gate.v(2811)
HDL-1007 : undeclared symbol 'open_n8', assumed default net type 'wire' in ../user_source/ip_source/divider/divider_gate.v(3783)
HDL-1007 : undeclared symbol 'open_n11', assumed default net type 'wire' in ../user_source/ip_source/divider/divider_gate.v(3872)
HDL-1007 : undeclared symbol 'open_n14', assumed default net type 'wire' in ../user_source/ip_source/divider/divider_gate.v(4854)
HDL-1007 : undeclared symbol 'open_n17', assumed default net type 'wire' in ../user_source/ip_source/divider/divider_gate.v(4950)
HDL-1007 : undeclared symbol 'open_n20', assumed default net type 'wire' in ../user_source/ip_source/divider/divider_gate.v(5948)
HDL-1007 : undeclared symbol 'open_n23', assumed default net type 'wire' in ../user_source/ip_source/divider/divider_gate.v(6051)
HDL-1007 : undeclared symbol 'open_n26', assumed default net type 'wire' in ../user_source/ip_source/divider/divider_gate.v(7065)
HDL-1007 : undeclared symbol 'open_n29', assumed default net type 'wire' in ../user_source/ip_source/divider/divider_gate.v(7175)
HDL-1007 : undeclared symbol 'open_n32', assumed default net type 'wire' in ../user_source/ip_source/divider/divider_gate.v(8205)
HDL-1007 : undeclared symbol 'open_n35', assumed default net type 'wire' in ../user_source/ip_source/divider/divider_gate.v(8322)
HDL-1007 : undeclared symbol 'open_n38', assumed default net type 'wire' in ../user_source/ip_source/divider/divider_gate.v(9368)
HDL-1007 : undeclared symbol 'open_n41', assumed default net type 'wire' in ../user_source/ip_source/divider/divider_gate.v(9492)
HDL-1007 : undeclared symbol 'open_n44', assumed default net type 'wire' in ../user_source/ip_source/divider/divider_gate.v(10548)
HDL-1007 : undeclared symbol 'open_n47', assumed default net type 'wire' in ../user_source/ip_source/divider/divider_gate.v(10679)
HDL-1007 : undeclared symbol 'open_n50', assumed default net type 'wire' in ../user_source/ip_source/divider/divider_gate.v(11751)
HDL-1007 : undeclared symbol 'open_n53', assumed default net type 'wire' in ../user_source/ip_source/divider/divider_gate.v(11889)
HDL-1007 : undeclared symbol 'open_n56', assumed default net type 'wire' in ../user_source/ip_source/divider/divider_gate.v(12977)
HDL-1007 : undeclared symbol 'open_n59', assumed default net type 'wire' in ../user_source/ip_source/divider/divider_gate.v(13122)
HDL-1007 : undeclared symbol 'open_n62', assumed default net type 'wire' in ../user_source/ip_source/divider/divider_gate.v(15070)
HDL-1007 : undeclared symbol 'open_n65', assumed default net type 'wire' in ../user_source/ip_source/divider/divider_gate.v(15222)
HDL-1007 : undeclared symbol 'open_n68', assumed default net type 'wire' in ../user_source/ip_source/divider/divider_gate.v(16342)
HDL-1007 : undeclared symbol 'open_n71', assumed default net type 'wire' in ../user_source/ip_source/divider/divider_gate.v(16501)
HDL-1007 : undeclared symbol 'open_n74', assumed default net type 'wire' in ../user_source/ip_source/divider/divider_gate.v(17631)
HDL-1007 : undeclared symbol 'open_n77', assumed default net type 'wire' in ../user_source/ip_source/divider/divider_gate.v(17797)
HDL-1007 : undeclared symbol 'open_n80', assumed default net type 'wire' in ../user_source/ip_source/divider/divider_gate.v(18943)
HDL-1007 : undeclared symbol 'open_n83', assumed default net type 'wire' in ../user_source/ip_source/divider/divider_gate.v(19116)
HDL-1007 : undeclared symbol 'open_n86', assumed default net type 'wire' in ../user_source/ip_source/divider/divider_gate.v(20278)
HDL-1007 : undeclared symbol 'open_n89', assumed default net type 'wire' in ../user_source/ip_source/divider/divider_gate.v(20458)
HDL-1007 : undeclared symbol 'open_n92', assumed default net type 'wire' in ../user_source/ip_source/divider/divider_gate.v(21636)
HDL-1007 : undeclared symbol 'open_n95', assumed default net type 'wire' in ../user_source/ip_source/divider/divider_gate.v(21823)
HDL-1007 : undeclared symbol 'open_n98', assumed default net type 'wire' in ../user_source/ip_source/divider/divider_gate.v(23017)
HDL-1007 : undeclared symbol 'open_n101', assumed default net type 'wire' in ../user_source/ip_source/divider/divider_gate.v(23211)
HDL-1007 : undeclared symbol 'open_n104', assumed default net type 'wire' in ../user_source/ip_source/divider/divider_gate.v(24415)
HDL-1007 : undeclared symbol 'open_n107', assumed default net type 'wire' in ../user_source/ip_source/divider/divider_gate.v(24616)
HDL-1007 : undeclared symbol 'open_n110', assumed default net type 'wire' in ../user_source/ip_source/divider/divider_gate.v(25836)
HDL-1007 : undeclared symbol 'open_n113', assumed default net type 'wire' in ../user_source/ip_source/divider/divider_gate.v(26044)
HDL-1007 : undeclared symbol 'open_n116', assumed default net type 'wire' in ../user_source/ip_source/divider/divider_gate.v(27280)
HDL-1007 : undeclared symbol 'open_n119', assumed default net type 'wire' in ../user_source/ip_source/divider/divider_gate.v(27495)
HDL-1007 : undeclared symbol 'open_n122', assumed default net type 'wire' in ../user_source/ip_source/divider/divider_gate.v(29638)
HDL-1007 : undeclared symbol 'open_n125', assumed default net type 'wire' in ../user_source/ip_source/divider/divider_gate.v(29860)
HDL-1007 : undeclared symbol 'open_n128', assumed default net type 'wire' in ../user_source/ip_source/divider/divider_gate.v(31128)
HDL-1007 : undeclared symbol 'open_n129', assumed default net type 'wire' in ../user_source/ip_source/divider/divider_gate.v(31359)
HDL-1007 : undeclared symbol 'open_n132', assumed default net type 'wire' in ../user_source/ip_source/divider/divider_gate.v(32637)
HDL-1007 : undeclared symbol 'open_n133', assumed default net type 'wire' in ../user_source/ip_source/divider/divider_gate.v(32868)
HDL-1007 : undeclared symbol 'open_n134', assumed default net type 'wire' in ../user_source/ip_source/divider/divider_gate.v(32875)
HDL-1007 : undeclared symbol 'open_n137', assumed default net type 'wire' in ../user_source/ip_source/divider/divider_gate.v(34153)
HDL-1007 : undeclared symbol 'open_n138', assumed default net type 'wire' in ../user_source/ip_source/divider/divider_gate.v(34384)
HDL-1007 : undeclared symbol 'open_n139', assumed default net type 'wire' in ../user_source/ip_source/divider/divider_gate.v(34391)
HDL-1007 : undeclared symbol 'open_n142', assumed default net type 'wire' in ../user_source/ip_source/divider/divider_gate.v(35669)
HDL-1007 : undeclared symbol 'open_n143', assumed default net type 'wire' in ../user_source/ip_source/divider/divider_gate.v(35900)
HDL-1007 : undeclared symbol 'open_n144', assumed default net type 'wire' in ../user_source/ip_source/divider/divider_gate.v(35907)
HDL-1007 : undeclared symbol 'open_n147', assumed default net type 'wire' in ../user_source/ip_source/divider/divider_gate.v(37185)
HDL-1007 : undeclared symbol 'open_n148', assumed default net type 'wire' in ../user_source/ip_source/divider/divider_gate.v(37416)
HDL-1007 : undeclared symbol 'open_n149', assumed default net type 'wire' in ../user_source/ip_source/divider/divider_gate.v(37423)
HDL-1007 : undeclared symbol 'open_n152', assumed default net type 'wire' in ../user_source/ip_source/divider/divider_gate.v(38701)
HDL-1007 : undeclared symbol 'open_n153', assumed default net type 'wire' in ../user_source/ip_source/divider/divider_gate.v(38932)
HDL-1007 : undeclared symbol 'open_n154', assumed default net type 'wire' in ../user_source/ip_source/divider/divider_gate.v(38939)
HDL-1007 : undeclared symbol 'open_n157', assumed default net type 'wire' in ../user_source/ip_source/divider/divider_gate.v(40217)
HDL-1007 : undeclared symbol 'open_n158', assumed default net type 'wire' in ../user_source/ip_source/divider/divider_gate.v(40448)
HDL-1007 : undeclared symbol 'open_n159', assumed default net type 'wire' in ../user_source/ip_source/divider/divider_gate.v(40455)
HDL-1007 : undeclared symbol 'open_n162', assumed default net type 'wire' in ../user_source/ip_source/divider/divider_gate.v(41733)
HDL-1007 : undeclared symbol 'open_n163', assumed default net type 'wire' in ../user_source/ip_source/divider/divider_gate.v(41964)
HDL-1007 : undeclared symbol 'open_n164', assumed default net type 'wire' in ../user_source/ip_source/divider/divider_gate.v(41971)
HDL-1007 : undeclared symbol 'open_n167', assumed default net type 'wire' in ../user_source/ip_source/divider/divider_gate.v(43249)
HDL-1007 : undeclared symbol 'open_n168', assumed default net type 'wire' in ../user_source/ip_source/divider/divider_gate.v(43480)
HDL-1007 : undeclared symbol 'open_n169', assumed default net type 'wire' in ../user_source/ip_source/divider/divider_gate.v(43487)
HDL-1007 : undeclared symbol 'open_n172', assumed default net type 'wire' in ../user_source/ip_source/divider/divider_gate.v(45678)
HDL-1007 : undeclared symbol 'open_n173', assumed default net type 'wire' in ../user_source/ip_source/divider/divider_gate.v(45909)
HDL-1007 : undeclared symbol 'open_n174', assumed default net type 'wire' in ../user_source/ip_source/divider/divider_gate.v(45916)
HDL-1007 : undeclared symbol 'open_n177', assumed default net type 'wire' in ../user_source/ip_source/divider/divider_gate.v(47194)
HDL-1007 : undeclared symbol 'open_n178', assumed default net type 'wire' in ../user_source/ip_source/divider/divider_gate.v(47425)
HDL-1007 : undeclared symbol 'open_n179', assumed default net type 'wire' in ../user_source/ip_source/divider/divider_gate.v(47432)
HDL-1007 : undeclared symbol 'open_n182', assumed default net type 'wire' in ../user_source/ip_source/divider/divider_gate.v(48710)
HDL-1007 : undeclared symbol 'open_n183', assumed default net type 'wire' in ../user_source/ip_source/divider/divider_gate.v(48941)
HDL-1007 : undeclared symbol 'open_n184', assumed default net type 'wire' in ../user_source/ip_source/divider/divider_gate.v(48948)
HDL-1007 : undeclared symbol 'open_n187', assumed default net type 'wire' in ../user_source/ip_source/divider/divider_gate.v(50226)
HDL-1007 : undeclared symbol 'open_n188', assumed default net type 'wire' in ../user_source/ip_source/divider/divider_gate.v(50457)
HDL-1007 : undeclared symbol 'open_n189', assumed default net type 'wire' in ../user_source/ip_source/divider/divider_gate.v(50464)
HDL-1007 : undeclared symbol 'open_n192', assumed default net type 'wire' in ../user_source/ip_source/divider/divider_gate.v(51742)
HDL-1007 : undeclared symbol 'open_n193', assumed default net type 'wire' in ../user_source/ip_source/divider/divider_gate.v(51973)
HDL-1007 : undeclared symbol 'open_n194', assumed default net type 'wire' in ../user_source/ip_source/divider/divider_gate.v(51980)
HDL-1007 : undeclared symbol 'open_n197', assumed default net type 'wire' in ../user_source/ip_source/divider/divider_gate.v(53258)
HDL-1007 : undeclared symbol 'open_n198', assumed default net type 'wire' in ../user_source/ip_source/divider/divider_gate.v(53489)
HDL-1007 : undeclared symbol 'open_n199', assumed default net type 'wire' in ../user_source/ip_source/divider/divider_gate.v(53496)
HDL-1007 : undeclared symbol 'open_n202', assumed default net type 'wire' in ../user_source/ip_source/divider/divider_gate.v(54774)
HDL-1007 : undeclared symbol 'open_n203', assumed default net type 'wire' in ../user_source/ip_source/divider/divider_gate.v(55005)
HDL-1007 : undeclared symbol 'open_n204', assumed default net type 'wire' in ../user_source/ip_source/divider/divider_gate.v(55012)
HDL-1007 : undeclared symbol 'open_n207', assumed default net type 'wire' in ../user_source/ip_source/divider/divider_gate.v(57048)
HDL-1007 : undeclared symbol 'open_n208', assumed default net type 'wire' in ../user_source/ip_source/divider/divider_gate.v(57167)
HDL-1007 : undeclared symbol 'open_n209', assumed default net type 'wire' in ../user_source/ip_source/divider/divider_gate.v(57174)
HDL-1007 : undeclared symbol 'open_n212', assumed default net type 'wire' in ../user_source/ip_source/divider/divider_gate.v(58502)
HDL-1007 : undeclared symbol 'open_n215', assumed default net type 'wire' in ../user_source/ip_source/divider/divider_gate.v(58507)
HDL-1007 : undeclared symbol 'open_n218', assumed default net type 'wire' in ../user_source/ip_source/divider/divider_gate.v(59405)
HDL-1007 : undeclared symbol 'open_n221', assumed default net type 'wire' in ../user_source/ip_source/divider/divider_gate.v(59459)
HDL-1007 : undeclared symbol 'open_n224', assumed default net type 'wire' in ../user_source/ip_source/divider/divider_gate.v(60367)
HDL-1007 : undeclared symbol 'open_n227', assumed default net type 'wire' in ../user_source/ip_source/divider/divider_gate.v(60428)
HDL-1007 : undeclared symbol 'open_n230', assumed default net type 'wire' in ../user_source/ip_source/divider/divider_gate.v(61352)
HDL-1007 : undeclared symbol 'open_n233', assumed default net type 'wire' in ../user_source/ip_source/divider/divider_gate.v(61420)
HDL-1007 : undeclared symbol 'open_n236', assumed default net type 'wire' in ../user_source/ip_source/divider/divider_gate.v(62360)
HDL-1007 : undeclared symbol 'open_n239', assumed default net type 'wire' in ../user_source/ip_source/divider/divider_gate.v(62435)
HDL-1007 : analyze verilog file ../user_source/ip_source/w128_d512_fifo/soft_fifo_al_4057d6b76aa6.v
HDL-1007 : analyze verilog file ../user_source/ip_source/w128_d512_fifo/w128_d512_fifo.v
HDL-1007 : analyze verilog file ../user_source/ip_source/w155_d512_fifo/soft_fifo_al_f58e8b3e1f3d.v
HDL-1007 : analyze verilog file ../user_source/ip_source/w155_d512_fifo/w155_d512_fifo.v
HDL-1007 : analyze verilog file ../user_source/hdl_source/design_top_wrapper.v
HDL-1007 : analyze verilog file ../user_source/hdl_source/ip/control/mode_selector.v
HDL-1007 : analyze verilog file ../user_source/hdl_source/ip/camera/mipi/mipi_dphy_rx/mipi_dphy_rx_ph1p_mipiio_wrapper.sv
HDL-1007 : analyze verilog file ../user_source/hdl_source/ip/camera/mipi/mipi_dphy_rx/ph1p_mipiio_rx_wrapper.v
HDL-1007 : analyze verilog file ../user_source/hdl_source/ip/video/video_in.v
HDL-1007 : analyze verilog file ../user_source/hdl_source/ip/video/video_out.v
HDL-1007 : analyze verilog file ../user_source/hdl_source/ip/memory/mc_to_user_interface.v
HDL-1007 : analyze verilog file ../user_source/hdl_source/ip/camera/mipi/mipi_dphy_rx/byte_aligner.enc.v
HDL-1007 : back to file '../user_source/hdl_source/ip/camera/mipi/mipi_dphy_rx/byte_aligner.enc.v' in ../user_source/hdl_source/ip/camera/mipi/mipi_dphy_rx/byte_aligner.enc.v(18)
HDL-1007 : analyze verilog file ../user_source/hdl_source/ip/camera/mipi/mipi_dphy_rx/byte_aligner_wrapper.enc.sv
HDL-1007 : back to file '../user_source/hdl_source/ip/camera/mipi/mipi_dphy_rx/byte_aligner_wrapper.enc.sv' in ../user_source/hdl_source/ip/camera/mipi/mipi_dphy_rx/byte_aligner_wrapper.enc.sv(20)
HDL-1007 : analyze verilog file ../user_source/hdl_source/ip/camera/mipi/mipi_dphy_rx/channel_aligner.enc.v
HDL-1007 : back to file '../user_source/hdl_source/ip/camera/mipi/mipi_dphy_rx/channel_aligner.enc.v' in ../user_source/hdl_source/ip/camera/mipi/mipi_dphy_rx/channel_aligner.enc.v(17)
HDL-1007 : analyze verilog file ../user_source/hdl_source/ip/camera/mipi/mipi_dphy_rx/channel_aligner_wrapper.enc.sv
HDL-1007 : back to file '../user_source/hdl_source/ip/camera/mipi/mipi_dphy_rx/channel_aligner_wrapper.enc.sv' in ../user_source/hdl_source/ip/camera/mipi/mipi_dphy_rx/channel_aligner_wrapper.enc.sv(17)
HDL-1007 : analyze verilog file ../user_source/hdl_source/ip/camera/mipi/mipi_dphy_rx/hs_detect.enc.v
HDL-1007 : back to file '../user_source/hdl_source/ip/camera/mipi/mipi_dphy_rx/hs_detect.enc.v' in ../user_source/hdl_source/ip/camera/mipi/mipi_dphy_rx/hs_detect.enc.v(13)
HDL-1007 : analyze verilog file ../user_source/hdl_source/ip/image/signal_delay.v
HDL-1007 : analyze verilog file ../user_source/hdl_source/ip/image/awb.v
HDL-1007 : analyze verilog file ../user_source/hdl_source/ip/memory/ph1p35_ddr/ph1p35_324_ddr_wrapper.v
HDL-1007 : undeclared symbol 'dhi_clk', assumed default net type 'wire' in ../user_source/hdl_source/ip/memory/ph1p35_ddr/ph1p35_324_ddr_wrapper.v(83)
HDL-1007 : analyze verilog file ../user_source/hdl_source/ip/camera/mipi/csi_unpacket_2lane.v
HDL-1007 : analyze verilog file ../user_source/hdl_source/ip/image/image_process_stream_96.v
HDL-1007 : analyze verilog file ../user_source/hdl_source/ip/image/isp_top.v
HDL-1007 : analyze verilog file ../user_source/hdl_source/ip/camera/mipi/raw10_unpacket_2lane.v
HDL-1007 : analyze verilog file ../user_source/hdl_source/ip/camera/mipi/uial2axis.v
HDL-1007 : analyze verilog file ../user_source/hdl_source/ip/image/demosaic_4x_2_0/bilinear_interpolation.v
HDL-1007 : analyze verilog file ../user_source/hdl_source/ip/image/demosaic_4x_2_0/demosaic.v
HDL-5007 WARNING: /* is inside a comment in ../user_source/hdl_source/ip/image/demosaic_4x_2_0/demosaic.v(89)
HDL-5007 WARNING: /* is inside a comment in ../user_source/hdl_source/ip/image/demosaic_4x_2_0/demosaic.v(100)
HDL-1007 : analyze verilog file ../user_source/hdl_source/ip/image/demosaic_4x_2_0/line_buffer_demosaic.v
HDL-1007 : analyze verilog file ../user_source/hdl_source/ip/image/demosaic_4x_2_0/mipi_to_raw_converter.v
HDL-1007 : analyze verilog file ../user_source/hdl_source/ip/image/demosaic_4x_2_0/raw_matrix_3x3_buffer.v
HDL-1007 : analyze verilog file ../user_source/hdl_source/ip/image/demosaic_4x_2_0/zhenghe.v
HDL-1007 : undeclared symbol 'rd_valid', assumed default net type 'wire' in ../user_source/hdl_source/ip/image/demosaic_4x_2_0/zhenghe.v(146)
HDL-1007 : analyze verilog file ../user_source/hdl_source/ip/image/data128_96/data128_96.v
HDL-1007 : analyze verilog file ../user_source/hdl_source/ip/image/data96_128/data96_128.v
HDL-1007 : analyze verilog file ../user_source/hdl_source/ip/image/image_correction.v
HDL-1007 : analyze verilog file ../user_source/hdl_source/ip/camera/config/uics500_cfg/SC500GainTbl.v
HDL-1007 : analyze verilog file ../user_source/hdl_source/ip/camera/config/uics500_cfg/uicfgcs500.v
HDL-1007 : undeclared symbol 'iic_busy', assumed default net type 'wire' in ../user_source/hdl_source/ip/camera/config/uics500_cfg/uicfgcs500.v(141)
HDL-1007 : analyze verilog file ../user_source/hdl_source/ip/camera/config/uics500_cfg/uics500reg.v
HDL-1007 : analyze verilog file ../user_source/hdl_source/ip/camera/config/uics500_cfg/uics500regAE.v
HDL-1007 : analyze verilog file ../user_source/hdl_source/ip/camera/config/uics500_cfg/uii2c.v
HDL-1007 : analyze verilog file ../user_source/hdl_source/ip/camera/config/uiisp_beta/ae_set.v
HDL-1007 : analyze verilog file ../user_source/hdl_source/ip/display/hdmi/hdmi_tx.v
HDL-1007 : analyze verilog file ../user_source/hdl_source/ip/display/hdmi/hdmi_1_4b_transmitter_core_wrapper.enc.v
HDL-1007 : undeclared symbol '**', assumed default net type '**' in ../user_source/hdl_source/ip/display/hdmi/hdmi_1_4b_transmitter_core_wrapper.enc.v(2614)
HDL-1007 : undeclared symbol '**', assumed default net type '**' in ../user_source/hdl_source/ip/display/hdmi/hdmi_1_4b_transmitter_core_wrapper.enc.v(2716)
HDL-1007 : undeclared symbol '**', assumed default net type '**' in ../user_source/hdl_source/ip/display/hdmi/hdmi_1_4b_transmitter_core_wrapper.enc.v(2724)
HDL-1007 : undeclared symbol '**', assumed default net type '**' in ../user_source/hdl_source/ip/display/hdmi/hdmi_1_4b_transmitter_core_wrapper.enc.v(4936)
HDL-1007 : undeclared symbol '**', assumed default net type '**' in ../user_source/hdl_source/ip/display/hdmi/hdmi_1_4b_transmitter_core_wrapper.enc.v(5989)
HDL-1007 : back to file '../user_source/hdl_source/ip/display/hdmi/hdmi_1_4b_transmitter_core_wrapper.enc.v' in ../user_source/hdl_source/ip/display/hdmi/hdmi_1_4b_transmitter_core_wrapper.enc.v(77)
HDL-1007 : analyze verilog file ../user_source/hdl_source/ip/display/hdmi/hdmi_phy_warpper.v
HDL-1007 : analyze verilog file ../user_source/hdl_source/ip/display/hdmi/lane_lvds_10_1.v
HDL-1007 : analyze verilog file ../user_source/hdl_source/ip/video/vtc/uivtc.v
HDL-1007 : analyze verilog file ../user_source/hdl_source/ip/video/osd/hdmi_mixer.v
HDL-1007 : analyze verilog file ../user_source/hdl_source/ip/audio/I2S_receiver.v
HDL-1007 : analyze verilog file ../user_source/hdl_source/ip/audio/audio_arc_calculate.v
HDL-1007 : analyze verilog file ../user_source/hdl_source/ip/control/key_remove_shakes.v
HDL-1007 : analyze verilog file ../user_source/hdl_source/ip/video/osd/anlogic_logo_rom.v
HDL-1007 : analyze verilog file ../user_source/hdl_source/ip/video/osd/osd_char_lib.v
HDL-1007 : analyze verilog file ../user_source/hdl_source/ip/image/cnn/cnn_input_bram.v
HDL-1007 : analyze verilog file ../user_source/hdl_source/ip/image/cnn/cnn_feat_bram.v
HDL-1007 : analyze verilog file ../user_source/hdl_source/ip/image/cnn/cnn_bias_rom.v
HDL-1007 : analyze verilog file ../user_source/hdl_source/ip/image/cnn/cnn_weight_rom.v
HDL-1007 : analyze verilog file ../user_source/hdl_source/ip/image/cnn/cnn_core.v
HDL-1007 : analyze included file ../user_source/hdl_source/ip/image/cnn/cnn_quant_params.vh in ../user_source/hdl_source/ip/image/cnn/cnn_core.v(2)
HDL-1007 : back to file '../user_source/hdl_source/ip/image/cnn/cnn_core.v' in ../user_source/hdl_source/ip/image/cnn/cnn_core.v(2)
HDL-1007 : analyze verilog file ../user_source/hdl_source/ip/image/cnn/cnn_input_sampler_96.v
HDL-1007 : analyze verilog file ../user_source/hdl_source/ip/image/cnn/cnn_result_cdc.v
PRJ-1401 : Successfully analyzed 95 source files.
RUN-1002 : start command "load_run_param -run syn_1"
RUN-1002 : start command "import_db D:/anlu/rtl/reports/cnn_synthesis_gate.db"
RUN-1001 : Importing database generated by Tang Dynasty, V6.2.168116.
RUN-1001 : Database version number 46207
RUN-1001 : Import flow parameters
RUN-1001 : Import netlist
RUN-1001 : Import timing constraints
RUN-1001 : Import IO constraints
RUN-1001 : Import Inst constraints
RUN-1001 : Import ChipWatcher
RUN-1001 : Import design success TD_VERSION=6.2.168116 , DB_VERSION=46207
RUN-1003 : finish command "import_db D:/anlu/rtl/reports/cnn_synthesis_gate.db" in  2.353656s wall, 0.640625s user + 0.046875s system = 0.687500s CPU (29.2%)

RUN-1004 : used memory is 806 MB, reserved memory is 805 MB, peak memory is 806 MB
RUN-1002 : start command "commit_param -step place"
RUN-1001 : Print Global Property
RUN-1001 : -------------------------------------------------------------
RUN-1001 :     Parameters    |   Settings   |  Default Values  |  Note  
RUN-1001 : -------------------------------------------------------------
RUN-1001 :    enable_seed    |     off      |       off        |        
RUN-1001 :    hfn_to_clock   |  1000000000  |    1000000000    |        
RUN-1001 :      message      |   standard   |     standard     |        
RUN-1001 :    qor_monitor    |      on      |        on        |        
RUN-1001 :   speedup_effort  |      0       |        0         |        
RUN-1001 :    syn_ip_flow    |     off      |       off        |        
RUN-1001 :       thread      |     auto     |       auto       |        
RUN-1001 : -------------------------------------------------------------
RUN-1001 : Print Place Property
RUN-1001 : ---------------------------------------------------------------
RUN-1001 :       Parameters      |  Settings  |  Default Values  |  Note  
RUN-1001 : ---------------------------------------------------------------
RUN-1001 :         effort        |   medium   |      medium      |        
RUN-1001 :     hfn_opt_effort    |   medium   |      medium      |        
RUN-1001 :    logic_level_opt    |    off     |       off        |        
RUN-1001 :   macro_performance   |    auto    |       auto       |        
RUN-1001 :       max_fanout      |   999999   |      999999      |        
RUN-1001 :       opt_timing      |   medium   |      medium      |        
RUN-1001 :     post_place_opt    |    auto    |       auto       |        
RUN-1001 :      pr_strategy      |     1      |        1         |        
RUN-1001 :   preplace_floorplan  |    off     |       off        |        
RUN-1001 : ---------------------------------------------------------------
RUN-1002 : start command "read_adc ../user_source/constraints_source/pin.adc"
RUN-1002 : start command "set_pin_assignment  I_sys_clk   LOCATION = C4; IOSTANDARD  = LVCMOS33; PULLTYPE = PULLUP; "
RUN-1002 : start command "set_pin_assignment  I_rst_n   LOCATION = R10; IOSTANDARD = LVCMOS33; PULLTYPE = PULLUP; "
RUN-1002 : start command "set_pin_assignment  O_cam_scl   LOCATION = K3; IOSTANDARD  = LVCMOS33; DRIVESTRENGTH = 8; PULLTYPE = PULLUP; "
RUN-1002 : start command "set_pin_assignment  IO_cam_sda   LOCATION = J3; IOSTANDARD  = LVCMOS33; DRIVESTRENGTH = 8; PULLTYPE = PULLUP; "
RUN-1002 : start command "set_pin_assignment  O_cam_24m   LOCATION = L3; IOSTANDARD  = LVCMOS33; DRIVESTRENGTH = 8; PULLTYPE = PULLUP; "
RUN-1002 : start command "set_pin_assignment  O_cam_rst   LOCATION = L2; IOSTANDARD  = LVCMOS33; DRIVESTRENGTH = 8; PULLTYPE = PULLUP; "
RUN-1002 : start command "set_pin_assignment  I_button[0]   LOCATION = N2;  IOSTANDARD = LVCMOS33; DRIVESTRENGTH = 8; PULLTYPE = PULLUP; "
RUN-1002 : start command "set_pin_assignment  I_button[1]   LOCATION = J14; IOSTANDARD = LVCMOS33; DRIVESTRENGTH = 8; PULLTYPE = PULLUP; "
RUN-1002 : start command "set_pin_assignment  O_screen_pwm   LOCATION = R11; IOSTANDARD = LVCMOS33; DRIVESTRENGTH = 8; PULLTYPE = PULLDOWN; "
RUN-1002 : start command "set_pin_assignment  O_tmds_ch0_p   LOCATION = G16; IOSTANDARD = TMDS33; PULLTYPE = NONE; "
RUN-1002 : start command "set_pin_assignment  O_tmds_ch1_p   LOCATION = F17; IOSTANDARD = TMDS33; PULLTYPE = NONE; "
RUN-1002 : start command "set_pin_assignment  O_tmds_ch2_p   LOCATION = H14; IOSTANDARD = TMDS33; PULLTYPE = NONE; "
RUN-1002 : start command "set_pin_assignment  O_tmds_clk_p   LOCATION = C17; IOSTANDARD = TMDS33; PULLTYPE = NONE; "
RUN-1001 : Starting of IO setups legality check.
RUN-1003 : finish command "read_adc ../user_source/constraints_source/pin.adc" in  1.690805s wall, 1.671875s user + 0.000000s system = 1.671875s CPU (98.9%)

RUN-1004 : used memory is 762 MB, reserved memory is 759 MB, peak memory is 807 MB
RUN-1002 : start command "read_ip_adc -ip ddr2 -file ../user_source/hdl_source/ip/memory/ph1p35_ddr/ddr2/src/adc/ddr2.adc"
RUN-1001 : Starting of IO setups legality check.
RUN-1003 : finish command "read_ip_adc -ip ddr2 -file ../user_source/hdl_source/ip/memory/ph1p35_ddr/ddr2/src/adc/ddr2.adc" in  1.636253s wall, 1.640625s user + 0.000000s system = 1.640625s CPU (100.3%)

RUN-1004 : used memory is 762 MB, reserved memory is 759 MB, peak memory is 807 MB
RUN-1002 : start command "read_sdc camera_to_dsi_display.sdc"
RUN-1002 : start command "read_sdc -ip w128_d512_fifo ../user_source/ip_source/w128_d512_fifo/w128_d512_fifo.tcl"
RUN-1002 : start command "read_sdc -ip ddr2 ../user_source/hdl_source/ip/memory/ph1p35_ddr/ddr2/src/sdc/ddr2.sdc"
RUN-1002 : start command "place"
RUN-1001 : Open license file D:/Anlogic/TD_6.2.1_Engineer_6.2.168.116/license/Anlogic.lic
PHY-3001 : Placer runs in 32 thread(s).
PHY-1001 : Stage 1 | Initialize Design
PHY-1001 : Stage 1.1 | Build Design
PHY-1001 : 15394 luts, 23327 seqs, 536 mslices, 6217 lslices, 54 pads, 108 brams, 31 dsps
RUN-1002 : start command "legalize_phy_inst"
SYN-1011 : Flatten model design_top_wrapper
SYN-1001 : ADC: Instance "u_ph1p35_324_ddr_wrapper/u_ddr2/ph1p_ddrmc_wrapper/ph1p_ddrmc_top/u_ddr_phy/u_ddrphy_top/u_ddrphy/ac_byte[0]$ac_byte_used$u_ddrphy_ac_byte_wrapper/u_ddrphy_byte" LOCATION="X0Y70Z0"
SYN-1001 : ADC: Instance "u_ph1p35_324_ddr_wrapper/u_ddr2/ph1p_ddrmc_wrapper/ph1p_ddrmc_top/u_ddr_phy/u_ddrphy_top/u_ddrphy/ac_byte[1]$ac_byte_used$u_ddrphy_ac_byte_wrapper/u_ddrphy_byte" LOCATION="X0Y60Z0"
SYN-1001 : ADC: Instance "u_ph1p35_324_ddr_wrapper/u_ddr2/ph1p_ddrmc_wrapper/ph1p_ddrmc_top/u_ddr_phy/u_ddrphy_top/u_ddrphy/ac_byte[2]$ac_byte_used$u_ddrphy_ac_byte_wrapper/u_ddrphy_byte" LOCATION="X0Y50Z0"
SYN-1001 : ADC: Instance "u_ph1p35_324_ddr_wrapper/u_ddr2/ph1p_ddrmc_wrapper/ph1p_ddrmc_top/u_ddr_phy/u_ddrphy_top/u_ddrphy/ac_byte[3]$ac_byte_used$u_ddrphy_ac_byte_wrapper/u_ddrphy_byte" LOCATION="X0Y40Z0"
SYN-1001 : ADC: Instance "u_ph1p35_324_ddr_wrapper/u_ddr2/ph1p_ddrmc_wrapper/ph1p_ddrmc_top/u_ddr_phy/u_ddrphy_top/u_ddrphy/bkref[0]$u_ddrphy_bankref" LOCATION="X0Y19Z0"
SYN-1001 : ADC: Instance "u_ph1p35_324_ddr_wrapper/u_ddr2/ph1p_ddrmc_wrapper/ph1p_ddrmc_top/u_ddr_phy/u_ddrphy_top/u_ddrphy/bkref[1]$u_ddrphy_bankref" LOCATION="X0Y59Z0"
SYN-1001 : ADC: Instance "u_ph1p35_324_ddr_wrapper/u_ddr2/ph1p_ddrmc_wrapper/ph1p_ddrmc_top/u_ddr_phy/u_ddrphy_top/u_ddrphy/dx_byte[0]$dx_byte_used$u_ddrphy_dx_byte_wrapper/u_ddrphy_byte" LOCATION="X0Y30Z0"
SYN-1001 : ADC: Instance "u_ph1p35_324_ddr_wrapper/u_ddr2/ph1p_ddrmc_wrapper/ph1p_ddrmc_top/u_ddr_phy/u_ddrphy_top/u_ddrphy/dx_byte[1]$dx_byte_used$u_ddrphy_dx_byte_wrapper/u_ddrphy_byte" LOCATION="X0Y10Z0"
SYN-1001 : ADC: Instance "u_ph1p35_324_ddr_wrapper/u_ddr2/ph1p_ddrmc_wrapper/ph1p_ddrmc_top/u_ddr_phy/u_ddrphy_top/u_ddrphy_clk/ioclk[0]$u_ioclk_0" LOCATION="X0Y59Z0"
SYN-1001 : ADC: Instance "u_ph1p35_324_ddr_wrapper/u_ddr2/ph1p_ddrmc_wrapper/ph1p_ddrmc_top/u_ddr_phy/u_ddrphy_top/u_ddrphy_clk/ioclk[0]$u_ioclk_1" LOCATION="X0Y59Z1"
SYN-1001 : ADC: Instance "u_ph1p35_324_ddr_wrapper/u_ddr2/ph1p_ddrmc_wrapper/ph1p_ddrmc_top/u_ddr_phy/u_ddrphy_top/u_ddrphy_clk/ioclk[1]$u_ioclk_0" LOCATION="X0Y19Z0"
SYN-1001 : ADC: Instance "u_ph1p35_324_ddr_wrapper/u_ddr2/ph1p_ddrmc_wrapper/ph1p_ddrmc_top/u_ddr_phy/u_ddrphy_top/u_ddrphy_clk/ioclk[1]$u_ioclk_1" LOCATION="X0Y19Z1"
SYN-1001 : ADC: Instance "u_ph1p35_324_ddr_wrapper/u_ddr2/ph1p_ddrmc_wrapper/ph1p_ddrmc_top/u_ddr_phy/u_ddrphy_top/u_ddrphy_clk/u_mlclk_1" LOCATION="X0Y59Z0"
SYN-1001 : ADC: Instance "u_ph1p35_324_ddr_wrapper/u_ddr2/ph1p_ddrmc_wrapper/ph1p_ddrmc_top/u_ddr_phy/u_ddrphy_top/u_ddrphy_clk/u_mlclk_2" LOCATION="X0Y59Z1"
SYN-1001 : ADC: Instance "u_ph1p35_324_ddr_wrapper/u_ddr2/ph1p_ddrmc_wrapper/ph1p_ddrmc_top/u_ddr_phy/u_ddrphy_top/u_ddrphy_clk/u_pll0/u_pll_inst" LOCATION="X0Y40Z0"
SYN-1001 : ADC: Instance "u_ph1p35_324_ddr_wrapper/u_ddr2/ph1p_ddrmc_wrapper/ph1p_ddrmc_top/u_ddr_phy/u_ddrphy_top/u_ddrphy_clk/u_pll1/u_pll_inst" LOCATION="X0Y79Z0"
PHY-1001 : Remove keep and sweep redundant instances ...
PHY-1001 : 15079 luts, 22984 seqs, 536 mslices, 6186 lslices, 54 pads, 108 brams, 31 dsps
PHY-1001 : End Stage 1.1 | Build Design; Time: 0.290681s wall, 0.296875s user + 0.000000s system = 0.296875s CPU (102.1%); Memory(MB): used = 766, reserved = 763, peak = 807;

PHY-1001 : Stage 1.2 | Optimize Design
OPT-1001 : Stage 1.2.1 | Simplify Lut
OPT-1001 : End Stage 1.2.1 | Simplify Lut; Time: 0.045760s wall, 0.046875s user + 0.000000s system = 0.046875s CPU (102.4%); Memory(MB): used = 770, reserved = 768, peak = 807;

OPT-1001 : Stage 1.2.2 | Sweep
OPT-1001 : End Stage 1.2.2 | Sweep; Time: 0.015977s wall, 0.015625s user + 0.000000s system = 0.015625s CPU (97.8%); Memory(MB): used = 770, reserved = 768, peak = 807;

OPT-1001 : Stage 1.2.3 | Merge Lut
OPT-1001 : Start remap optimization ...
RUN-1001 :   Added 0 lut1 for undup drivers
OPT-1001 : skip lut merge since lut number 15077 is similar to or less than reg number 22984
OPT-1001 : End Stage 1.2.3 | Merge Lut; Time: 0.021902s wall, 0.015625s user + 0.000000s system = 0.015625s CPU (71.3%); Memory(MB): used = 770, reserved = 768, peak = 807;

OPT-1001 : Stage 1.2.4 | Synthesize High-fanout Net
OPT-1001 : Start high-fanout net optimization in pre-place flow with medium effort ...
RUN-1001 : HFN opt statistic
RUN-1001 : ------------------------------------------------------
RUN-1001 :   DriverCell type  |  HFN count  |  Duplicated count  
RUN-1001 : ------------------------------------------------------
RUN-1001 :       LSLICE       |      0      |         0          
RUN-1001 :       MSLICE       |      0      |         0          
RUN-1001 :        TOTAL       |      0      |         0          
RUN-1001 : ------------------------------------------------------
OPT-1001 : End high-fanout net optimization;  0.000063s wall, 0.000000s user + 0.000000s system = 0.000000s CPU (n/a%)

OPT-1001 : Current memory(MB): used = 770, reserved = 768, peak = 807.
OPT-1001 : End Stage 1.2.4 | Synthesize High-fanout Net; Time: 0.000115s wall, 0.000000s user + 0.000000s system = 0.000000s CPU (n/a%); Memory(MB): used = 770, reserved = 768, peak = 807;

OPT-1001 : End physical optimization;  0.083933s wall, 0.078125s user + 0.000000s system = 0.078125s CPU (93.1%)

PHY-1001 : End Stage 1.2 | Optimize Design; Time: 0.083975s wall, 0.078125s user + 0.000000s system = 0.078125s CPU (93.0%); Memory(MB): used = 771, reserved = 768, peak = 807;

PHY-1001 : Stage 1.3 | Initialize Clock
PHY-1001 : Start to synthesize physical clock networks.
RUN-1002 : start command "start_timer"
USR-1002 : Derived clock:  create_generated_clock -name {u_PLL/ph1p_phy_pll_wrapper_25a56e5ce2f9_Inst/u_PH1P_PHY_PLL.clkc[0]} -source [get_ports {I_sys_clk}] -master_clock {sys_clk_50m} -multiply_by 2.0000 -duty_cycle 50.0000 [get_pins {u_PLL/ph1p_phy_pll_wrapper_25a56e5ce2f9_Inst/u_PH1P_PHY_PLL.clkc[0]}]
USR-1002 : Derived clock:  create_generated_clock -name {u_PLL/ph1p_phy_pll_wrapper_25a56e5ce2f9_Inst/u_PH1P_PHY_PLL.clkc[1]} -source [get_ports {I_sys_clk}] -master_clock {sys_clk_50m} -divide_by 2.0769 -duty_cycle 50.0000 [get_pins {u_PLL/ph1p_phy_pll_wrapper_25a56e5ce2f9_Inst/u_PH1P_PHY_PLL.clkc[1]}]
USR-1002 : Derived clock:  create_generated_clock -name {u_PLL/ph1p_phy_pll_wrapper_25a56e5ce2f9_Inst/u_PH1P_PHY_PLL.clkc[4]} -source [get_ports {I_sys_clk}] -master_clock {sys_clk_50m} -multiply_by 1.0400 -duty_cycle 50.0000 [get_pins {u_PLL/ph1p_phy_pll_wrapper_25a56e5ce2f9_Inst/u_PH1P_PHY_PLL.clkc[4]}]
USR-1002 : Derived clock:  create_generated_clock -name {u_PLL/ph1p_phy_pll_wrapper_25a56e5ce2f9_Inst/u_PH1P_PHY_PLL.clkc[5]} -source [get_ports {I_sys_clk}] -master_clock {sys_clk_50m} -multiply_by 5.2000 -duty_cycle 50.0000 [get_pins {u_PLL/ph1p_phy_pll_wrapper_25a56e5ce2f9_Inst/u_PH1P_PHY_PLL.clkc[5]}]
USR-1002 : Derived clock:  create_generated_clock -name {u_ph1p35_324_ddr_wrapper/u_ddr2/ph1p_ddrmc_wrapper/ph1p_ddrmc_top/u_ddr_phy/u_ddrphy_top/u_ddrphy_clk/u_pll0/u_pll_inst.clkc[0]} -source [get_ports {I_sys_clk}] -master_clock {sys_clk_50m} -multiply_by 1.3333 -duty_cycle 50.0000 [get_pins {u_ph1p35_324_ddr_wrapper/u_ddr2/ph1p_ddrmc_wrapper/ph1p_ddrmc_top/u_ddr_phy/u_ddrphy_top/u_ddrphy_clk/u_pll0/u_pll_inst.clkc[0]}]
USR-1002 : Derived clock:  create_generated_clock -name {u_ph1p35_324_ddr_wrapper/u_ddr2/ph1p_ddrmc_wrapper/ph1p_ddrmc_top/u_ddr_phy/u_ddrphy_top/u_ddrphy_clk/u_pll0/u_pll_inst.clkc[1]} -source [get_ports {I_sys_clk}] -master_clock {sys_clk_50m} -multiply_by 1.3333 -duty_cycle 50.0000 [get_pins {u_ph1p35_324_ddr_wrapper/u_ddr2/ph1p_ddrmc_wrapper/ph1p_ddrmc_top/u_ddr_phy/u_ddrphy_top/u_ddrphy_clk/u_pll0/u_pll_inst.clkc[1]}]
USR-1002 : Derived clock:  create_generated_clock -name {u_ph1p35_324_ddr_wrapper/u_ddr2/ph1p_ddrmc_wrapper/ph1p_ddrmc_top/u_ddr_phy/u_ddrphy_top/u_ddrphy_clk/u_pll0/u_pll_inst.clkc[2]} -source [get_ports {I_sys_clk}] -master_clock {sys_clk_50m} -multiply_by 5.3333 -duty_cycle 50.0000 [get_pins {u_ph1p35_324_ddr_wrapper/u_ddr2/ph1p_ddrmc_wrapper/ph1p_ddrmc_top/u_ddr_phy/u_ddrphy_top/u_ddrphy_clk/u_pll0/u_pll_inst.clkc[2]}]
USR-1002 : Derived clock:  create_generated_clock -name {u_ph1p35_324_ddr_wrapper/u_ddr2/ph1p_ddrmc_wrapper/ph1p_ddrmc_top/u_ddr_phy/u_ddrphy_top/u_ddrphy_clk/u_pll0/u_pll_inst.clkc[3]} -source [get_ports {I_sys_clk}] -master_clock {sys_clk_50m} -divide_by 1.9687 -duty_cycle 50.0000 [get_pins {u_ph1p35_324_ddr_wrapper/u_ddr2/ph1p_ddrmc_wrapper/ph1p_ddrmc_top/u_ddr_phy/u_ddrphy_top/u_ddrphy_clk/u_pll0/u_pll_inst.clkc[3]}]
USR-1002 : Derived clock:  create_generated_clock -name {u_ph1p35_324_ddr_wrapper/u_ddr2/ph1p_ddrmc_wrapper/ph1p_ddrmc_top/u_ddr_phy/u_ddrphy_top/u_ddrphy_clk/u_pll1/u_pll_inst.clkc[0]} -source [get_pins {u_ph1p35_324_ddr_wrapper/u_ddr2/ph1p_ddrmc_wrapper/ph1p_ddrmc_top/u_ddr_phy/u_ddrphy_top/u_ddrphy_clk/u_pll0/u_pll_inst.clkc[0]}] -master_clock {u_ph1p35_324_ddr_wrapper/u_ddr2/ph1p_ddrmc_wrapper/ph1p_ddrmc_top/u_ddr_phy/u_ddrphy_top/u_ddrphy_clk/u_pll0/u_pll_inst.clkc[0]} -multiply_by 1.0000 -duty_cycle 50.0000 [get_pins {u_ph1p35_324_ddr_wrapper/u_ddr2/ph1p_ddrmc_wrapper/ph1p_ddrmc_top/u_ddr_phy/u_ddrphy_top/u_ddrphy_clk/u_pll1/u_pll_inst.clkc[0]}]
8.888000
15.000000
15.000000
19.230000
RUN-1003 : finish command "start_timer" in  1.721572s wall, 1.718750s user + 0.000000s system = 1.718750s CPU (99.8%)

RUN-1004 : used memory is 1128 MB, reserved memory is 1123 MB, peak memory is 1128 MB
TMR-2502 : Net delay update with mode: Synthesized
PHY-5060 CRITICAL-WARNING: Clock net candidate u_uicfgcs500/uii2c_inst/scl_clk has mixed fanouts of 1 clock pins; 2 data/ctrl pins. Please check connection of the net in design.
PHY-5060 CRITICAL-WARNING: Clock net candidate O_cam_24m_syn_3 has mixed fanouts of 83 clock pins; 1 data/ctrl pins. Please check connection of the net in design.
PHY-1001 : Populate physical database on model design_top_wrapper.
RUN-1001 : There are total 45794 instances
RUN-0007 : 15077 luts, 22984 seqs, 536 mslices, 6186 lslices, 54 pads, 108 brams, 31 dsps
RUN-1001 : There are total 61254 nets
RUN-1001 : 43781 nets have 2 pins
RUN-1001 : 13967 nets have [3 - 5] pins
RUN-1001 : 2243 nets have [6 - 10] pins
RUN-1001 : 564 nets have [11 - 20] pins
RUN-1001 : 596 nets have [21 - 99] pins
RUN-1001 : 103 nets have 100+ pins
PHY-1001 : Start to check user instance location assignments; please refer to ADC constraint.
PHY-1001 : End Stage 1.3 | Initialize Clock; Time: 2.784075s wall, 2.734375s user + 0.031250s system = 2.765625s CPU (99.3%); Memory(MB): used = 1283, reserved = 1277, peak = 1283;

PHY-1001 : End Stage 1 | Initialize Design; Time: 3.200448s wall, 3.156250s user + 0.031250s system = 3.187500s CPU (99.6%); Memory(MB): used = 1283, reserved = 1277, peak = 1283;

PHY-1001 : Stage 2 | Global Placement
RUN-1001 : Report Control nets information:
RUN-1001 : DFF Distribution
RUN-1001 : -------------------------------------
RUN-1001 :   CE   |  SSR  |  ASR  |  DFF Count  
RUN-1001 : -------------------------------------
RUN-1001 :   No   |  No   |  No   |    6682     
RUN-1001 :   No   |  No   |  Yes  |    4255     
RUN-1001 :   No   |  Yes  |  No   |     217     
RUN-1001 :   Yes  |  No   |  No   |     424     
RUN-1001 :   Yes  |  No   |  Yes  |    11484    
RUN-1001 :   Yes  |  Yes  |  No   |     146     
RUN-1001 : -------------------------------------
RUN-1001 : Control Group Statistic
RUN-1001 : -----------------------------
RUN-1001 :   #CLK  |  #CE  |  #SSR/ASR  
RUN-1001 : -----------------------------
RUN-1001 :    9    |  346  |     26     
RUN-1001 : -----------------------------
RUN-0007 : Control Set = 382
PHY-1001 : Stage 2.1 | Place Fixed Instances
PHY-1001 : Processing 2 clock pins of DDR instance u_ph1p35_324_ddr_wrapper/u_ddr2/ph1p_ddrmc_wrapper/ph1p_ddrmc_top/u_ddr_phy/u_ddrphy_top/u_ddrphy/ac_byte[0]$ac_byte_used$u_ddrphy_ac_byte_wrapper/u_ddrphy_byte, location = x0y70z0.
PHY-1001 :   User location X0Y59Z1 of ioclk instance u_ph1p35_324_ddr_wrapper/u_ddr2/ph1p_ddrmc_wrapper/ph1p_ddrmc_top/u_ddr_phy/u_ddrphy_top/u_ddrphy_clk/ioclk[0]$u_ioclk_1.
PHY-1001 :   Placement of ioclk instance u_ph1p35_324_ddr_wrapper/u_ddr2/ph1p_ddrmc_wrapper/ph1p_ddrmc_top/u_ddr_phy/u_ddrphy_top/u_ddrphy_clk/ioclk[0]$u_ioclk_1; location = x0y59z1.
PHY-1001 :   User location X0Y59Z0 of ioclk instance u_ph1p35_324_ddr_wrapper/u_ddr2/ph1p_ddrmc_wrapper/ph1p_ddrmc_top/u_ddr_phy/u_ddrphy_top/u_ddrphy_clk/ioclk[0]$u_ioclk_0.
PHY-1001 :   Placement of ioclk instance u_ph1p35_324_ddr_wrapper/u_ddr2/ph1p_ddrmc_wrapper/ph1p_ddrmc_top/u_ddr_phy/u_ddrphy_top/u_ddrphy_clk/ioclk[0]$u_ioclk_0; location = x0y59z0.
PHY-1001 : Processing 2 clock pins of DDR instance u_ph1p35_324_ddr_wrapper/u_ddr2/ph1p_ddrmc_wrapper/ph1p_ddrmc_top/u_ddr_phy/u_ddrphy_top/u_ddrphy/ac_byte[1]$ac_byte_used$u_ddrphy_ac_byte_wrapper/u_ddrphy_byte, location = x0y60z0.
PHY-1001 :   Placed ioclk instance u_ph1p35_324_ddr_wrapper/u_ddr2/ph1p_ddrmc_wrapper/ph1p_ddrmc_top/u_ddr_phy/u_ddrphy_top/u_ddrphy_clk/ioclk[0]$u_ioclk_1, location = x0y59z1.
PHY-1001 :   Placed ioclk instance u_ph1p35_324_ddr_wrapper/u_ddr2/ph1p_ddrmc_wrapper/ph1p_ddrmc_top/u_ddr_phy/u_ddrphy_top/u_ddrphy_clk/ioclk[0]$u_ioclk_0, location = x0y59z0.
PHY-1001 : Processing 2 clock pins of DDR instance u_ph1p35_324_ddr_wrapper/u_ddr2/ph1p_ddrmc_wrapper/ph1p_ddrmc_top/u_ddr_phy/u_ddrphy_top/u_ddrphy/ac_byte[2]$ac_byte_used$u_ddrphy_ac_byte_wrapper/u_ddrphy_byte, location = x0y50z0.
PHY-1001 :   Placed ioclk instance u_ph1p35_324_ddr_wrapper/u_ddr2/ph1p_ddrmc_wrapper/ph1p_ddrmc_top/u_ddr_phy/u_ddrphy_top/u_ddrphy_clk/ioclk[0]$u_ioclk_1, location = x0y59z1.
PHY-1001 :   Placed ioclk instance u_ph1p35_324_ddr_wrapper/u_ddr2/ph1p_ddrmc_wrapper/ph1p_ddrmc_top/u_ddr_phy/u_ddrphy_top/u_ddrphy_clk/ioclk[0]$u_ioclk_0, location = x0y59z0.
PHY-1001 : Processing 2 clock pins of DDR instance u_ph1p35_324_ddr_wrapper/u_ddr2/ph1p_ddrmc_wrapper/ph1p_ddrmc_top/u_ddr_phy/u_ddrphy_top/u_ddrphy/ac_byte[3]$ac_byte_used$u_ddrphy_ac_byte_wrapper/u_ddrphy_byte, location = x0y40z0.
PHY-1001 :   Placed ioclk instance u_ph1p35_324_ddr_wrapper/u_ddr2/ph1p_ddrmc_wrapper/ph1p_ddrmc_top/u_ddr_phy/u_ddrphy_top/u_ddrphy_clk/ioclk[0]$u_ioclk_1, location = x0y59z1.
PHY-1001 :   Placed ioclk instance u_ph1p35_324_ddr_wrapper/u_ddr2/ph1p_ddrmc_wrapper/ph1p_ddrmc_top/u_ddr_phy/u_ddrphy_top/u_ddrphy_clk/ioclk[0]$u_ioclk_0, location = x0y59z0.
PHY-1001 : Processing 2 clock pins of DDR instance u_ph1p35_324_ddr_wrapper/u_ddr2/ph1p_ddrmc_wrapper/ph1p_ddrmc_top/u_ddr_phy/u_ddrphy_top/u_ddrphy/dx_byte[0]$dx_byte_used$u_ddrphy_dx_byte_wrapper/u_ddrphy_byte, location = x0y30z0.
PHY-1001 :   User location X0Y19Z1 of ioclk instance u_ph1p35_324_ddr_wrapper/u_ddr2/ph1p_ddrmc_wrapper/ph1p_ddrmc_top/u_ddr_phy/u_ddrphy_top/u_ddrphy_clk/ioclk[1]$u_ioclk_1.
PHY-1001 :   Placement of ioclk instance u_ph1p35_324_ddr_wrapper/u_ddr2/ph1p_ddrmc_wrapper/ph1p_ddrmc_top/u_ddr_phy/u_ddrphy_top/u_ddrphy_clk/ioclk[1]$u_ioclk_1; location = x0y19z1.
PHY-1001 :   User location X0Y19Z0 of ioclk instance u_ph1p35_324_ddr_wrapper/u_ddr2/ph1p_ddrmc_wrapper/ph1p_ddrmc_top/u_ddr_phy/u_ddrphy_top/u_ddrphy_clk/ioclk[1]$u_ioclk_0.
PHY-1001 :   Placement of ioclk instance u_ph1p35_324_ddr_wrapper/u_ddr2/ph1p_ddrmc_wrapper/ph1p_ddrmc_top/u_ddr_phy/u_ddrphy_top/u_ddrphy_clk/ioclk[1]$u_ioclk_0; location = x0y19z0.
PHY-1001 : Processing 2 clock pins of DDR instance u_ph1p35_324_ddr_wrapper/u_ddr2/ph1p_ddrmc_wrapper/ph1p_ddrmc_top/u_ddr_phy/u_ddrphy_top/u_ddrphy/dx_byte[1]$dx_byte_used$u_ddrphy_dx_byte_wrapper/u_ddrphy_byte, location = x0y10z0.
PHY-1001 :   Placed ioclk instance u_ph1p35_324_ddr_wrapper/u_ddr2/ph1p_ddrmc_wrapper/ph1p_ddrmc_top/u_ddr_phy/u_ddrphy_top/u_ddrphy_clk/ioclk[1]$u_ioclk_1, location = x0y19z1.
PHY-1001 :   Placed ioclk instance u_ph1p35_324_ddr_wrapper/u_ddr2/ph1p_ddrmc_wrapper/ph1p_ddrmc_top/u_ddr_phy/u_ddrphy_top/u_ddrphy_clk/ioclk[1]$u_ioclk_0, location = x0y19z0.
PHY-1001 : DDR MLCLK topology u_ph1p35_324_ddr_wrapper/u_ddr2/ph1p_ddrmc_wrapper/ph1p_ddrmc_top/u_ddr_phy/u_ddrphy_top/u_ddrphy_clk/u_mlclk_1.
PHY-1001 :   Driver: PH1P_PHY_PLL_V2 u_ph1p35_324_ddr_wrapper/u_ddr2/ph1p_ddrmc_wrapper/ph1p_ddrmc_top/u_ddr_phy/u_ddrphy_top/u_ddrphy_clk/u_pll0/u_pll_inst.clkc[1], user location :X0Y40Z0.
PHY-1001 :   Sink: PH1P_PHY_IOCLK u_ph1p35_324_ddr_wrapper/u_ddr2/ph1p_ddrmc_wrapper/ph1p_ddrmc_top/u_ddr_phy/u_ddrphy_top/u_ddrphy_clk/ioclk[0]$u_ioclk_0, location = x0y59z0, sectorID = 1.
PHY-1001 :   Sink: PH1P_PHY_IOCLK u_ph1p35_324_ddr_wrapper/u_ddr2/ph1p_ddrmc_wrapper/ph1p_ddrmc_top/u_ddr_phy/u_ddrphy_top/u_ddrphy_clk/ioclk[1]$u_ioclk_0, location = x0y19z0, sectorID = 0.
PHY-1001 : Placement of MLCLK instance u_ph1p35_324_ddr_wrapper/u_ddr2/ph1p_ddrmc_wrapper/ph1p_ddrmc_top/u_ddr_phy/u_ddrphy_top/u_ddrphy_clk/u_mlclk_1; location = x0y59z0,  sectorID = 1.
PHY-1001 : DDR MLCLK topology u_ph1p35_324_ddr_wrapper/u_ddr2/ph1p_ddrmc_wrapper/ph1p_ddrmc_top/u_ddr_phy/u_ddrphy_top/u_ddrphy_clk/u_mlclk_2.
PHY-1001 :   Driver: PH1P_PHY_PLL_V2 u_ph1p35_324_ddr_wrapper/u_ddr2/ph1p_ddrmc_wrapper/ph1p_ddrmc_top/u_ddr_phy/u_ddrphy_top/u_ddrphy_clk/u_pll0/u_pll_inst.clkc[2], user location :X0Y40Z0.
PHY-1001 :   Sink: PH1P_PHY_IOCLK u_ph1p35_324_ddr_wrapper/u_ddr2/ph1p_ddrmc_wrapper/ph1p_ddrmc_top/u_ddr_phy/u_ddrphy_top/u_ddrphy_clk/ioclk[0]$u_ioclk_1, location = x0y59z1, sectorID = 1.
PHY-1001 :   Sink: PH1P_PHY_IOCLK u_ph1p35_324_ddr_wrapper/u_ddr2/ph1p_ddrmc_wrapper/ph1p_ddrmc_top/u_ddr_phy/u_ddrphy_top/u_ddrphy_clk/ioclk[1]$u_ioclk_1, location = x0y19z1, sectorID = 0.
PHY-1001 : Placement of MLCLK instance u_ph1p35_324_ddr_wrapper/u_ddr2/ph1p_ddrmc_wrapper/ph1p_ddrmc_top/u_ddr_phy/u_ddrphy_top/u_ddrphy_clk/u_mlclk_2; location = x0y59z1,  sectorID = 1.
PHY-5016 WARNING: PLL clkc is driving an IO without location.
PHY-5016 WARNING: PLL clkc is not driving a clock-capable IO.
PHY-5016 WARNING: PLL clkc is driving an IO without location.
PHY-5016 WARNING: PLL clkc is not driving a clock-capable IO.
PHY-1001 : End Stage 2.1 | Place Fixed Instances; Time: 0.054166s wall, 0.062500s user + 0.000000s system = 0.062500s CPU (115.4%); Memory(MB): used = 1310, reserved = 1304, peak = 1310;

PHY-1001 : Stage 2.2 | Pre-Place DRC Check
PHY-1001 : Stage 2.2.1 | Force Route Constraint Check
PHY-1001 : Check Pass.
PHY-1001 : End Stage 2.2.1 | Force Route Constraint Check; Time: 0.002126s wall, 0.000000s user + 0.000000s system = 0.000000s CPU (n/a%); Memory(MB): used = 1310, reserved = 1304, peak = 1310;

PHY-1001 : End Stage 2.2 | Pre-Place DRC Check; Time: 0.002155s wall, 0.000000s user + 0.000000s system = 0.000000s CPU (n/a%); Memory(MB): used = 1310, reserved = 1304, peak = 1310;

PHY-1001 : Clock GCLK Statistics:
RUN-1001 : GCLK Index: 
RUN-1001 : -------------------------------------------------------------------------------------------------------------------------------------------------------
RUN-1001 :   Index  |                                                          Clock GCLK                                                           |  Location   
RUN-1001 : -------------------------------------------------------------------------------------------------------------------------------------------------------
RUN-1001 :     1    |                           u_mipi_dphy_rx_ph1p_mipiio_wrapper/u_ph1p_mipiio_rx_wrapper/bufg_feedback                           |  x23y39z0   
RUN-1001 :     2    |   u_ph1p35_324_ddr_wrapper/u_ddr2/ph1p_ddrmc_wrapper/ph1p_ddrmc_top/u_ddr_phy/u_ddrphy_top/u_ddrphy_clk/u_pll1/u_bufg_fbclk   |  x23y39z16  
RUN-1001 :     3    |                                              u_hdmi_mixer/I_clk_created_gclkinst                                              |  x23y39z17  
RUN-1001 :     4    |                                               I_sys_clk_dup_6_created_gclkinst                                                |  x23y39z22  
RUN-1001 :     5    |                                               O_cam_24m_dup_1_created_gclkinst                                                |  x23y39z18  
RUN-1001 :     6    |                          u_hdmi_tx/u_hdmi2phy_wrapper/u0_lane_lvds_8_1/I_serial_clk_created_gclkinst                          |  x23y39z19  
RUN-1001 :     7    |  u_ph1p35_324_ddr_wrapper/u_ddr2/ph1p_ddrmc_wrapper/ph1p_ddrmc_top/u_ddr_phy/u_ddrphy_top/u_ddrphy/apb_pclk_created_gclkinst  |  x23y39z20  
RUN-1001 :     8    |                                       u_uicfgcs500/uii2c_inst/scl_clk_created_gclkinst                                        |  x23y39z1   
RUN-1001 :     9    |                                                      u_PLL/bufg_feedback                                                      |  x23y39z21  
RUN-1001 : -------------------------------------------------------------------------------------------------------------------------------------------------------
RUN-1001 : Clock Nets Connect To GCLK Statistics: 
RUN-1001 : -----------------------------------------------------------------------------------------------------------------------------------------------------------------------------------------
RUN-1001 :   Index  |                        Leading Net                        |  CLK/DATA/IO/PLL Sink(s)  |                       Following Net                       |  CLK/DATA/IO/PLL Sink(s)  
RUN-1001 : -----------------------------------------------------------------------------------------------------------------------------------------------------------------------------------------
RUN-1001 :     1    | u_mipi_dphy_rx_ph1p_mipiio_wrapper/u_ph1p_mipiio_rx_w...  |          1/0/0/0          | u_isp_top/u_demosaic/raw_matrix_3x3_buffer_d/zhenghe_...  |        17968/0/0/0        
RUN-1001 :     2    | u_ph1p35_324_ddr_wrapper/u_ddr2/ph1p_ddrmc_wrapper/ph...  |          1/0/0/0          | u_ph1p35_324_ddr_wrapper/u_ddr2/ph1p_ddrmc_wrapper/ph...  |        3529/0/0/0         
RUN-1001 :     3    |                    u_hdmi_mixer/I_clk                     |          1/0/0/0          |                u_hdmi_mixer/I_clk_syn_652                 |        1569/0/0/0         
RUN-1001 :     4    |                      I_sys_clk_dup_6                      |          3/0/0/0          |                      I_sys_clk_syn_8                      |         137/0/0/0         
RUN-1001 :     5    |                      O_cam_24m_dup_1                      |          1/0/0/0          |                      O_cam_24m_syn_3                      |         83/1/0/0          
RUN-1001 :     6    | u_hdmi_tx/u_hdmi2phy_wrapper/u0_lane_lvds_8_1/I_seria...  |          1/0/0/0          | u_hdmi_tx/u_hdmi2phy_wrapper/u0_lane_lvds_8_1/I_seria...  |         61/0/0/0          
RUN-1001 :     7    | u_ph1p35_324_ddr_wrapper/u_ddr2/ph1p_ddrmc_wrapper/ph...  |          1/0/0/0          | u_ph1p35_324_ddr_wrapper/u_ddr2/ph1p_ddrmc_wrapper/ph...  |         43/0/0/0          
RUN-1001 :     8    |              u_uicfgcs500/uii2c_inst/scl_clk              |          1/2/0/0          |           u_uicfgcs500/uii2c_inst/scl_clk_syn_9           |         24/0/0/0          
RUN-1001 :     9    |                      u_PLL/clk0_buf                       |          1/0/0/0          | u_mipi_dphy_rx_ph1p_mipiio_wrapper/u_ph1p_mipiio_rx_w...  |         13/0/0/0          
RUN-1001 : -----------------------------------------------------------------------------------------------------------------------------------------------------------------------------------------
PHY-1001 : Stage 2.3 | Global Placement Step 1
PHY-3001 : Target density is 60%
PHY-1001 : Stage 2.3.1 | Update Timing
RUN-1002 : start command "start_timer"
RUN-1003 : finish command "start_timer" in  1.402145s wall, 1.359375s user + 0.015625s system = 1.375000s CPU (98.1%)

RUN-1004 : used memory is 1376 MB, reserved memory is 1374 MB, peak memory is 1376 MB
PHY-1001 : SWNS: 321, STNS: 0, FEP: 0
PHY-1001 : End Stage 2.3.1 | Update Timing; Time: 2.519288s wall, 2.437500s user + 0.015625s system = 2.453125s CPU (97.4%); Memory(MB): used = 1393, reserved = 1387, peak = 1393;

PHY-0007 : Cell area utilization is 85%
RUN-1001 : Huge Net Statistic
RUN-1001 : ----------------------------------------------------------------------------------------------------------------------------------------------------------------------------------------
RUN-1001 :   Fanout  |  Slack  |                                                                                Net                                                                                
RUN-1001 : ----------------------------------------------------------------------------------------------------------------------------------------------------------------------------------------
RUN-1001 :   12401   |   Inf   |                                u_ph1p35_324_ddr_wrapper/u_ddr2/ph1p_ddrmc_wrapper/ph1p_ddrmc_top/u_ddr_phy/u_ddrphy_top/sys_rst_n                                 
RUN-1001 :    1472   |  11982  |                                u_ph1p35_324_ddr_wrapper/u_ddr2/ph1p_ddrmc_wrapper/ph1p_ddrmc_top/u_alc_mc_top/u_rbuf_addr_fifo/rst                                
RUN-1001 :    1089   |   Inf   |  u_ph1p35_324_ddr_wrapper/u_ddr2/ph1p_ddrmc_wrapper/ph1p_ddrmc_top/u_ddr_phy/u_ddrphy_top/u_ddrphy/dx_byte[1]$dx_byte_used$u_ddrphy_dx_byte_wrapper/dx_phy_rst_n  
RUN-1001 :    1054   |  1720   |                                                                  u_isp_top/u_cnn_core/conv_x[0]                                                                   
RUN-1001 :    1043   |  1721   |                                                                  u_isp_top/u_cnn_core/conv_x[1]                                                                   
RUN-1001 : ----------------------------------------------------------------------------------------------------------------------------------------------------------------------------------------
PHY-3001 : Clustering ...
PHY-3001 : End clustering;  0.183188s wall, 0.531250s user + 0.062500s system = 0.593750s CPU (324.1%)

PHY-3001 : Target density is 60%
PHY-1001 : Stage 2.3.2 | GP Iteration
PHY-1001 : End Stage 2.3.2 | GP Iteration; Time: 1.818065s wall, 5.812500s user + 3.718750s system = 9.531250s CPU (524.3%); Memory(MB): used = 1413, reserved = 1406, peak = 1413;

PHY-3001 : Multithread accelerating rate: 5.00
RUN-1002 : start command "start_timer"
USR-1002 : Derived clock:  create_generated_clock -name {u_PLL/ph1p_phy_pll_wrapper_25a56e5ce2f9_Inst/u_PH1P_PHY_PLL.clkc[0]} -source [get_ports {I_sys_clk}] -master_clock {sys_clk_50m} -multiply_by 2.0000 -duty_cycle 50.0000 [get_pins {u_PLL/ph1p_phy_pll_wrapper_25a56e5ce2f9_Inst/u_PH1P_PHY_PLL.clkc[0]}]
USR-1002 : Derived clock:  create_generated_clock -name {u_PLL/ph1p_phy_pll_wrapper_25a56e5ce2f9_Inst/u_PH1P_PHY_PLL.clkc[1]} -source [get_ports {I_sys_clk}] -master_clock {sys_clk_50m} -divide_by 2.0769 -duty_cycle 50.0000 [get_pins {u_PLL/ph1p_phy_pll_wrapper_25a56e5ce2f9_Inst/u_PH1P_PHY_PLL.clkc[1]}]
USR-1002 : Derived clock:  create_generated_clock -name {u_PLL/ph1p_phy_pll_wrapper_25a56e5ce2f9_Inst/u_PH1P_PHY_PLL.clkc[4]} -source [get_ports {I_sys_clk}] -master_clock {sys_clk_50m} -multiply_by 1.0400 -duty_cycle 50.0000 [get_pins {u_PLL/ph1p_phy_pll_wrapper_25a56e5ce2f9_Inst/u_PH1P_PHY_PLL.clkc[4]}]
USR-1002 : Derived clock:  create_generated_clock -name {u_PLL/ph1p_phy_pll_wrapper_25a56e5ce2f9_Inst/u_PH1P_PHY_PLL.clkc[5]} -source [get_ports {I_sys_clk}] -master_clock {sys_clk_50m} -multiply_by 5.2000 -duty_cycle 50.0000 [get_pins {u_PLL/ph1p_phy_pll_wrapper_25a56e5ce2f9_Inst/u_PH1P_PHY_PLL.clkc[5]}]
USR-1002 : Derived clock:  create_generated_clock -name {u_ph1p35_324_ddr_wrapper/u_ddr2/ph1p_ddrmc_wrapper/ph1p_ddrmc_top/u_ddr_phy/u_ddrphy_top/u_ddrphy_clk/u_pll0/u_pll_inst.clkc[0]} -source [get_ports {I_sys_clk}] -master_clock {sys_clk_50m} -multiply_by 1.3333 -duty_cycle 50.0000 [get_pins {u_ph1p35_324_ddr_wrapper/u_ddr2/ph1p_ddrmc_wrapper/ph1p_ddrmc_top/u_ddr_phy/u_ddrphy_top/u_ddrphy_clk/u_pll0/u_pll_inst.clkc[0]}]
USR-1002 : Derived clock:  create_generated_clock -name {u_ph1p35_324_ddr_wrapper/u_ddr2/ph1p_ddrmc_wrapper/ph1p_ddrmc_top/u_ddr_phy/u_ddrphy_top/u_ddrphy_clk/u_pll0/u_pll_inst.clkc[1]} -source [get_ports {I_sys_clk}] -master_clock {sys_clk_50m} -multiply_by 1.3333 -duty_cycle 50.0000 [get_pins {u_ph1p35_324_ddr_wrapper/u_ddr2/ph1p_ddrmc_wrapper/ph1p_ddrmc_top/u_ddr_phy/u_ddrphy_top/u_ddrphy_clk/u_pll0/u_pll_inst.clkc[1]}]
USR-1002 : Derived clock:  create_generated_clock -name {u_ph1p35_324_ddr_wrapper/u_ddr2/ph1p_ddrmc_wrapper/ph1p_ddrmc_top/u_ddr_phy/u_ddrphy_top/u_ddrphy_clk/u_pll0/u_pll_inst.clkc[2]} -source [get_ports {I_sys_clk}] -master_clock {sys_clk_50m} -multiply_by 5.3333 -duty_cycle 50.0000 [get_pins {u_ph1p35_324_ddr_wrapper/u_ddr2/ph1p_ddrmc_wrapper/ph1p_ddrmc_top/u_ddr_phy/u_ddrphy_top/u_ddrphy_clk/u_pll0/u_pll_inst.clkc[2]}]
USR-1002 : Derived clock:  create_generated_clock -name {u_ph1p35_324_ddr_wrapper/u_ddr2/ph1p_ddrmc_wrapper/ph1p_ddrmc_top/u_ddr_phy/u_ddrphy_top/u_ddrphy_clk/u_pll0/u_pll_inst.clkc[3]} -source [get_ports {I_sys_clk}] -master_clock {sys_clk_50m} -divide_by 1.9687 -duty_cycle 50.0000 [get_pins {u_ph1p35_324_ddr_wrapper/u_ddr2/ph1p_ddrmc_wrapper/ph1p_ddrmc_top/u_ddr_phy/u_ddrphy_top/u_ddrphy_clk/u_pll0/u_pll_inst.clkc[3]}]
USR-1002 : Derived clock:  create_generated_clock -name {u_ph1p35_324_ddr_wrapper/u_ddr2/ph1p_ddrmc_wrapper/ph1p_ddrmc_top/u_ddr_phy/u_ddrphy_top/u_ddrphy_clk/u_pll1/u_pll_inst.clkc[0]} -source [get_pins {u_ph1p35_324_ddr_wrapper/u_ddr2/ph1p_ddrmc_wrapper/ph1p_ddrmc_top/u_ddr_phy/u_ddrphy_top/u_ddrphy_clk/u_pll0/u_pll_inst.clkc[0]}] -master_clock {u_ph1p35_324_ddr_wrapper/u_ddr2/ph1p_ddrmc_wrapper/ph1p_ddrmc_top/u_ddr_phy/u_ddrphy_top/u_ddrphy_clk/u_pll0/u_pll_inst.clkc[0]} -multiply_by 1.0000 -duty_cycle 50.0000 [get_pins {u_ph1p35_324_ddr_wrapper/u_ddr2/ph1p_ddrmc_wrapper/ph1p_ddrmc_top/u_ddr_phy/u_ddrphy_top/u_ddrphy_clk/u_pll1/u_pll_inst.clkc[0]}]
8.888000
15.000000
15.000000
19.230000
RUN-1003 : finish command "start_timer" in  1.559365s wall, 1.531250s user + 0.000000s system = 1.531250s CPU (98.2%)

RUN-1004 : used memory is 1414 MB, reserved memory is 1406 MB, peak memory is 1414 MB
TMR-2502 : Net delay update with mode: Placed
PHY-3001 : No need to merge 9x9 Dsps.
PHY-1001 : Populate physical database on model design_top_wrapper.
PHY-1001 : End Stage 2.3 | Global Placement Step 1; Time: 7.609782s wall, 11.765625s user + 3.859375s system = 15.625000s CPU (205.3%); Memory(MB): used = 1517, reserved = 1510, peak = 1517;

PHY-1001 : Stage 2.4 | RAM/DSP Legalization and Detailed Placement
PHY-1001 : Stage 2.4.1 | Legalization
PHY-3001 : Before Legalized: Len = 2.78083e+06
PHY-3001 : After Legalized: Len = 2.94668e+06, Over = 709.812
PHY-1001 : End Stage 2.4.1 | Legalization; Time: 1.324737s wall, 1.328125s user + 0.000000s system = 1.328125s CPU (100.3%); Memory(MB): used = 1520, reserved = 1512, peak = 1520;

PHY-1001 : Stage 2.4.2 | Detailed Placement
PHY-1001 : Stage 2.4.2.1 | Simulated Annealing Based DP
PHY-0007 : Initial: WL Cost = 306400, TD Cost = 7.00406e+06, SWNS = -745, STNS = -5029, Nums per T = 1390, Range Limit = 2x32
PHY-0007 : Finally: WL Cost = 302709, TD Cost = 7.04316e+06, WL Ratio = 0.987952, TD Ratio = 1.00558, SWNS = -745, STNS = -5029
RUN-1001 : Print Detailed placement's Summary information
RUN-1001 : -------------------------------------------------------------------------------------------------------------------------------
RUN-1001 :             |  Total  |  Accept  |  Reject by overFlow  |  Reject by worseCost  |  Failed by noTarget  |  Failed by gridCheck  
RUN-1001 : -------------------------------------------------------------------------------------------------------------------------------
RUN-1001 :   RAM/DSPs  |  6950   |   284    |          0           |         6666          |          0           |           0           
RUN-1001 :    Macros   |  1582   |    32    |          0           |         1550          |          0           |           0           
RUN-1001 : -------------------------------------------------------------------------------------------------------------------------------
PHY-1001 : End Stage 2.4.2.1 | Simulated Annealing Based DP; Time: 3.316722s wall, 4.546875s user + 0.515625s system = 5.062500s CPU (152.6%); Memory(MB): used = 1526, reserved = 1517, peak = 1526;

PHY-3001 : End Detailed Place; 
PHY-1001 : End Stage 2.4.2 | Detailed Placement; Time: 3.470604s wall, 4.703125s user + 0.515625s system = 5.218750s CPU (150.4%); Memory(MB): used = 1526, reserved = 1517, peak = 1526;

PHY-1001 : End Stage 2.4 | RAM/DSP Legalization and Detailed Placement; Time: 4.796121s wall, 6.031250s user + 0.515625s system = 6.546875s CPU (136.5%); Memory(MB): used = 1526, reserved = 1517, peak = 1526;

PHY-1001 : Stage 2.5 | Global Placement Step 2
PHY-3001 : Target density is 60%
PHY-1001 : Stage 2.5.1 | Update Timing
PHY-1001 : SWNS: -745, STNS: -5029, FEP: 10
PHY-1001 : End Stage 2.5.1 | Update Timing; Time: 0.112138s wall, 0.109375s user + 0.000000s system = 0.109375s CPU (97.5%); Memory(MB): used = 1526, reserved = 1517, peak = 1526;

PHY-1001 : Stage 2.5.2 | Refresh Congestion
RUN-1001 : Generating global routing grids ...
RUN-1001 : Building simple global routing graph ...
PHY-1001 : Generate routing nets ...
PHY-1001 : Reuse net number 0/16920.
PHY-1001 : Global iterations in 32 thread ...
PHY-1002 : len = 3.27626e+06, over cnt = 3707(5%), over = 30877, worst = 108
PHY-1001 : End global iterations;  0.427139s wall, 0.937500s user + 0.000000s system = 0.937500s CPU (219.5%)

PHY-1001 : Congestion index:
PHY-1001 : top1  = 363.82(S 191.20, N 210.53, E 272.86, W 313.65, I 597.31, O 643.26)
PHY-1001 : top5  = 231.99(S 115.88, N 130.13, E 160.19, W 168.21, I 351.64, O 391.93)
PHY-1001 : top10 = 179.56(S 86.19, N 98.91, E 118.78, W 120.25, I 246.95, O 280.90)
PHY-1001 : top15 = 150.78(S 70.58, N 81.44, E 97.21, W 96.54, I 187.78, O 214.06)
PHY-1001 : End Stage 2.5.2 | Refresh Congestion; Time: 0.696973s wall, 1.375000s user + 0.031250s system = 1.406250s CPU (201.8%); Memory(MB): used = 1629, reserved = 1620, peak = 1629;

PHY-1001 : Stage 2.5.3 | GP Iteration
PHY-1001 : End Stage 2.5.3 | GP Iteration; Time: 0.677396s wall, 3.718750s user + 0.484375s system = 4.203125s CPU (620.5%); Memory(MB): used = 1629, reserved = 1621, peak = 1629;

PHY-3001 : Target density is 60%
PHY-1001 : Stage 2.5.4 | Update Timing
PHY-1001 : SWNS: 306, STNS: 0, FEP: 0
PHY-1001 : End Stage 2.5.4 | Update Timing; Time: 1.306067s wall, 1.265625s user + 0.015625s system = 1.281250s CPU (98.1%); Memory(MB): used = 1634, reserved = 1625, peak = 1634;

PHY-1001 : Stage 2.5.5 | Refresh Congestion
RUN-1001 : Generating global routing grids ...
PHY-1001 : Generate routing nets ...
PHY-1001 : Reuse net number 267/19484.
PHY-1001 : Global iterations in 32 thread ...
PHY-1002 : len = 3.02986e+06, over cnt = 4017(5%), over = 25664, worst = 87
PHY-1001 : End global iterations;  0.643383s wall, 1.031250s user + 0.000000s system = 1.031250s CPU (160.3%)

PHY-1001 : Congestion index:
PHY-1001 : top1  = 272.97(S 135.57, N 161.23, E 209.29, W 237.99, I 384.62, O 417.52)
PHY-1001 : top5  = 180.41(S 92.42, N 110.16, E 125.38, W 151.15, I 239.89, O 264.55)
PHY-1001 : top10 = 147.82(S 73.21, N 87.14, E 96.63, W 118.51, I 181.65, O 202.69)
PHY-1001 : top15 = 129.47(S 62.59, N 74.17, E 81.07, W 99.66, I 149.56, O 168.31)
PHY-1001 : End Stage 2.5.5 | Refresh Congestion; Time: 0.790350s wall, 1.171875s user + 0.015625s system = 1.187500s CPU (150.2%); Memory(MB): used = 1635, reserved = 1626, peak = 1635;

PHY-1001 : Stage 2.5.6 | GP Iteration
PHY-1001 : End Stage 2.5.6 | GP Iteration; Time: 1.212120s wall, 9.421875s user + 0.203125s system = 9.625000s CPU (794.1%); Memory(MB): used = 1644, reserved = 1635, peak = 1644;

PHY-3001 : Multithread accelerating rate: 7.17
PHY-1001 : End Stage 2.5 | Global Placement Step 2; Time: 6.178152s wall, 18.437500s user + 0.750000s system = 19.187500s CPU (310.6%); Memory(MB): used = 1647, reserved = 1639, peak = 1647;

PHY-1001 : Stage 2.6 | RAM/DSP Detailed Placement
PHY-1001 : Stage 2.6.1 | Detailed Placement
PHY-1001 : Stage 2.6.1.1 | Simulated Annealing Based DP
PHY-0007 : Initial: WL Cost = 267212, TD Cost = 2.79003e+06, SWNS = 463, STNS = 0, Nums per T = 1390, Range Limit = 2x32
PHY-0007 : Finally: WL Cost = 264144, TD Cost = 2.759e+06, WL Ratio = 0.988521, TD Ratio = 0.988878, SWNS = 463, STNS = 0
RUN-1001 : Print Detailed placement's Summary information
RUN-1001 : -------------------------------------------------------------------------------------------------------------------------------
RUN-1001 :             |  Total  |  Accept  |  Reject by overFlow  |  Reject by worseCost  |  Failed by noTarget  |  Failed by gridCheck  
RUN-1001 : -------------------------------------------------------------------------------------------------------------------------------
RUN-1001 :   RAM/DSPs  |  6950   |   233    |          0           |         6717          |          0           |           0           
RUN-1001 :    Macros   |  1574   |    35    |          0           |         1539          |          0           |           0           
RUN-1001 : -------------------------------------------------------------------------------------------------------------------------------
PHY-1001 : End Stage 2.6.1.1 | Simulated Annealing Based DP; Time: 2.108240s wall, 2.906250s user + 0.000000s system = 2.906250s CPU (137.9%); Memory(MB): used = 1650, reserved = 1641, peak = 1650;

PHY-3001 : End Detailed Place; 
PHY-1001 : End Stage 2.6.1 | Detailed Placement; Time: 2.263052s wall, 3.062500s user + 0.000000s system = 3.062500s CPU (135.3%); Memory(MB): used = 1650, reserved = 1641, peak = 1650;

PHY-1001 : Stage 2.6.2 | Spreading
OPT-1001 : Total overflow 1308.59 peak overflow 9.47
PHY-3001 : Spreading for sector grids.
PHY-3001 : Iter 1, total overflow: 0
PHY-3001 : tot_capacity: 48, usage_cnt: 20, movable_cnt: 35
PHY-3001 : End spreading;  0.058980s wall, 0.390625s user + 0.000000s system = 0.390625s CPU (662.3%)

PHY-1001 : End Stage 2.6.2 | Spreading; Time: 0.059032s wall, 0.390625s user + 0.000000s system = 0.390625s CPU (661.7%); Memory(MB): used = 1650, reserved = 1641, peak = 1650;

PHY-1001 : End Stage 2.6 | RAM/DSP Detailed Placement; Time: 2.486140s wall, 3.609375s user + 0.000000s system = 3.609375s CPU (145.2%); Memory(MB): used = 1650, reserved = 1641, peak = 1650;

PHY-1001 : Stage 2.7 | Optimize Design
OPT-1001 : Start physical optimization ...
OPT-1001 : Total overflow 1308.59 peak overflow 9.47
OPT-1001 : Stage 2.7.1 | Synthesize High-fanout Net
OPT-1001 : Start high-fanout net optimization in pre-pack flow with medium effort ...
OPT-1001 : Update timing in Manhattan mode
OPT-1001 : End timing update;  1.269030s wall, 1.234375s user + 0.015625s system = 1.250000s CPU (98.5%)

OPT-1001 : Start: SWNS 463 STNS 0 NUM_FEPS 0
OPT-1001 : Total overflow 1308.59 peak overflow 9.47
PHY-1001 : Populate physical database on model design_top_wrapper.
OPT-1001 : 178 high-fanout net processed.
PHY-3001 : Start incremental placement ...
PHY-1001 : Populate physical database on model design_top_wrapper.
PHY-1001 : Processing 2 clock pins of DDR instance u_ph1p35_324_ddr_wrapper/u_ddr2/ph1p_ddrmc_wrapper/ph1p_ddrmc_top/u_ddr_phy/u_ddrphy_top/u_ddrphy/ac_byte[0]$ac_byte_used$u_ddrphy_ac_byte_wrapper/u_ddrphy_byte, location = x0y70z0.
PHY-1001 :   Placed ioclk instance u_ph1p35_324_ddr_wrapper/u_ddr2/ph1p_ddrmc_wrapper/ph1p_ddrmc_top/u_ddr_phy/u_ddrphy_top/u_ddrphy_clk/ioclk[0]$u_ioclk_1, location = x0y59z1.
PHY-1001 :   Placed ioclk instance u_ph1p35_324_ddr_wrapper/u_ddr2/ph1p_ddrmc_wrapper/ph1p_ddrmc_top/u_ddr_phy/u_ddrphy_top/u_ddrphy_clk/ioclk[0]$u_ioclk_0, location = x0y59z0.
PHY-1001 : Processing 2 clock pins of DDR instance u_ph1p35_324_ddr_wrapper/u_ddr2/ph1p_ddrmc_wrapper/ph1p_ddrmc_top/u_ddr_phy/u_ddrphy_top/u_ddrphy/ac_byte[1]$ac_byte_used$u_ddrphy_ac_byte_wrapper/u_ddrphy_byte, location = x0y60z0.
PHY-1001 :   Placed ioclk instance u_ph1p35_324_ddr_wrapper/u_ddr2/ph1p_ddrmc_wrapper/ph1p_ddrmc_top/u_ddr_phy/u_ddrphy_top/u_ddrphy_clk/ioclk[0]$u_ioclk_1, location = x0y59z1.
PHY-1001 :   Placed ioclk instance u_ph1p35_324_ddr_wrapper/u_ddr2/ph1p_ddrmc_wrapper/ph1p_ddrmc_top/u_ddr_phy/u_ddrphy_top/u_ddrphy_clk/ioclk[0]$u_ioclk_0, location = x0y59z0.
PHY-1001 : Processing 2 clock pins of DDR instance u_ph1p35_324_ddr_wrapper/u_ddr2/ph1p_ddrmc_wrapper/ph1p_ddrmc_top/u_ddr_phy/u_ddrphy_top/u_ddrphy/ac_byte[2]$ac_byte_used$u_ddrphy_ac_byte_wrapper/u_ddrphy_byte, location = x0y50z0.
PHY-1001 :   Placed ioclk instance u_ph1p35_324_ddr_wrapper/u_ddr2/ph1p_ddrmc_wrapper/ph1p_ddrmc_top/u_ddr_phy/u_ddrphy_top/u_ddrphy_clk/ioclk[0]$u_ioclk_1, location = x0y59z1.
PHY-1001 :   Placed ioclk instance u_ph1p35_324_ddr_wrapper/u_ddr2/ph1p_ddrmc_wrapper/ph1p_ddrmc_top/u_ddr_phy/u_ddrphy_top/u_ddrphy_clk/ioclk[0]$u_ioclk_0, location = x0y59z0.
PHY-1001 : Processing 2 clock pins of DDR instance u_ph1p35_324_ddr_wrapper/u_ddr2/ph1p_ddrmc_wrapper/ph1p_ddrmc_top/u_ddr_phy/u_ddrphy_top/u_ddrphy/ac_byte[3]$ac_byte_used$u_ddrphy_ac_byte_wrapper/u_ddrphy_byte, location = x0y40z0.
PHY-1001 :   Placed ioclk instance u_ph1p35_324_ddr_wrapper/u_ddr2/ph1p_ddrmc_wrapper/ph1p_ddrmc_top/u_ddr_phy/u_ddrphy_top/u_ddrphy_clk/ioclk[0]$u_ioclk_1, location = x0y59z1.
PHY-1001 :   Placed ioclk instance u_ph1p35_324_ddr_wrapper/u_ddr2/ph1p_ddrmc_wrapper/ph1p_ddrmc_top/u_ddr_phy/u_ddrphy_top/u_ddrphy_clk/ioclk[0]$u_ioclk_0, location = x0y59z0.
PHY-1001 : Processing 2 clock pins of DDR instance u_ph1p35_324_ddr_wrapper/u_ddr2/ph1p_ddrmc_wrapper/ph1p_ddrmc_top/u_ddr_phy/u_ddrphy_top/u_ddrphy/dx_byte[0]$dx_byte_used$u_ddrphy_dx_byte_wrapper/u_ddrphy_byte, location = x0y30z0.
PHY-1001 :   Placed ioclk instance u_ph1p35_324_ddr_wrapper/u_ddr2/ph1p_ddrmc_wrapper/ph1p_ddrmc_top/u_ddr_phy/u_ddrphy_top/u_ddrphy_clk/ioclk[1]$u_ioclk_1, location = x0y19z1.
PHY-1001 :   Placed ioclk instance u_ph1p35_324_ddr_wrapper/u_ddr2/ph1p_ddrmc_wrapper/ph1p_ddrmc_top/u_ddr_phy/u_ddrphy_top/u_ddrphy_clk/ioclk[1]$u_ioclk_0, location = x0y19z0.
PHY-1001 : Processing 2 clock pins of DDR instance u_ph1p35_324_ddr_wrapper/u_ddr2/ph1p_ddrmc_wrapper/ph1p_ddrmc_top/u_ddr_phy/u_ddrphy_top/u_ddrphy/dx_byte[1]$dx_byte_used$u_ddrphy_dx_byte_wrapper/u_ddrphy_byte, location = x0y10z0.
PHY-1001 :   Placed ioclk instance u_ph1p35_324_ddr_wrapper/u_ddr2/ph1p_ddrmc_wrapper/ph1p_ddrmc_top/u_ddr_phy/u_ddrphy_top/u_ddrphy_clk/ioclk[1]$u_ioclk_1, location = x0y19z1.
PHY-1001 :   Placed ioclk instance u_ph1p35_324_ddr_wrapper/u_ddr2/ph1p_ddrmc_wrapper/ph1p_ddrmc_top/u_ddr_phy/u_ddrphy_top/u_ddrphy_clk/ioclk[1]$u_ioclk_0, location = x0y19z0.
PHY-3001 : Target density is 60%
PHY-3001 : Target density is 60%
PHY-1001 : Stage 2.7.1.1 | Update Timing
PHY-1001 : SWNS: 463, STNS: 0, FEP: 0
PHY-1001 : End Stage 2.7.1.1 | Update Timing; Time: 0.153875s wall, 0.156250s user + 0.000000s system = 0.156250s CPU (101.5%); Memory(MB): used = 1650, reserved = 1641, peak = 1650;

PHY-1001 : Stage 2.7.1.2 | Refresh Congestion
RUN-1001 : Generating global routing grids ...
PHY-1001 : Generate routing nets ...
PHY-1001 : Reuse net number 832/35110.
PHY-1001 : Global iterations in 32 thread ...
PHY-1002 : len = 2.82179e+06, over cnt = 4799(6%), over = 31072, worst = 124
PHY-1001 : End global iterations;  0.928817s wall, 1.578125s user + 0.000000s system = 1.578125s CPU (169.9%)

PHY-1001 : Congestion index:
PHY-1001 : top1  = 261.10(S 189.19, N 177.32, E 201.99, W 223.36, I 280.43, O 317.68)
PHY-1001 : top5  = 188.33(S 111.61, N 120.02, E 134.18, W 145.40, I 178.77, O 199.24)
PHY-1001 : top10 = 157.77(S 85.37, N 95.15, E 106.39, W 116.77, I 139.38, O 153.77)
PHY-1001 : top15 = 139.57(S 71.91, N 81.56, E 90.45, W 100.35, I 116.60, O 129.05)
PHY-1001 : End Stage 2.7.1.2 | Refresh Congestion; Time: 1.116789s wall, 1.812500s user + 0.000000s system = 1.812500s CPU (162.3%); Memory(MB): used = 1666, reserved = 1656, peak = 1666;

PHY-1001 : Stage 2.7.1.3 | GP Iteration
PHY-1001 : End Stage 2.7.1.3 | GP Iteration; Time: 1.472901s wall, 13.109375s user + 0.062500s system = 13.171875s CPU (894.3%); Memory(MB): used = 1667, reserved = 1658, peak = 1667;

PHY-3001 : Multithread accelerating rate: 8.80
OPT-1001 : Total overflow 1319.06 peak overflow 9.09
PHY-3001 : Spreading for sector grids.
PHY-3001 : Iter 1, total overflow: 0
PHY-3001 : tot_capacity: 48, usage_cnt: 19, movable_cnt: 37
PHY-3001 : End spreading;  0.072212s wall, 0.093750s user + 0.000000s system = 0.093750s CPU (129.8%)

PHY-3001 : Final: Len = 2.28898e+06, Over = 527.094
PHY-3001 : End incremental placement;  3.068769s wall, 15.406250s user + 0.062500s system = 15.468750s CPU (504.1%)

OPT-1001 : Total overflow 1319.06 peak overflow 9.09
RUN-1001 : HFN opt statistic
RUN-1001 : ------------------------------------------------------
RUN-1001 :   DriverCell type  |  HFN count  |  Duplicated count  
RUN-1001 : ------------------------------------------------------
RUN-1001 :         REG        |     14      |        103         
RUN-1001 :        LUT6        |     11      |         37         
RUN-1001 :        LUT5        |      0      |         0          
RUN-1001 :        LUT4        |     60      |         89         
RUN-1001 :        LUT3        |      5      |         8          
RUN-1001 :        LUT2        |     88      |        233         
RUN-1001 :        TOTAL       |     178     |        470         
RUN-1001 : ------------------------------------------------------
OPT-1001 : End high-fanout net optimization;  7.502308s wall, 20.031250s user + 0.078125s system = 20.109375s CPU (268.0%)

OPT-1001 : Update timing in Manhattan mode
OPT-1001 : End timing update;  1.394332s wall, 1.390625s user + 0.000000s system = 1.390625s CPU (99.7%)

OPT-1001 : Current memory(MB): used = 1667, reserved = 1658, peak = 1667.
OPT-1001 : End Stage 2.7.1 | Synthesize High-fanout Net; Time: 9.060830s wall, 21.578125s user + 0.078125s system = 21.656250s CPU (239.0%); Memory(MB): used = 1667, reserved = 1658, peak = 1667;

OPT-1001 : Stage 2.7.2 | Global Optimization
OPT-1001 : Start global optimization ...
OPT-0007 : Start: SWNS 514 STNS 0 NUM_FEPS 0
OPT-1001 : Start congestion update ...
RUN-1001 : Generating global routing grids ...
PHY-1001 : Generate routing nets ...
PHY-1001 : Reuse net number 5778/34474.
PHY-1001 : Global iterations in 32 thread ...
PHY-1002 : len = 2.8572e+06, over cnt = 4973(6%), over = 17227, worst = 52
PHY-1002 : len = 3.12774e+06, over cnt = 4445(6%), over = 10909, worst = 25
PHY-1002 : len = 3.44746e+06, over cnt = 2447(3%), over = 4694, worst = 24
PHY-1002 : len = 3.63182e+06, over cnt = 845(1%), over = 1460, worst = 24
PHY-1002 : len = 3.69818e+06, over cnt = 243(0%), over = 335, worst = 3
PHY-1001 : End global iterations;  3.927377s wall, 5.015625s user + 0.000000s system = 5.015625s CPU (127.7%)

PHY-1001 : Congestion index:
PHY-1001 : top1  = 100.21(S 92.95, N 86.26, E 92.22, W 98.36, I 279.82, O 301.64)
PHY-1001 : top5  = 91.36(S 77.09, N 75.01, E 78.51, W 87.33, I 178.76, O 193.38)
PHY-1001 : top10 = 85.70(S 68.18, N 68.36, E 70.53, W 80.38, I 138.78, O 151.77)
PHY-1001 : top15 = 81.83(S 62.43, N 63.70, E 65.23, W 75.14, I 116.70, O 128.49)
OPT-1001 : End congestion update;  4.248512s wall, 5.343750s user + 0.000000s system = 5.343750s CPU (125.8%)

OPT-0007 : Iter 1: improved SWNS 514 STNS 0 NUM_FEPS 0 with 28 cells processed and 2264 slack improved
OPT-0007 : Iter 2: improved SWNS 514 STNS 0 NUM_FEPS 0 with 11 cells processed and 769 slack improved
OPT-0007 : Iter 3: improved SWNS 514 STNS 0 NUM_FEPS 0 with 3 cells processed and 690 slack improved
OPT-0007 : Iter 4: improved SWNS 514 STNS 0 NUM_FEPS 0 with 1 cells processed and 213 slack improved
OPT-1001 : Overall commit ratio 0.20
OPT-1001 : End global optimization;  4.369012s wall, 5.468750s user + 0.000000s system = 5.468750s CPU (125.2%)

OPT-1001 : Current memory(MB): used = 1667, reserved = 1658, peak = 1667.
OPT-1001 : End Stage 2.7.2 | Global Optimization; Time: 5.399247s wall, 6.500000s user + 0.000000s system = 6.500000s CPU (120.4%); Memory(MB): used = 1667, reserved = 1658, peak = 1667;

OPT-0007 : End flow prepack: SWNS 514 STNS 0 NUM_FEPS 0
OPT-1001 : End physical optimization;  14.500297s wall, 28.140625s user + 0.078125s system = 28.218750s CPU (194.6%)

PHY-1001 : End Stage 2.7 | Optimize Design; Time: 14.503683s wall, 28.156250s user + 0.078125s system = 28.234375s CPU (194.7%); Memory(MB): used = 1667, reserved = 1658, peak = 1667;

PHY-1001 : Stage 2.8 | Pack and Legalization
PHY-1001 : Stage 2.8.1 | Direct Legalization
PHY-3001 : Start Direct Legalization ...
PHY-3001 : Get top1 grid util = 1.120991, top1_avg = 1.120991.
PHY-3001 : Bad prepacking score, goto packing flow.
PHY-1001 : End Stage 2.8.1 | Direct Legalization; Time: 0.319381s wall, 0.687500s user + 0.062500s system = 0.750000s CPU (234.8%); Memory(MB): used = 1668, reserved = 1658, peak = 1668;

PHY-1001 : End Stage 2.8 | Pack and Legalization; Time: 0.319411s wall, 0.687500s user + 0.062500s system = 0.750000s CPU (234.8%); Memory(MB): used = 1668, reserved = 1658, peak = 1668;

PHY-1001 : Stage 2.9 | Place Packing
PHY-1001 : Stage 2.9.1 | Packing
SYN-4011 : Packing model "design_top_wrapper" (AL_USER_NORMAL) with 38037/47550 primitive instances ...
RUN-1001 : Summary of LUT-FF Pairs
RUN-1001 : ---------------------------------------------------------------
RUN-1001 :   Num of Fanout Seqs  |   1x   |  2x  |  3~5  |  6~10  |  >10  
RUN-1001 : ---------------------------------------------------------------
RUN-1001 :         Total         |  7963  |  72  |  59   |   77   |  357  
RUN-1001 :          Bank         |  7944  |  72  |  58   |   77   |  355  
RUN-1001 :         Paired        |  7944  |  72  |  58   |   77   |  355  
RUN-1001 : ---------------------------------------------------------------
RUN-1001 : Summary of LUT Pairs
RUN-1001 : ---------------------------------------------------------------------------------------------------------------------
RUN-1001 :            |           |           |           |           |           |  O5 + O6  |  Only O5  |  Only O6  |  Total  
RUN-1001 : ---------------------------------------------------------------------------------------------------------------------
RUN-1001 :   5 Share  |  4 Share  |  3 Share  |  2 Share  |  1 Share  |  0 Share  |           |           |           |         
RUN-1001 :     97     |    241    |    329    |    742    |   1913    |   4972    |   8294    |   1768    |   6956    |  17018  
RUN-1001 : ---------------------------------------------------------------------------------------------------------------------
PHY-1001 : Populate physical database on model design_top_wrapper.
RUN-1001 : There are total 23564 instances
RUN-1001 : 536 mslices, 20237 lslices, 54 pads, 108 brams, 31 dsps
RUN-1001 : There are total 55924 nets
RUN-1001 : 38679 nets have 2 pins
RUN-1001 : 13432 nets have [3 - 5] pins
RUN-1001 : 2237 nets have [6 - 10] pins
RUN-1001 : 834 nets have [11 - 20] pins
RUN-1001 : 670 nets have [21 - 99] pins
RUN-1001 : 72 nets have 100+ pins
PHY-3001 : Target density is 60%
PHY-7022 WARNING: Design's estimated slice utilization = 101, exceeds the limit 95, which probably leads to long P&R runtime and bad QoR.
RUN-1002 : start command "start_timer"
RUN-1003 : finish command "start_timer" in  2.890268s wall, 2.859375s user + 0.000000s system = 2.859375s CPU (98.9%)

RUN-1004 : used memory is 1757 MB, reserved memory is 1749 MB, peak memory is 1757 MB
PHY-1001 : End Stage 2.9.1 | Packing; Time: 8.166119s wall, 8.031250s user + 0.031250s system = 8.062500s CPU (98.7%); Memory(MB): used = 1819, reserved = 1809, peak = 1819;

PHY-1001 : Stage 2.9.2 | Post Pack GP
PHY-3001 : Target density is 60%
PHY-3001 : Cell area utilization is 98%
PHY-3001 : After packing: Len = 2.46029e+06, Over = 770
PHY-3001 : Target density is 60%
PHY-1001 : Stage 2.9.2.1 | Update Timing
PHY-1001 : SWNS: 471, STNS: 0, FEP: 0
PHY-1001 : End Stage 2.9.2.1 | Update Timing; Time: 0.144078s wall, 0.140625s user + 0.000000s system = 0.140625s CPU (97.6%); Memory(MB): used = 1823, reserved = 1814, peak = 1823;

PHY-1001 : Stage 2.9.2.2 | GP Iteration
PHY-1001 : End Stage 2.9.2.2 | GP Iteration; Time: 0.340913s wall, 2.609375s user + 0.031250s system = 2.640625s CPU (774.6%); Memory(MB): used = 1824, reserved = 1814, peak = 1824;

PHY-3001 : Multithread accelerating rate: 7.20
PHY-1001 : End Stage 2.9.2 | Post Pack GP; Time: 0.526661s wall, 2.781250s user + 0.031250s system = 2.812500s CPU (534.0%); Memory(MB): used = 1824, reserved = 1814, peak = 1824;

PHY-1001 : End Stage 2.9 | Place Packing; Time: 8.692888s wall, 10.812500s user + 0.062500s system = 10.875000s CPU (125.1%); Memory(MB): used = 1824, reserved = 1814, peak = 1824;

PHY-1001 : Stage 2.10 | Legalization
PHY-3001 : Before Legalized: Len = 2.25913e+06
RUN-1001 : Legalization top10 inst displacement:
RUN-1001 : ------------------------------------------------------------------------------------------------------------------------------------------------------------------------------------------------------------------------------------------------------------------------------------
RUN-1001 :   Index  |  Bounded  |  Height  |        Location        |  Disp. (slots)  |  Disp. (grids)  |                                                                                         Name                                                                                         
RUN-1001 : ------------------------------------------------------------------------------------------------------------------------------------------------------------------------------------------------------------------------------------------------------------------------------------
RUN-1001 :     1    |     N     |    1     |  x19y10z5 to x20y17z7  |       66        |        8        |                                                                 u_isp_top/u_cnn_core/conv1_prev_row_reg[3769]_syn_2                                                                  
RUN-1001 :     2    |     N     |    1     |  x40y13z5 to x36y17z7  |       66        |        8        |                                                                 u_isp_top/u_cnn_core/conv1_prev_row_reg[3886]_syn_2                                                                  
RUN-1001 :     3    |     N     |    1     |  x42y76z3 to x34y76z1  |       66        |        8        |                                                              u_isp_top/u_cnn_input_sampler_96/column_sum_reg[602]_syn_2                                                              
RUN-1001 :     4    |     N     |    1     |  x38y78z7 to x34y74z5  |       66        |        8        |                                                          u_isp_top/u_image_process_stream_96/stage2_gray_cur_2_reg[7]_syn_2                                                          
RUN-1001 :     5    |     N     |    8     |   x1y56z6 to x9y57z0   |       66        |        9        |                               u_ph1p35_324_ddr_wrapper/u_ddr2/ph1p_ddrmc_wrapper/ph1p_ddrmc_top/u_ddr_phy/u_ddrphy_top/u_ddrphy_init/ramread0_syn_111                                
RUN-1001 :     6    |     N     |    1     |  x46y65z3 to x41y62z1  |       66        |        8        |                            u_hdmi_tx/u_hdmi_1_4b_transmitter_core_wrapper/u_hdmi_tx_controller_wrapper/u0_hdmi_tmds_encode/S_video_data_code_reg[4]_syn_2                            
RUN-1001 :     7    |     N     |    1     |  x46y44z3 to x45y37z1  |       66        |        8        |  u_hdmi_tx/u_hdmi_1_4b_transmitter_core_wrapper/u_hdmi_tx_controller_wrapper/u_hdmi_island_data_gen/u_audio_clock_regeneration_packet/u_BCH_64_56_encode/O_bch_ecc_out_reg[7]_syn_2  
RUN-1001 :     8    |     N     |    1     |  x46y71z3 to x41y68z1  |       66        |        8        |                                u_hdmi_tx/u_hdmi_1_4b_transmitter_core_wrapper/u_hdmi_tx_controller_wrapper/u1_hdmi_tmds_encode/S_q_m_1d_reg[2]_syn_2                                 
RUN-1001 :     9    |     N     |    1     |  x46y70z6 to x39y69z4  |       66        |        8        |                            u_hdmi_tx/u_hdmi_1_4b_transmitter_core_wrapper/u_hdmi_tx_controller_wrapper/u1_hdmi_tmds_encode/O_tmds_code_data_reg[0]_syn_2                             
RUN-1001 :    10    |     N     |    1     |  x42y11z0 to x43y18z2  |       66        |        8        |                                                                 u_isp_top/u_cnn_core/conv1_prev_row_reg[1331]_syn_2                                                                  
RUN-1001 : ------------------------------------------------------------------------------------------------------------------------------------------------------------------------------------------------------------------------------------------------------------------------------------
PHY-3001 : After Legalized: Len = 3.16841e+06, Over = 0
PHY-1001 : End Stage 2.10 | Legalization; Time: 2.414970s wall, 2.984375s user + 0.000000s system = 2.984375s CPU (123.6%); Memory(MB): used = 2006, reserved = 2001, peak = 2006;

PHY-1001 : Stage 2.11 | Global Placement Step 3
PHY-3001 : Target density is 60%
PHY-1001 : Stage 2.11.1 | Update Timing
PHY-1001 : SWNS: 214, STNS: 0, FEP: 0
PHY-1001 : End Stage 2.11.1 | Update Timing; Time: 1.361884s wall, 1.343750s user + 0.015625s system = 1.359375s CPU (99.8%); Memory(MB): used = 2007, reserved = 2001, peak = 2007;

PHY-1001 : Stage 2.11.2 | GP Iteration
PHY-1001 : End Stage 2.11.2 | GP Iteration; Time: 0.512316s wall, 3.890625s user + 0.171875s system = 4.062500s CPU (793.0%); Memory(MB): used = 2007, reserved = 2001, peak = 2007;

PHY-3001 : Multithread accelerating rate: 7.63
PHY-1001 : End Stage 2.11 | Global Placement Step 3; Time: 1.906319s wall, 5.265625s user + 0.187500s system = 5.453125s CPU (286.1%); Memory(MB): used = 2007, reserved = 2001, peak = 2007;

PHY-1001 : Stage 2.12 | Final Legalization
PHY-3001 : Before Legalized: Len = 2.30664e+06
PHY-1001 : Stage 2.12.1 | Refresh Congestion
RUN-1001 : Generating global routing grids ...
PHY-1001 : Generate routing nets ...
PHY-1001 : Reuse net number 922/36814.
PHY-1001 : Global iterations in 32 thread ...
PHY-1002 : len = 3.84219e+06, over cnt = 6578(9%), over = 13562, worst = 9
PHY-1002 : len = 4.05427e+06, over cnt = 4622(6%), over = 7825, worst = 9
PHY-1002 : len = 4.37507e+06, over cnt = 1651(2%), over = 2752, worst = 9
PHY-1002 : len = 4.46816e+06, over cnt = 367(0%), over = 602, worst = 9
PHY-1002 : len = 4.49186e+06, over cnt = 0(0%), over = 0, worst = 0
PHY-1001 : End global iterations;  4.548058s wall, 5.265625s user + 0.015625s system = 5.281250s CPU (116.1%)

PHY-1001 : Congestion index:
PHY-1001 : top1  = 98.77(S 81.35, N 78.82, E 91.53, W 98.77, I 66.86, O 81.91)
PHY-1001 : top5  = 92.92(S 73.32, N 70.04, E 81.85, W 91.70, I 62.10, O 73.40)
PHY-1001 : top10 = 88.15(S 68.09, N 65.23, E 76.07, W 85.42, I 59.53, O 68.91)
PHY-1001 : top15 = 84.48(S 64.29, N 62.09, E 72.07, W 80.66, I 57.71, O 65.34)
PHY-1001 : End Stage 2.12.1 | Refresh Congestion; Time: 6.198423s wall, 6.890625s user + 0.015625s system = 6.906250s CPU (111.4%); Memory(MB): used = 2013, reserved = 2001, peak = 2013;

RUN-1001 : There are 2554/14928 slices in 371/390/2652 high-util grids without refreshing the congo.
RUN-1001 : Legalization top10 inst displacement:
RUN-1001 : -----------------------------------------------------------------------------------------------------------------------------------------------------------------------------------------------------------------------------------------------------------------
RUN-1001 :   Index  |  Bounded  |  Height  |        Location        |  Disp. (slots)  |  Disp. (grids)  |                                                                               Name                                                                                
RUN-1001 : -----------------------------------------------------------------------------------------------------------------------------------------------------------------------------------------------------------------------------------------------------------------
RUN-1001 :     1    |     N     |    1     |  x46y59z0 to x40y60z1  |       57        |        7        |               u_hdmi_tx/u_hdmi_1_4b_transmitter_core_wrapper/u_hdmi_tx_controller_wrapper/u_hdmi_data_distribution/O_ch0_control_data_reg[1]_syn_2                
RUN-1001 :     2    |     N     |    1     |  x46y59z2 to x40y60z0  |       54        |        7        |                                              u_hdmi_tx/u_hdmi2phy_wrapper/u0_lane_lvds_8_1/S_shift_data_reg[8]_syn_2                                              
RUN-1001 :     3    |     N     |    1     |  x46y57z3 to x40y56z6  |       53        |        7        |                      u_hdmi_tx/u_hdmi_1_4b_transmitter_core_wrapper/u_hdmi_tx_controller_wrapper/u_hdmi_video_source/S_col_cnt_reg[6]_syn_2                       
RUN-1001 :     4    |     N     |    1     |  x46y78z7 to x40y78z3  |       52        |        6        |                                                             u_mode_selector/stable_count_reg[6]_syn_2                                                             
RUN-1001 :     5    |     N     |    1     |    x1y1z0 to x5y3z4    |       52        |        6        |  u_ph1p35_324_ddr_wrapper/u_ddr2/ph1p_ddrmc_wrapper/ph1p_ddrmc_top/u_ddr_phy/u_ddrphy_top/u_ddrphy_mdl_cal_wrapper/mdl_cal[1]$u_ddrphy_mdl_cal/step_reg[3]_syn_2  
RUN-1001 :     6    |     N     |    1     |   x46y1z0 to x44y5z4   |       52        |        6        |                      u_mipi_dphy_rx_ph1p_mipiio_wrapper/u_byte_aligner_wrapper/BYTE_ALIGNER_GEN[1]$u_byte_aligner/S_shift_data_reg[45]_syn_2                      
RUN-1001 :     7    |     N     |    1     |  x46y58z6 to x40y58z2  |       52        |        6        |                      u_hdmi_tx/u_hdmi_1_4b_transmitter_core_wrapper/u_hdmi_tx_controller_wrapper/u_hdmi_video_source/S_line_cnt_reg[3]_syn_2                      
RUN-1001 :     8    |     N     |    1     |    x1y1z0 to x6y2z4    |       52        |        6        |  u_ph1p35_324_ddr_wrapper/u_ddr2/ph1p_ddrmc_wrapper/ph1p_ddrmc_top/u_ddr_phy/u_ddrphy_top/u_ddrphy_mdl_cal_wrapper/mdl_cal[1]$u_ddrphy_mdl_cal/step_reg[6]_syn_2  
RUN-1001 :     9    |     N     |    1     |    x1y1z0 to x3y5z3    |       51        |        6        |                                                                   u_hdmi_vtc/hcnt_reg[6]_syn_2                                                                    
RUN-1001 :    10    |     N     |    1     |   x2y6z2 to x2y12z5    |       51        |        6        |              u_ph1p35_324_ddr_wrapper/u_ddr2/ph1p_ddrmc_wrapper/ph1p_ddrmc_top/u_ddr_phy/u_ddrphy_top/u_ddrphy_fiu_wrapper/init_wdq_r_reg[16]_syn_2               
RUN-1001 : -----------------------------------------------------------------------------------------------------------------------------------------------------------------------------------------------------------------------------------------------------------------
RUN-1001 : There are 2120/14928 slices in 361/390/2652 high-util grids without refreshing the congo.
PHY-3001 : After Legalized: Len = 3.09642e+06, Over = 0
PHY-1001 : End Stage 2.12 | Final Legalization; Time: 10.391631s wall, 11.343750s user + 0.031250s system = 11.375000s CPU (109.5%); Memory(MB): used = 2013, reserved = 2001, peak = 2013;

PHY-1001 : End Stage 2 | Global Placement; Time: 59.436510s wall, 99.250000s user + 5.546875s system = 104.796875s CPU (176.3%); Memory(MB): used = 2013, reserved = 2001, peak = 2013;

PHY-1001 : Stage 3 | Detailed Placement
PHY-1001 : Stage 3.1 | SLICE Detailed Placement
PHY-1001 : Stage 3.1.1 | Spreading
PHY-3001 : Design contains 346 ce signals.
PHY-3001 : Spreading for sector grids.
PHY-3001 : Iter 1, total overflow: 0
PHY-3001 : tot_capacity: 48, usage_cnt: 19, movable_cnt: 35
PHY-3001 : Spreading for clock grids.
PHY-3001 : clock grid count for 24 x 4 grids
PHY-3001 : Spreading for plb grids.
PHY-3001 : Iter 1: 3585 overflows spread with total dist 702796 and max dist 900.
PHY-3001 : Iter 2: 531 overflows spread with total dist 169212 and max dist 688.
PHY-3001 : Iter 3: 77 overflows spread with total dist 40784 and max dist 966.
PHY-3001 : Iter 4: 23 overflows spread with total dist 13132 and max dist 786.
PHY-3001 : total displace: 446112, max displace: 848.
PHY-3001 : End spreading;  79.787780s wall, 79.031250s user + 0.171875s system = 79.203125s CPU (99.3%)

PHY-1001 : End Stage 3.1.1 | Spreading; Time: 79.787837s wall, 79.031250s user + 0.171875s system = 79.203125s CPU (99.3%); Memory(MB): used = 2013, reserved = 2001, peak = 2013;

PHY-1001 : Stage 3.1.2 | Simulated Annealing Based DP
RUN-1001 : Generating global routing grids ...
PHY-1001 : Generate routing nets ...
PHY-1001 : Reuse net number 6692/37395.
PHY-1001 : Global iterations in 32 thread ...
PHY-1002 : len = 5.31738e+06, over cnt = 6616(9%), over = 12082, worst = 8
PHY-1002 : len = 5.50944e+06, over cnt = 4792(6%), over = 7672, worst = 8
PHY-1002 : len = 5.76595e+06, over cnt = 1914(2%), over = 3006, worst = 8
PHY-1002 : len = 5.87024e+06, over cnt = 851(1%), over = 1354, worst = 8
PHY-1002 : len = 5.92574e+06, over cnt = 158(0%), over = 233, worst = 7
PHY-1001 : End global iterations;  4.914173s wall, 5.859375s user + 0.000000s system = 5.859375s CPU (119.2%)

PHY-1001 : Congestion index:
PHY-1001 : top1  = 100.99(S 92.71, N 87.25, E 98.54, W 100.66, I 65.82, O 82.48)
PHY-1001 : top5  = 97.85(S 85.03, N 79.27, E 92.08, W 96.62, I 61.62, O 74.12)
PHY-1001 : top10 = 94.96(S 79.29, N 74.60, E 86.91, W 92.28, I 58.83, O 69.42)
PHY-1001 : top15 = 92.21(S 75.04, N 71.31, E 82.85, W 88.82, I 57.27, O 65.95)
PHY-0007 : Initial: WL Cost = 366067, TD Cost = 5.95628e+06, SWNS = -2612, STNS = -162564, Nums per T = 149850, Range Limit = 4x8
PHY-0007 : Finally: WL Cost = 319782, TD Cost = 3.82071e+06, WL Ratio = 0.873562, TD Ratio = 0.641459, SWNS = -1944, STNS = -67616
RUN-1001 : Print Detailed placement's Summary information
RUN-1001 : -------------------------------------------------------------------------------------------------------------------------------
RUN-1001 :           |   Total   |  Accept  |  Reject by overFlow  |  Reject by worseCost  |  Failed by noTarget  |  Failed by gridCheck  
RUN-1001 : -------------------------------------------------------------------------------------------------------------------------------
RUN-1001 :   Slices  |  1498500  |  33175   |        14031         |        1310272        |         2469         |        138553         
RUN-1001 :   Macros  |   93487   |   3154   |         2890         |         85914         |         653          |          876          
RUN-1001 : -------------------------------------------------------------------------------------------------------------------------------
PHY-1001 : End Stage 3.1.2 | Simulated Annealing Based DP; Time: 24.753492s wall, 27.546875s user + 0.031250s system = 27.578125s CPU (111.4%); Memory(MB): used = 2012, reserved = 2000, peak = 2013;

PHY-3001 : End Detailed Place; 
PHY-3001 : Final: Len = 3.60923e+06, Over = 0
PHY-1001 : End Stage 3.1 | SLICE Detailed Placement; Time: 106.095478s wall, 108.109375s user + 0.203125s system = 108.312500s CPU (102.1%); Memory(MB): used = 2012, reserved = 2000, peak = 2013;

PHY-3001 : End Detailed Place; 
PHY-1001 : Stage 3.2 | Optimize Design
OPT-1001 : Start physical optimization ...
OPT-1001 : Total overflow 0.00 peak overflow 0.00
OPT-1001 : Stage 3.2.1 | Physical Optimization
OPT-1001 : Start high-fanout net optimization in optimize equivalent flow with medium effort ...
OPT-1001 : Clean unloaded insts before merging registers
PHY-1001 : Populate physical database on model design_top_wrapper.
PHY-1001 : Populate physical database on model design_top_wrapper.
OPT-1001 : Total overflow 0.00 peak overflow 0.00
OPT-1001 : End optimize duplicated nets. Total 120 instances are merged and 4277 sinks are reconnected,  1.650445s wall, 1.609375s user + 0.000000s system = 1.609375s CPU (97.5%)

OPT-1001 : End high-fanout net optimization;  1.651478s wall, 1.609375s user + 0.000000s system = 1.609375s CPU (97.5%)

OPT-1001 : Update timing in Manhattan mode
RUN-1002 : start command "start_timer"
RUN-1003 : finish command "start_timer" in  2.220423s wall, 2.218750s user + 0.000000s system = 2.218750s CPU (99.9%)

RUN-1004 : used memory is 2011 MB, reserved memory is 1999 MB, peak memory is 2013 MB
OPT-1001 : End timing update;  3.604264s wall, 3.562500s user + 0.000000s system = 3.562500s CPU (98.8%)

OPT-1001 : Current memory(MB): used = 2011, reserved = 1999, peak = 2013.
OPT-1001 : End Stage 3.2.1 | Physical Optimization; Time: 5.415703s wall, 5.328125s user + 0.000000s system = 5.328125s CPU (98.4%); Memory(MB): used = 2011, reserved = 1999, peak = 2013;

OPT-1001 : Stage 3.2.2 | Synthesize High-fanout Net
OPT-1001 : Start high-fanout net optimization in post-pack flow with medium effort ...
OPT-1001 : Start: SWNS -865 STNS -1557 NUM_FEPS 3
OPT-1001 : Total overflow 0.00 peak overflow 0.00
PHY-1001 : Populate physical database on model design_top_wrapper.
OPT-1001 : 0 high-fanout net processed.
OPT-1001 : Total overflow 0.00 peak overflow 0.00
RUN-1001 : HFN opt statistic
RUN-1001 : ------------------------------------------------------
RUN-1001 :   DriverCell type  |  HFN count  |  Duplicated count  
RUN-1001 : ------------------------------------------------------
RUN-1001 :       LSLICE       |      0      |         0          
RUN-1001 :       MSLICE       |      0      |         0          
RUN-1001 :        TOTAL       |      0      |         0          
RUN-1001 : ------------------------------------------------------
OPT-1001 : End high-fanout net optimization;  0.605006s wall, 0.609375s user + 0.000000s system = 0.609375s CPU (100.7%)

OPT-1001 : Current memory(MB): used = 2011, reserved = 1999, peak = 2013.
OPT-1001 : End Stage 3.2.2 | Synthesize High-fanout Net; Time: 0.764824s wall, 0.765625s user + 0.000000s system = 0.765625s CPU (100.1%); Memory(MB): used = 2011, reserved = 1999, peak = 2013;

OPT-1001 : Stage 3.2.3 | Optimize Path
OPT-1001 : Start unpack path based optimization ...
OPT-0007 : Start: SWNS -865 STNS -1557 NUM_FEPS 3 with mode 2
OPT-1001 : Start congestion update ...
RUN-1001 : Generating global routing grids ...
PHY-1001 : Generate routing nets ...
PHY-1001 : Reuse net number 8077/36129.
PHY-1001 : Global iterations in 32 thread ...
PHY-1002 : len = 4.56264e+06, over cnt = 5677(7%), over = 10789, worst = 9
PHY-1002 : len = 4.7649e+06, over cnt = 3687(5%), over = 5795, worst = 9
PHY-1002 : len = 4.91893e+06, over cnt = 1289(1%), over = 1912, worst = 9
PHY-1002 : len = 5.01875e+06, over cnt = 337(0%), over = 568, worst = 8
PHY-1002 : len = 5.04165e+06, over cnt = 0(0%), over = 0, worst = 0
PHY-1001 : End global iterations;  3.979487s wall, 4.765625s user + 0.015625s system = 4.781250s CPU (120.1%)

PHY-1001 : Congestion index:
PHY-1001 : top1  = 98.70(S 84.66, N 80.96, E 95.49, W 98.19, I 65.90, O 82.89)
PHY-1001 : top5  = 94.53(S 76.33, N 73.25, E 86.93, W 93.18, I 61.68, O 74.12)
PHY-1001 : top10 = 90.76(S 71.35, N 68.72, E 80.83, W 88.15, I 59.09, O 69.38)
PHY-1001 : top15 = 87.58(S 67.70, N 65.57, E 76.05, W 84.01, I 57.45, O 65.90)
OPT-1001 : End congestion update;  4.437476s wall, 5.250000s user + 0.015625s system = 5.265625s CPU (118.7%)

OPT-0007 : Iter 1: improved SWNS -364 STNS -364 NUM_FEPS 1 with 14(2292) cells and 1006(8916) paths processed with 9467 slack improved, crit_thod: 1635 ratio: 0.93(14/15) rt: 1.7s
OPT-0007 : Iter 2: improved SWNS 453 STNS 0 NUM_FEPS 0 with 21(8922) cells and 4461(4461) paths processed with 10936 slack improved, crit_thod: 1643 ratio: 0.91(21/23) rt: 1.4s
OPT-0007 : Iter 3: improved SWNS 453 STNS 0 NUM_FEPS 0 with 15(4322) cells and 2161(2161) paths processed with 4981 slack improved, crit_thod: 1792 ratio: 0.88(15/17) rt: 1.2s
OPT-0007 : Iter 4: improved SWNS 453 STNS 0 NUM_FEPS 0 with 3(4308) cells and 2154(2154) paths processed with 461 slack improved, crit_thod: 1889 ratio: 0.60(3/5) rt: 0.6s
OPT-1001 : End path based optimization;  9.454674s wall, 10.250000s user + 0.015625s system = 10.265625s CPU (108.6%)

OPT-1001 : Current memory(MB): used = 2011, reserved = 1999, peak = 2013.
OPT-1001 : End Stage 3.2.3 | Optimize Path; Time: 9.615355s wall, 10.421875s user + 0.015625s system = 10.437500s CPU (108.6%); Memory(MB): used = 2011, reserved = 1999, peak = 2013;

OPT-1001 : Stage 3.2.4 | Optimize Duplicated Nets
OPT-1001 : Start: WNS 453 TNS 0 NUM_FEPS 0
OPT-1001 : Clean unloaded insts before merging registers
PHY-1001 : Populate physical database on model design_top_wrapper.
PHY-1001 : Populate physical database on model design_top_wrapper.
OPT-1001 : Total overflow 0.00 peak overflow 0.00
OPT-1001 : End optimize duplicated nets. Total 0 instances are merged and 265 sinks are reconnected,  1.430469s wall, 1.421875s user + 0.000000s system = 1.421875s CPU (99.4%)

OPT-1001 : Update timing in Manhattan mode
RUN-1002 : start command "start_timer"
RUN-1003 : finish command "start_timer" in  2.224744s wall, 2.203125s user + 0.015625s system = 2.218750s CPU (99.7%)

RUN-1004 : used memory is 2011 MB, reserved memory is 1999 MB, peak memory is 2013 MB
OPT-1001 : End timing update;  3.618098s wall, 3.578125s user + 0.015625s system = 3.593750s CPU (99.3%)

OPT-1001 : Current memory(MB): used = 2011, reserved = 1999, peak = 2013.
OPT-1001 : End Stage 3.2.4 | Optimize Duplicated Nets; Time: 5.208468s wall, 5.156250s user + 0.015625s system = 5.171875s CPU (99.3%); Memory(MB): used = 2011, reserved = 1999, peak = 2013;

OPT-1001 : Stage 3.2.5 | Swap Pins
OPT-1001 : Start pin optimization...
OPT-1001 : Start: SWNS 453 STNS 0 NUM_FEPS 0
OPT-1001 : Successfully optimized 2792 instances
OPT-1001 : Successfully optimized 900 instances
OPT-1001 : End pin optimization;  3.061785s wall, 3.062500s user + 0.000000s system = 3.062500s CPU (100.0%)

OPT-1001 : Current memory(MB): used = 2011, reserved = 1999, peak = 2013.
OPT-1001 : End Stage 3.2.5 | Swap Pins; Time: 3.223569s wall, 3.218750s user + 0.000000s system = 3.218750s CPU (99.9%); Memory(MB): used = 2011, reserved = 1999, peak = 2013;

OPT-1001 : Stage 3.2.6 | Optimize Beeline
OPT-1001 : Start beeline optimization...
OPT-1001 : Start: SWNS 527 STNS 0 NUM_FEPS 0
PHY-1001 : Beeline DP, 61 out of 8359 (0.73)%; hop = 82.
PHY-1001 : Beeline DP, 31 out of 8292 (0.37)%; hop = 44.
PHY-1001 : Beeline DP, 20 out of 8284 (0.24)%; hop = 30.
PHY-1001 : Beeline DP, 20 out of 8270 (0.24)%; hop = 25.
PHY-1001 : Beeline DP, 15 out of 8268 (0.18)%; hop = 18.
PHY-1001 : Beeline optimization intraPLB, 1216 1-hop(44.76%), 979 2-hop(36.03%), 176 3-hop( 6.48%), 346 others (12.73%)
PHY-1001 :  2.428281s wall, 2.421875s user + 0.000000s system = 2.421875s CPU (99.7%)

RUN-1001 : Beeline optimization outerPLB: 1-hop 3395, 2-hop 6173, 3-hop 3235, 4-hop 997, other 2904 
OPT-1001 : End beeline optimization;  2.890128s wall, 2.875000s user + 0.000000s system = 2.875000s CPU (99.5%)

OPT-1001 : Update timing in Manhattan mode
OPT-1001 : End timing update;  1.424112s wall, 1.437500s user + 0.000000s system = 1.437500s CPU (100.9%)

OPT-1001 : End Stage 3.2.6 | Optimize Beeline; Time: 4.565245s wall, 4.531250s user + 0.000000s system = 4.531250s CPU (99.3%); Memory(MB): used = 2010, reserved = 1998, peak = 2013;

OPT-0007 : End flow postpack: SWNS 511 STNS 0 NUM_FEPS 0
RUN-1001 : Generating global routing grids ...
PHY-1001 : Generate routing nets ...
PHY-1001 : Reuse net number 35660/36064.
PHY-1001 : Global iterations in 32 thread ...
PHY-1002 : len = 5.02795e+06, over cnt = 207(0%), over = 255, worst = 3
PHY-1002 : len = 5.03126e+06, over cnt = 131(0%), over = 141, worst = 3
PHY-1002 : len = 5.03301e+06, over cnt = 44(0%), over = 45, worst = 2
PHY-1002 : len = 5.03411e+06, over cnt = 16(0%), over = 16, worst = 1
PHY-1002 : len = 5.03466e+06, over cnt = 1(0%), over = 1, worst = 1
PHY-1001 : End global iterations;  0.463521s wall, 0.546875s user + 0.000000s system = 0.546875s CPU (118.0%)

PHY-1001 : Congestion index:
PHY-1001 : top1  = 98.95(S 84.66, N 80.88, E 95.49, W 98.52, I 65.90, O 82.57)
PHY-1001 : top5  = 94.75(S 76.38, N 73.04, E 86.80, W 93.47, I 61.61, O 73.94)
PHY-1001 : top10 = 90.87(S 71.39, N 68.55, E 80.61, W 88.14, I 59.03, O 69.27)
PHY-1001 : top15 = 87.55(S 67.75, N 65.50, E 75.83, W 83.81, I 57.40, O 65.79)
RUN-1001 : top one percent high-util tile is with util 96 and average util is 98.657895
RUN-1001 : QoR Analysis:
OPT-0007 :   SWNS 511 STNS 0 NUM_FEPS 0
RUN-1001 :   Local congestion issue exists, and most congested 1% tile average routing util is 98.657895
OPT-1002 :   please consider adjusting placer strategy to avoid the congestion issue
RUN-1001 :   Top critical paths
RUN-1001 :       #1 path slack 511ps with logic level 8 
RUN-1001 :       #2 path slack 527ps with logic level 8 
RUN-1001 :   extra opt step will be enabled to improve QoR
PHY-3001 : Start incremental legalization ...
PHY-1001 : Populate physical database on model design_top_wrapper.
PHY-1001 : Processing 2 clock pins of DDR instance u_ph1p35_324_ddr_wrapper/u_ddr2/ph1p_ddrmc_wrapper/ph1p_ddrmc_top/u_ddr_phy/u_ddrphy_top/u_ddrphy/ac_byte[0]$ac_byte_used$u_ddrphy_ac_byte_wrapper/u_ddrphy_byte, location = x0y70z0.
PHY-1001 :   Placed ioclk instance u_ph1p35_324_ddr_wrapper/u_ddr2/ph1p_ddrmc_wrapper/ph1p_ddrmc_top/u_ddr_phy/u_ddrphy_top/u_ddrphy_clk/ioclk[0]$u_ioclk_1, location = x0y59z1.
PHY-1001 :   Placed ioclk instance u_ph1p35_324_ddr_wrapper/u_ddr2/ph1p_ddrmc_wrapper/ph1p_ddrmc_top/u_ddr_phy/u_ddrphy_top/u_ddrphy_clk/ioclk[0]$u_ioclk_0, location = x0y59z0.
PHY-1001 : Processing 2 clock pins of DDR instance u_ph1p35_324_ddr_wrapper/u_ddr2/ph1p_ddrmc_wrapper/ph1p_ddrmc_top/u_ddr_phy/u_ddrphy_top/u_ddrphy/ac_byte[1]$ac_byte_used$u_ddrphy_ac_byte_wrapper/u_ddrphy_byte, location = x0y60z0.
PHY-1001 :   Placed ioclk instance u_ph1p35_324_ddr_wrapper/u_ddr2/ph1p_ddrmc_wrapper/ph1p_ddrmc_top/u_ddr_phy/u_ddrphy_top/u_ddrphy_clk/ioclk[0]$u_ioclk_1, location = x0y59z1.
PHY-1001 :   Placed ioclk instance u_ph1p35_324_ddr_wrapper/u_ddr2/ph1p_ddrmc_wrapper/ph1p_ddrmc_top/u_ddr_phy/u_ddrphy_top/u_ddrphy_clk/ioclk[0]$u_ioclk_0, location = x0y59z0.
PHY-1001 : Processing 2 clock pins of DDR instance u_ph1p35_324_ddr_wrapper/u_ddr2/ph1p_ddrmc_wrapper/ph1p_ddrmc_top/u_ddr_phy/u_ddrphy_top/u_ddrphy/ac_byte[2]$ac_byte_used$u_ddrphy_ac_byte_wrapper/u_ddrphy_byte, location = x0y50z0.
PHY-1001 :   Placed ioclk instance u_ph1p35_324_ddr_wrapper/u_ddr2/ph1p_ddrmc_wrapper/ph1p_ddrmc_top/u_ddr_phy/u_ddrphy_top/u_ddrphy_clk/ioclk[0]$u_ioclk_1, location = x0y59z1.
PHY-1001 :   Placed ioclk instance u_ph1p35_324_ddr_wrapper/u_ddr2/ph1p_ddrmc_wrapper/ph1p_ddrmc_top/u_ddr_phy/u_ddrphy_top/u_ddrphy_clk/ioclk[0]$u_ioclk_0, location = x0y59z0.
PHY-1001 : Processing 2 clock pins of DDR instance u_ph1p35_324_ddr_wrapper/u_ddr2/ph1p_ddrmc_wrapper/ph1p_ddrmc_top/u_ddr_phy/u_ddrphy_top/u_ddrphy/ac_byte[3]$ac_byte_used$u_ddrphy_ac_byte_wrapper/u_ddrphy_byte, location = x0y40z0.
PHY-1001 :   Placed ioclk instance u_ph1p35_324_ddr_wrapper/u_ddr2/ph1p_ddrmc_wrapper/ph1p_ddrmc_top/u_ddr_phy/u_ddrphy_top/u_ddrphy_clk/ioclk[0]$u_ioclk_1, location = x0y59z1.
PHY-1001 :   Placed ioclk instance u_ph1p35_324_ddr_wrapper/u_ddr2/ph1p_ddrmc_wrapper/ph1p_ddrmc_top/u_ddr_phy/u_ddrphy_top/u_ddrphy_clk/ioclk[0]$u_ioclk_0, location = x0y59z0.
PHY-1001 : Processing 2 clock pins of DDR instance u_ph1p35_324_ddr_wrapper/u_ddr2/ph1p_ddrmc_wrapper/ph1p_ddrmc_top/u_ddr_phy/u_ddrphy_top/u_ddrphy/dx_byte[0]$dx_byte_used$u_ddrphy_dx_byte_wrapper/u_ddrphy_byte, location = x0y30z0.
PHY-1001 :   Placed ioclk instance u_ph1p35_324_ddr_wrapper/u_ddr2/ph1p_ddrmc_wrapper/ph1p_ddrmc_top/u_ddr_phy/u_ddrphy_top/u_ddrphy_clk/ioclk[1]$u_ioclk_1, location = x0y19z1.
PHY-1001 :   Placed ioclk instance u_ph1p35_324_ddr_wrapper/u_ddr2/ph1p_ddrmc_wrapper/ph1p_ddrmc_top/u_ddr_phy/u_ddrphy_top/u_ddrphy_clk/ioclk[1]$u_ioclk_0, location = x0y19z0.
PHY-1001 : Processing 2 clock pins of DDR instance u_ph1p35_324_ddr_wrapper/u_ddr2/ph1p_ddrmc_wrapper/ph1p_ddrmc_top/u_ddr_phy/u_ddrphy_top/u_ddrphy/dx_byte[1]$dx_byte_used$u_ddrphy_dx_byte_wrapper/u_ddrphy_byte, location = x0y10z0.
PHY-1001 :   Placed ioclk instance u_ph1p35_324_ddr_wrapper/u_ddr2/ph1p_ddrmc_wrapper/ph1p_ddrmc_top/u_ddr_phy/u_ddrphy_top/u_ddrphy_clk/ioclk[1]$u_ioclk_1, location = x0y19z1.
PHY-1001 :   Placed ioclk instance u_ph1p35_324_ddr_wrapper/u_ddr2/ph1p_ddrmc_wrapper/ph1p_ddrmc_top/u_ddr_phy/u_ddrphy_top/u_ddrphy_clk/ioclk[1]$u_ioclk_0, location = x0y19z0.
PHY-3001 : Target density is 60%
PHY-7022 WARNING: Design's estimated slice utilization = 98, exceeds the limit 95, which probably leads to long P&R runtime and bad QoR.
PHY-3001 : Target density is 60%
PHY-3001 : Initial: Len = 3.56343e+06, Over = 0
PHY-1001 : Stage 3.2.7 | Spreading
PHY-3001 : Design contains 350 ce signals.
PHY-3001 : Spreading for sector grids.
PHY-3001 : Iter 1, total overflow: 0
PHY-3001 : tot_capacity: 48, usage_cnt: 20, movable_cnt: 35
PHY-3001 : Spreading for clock grids.
PHY-3001 : clock grid count for 24 x 4 grids
PHY-3001 : Spreading for plb grids.
PHY-3001 : total displace: 0, max displace: 0.
PHY-3001 : End spreading;  0.229936s wall, 0.234375s user + 0.000000s system = 0.234375s CPU (101.9%)

PHY-1001 : End Stage 3.2.7 | Spreading; Time: 0.229990s wall, 0.234375s user + 0.000000s system = 0.234375s CPU (101.9%); Memory(MB): used = 2013, reserved = 2001, peak = 2013;

PHY-3001 : Final: Len = 3.56343e+06, Over = 0
PHY-3001 : End incremental legalization;  0.460421s wall, 0.468750s user + 0.000000s system = 0.468750s CPU (101.8%)

OPT-1001 : Total overflow 0.00 peak overflow 0.00
OPT-1001 : Stage 3.2.8 | Synthesize High-fanout Net
OPT-1001 : Current memory(MB): used = 2013, reserved = 2001, peak = 2013.
OPT-1001 : End Stage 3.2.8 | Synthesize High-fanout Net; Time: 0.223848s wall, 0.234375s user + 0.000000s system = 0.234375s CPU (104.7%); Memory(MB): used = 2013, reserved = 2001, peak = 2013;

OPT-1001 : Stage 3.2.9 | Optimize Path
OPT-1001 : Start unpack path based optimization ...
OPT-0007 : Start: SWNS 511 STNS 0 NUM_FEPS 0 with mode 2
OPT-1001 : Start congestion update ...
RUN-1001 : Generating global routing grids ...
PHY-1001 : Generate routing nets ...
PHY-1001 : Reuse net number 36064/36064.
PHY-1001 : Global iterations in 32 thread ...
PHY-1002 : len = 5.03466e+06, over cnt = 1(0%), over = 1, worst = 1
PHY-1002 : len = 5.03466e+06, over cnt = 0(0%), over = 0, worst = 0
PHY-1001 : End global iterations;  0.141552s wall, 0.140625s user + 0.000000s system = 0.140625s CPU (99.3%)

PHY-1001 : Congestion index:
PHY-1001 : top1  = 98.95(S 84.66, N 80.88, E 95.49, W 98.52, I 65.90, O 82.57)
PHY-1001 : top5  = 94.75(S 76.38, N 73.04, E 86.80, W 93.47, I 61.61, O 73.94)
PHY-1001 : top10 = 90.87(S 71.39, N 68.55, E 80.61, W 88.14, I 59.03, O 69.27)
PHY-1001 : top15 = 87.55(S 67.75, N 65.50, E 75.83, W 83.81, I 57.40, O 65.79)
OPT-1001 : End congestion update;  0.496791s wall, 0.500000s user + 0.000000s system = 0.500000s CPU (100.6%)

OPT-0007 : Iter 1: improved SWNS 511 STNS 0 NUM_FEPS 0 with 0(298) cells and 149(149) paths processed with 0 slack improved, crit_thod: 1011 ratio: -1.00(0/0) rt: 0.1s
OPT-1001 : End path based optimization;  0.668304s wall, 0.656250s user + 0.000000s system = 0.656250s CPU (98.2%)

OPT-1001 : Current memory(MB): used = 2013, reserved = 2001, peak = 2013.
OPT-1001 : End Stage 3.2.9 | Optimize Path; Time: 0.830039s wall, 0.828125s user + 0.000000s system = 0.828125s CPU (99.8%); Memory(MB): used = 2013, reserved = 2001, peak = 2013;

OPT-1001 : Stage 3.2.10 | Aggressive Optimization
OPT-1001 : End Stage 3.2.10 | Aggressive Optimization; Time: 0.162160s wall, 0.156250s user + 0.000000s system = 0.156250s CPU (96.4%); Memory(MB): used = 2013, reserved = 2001, peak = 2013;

OPT-1001 : Stage 3.2.11 | Optimize Bottleneck
OPT-1001 : Start bottleneck based optimization ...
OPT-0007 : Start: SWNS 511 STNS 0 NUM_FEPS 0
OPT-1001 : Start congestion update ...
RUN-1001 : Generating global routing grids ...
PHY-1001 : Generate routing nets ...
PHY-1001 : Reuse net number 36064/36064.
PHY-1001 : Global iterations in 32 thread ...
PHY-1002 : len = 5.03466e+06, over cnt = 0(0%), over = 0, worst = 0
PHY-1001 : End global iterations;  0.061496s wall, 0.062500s user + 0.000000s system = 0.062500s CPU (101.6%)

PHY-1001 : Congestion index:
PHY-1001 : top1  = 98.95(S 84.66, N 80.88, E 95.49, W 98.52, I 65.90, O 82.57)
PHY-1001 : top5  = 94.75(S 76.38, N 73.04, E 86.80, W 93.47, I 61.61, O 73.94)
PHY-1001 : top10 = 90.87(S 71.39, N 68.55, E 80.61, W 88.14, I 59.03, O 69.27)
PHY-1001 : top15 = 87.55(S 67.75, N 65.50, E 75.83, W 83.81, I 57.40, O 65.79)
OPT-1001 : End congestion update;  0.423660s wall, 0.421875s user + 0.000000s system = 0.421875s CPU (99.6%)

OPT-0007 : Iter 1: improved SWNS 511 STNS 0 NUM_FEPS 0 with 0(48) cells processed with 0 slack improved, crit_thod: 711 ratio: -1.00(0/0) rt: 0.2s
OPT-0007 : Iter 2: improved SWNS 511 STNS 0 NUM_FEPS 0 with 0(48) cells processed with 0 slack improved, crit_thod: 711 ratio: -1.00(0/0) rt: 0.2s
OPT-1001 : End bottleneck based optimization;  0.835794s wall, 0.843750s user + 0.000000s system = 0.843750s CPU (101.0%)

OPT-1001 : Current memory(MB): used = 2013, reserved = 2001, peak = 2013.
OPT-1001 : End Stage 3.2.11 | Optimize Bottleneck; Time: 0.995454s wall, 1.000000s user + 0.000000s system = 1.000000s CPU (100.5%); Memory(MB): used = 2013, reserved = 2001, peak = 2013;

OPT-1001 : Stage 3.2.12 | Swap Pins
OPT-1001 : Start pin optimization...
OPT-1001 : Start: SWNS 511 STNS 0 NUM_FEPS 0
OPT-1001 : Successfully optimized 1 instances
OPT-1001 : Successfully optimized 0 instances
OPT-1001 : End pin optimization;  0.658580s wall, 0.640625s user + 0.000000s system = 0.640625s CPU (97.3%)

OPT-1001 : Current memory(MB): used = 2013, reserved = 2001, peak = 2013.
OPT-1001 : End Stage 3.2.12 | Swap Pins; Time: 0.818585s wall, 0.796875s user + 0.000000s system = 0.796875s CPU (97.3%); Memory(MB): used = 2013, reserved = 2001, peak = 2013;

OPT-1001 : Stage 3.2.13 | Optimize Duplicated Nets
OPT-1001 : Start: WNS 518 TNS 0 NUM_FEPS 0
OPT-1001 : Clean unloaded insts before merging registers
PHY-1001 : Populate physical database on model design_top_wrapper.
PHY-1001 : Populate physical database on model design_top_wrapper.
OPT-1001 : Total overflow 0.00 peak overflow 0.00
OPT-1001 : End optimize duplicated nets. Total 0 instances are merged and 10 sinks are reconnected,  1.417649s wall, 1.421875s user + 0.000000s system = 1.421875s CPU (100.3%)

OPT-1001 : Update timing in Manhattan mode
RUN-1002 : start command "start_timer"
RUN-1003 : finish command "start_timer" in  2.236251s wall, 2.218750s user + 0.000000s system = 2.218750s CPU (99.2%)

RUN-1004 : used memory is 2013 MB, reserved memory is 2001 MB, peak memory is 2013 MB
OPT-1001 : End timing update;  3.629256s wall, 3.609375s user + 0.000000s system = 3.609375s CPU (99.5%)

OPT-1001 : Current memory(MB): used = 2013, reserved = 2001, peak = 2013.
OPT-1001 : End Stage 3.2.13 | Optimize Duplicated Nets; Time: 5.210318s wall, 5.171875s user + 0.015625s system = 5.187500s CPU (99.6%); Memory(MB): used = 2013, reserved = 2001, peak = 2013;

OPT-0007 : End flow postplace: SWNS 518 STNS 0 NUM_FEPS 0
OPT-1001 : End physical optimization;  38.625862s wall, 39.328125s user + 0.046875s system = 39.375000s CPU (101.9%)

PHY-1001 : End Stage 3.2 | Optimize Design; Time: 38.625969s wall, 39.328125s user + 0.046875s system = 39.375000s CPU (101.9%); Memory(MB): used = 2013, reserved = 2001, peak = 2013;

RUN-1001 : Report Control nets information:
RUN-1001 : DFF Distribution
RUN-1001 : -------------------------------------
RUN-1001 :   CE   |  SSR  |  ASR  |  DFF Count  
RUN-1001 : -------------------------------------
RUN-1001 :   No   |  No   |  No   |     224     
RUN-1001 :   No   |  No   |  Yes  |      0      
RUN-1001 :   No   |  Yes  |  No   |      0      
RUN-1001 :   Yes  |  No   |  No   |    6882     
RUN-1001 :   Yes  |  No   |  Yes  |    15802    
RUN-1001 :   Yes  |  Yes  |  No   |     363     
RUN-1001 : -------------------------------------
RUN-1001 : Control Group Statistic
RUN-1001 : -----------------------------
RUN-1001 :   #CLK  |  #CE  |  #SSR/ASR  
RUN-1001 : -----------------------------
RUN-1001 :    10   |  742  |     31     
RUN-1001 : -----------------------------
RUN-0007 : Control Set = 823
PHY-1001 : End Stage 3 | Detailed Placement; Time: 144.863165s wall, 147.593750s user + 0.250000s system = 147.843750s CPU (102.1%); Memory(MB): used = 2013, reserved = 2001, peak = 2013;

PHY-1001 : Populate physical database on model design_top_wrapper.
PHY-1001 : Stage 4 | Optimize Design
PHY-3001 : Start incremental legalization ...
PHY-1001 : Populate physical database on model design_top_wrapper.
PHY-1001 : Processing 2 clock pins of DDR instance u_ph1p35_324_ddr_wrapper/u_ddr2/ph1p_ddrmc_wrapper/ph1p_ddrmc_top/u_ddr_phy/u_ddrphy_top/u_ddrphy/ac_byte[0]$ac_byte_used$u_ddrphy_ac_byte_wrapper/u_ddrphy_byte, location = x0y70z0.
PHY-1001 :   Placed ioclk instance u_ph1p35_324_ddr_wrapper/u_ddr2/ph1p_ddrmc_wrapper/ph1p_ddrmc_top/u_ddr_phy/u_ddrphy_top/u_ddrphy_clk/ioclk[0]$u_ioclk_1, location = x0y59z1.
PHY-1001 :   Placed ioclk instance u_ph1p35_324_ddr_wrapper/u_ddr2/ph1p_ddrmc_wrapper/ph1p_ddrmc_top/u_ddr_phy/u_ddrphy_top/u_ddrphy_clk/ioclk[0]$u_ioclk_0, location = x0y59z0.
PHY-1001 : Processing 2 clock pins of DDR instance u_ph1p35_324_ddr_wrapper/u_ddr2/ph1p_ddrmc_wrapper/ph1p_ddrmc_top/u_ddr_phy/u_ddrphy_top/u_ddrphy/ac_byte[1]$ac_byte_used$u_ddrphy_ac_byte_wrapper/u_ddrphy_byte, location = x0y60z0.
PHY-1001 :   Placed ioclk instance u_ph1p35_324_ddr_wrapper/u_ddr2/ph1p_ddrmc_wrapper/ph1p_ddrmc_top/u_ddr_phy/u_ddrphy_top/u_ddrphy_clk/ioclk[0]$u_ioclk_1, location = x0y59z1.
PHY-1001 :   Placed ioclk instance u_ph1p35_324_ddr_wrapper/u_ddr2/ph1p_ddrmc_wrapper/ph1p_ddrmc_top/u_ddr_phy/u_ddrphy_top/u_ddrphy_clk/ioclk[0]$u_ioclk_0, location = x0y59z0.
PHY-1001 : Processing 2 clock pins of DDR instance u_ph1p35_324_ddr_wrapper/u_ddr2/ph1p_ddrmc_wrapper/ph1p_ddrmc_top/u_ddr_phy/u_ddrphy_top/u_ddrphy/ac_byte[2]$ac_byte_used$u_ddrphy_ac_byte_wrapper/u_ddrphy_byte, location = x0y50z0.
PHY-1001 :   Placed ioclk instance u_ph1p35_324_ddr_wrapper/u_ddr2/ph1p_ddrmc_wrapper/ph1p_ddrmc_top/u_ddr_phy/u_ddrphy_top/u_ddrphy_clk/ioclk[0]$u_ioclk_1, location = x0y59z1.
PHY-1001 :   Placed ioclk instance u_ph1p35_324_ddr_wrapper/u_ddr2/ph1p_ddrmc_wrapper/ph1p_ddrmc_top/u_ddr_phy/u_ddrphy_top/u_ddrphy_clk/ioclk[0]$u_ioclk_0, location = x0y59z0.
PHY-1001 : Processing 2 clock pins of DDR instance u_ph1p35_324_ddr_wrapper/u_ddr2/ph1p_ddrmc_wrapper/ph1p_ddrmc_top/u_ddr_phy/u_ddrphy_top/u_ddrphy/ac_byte[3]$ac_byte_used$u_ddrphy_ac_byte_wrapper/u_ddrphy_byte, location = x0y40z0.
PHY-1001 :   Placed ioclk instance u_ph1p35_324_ddr_wrapper/u_ddr2/ph1p_ddrmc_wrapper/ph1p_ddrmc_top/u_ddr_phy/u_ddrphy_top/u_ddrphy_clk/ioclk[0]$u_ioclk_1, location = x0y59z1.
PHY-1001 :   Placed ioclk instance u_ph1p35_324_ddr_wrapper/u_ddr2/ph1p_ddrmc_wrapper/ph1p_ddrmc_top/u_ddr_phy/u_ddrphy_top/u_ddrphy_clk/ioclk[0]$u_ioclk_0, location = x0y59z0.
PHY-1001 : Processing 2 clock pins of DDR instance u_ph1p35_324_ddr_wrapper/u_ddr2/ph1p_ddrmc_wrapper/ph1p_ddrmc_top/u_ddr_phy/u_ddrphy_top/u_ddrphy/dx_byte[0]$dx_byte_used$u_ddrphy_dx_byte_wrapper/u_ddrphy_byte, location = x0y30z0.
PHY-1001 :   Placed ioclk instance u_ph1p35_324_ddr_wrapper/u_ddr2/ph1p_ddrmc_wrapper/ph1p_ddrmc_top/u_ddr_phy/u_ddrphy_top/u_ddrphy_clk/ioclk[1]$u_ioclk_1, location = x0y19z1.
PHY-1001 :   Placed ioclk instance u_ph1p35_324_ddr_wrapper/u_ddr2/ph1p_ddrmc_wrapper/ph1p_ddrmc_top/u_ddr_phy/u_ddrphy_top/u_ddrphy_clk/ioclk[1]$u_ioclk_0, location = x0y19z0.
PHY-1001 : Processing 2 clock pins of DDR instance u_ph1p35_324_ddr_wrapper/u_ddr2/ph1p_ddrmc_wrapper/ph1p_ddrmc_top/u_ddr_phy/u_ddrphy_top/u_ddrphy/dx_byte[1]$dx_byte_used$u_ddrphy_dx_byte_wrapper/u_ddrphy_byte, location = x0y10z0.
PHY-1001 :   Placed ioclk instance u_ph1p35_324_ddr_wrapper/u_ddr2/ph1p_ddrmc_wrapper/ph1p_ddrmc_top/u_ddr_phy/u_ddrphy_top/u_ddrphy_clk/ioclk[1]$u_ioclk_1, location = x0y19z1.
PHY-1001 :   Placed ioclk instance u_ph1p35_324_ddr_wrapper/u_ddr2/ph1p_ddrmc_wrapper/ph1p_ddrmc_top/u_ddr_phy/u_ddrphy_top/u_ddrphy_clk/ioclk[1]$u_ioclk_0, location = x0y19z0.
PHY-3001 : Target density is 60%
PHY-7022 WARNING: Design's estimated slice utilization = 98, exceeds the limit 95, which probably leads to long P&R runtime and bad QoR.
PHY-3001 : Target density is 60%
PHY-3001 : Initial: Len = 3.58501e+06, Over = 0
PHY-1001 : Stage 4.1 | Spreading
PHY-3001 : Design contains 350 ce signals.
PHY-3001 : Spreading for sector grids.
PHY-3001 : Iter 1, total overflow: 0
PHY-3001 : tot_capacity: 48, usage_cnt: 20, movable_cnt: 35
PHY-3001 : Spreading for clock grids.
PHY-3001 : clock grid count for 24 x 4 grids
PHY-3001 : Spreading for plb grids.
PHY-3001 : total displace: 0, max displace: 0.
PHY-3001 : End spreading;  0.234259s wall, 0.234375s user + 0.000000s system = 0.234375s CPU (100.0%)

PHY-1001 : End Stage 4.1 | Spreading; Time: 0.234311s wall, 0.234375s user + 0.000000s system = 0.234375s CPU (100.0%); Memory(MB): used = 2013, reserved = 2001, peak = 2013;

PHY-3001 : Final: Len = 3.58501e+06, Over = 0
PHY-3001 : End incremental legalization;  0.464736s wall, 0.468750s user + 0.000000s system = 0.468750s CPU (100.9%)

RUN-1002 : start command "report_qor -step place -file place.qor"
RUN-1002 : start command "start_timer"
RUN-1003 : finish command "start_timer" in  1.802737s wall, 1.781250s user + 0.000000s system = 1.781250s CPU (98.8%)

RUN-1004 : used memory is 2013 MB, reserved memory is 2001 MB, peak memory is 2013 MB
RUN-1001 : Generating global routing grids ...
-----------------------------------------------------------
| QoR metrics               |         value               |
-----------------------------------------------------------
| Timing                    |                             |
|     Setup WNS             |          518                |
|     Setup TNS             |            0                |
|     Num of violated S-EP  |            0                |
|     FMAX                  |   119.474MHz                |
|     SWNS path clock period |       8888ps                |
|     Hold WNS              |         -244                |
|     Hold TNS              |       -69272                |
|     Num of violated H-EP  |          544                |
-----------------------------------------------------------
| Routing Resource          |                             |
|     Wire length           |      3577336                |
|     Route Net Num         |        38404                |
|     DontRoute Net Num     |        15610                |
|     RouteSinks Num        |       138292                |
-----------------------------------------------------------
| Utilization               |                             |
|     #slices               |        20797                |
|     slices percentage     |       98.03%                |
|     #RAMs                 |          108                |
|     #DSPs                 |           31                |
|     #DRAMHARDCON          |           53                |
-----------------------------------------------------------
| Congestion                |                             |
|     Top 1% tile util      |           96                |
|     Top 1% tile avg util  |       98.66%                |
|     Over 100% util #tile  |           25                |
|     Max level             |            3                |
|     Window                |  [ 29  13] - [ 35  22]      |
-----------------------------------------------------------
Report place stage QoR done.

RUN-1003 : finish command "report_qor -step place -file place.qor" in  3.909059s wall, 3.984375s user + 0.000000s system = 3.984375s CPU (101.9%)

RUN-1004 : used memory is 2012 MB, reserved memory is 2000 MB, peak memory is 2014 MB
PHY-1001 : End Stage 4 | Optimize Design; Time: 4.387284s wall, 4.468750s user + 0.000000s system = 4.468750s CPU (101.9%); Memory(MB): used = 2012, reserved = 2000, peak = 2014;

PHY-1001 : Stage 5 | DRC Check
PHY-1001 : Stage 5.1 | Slice Attributes Check
PHY-1035 : Redundant attributes/nets in slice detected. You can use tcl "check_slice_attr -verbose" to get full message.
PHY-1039 : Found 112 mslices getting no used reg attributes, eg: u_hdmi_tx/u_hdmi_1_4b_transmitter_core_wrapper/u_hdmi_tx_controller_wrapper/u_hdmi_video_data_assemble/S_island_guard_band_1d_syn_10.
PHY-1039 : Found 112 mslices getting no used ce attributes, eg: u_hdmi_tx/u_hdmi_1_4b_transmitter_core_wrapper/u_hdmi_tx_controller_wrapper/u_hdmi_video_data_assemble/S_island_guard_band_1d_syn_10.
PHY-1001 : End Stage 5.1 | Slice Attributes Check; Time: 0.038445s wall, 0.031250s user + 0.000000s system = 0.031250s CPU (81.3%); Memory(MB): used = 2012, reserved = 2000, peak = 2014;

PHY-1001 : Stage 5.2 | Clock Bound Check
PHY-1001 : Check pass.
PHY-1001 : End Stage 5.2 | Clock Bound Check; Time: 0.002006s wall, 0.015625s user + 0.000000s system = 0.015625s CPU (778.8%); Memory(MB): used = 2012, reserved = 2000, peak = 2014;

PHY-1001 : Stage 5.3 | Force Route Constraint Check
PHY-1001 : Check Pass.
PHY-1001 : End Stage 5.3 | Force Route Constraint Check; Time: 0.001959s wall, 0.000000s user + 0.000000s system = 0.000000s CPU (n/a%); Memory(MB): used = 2012, reserved = 2000, peak = 2014;

PHY-1001 : Stage 5.4 | Sigmap Check
PHY-1001 : Check pass.
PHY-1001 : End Stage 5.4 | Sigmap Check; Time: 0.068647s wall, 0.062500s user + 0.000000s system = 0.062500s CPU (91.0%); Memory(MB): used = 2012, reserved = 2000, peak = 2014;

PHY-1001 : Stage 5.5 | Duplicated SelfDriven Check
PHY-1001 : Check pass.
PHY-1001 : End Stage 5.5 | Duplicated SelfDriven Check; Time: 0.334801s wall, 0.343750s user + 0.000000s system = 0.343750s CPU (102.7%); Memory(MB): used = 2012, reserved = 2000, peak = 2014;

PHY-1001 : Stage 5.6 | Clock Rule Check
PHY-5088 WARNING: Clock_Analyzer: Detected 1 buffer(s) clkin net because they drive non-clock sinks. Run "analyze_clock -detail" for more infomation.
PHY-5088 WARNING: Clock_Analyzer: Detected 1 buffer(s) clkout net because they drive non-clock sinks. Run "analyze_clock -detail" for more infomation.
PHY-5088 WARNING: Clock_Analyzer: Detected 1 buffer(s) because their regions are different from their drivers. Run "analyze_clock -detail" for more infomation.
PHY-5088 WARNING: Clock_Analyzer: 3 clock-net(s) because they drive other clock net, may cause clock skew. Run "analyze_clock -detail" for more infomation.
PHY-1001 : End Stage 5.6 | Clock Rule Check; Time: 0.070051s wall, 0.062500s user + 0.000000s system = 0.062500s CPU (89.2%); Memory(MB): used = 2012, reserved = 2000, peak = 2014;

PHY-1001 : End Stage 5 | DRC Check; Time: 0.558775s wall, 0.562500s user + 0.000000s system = 0.562500s CPU (100.7%); Memory(MB): used = 2012, reserved = 2000, peak = 2014;

OPT-1001 : QoR tracer report on placement steps:
    SWNS [   incr ]     STNS [    incr ]    FEPS [   incr ]    CRIT [   incr ]      CELL [     incr ]        WL [     incr ]    CONG [   incr ]    PDES [   incr ]   RT(s) [   incr ]   MEM(mb) [     incr ]
       0 [      0 ]        0 [       0 ]       0 [      0 ]       0 [      0 ]     45788 [        0 ]         0 [        0 ]    0.00 [   0.00 ]       0 [      0 ]       0 [      0 ]       807 [        0 ] : preplace:simplify_lut
       0 [      0 ]        0 [       0 ]       0 [      0 ]       0 [      0 ]     45788 [        0 ]         0 [        0 ]    0.00 [   0.00 ]       0 [      0 ]       0 [      0 ]       807 [        0 ] : preplace:sweep
       0 [      0 ]        0 [       0 ]       0 [      0 ]       0 [      0 ]     45788 [        0 ]         0 [        0 ]    0.00 [   0.00 ]       0 [      0 ]       0 [      0 ]       807 [        0 ] : preplace:lut_merge
       0 [      0 ]        0 [       0 ]       0 [      0 ]       0 [      0 ]     45788 [        0 ]         0 [        0 ]    0.00 [   0.00 ]       0 [      0 ]       0 [      0 ]       807 [        0 ] : preplace:hfn_opt
    -653 [   -653 ]    -4129 [   -4129 ]       8 [      8 ]    3773 [   3773 ]     47574 [     1786 ]   2828123 [  2828123 ]    0.00 [   0.00 ]       0 [      0 ]      10 [     10 ]      1512 [      705 ] : step1_gp
    -745 [    -92 ]    -5029 [    -900 ]      10 [      2 ]    3681 [    -92 ]     47574 [        0 ]   2993064 [   164941 ]    0.00 [   0.00 ]       0 [      0 ]      12 [      2 ]      1520 [        8 ] : step1_legal
    -745 [      0 ]    -5029 [       0 ]      10 [      0 ]    3644 [    -37 ]     47574 [        0 ]   2942802 [   -50262 ]    0.00 [   0.00 ]       0 [      0 ]      15 [      3 ]      1526 [        6 ] : step1_dp
     463 [   1208 ]        0 [    5029 ]       0 [    -10 ]    3789 [    145 ]     47574 [        0 ]   2434295 [  -508507 ]  272.50 [ 272.50 ]       0 [      0 ]      21 [      6 ]      1647 [      121 ] : step2_gp
     463 [      0 ]        0 [       0 ]       0 [      0 ]    3803 [     14 ]     47574 [        0 ]   2385745 [   -48550 ]  272.50 [   0.00 ]       0 [      0 ]      24 [      3 ]      1650 [        3 ] : step2_dp
     463 [      0 ]        0 [       0 ]       0 [      0 ]    3803 [      0 ]     47574 [        0 ]   2385745 [        0 ]  272.50 [   0.00 ]       0 [      0 ]      24 [      0 ]      1650 [        0 ] : prepack_spreading
     514 [     51 ]        0 [       0 ]       0 [      0 ]    3707 [    -96 ]     48044 [      470 ]   2280126 [  -105619 ]  260.68 [ -11.82 ]       0 [      0 ]      33 [      9 ]      1667 [       17 ] : prepack:hfn_opt
     514 [      0 ]        0 [       0 ]       0 [      0 ]    3708 [      1 ]     48044 [        0 ]   2280782 [      656 ]   99.89 [-160.79 ]       0 [      0 ]      38 [      5 ]      1667 [        0 ] : prepack:global_opt
     471 [    -43 ]        0 [       0 ]       0 [      0 ]    3593 [   -115 ]     23564 [   -24480 ]   2452589 [   171807 ]   99.89 [   0.00 ]       0 [      0 ]      47 [      9 ]      1819 [      152 ] : pack
     430 [    -41 ]        0 [       0 ]       0 [      0 ]    3539 [    -54 ]     23564 [        0 ]   3088721 [   636132 ]   98.42 [  -1.47 ]       0 [      0 ]      64 [     17 ]      2013 [      194 ] : post_pack_place
   -2612 [  -3042 ]  -162564 [ -162564 ]     277 [    277 ]    2420 [  -1119 ]     23564 [        0 ]   4206445 [  1117724 ]   98.42 [   0.00 ]       0 [      0 ]     145 [     81 ]      2013 [        0 ] : post_pack_spreading
   -1944 [    668 ]   -67616 [   94948 ]      68 [   -209 ]    2768 [    348 ]     23564 [        0 ]   3601529 [  -604916 ]  100.95 [   2.53 ]       0 [      0 ]     170 [     25 ]      2013 [        0 ] : post_pack_dp
    -865 [   1079 ]    -1557 [   66059 ]       3 [    -65 ]    3010 [    242 ]     23560 [       -4 ]   3543450 [   -58079 ]  100.95 [   0.00 ]       0 [      0 ]     175 [      5 ]      2013 [        0 ] : postpack:optimize_equivalent_quick
    -865 [      0 ]    -1557 [       0 ]       3 [      0 ]    3010 [      0 ]     23560 [        0 ]   3543450 [        0 ]  100.95 [   0.00 ]       0 [      0 ]     176 [      1 ]      2013 [        0 ] : postpack:hfn_opt
     453 [   1318 ]        0 [    1557 ]       0 [     -3 ]    3056 [     46 ]     23588 [       28 ]   3538935 [    -4515 ]   98.34 [  -2.61 ]       0 [      0 ]     186 [     10 ]      2013 [        0 ] : postpack:path_opt
     453 [      0 ]        0 [       0 ]       0 [      0 ]    3056 [      0 ]     23588 [        0 ]   3537335 [    -1600 ]   98.34 [   0.00 ]       0 [      0 ]     191 [      5 ]      2013 [        0 ] : postpack:optimize_equivalent
     527 [     74 ]        0 [       0 ]       0 [      0 ]    3388 [    332 ]     23588 [        0 ]   3537335 [        0 ]   98.34 [   0.00 ]       0 [      0 ]     194 [      3 ]      2013 [        0 ] : postpack:pin_opt
     511 [    -16 ]        0 [       0 ]       0 [      0 ]    3383 [     -5 ]     23588 [        0 ]   3555756 [    18421 ]   98.34 [   0.00 ]       0 [      0 ]     198 [      4 ]      2013 [        0 ] : postpack:beeline_opt
     511 [      0 ]        0 [       0 ]       0 [      0 ]    3383 [      0 ]     23588 [        0 ]   3555756 [        0 ]   98.66 [   0.32 ]       0 [      0 ]     200 [      2 ]      2013 [        0 ] : postplace:crit_hfn_opt
     511 [      0 ]        0 [       0 ]       0 [      0 ]    3383 [      0 ]     23588 [        0 ]   3555756 [        0 ]   98.66 [   0.00 ]       0 [      0 ]     201 [      1 ]      2013 [        0 ] : postplace:path_opt
     511 [      0 ]        0 [       0 ]       0 [      0 ]    3383 [      0 ]     23588 [        0 ]   3555756 [        0 ]   98.66 [   0.00 ]       0 [      0 ]     201 [      0 ]      2013 [        0 ] : postplace:aggressive_opt
     511 [      0 ]        0 [       0 ]       0 [      0 ]    3383 [      0 ]     23588 [        0 ]   3555756 [        0 ]   98.66 [   0.00 ]       0 [      0 ]     202 [      1 ]      2013 [        0 ] : postplace:bn_opt
     518 [      7 ]        0 [       0 ]       0 [      0 ]    3383 [      0 ]     23588 [        0 ]   3555756 [        0 ]   98.66 [   0.00 ]       0 [      0 ]     203 [      1 ]      2013 [        0 ] : postplace:pin_opt
     518 [      0 ]        0 [       0 ]       0 [      0 ]    3383 [      0 ]     23588 [        0 ]   3555730 [      -26 ]   98.66 [   0.00 ]       0 [      0 ]     208 [      5 ]      2013 [        0 ] : postplace:optimize_equivalent

RUN-1003 : finish command "place" in  213.994029s wall, 256.546875s user + 5.828125s system = 262.375000s CPU (122.6%)

RUN-1004 : used memory is 2012 MB, reserved memory is 2000 MB, peak memory is 2014 MB
RUN-1002 : start command "update_timing -mode manhattan"
RUN-1002 : start command "start_timer"
RUN-1003 : finish command "start_timer" in  1.801648s wall, 1.812500s user + 0.000000s system = 1.812500s CPU (100.6%)

RUN-1004 : used memory is 2012 MB, reserved memory is 2000 MB, peak memory is 2014 MB
RUN-1003 : finish command "update_timing -mode manhattan" in  3.111247s wall, 3.125000s user + 0.000000s system = 3.125000s CPU (100.4%)

RUN-1004 : used memory is 2012 MB, reserved memory is 2000 MB, peak memory is 2014 MB
RUN-1002 : start command "report_timing_summary -file D:/anlu/rtl/reports/cnn_place.timing"
RUN-1002 : start command "report_area -io_info -file D:/anlu/rtl/reports/cnn_place.area"
SYN-4034 : The count of slices with lut is 13632.
SYN-4035 : The count of slices with lut+ripple is 3422.
RUN-1001 : standard
***Report Model: design_top_wrapper Device: PH1P35MDG324***

Design Statistics
#IO                        58   out of    160   36.25%
  #input                    2
  #output                  31
  #inout                   25
#lut6                   17590   out of  21216   82.91%
#reg                    23047
  #slice reg            23047   out of  42432   54.32%
  #pad reg                  0

Utilization Statistics
#slice                  20797   out of  21216   98.03%
  #used ram               536
    #dram lut             424
    #shifter lut          112
  #used logic           20261
    #with luts          13632
    #with adder          3422
    #reg only            3207
#f7mux                   1252   out of  10608   11.80%
#f8mux                    570   out of   5304   10.75%
#eram                     108   out of    108  100.00%
  #eram20k                108
  #fifo20k                  0
#dsp                       31   out of     40   77.50%
#ddr_byte                   6   out of     12   50.00%
#mipi_tx                    0   out of      2    0.00%
#mipi_rx                    1   out of      2   50.00%
#pad                       17   out of    160   10.62%
#pll                        3   out of      6   50.00%
#gclk                       9   out of     32   28.12%
#lclk                       0   out of     12    0.00%
#sclk                       0   out of     48    0.00%
#mlclk                      2   out of      6   33.33%
#ioclk                      4   out of     18   22.22%

RUN-1002 : start command "report_clock_utilization -file D:/anlu/rtl/reports/cnn_place.clock"
RUN-1002 : start command "flow_status -file D:/anlu/rtl/reports/cnn_place.flow"
Location         : D:\anlu\rtl\td_project
Running with     : Tang Dynasty v6.2.168116
                   Copyright (c) 2012-2025 Anlogic Inc.
Top Model        : design_top_wrapper
Device           : PH1P35MDG324
Speed            : 3

Timing Mode      : manhattan
Setup            : WNS   518ps  TNS        0ps  NUM_FEPS     0
Hold             : WNS  -244ps  TNS   -69272ps  NUM_FEPS   544

Flow Statistics  :
RUN-1001 : Flow Statistics:
RUN-1001 : ---------------------------------------------------------------------------------------------------
RUN-1001 :      command     |  #calls  |  wall time   |  cpu time(s)  |  used memory(mb)  |  peak memory(mb)  
RUN-1001 : ---------------------------------------------------------------------------------------------------
RUN-1001 :       place      |    1     |  3m33s(98%)  |   261(99%)    |       2012        |       2014        
RUN-1001 :     import_db    |    1     |    2s(0%)    |     0(0%)     |        806        |        806        
RUN-1001 :   import_device  |    1     |    1s(0%)    |     1(0%)     |        324        |        324        
RUN-1001 :     read_adc     |    1     |    1s(0%)    |     1(0%)     |        762        |        807        
RUN-1001 :     read_sdc     |    3     |    0s(0%)    |     0(0%)     |        762        |        807        
RUN-1001 : ---------------------------------------------------------------------------------------------------
RUN-1001 :       total      |    7     |    3m37s     |      263      |       2012        |       2014        
RUN-1001 : ---------------------------------------------------------------------------------------------------
RUN-1002 : start command "export_db D:/anlu/rtl/reports/cnn_place.db"
RUN-1001 : Exported flow parameters
RUN-1001 : Exported /
RUN-1001 : Exported libs
RUN-1001 : Exported entities
RUN-1001 : Exported ports
RUN-1001 : Exported pins
RUN-1001 : Exported instances
RUN-1001 : Exported nets
RUN-1001 : Exported buses
RUN-1001 : Exported models
RUN-1001 : Exported phy database
RUN-1001 : Exported packer
RUN-1001 : Exported congestions
RUN-1001 : Exported violations
RUN-1001 : Exported ATMR Setting
RUN-1001 : Exported timing constraints
RUN-1001 : Exported IO constraints
RUN-1001 : Exported Inst constraints
RUN-1001 : Exported ChipWatcher
RUN-1003 : finish command "export_db D:/anlu/rtl/reports/cnn_place.db" in  1.136062s wall, 1.375000s user + 0.000000s system = 1.375000s CPU (121.0%)

RUN-1004 : used memory is 2033 MB, reserved memory is 2089 MB, peak memory is 2033 MB
RUN-1002 : start command "commit_param -step route"
RUN-1001 : Print Global Property
RUN-1001 : -------------------------------------------------------------
RUN-1001 :     Parameters    |   Settings   |  Default Values  |  Note  
RUN-1001 : -------------------------------------------------------------
RUN-1001 :    enable_seed    |     off      |       off        |        
RUN-1001 :    hfn_to_clock   |  1000000000  |    1000000000    |        
RUN-1001 :      message      |   standard   |     standard     |        
RUN-1001 :    qor_monitor    |      on      |        on        |        
RUN-1001 :   speedup_effort  |      0       |        0         |        
RUN-1001 :    syn_ip_flow    |     off      |       off        |        
RUN-1001 :       thread      |     auto     |       auto       |        
RUN-1001 : -------------------------------------------------------------
RUN-1001 : Print Route Property
RUN-1001 : ---------------------------------------------------------------
RUN-1001 :       Parameters      |  Settings  |  Default Values  |  Note  
RUN-1001 : ---------------------------------------------------------------
RUN-1001 :         effort        |   normal   |      normal      |        
RUN-1001 :        fix_hold       |     on     |        on        |        
RUN-1001 :   hold_fix_iteration  |     5      |        5         |        
RUN-1001 :     post_route_opt    |    auto    |       auto       |        
RUN-1001 :         timing        |     on     |        on        |        
RUN-1001 : ---------------------------------------------------------------
RUN-1002 : start command "route"
RUN-1001 : Open license file D:/Anlogic/TD_6.2.1_Engineer_6.2.168.116/license/Anlogic.lic
PHY-1001 : Reconnected 29 VDD pins with routing demanding
PHY-1001 : Populate physical database on model design_top_wrapper.
RUN-1001 : Dedicate pll clock connection statistics:
RUN-1001 : Clock Region s_1_l [0,40][23,79]; Utilization: 1 out of 12
RUN-1001 : ----------------------------------------------------------------------------------------------------------------------------------------------------------------------------------------------------------------------------------
RUN-1001 :   Index  |                                    Leading Clock                                     |                                                          Special Sink                                                           
RUN-1001 : ----------------------------------------------------------------------------------------------------------------------------------------------------------------------------------------------------------------------------------
RUN-1001 :     1    |  u_ph1p35_324_ddr_wrapper/u_ddr2/ph1p_ddrmc_wrapper/ph1p_ddrmc_top/u_alc_mc_top/clk  |  u_ph1p35_324_ddr_wrapper/u_ddr2/ph1p_ddrmc_wrapper/ph1p_ddrmc_top/u_ddr_phy/u_ddrphy_top/u_ddrphy_clk/u_pll1/u_pll_inst.fbclk  
RUN-1001 : ----------------------------------------------------------------------------------------------------------------------------------------------------------------------------------------------------------------------------------
RUN-1001 : Clock Region s_1_r [24,40][43,79]; Utilization: 1 out of 12
RUN-1001 : -----------------------------------------------------------------------------------------------------------------------------------------------------------------------
RUN-1001 :   Index  |                                     Leading Clock                                     |                            Special Sink                             
RUN-1001 : -----------------------------------------------------------------------------------------------------------------------------------------------------------------------
RUN-1001 :     1    |  u_mipi_dphy_rx_ph1p_mipiio_wrapper/u_ph1p_mipiio_rx_wrapper/u_lane0_hs_detect/I_clk  |  u_PLL/ph1p_phy_pll_wrapper_25a56e5ce2f9_Inst/u_PH1P_PHY_PLL.fbclk  
RUN-1001 : -----------------------------------------------------------------------------------------------------------------------------------------------------------------------
PHY-1001 : Working orders of clock nets being processed in bank assignment:
PHY-1001 : u_ph1p35_324_ddr_wrapper/u_ddr2/ph1p_ddrmc_wrapper/ph1p_ddrmc_top/u_alc_mc_top/clk;
PHY-1001 : u_mipi_dphy_rx_ph1p_mipiio_wrapper/u_ph1p_mipiio_rx_wrapper/u_lane0_hs_detect/I_clk;
PHY-1001 : u_isp_top/u_demosaic/raw_matrix_3x3_buffer_d/zhenghe_d/blk_mem_gen_zhenghe_d1/ram_d32970204f32_Inst/clkb;
PHY-1001 : u_hdmi_mixer/I_clk_syn_652;
PHY-1001 : I_sys_clk_syn_8;
PHY-1001 : O_cam_24m_syn_3;
PHY-1001 : u_hdmi_tx/u_hdmi2phy_wrapper/u0_lane_lvds_8_1/I_serial_clk_syn_1;
PHY-1001 : u_ph1p35_324_ddr_wrapper/u_ddr2/ph1p_ddrmc_wrapper/ph1p_ddrmc_top/u_ddr_phy/u_ddrphy_top/u_ddrphy/apb_pclk_syn_1;
PHY-1001 : u_uicfgcs500/uii2c_inst/scl_clk_syn_9;
PHY-1001 : Internal bound Intnl_0_0_25_40 is being created by clock MIPI_RX_BYTE_CLK through SCLK.
PHY-1001 : Internal bound Intnl_25_0_23_40 is being created by clock MIPI_RX_BYTE_CLK through SCLK.
PHY-1001 : Internal bound Intnl_0_40_25_40 is being created by clock u_ph1p35_324_ddr_wrapper/u_ddr2/usr_clk through SCLK.
PHY-1001 : Internal bound Intnl_25_40_19_40 is being created by clock MIPI_RX_BYTE_CLK through SCLK.
RUN-1001 : Clock region assignment statistics:
RUN-1001 : Clock Region s_0_l [0,0][23,39]; Utilization: 6 out of 12
RUN-1001 : ----------------------------------------------------------------------------------------------------------------------------------------------------------------------------------------------------------------------------------------------------------------------------------------------------------------------------------------
RUN-1001 :   Bank  |                                                   Leading Clock                                                    |       Type        |                                                                          Buffer                                                                           |  Regional Clock Fanouts  
RUN-1001 : ----------------------------------------------------------------------------------------------------------------------------------------------------------------------------------------------------------------------------------------------------------------------------------------------------------------------------------------
RUN-1001 :    1    |      u_isp_top/u_demosaic/raw_matrix_3x3_buffer_d/zhenghe_d/blk_mem_gen_zhenghe_d1/ram_d32970204f32_Inst/clkb      |  (infered sclk)   |                           u_mipi_dphy_rx_ph1p_mipiio_wrapper/u_ph1p_mipiio_rx_wrapper/bufg_feedback_auto_created_sclk_s_0_l_bk1                           |           2613           
RUN-1001 :    2    |                 u_ph1p35_324_ddr_wrapper/u_ddr2/ph1p_ddrmc_wrapper/ph1p_ddrmc_top/u_alc_mc_top/clk                 |  (infered sclk)   |   u_ph1p35_324_ddr_wrapper/u_ddr2/ph1p_ddrmc_wrapper/ph1p_ddrmc_top/u_ddr_phy/u_ddrphy_top/u_ddrphy_clk/u_pll1/u_bufg_fbclk_auto_created_sclk_s_0_l_bk2   |           746            
RUN-1001 :    3    |                                             u_hdmi_mixer/I_clk_syn_652                                             |  (infered sclk)   |                                              u_hdmi_mixer/I_clk_created_gclkinst_auto_created_sclk_s_0_l_bk3                                              |           221            
RUN-1001 :    4    |                                                  I_sys_clk_syn_8                                                   |  (infered sclk)   |                                               I_sys_clk_dup_6_created_gclkinst_auto_created_sclk_s_0_l_bk4                                                |            73            
RUN-1001 :    5    |  u_ph1p35_324_ddr_wrapper/u_ddr2/ph1p_ddrmc_wrapper/ph1p_ddrmc_top/u_ddr_phy/u_ddrphy_top/u_ddrphy/apb_pclk_syn_1  |  (infered sclk)   |  u_ph1p35_324_ddr_wrapper/u_ddr2/ph1p_ddrmc_wrapper/ph1p_ddrmc_top/u_ddr_phy/u_ddrphy_top/u_ddrphy/apb_pclk_created_gclkinst_auto_created_sclk_s_0_l_bk5  |            3             
RUN-1001 :    6    |                                                  O_cam_24m_syn_3                                                   |  (infered sclk)   |                                               O_cam_24m_dup_1_created_gclkinst_auto_created_sclk_s_0_l_bk6                                                |            1             
RUN-1001 : ----------------------------------------------------------------------------------------------------------------------------------------------------------------------------------------------------------------------------------------------------------------------------------------------------------------------------------------
RUN-1001 : Clock Region s_0_r [24,0][47,39]; Utilization: 3 out of 12
RUN-1001 : ------------------------------------------------------------------------------------------------------------------------------------------------------------------------------------------------------------------------------------------------------------------------------
RUN-1001 :   Bank  |                                               Leading Clock                                                |       Type        |                                                 Buffer                                                  |  Regional Clock Fanouts  
RUN-1001 : ------------------------------------------------------------------------------------------------------------------------------------------------------------------------------------------------------------------------------------------------------------------------------
RUN-1001 :    1    |  u_isp_top/u_demosaic/raw_matrix_3x3_buffer_d/zhenghe_d/blk_mem_gen_zhenghe_d1/ram_d32970204f32_Inst/clkb  |  (infered sclk)   |  u_mipi_dphy_rx_ph1p_mipiio_wrapper/u_ph1p_mipiio_rx_wrapper/bufg_feedback_auto_created_sclk_s_0_r_bk1  |           3066           
RUN-1001 :    2    |                                         u_hdmi_mixer/I_clk_syn_652                                         |  (infered sclk)   |                     u_hdmi_mixer/I_clk_created_gclkinst_auto_created_sclk_s_0_r_bk2                     |           184            
RUN-1001 :    3    |            u_mipi_dphy_rx_ph1p_mipiio_wrapper/u_ph1p_mipiio_rx_wrapper/u_lane0_hs_detect/I_clk             |  (infered sclk)   |                             u_PLL/bufg_feedback_auto_created_sclk_s_0_r_bk3                             |            8             
RUN-1001 : ------------------------------------------------------------------------------------------------------------------------------------------------------------------------------------------------------------------------------------------------------------------------------
RUN-1001 : Clock Region s_1_l [0,40][23,79]; Utilization: 6 out of 12
RUN-1001 : ----------------------------------------------------------------------------------------------------------------------------------------------------------------------------------------------------------------------------------------------------------------------------------------------------------------------------------------
RUN-1001 :   Bank  |                                                   Leading Clock                                                    |       Type        |                                                                          Buffer                                                                           |  Regional Clock Fanouts  
RUN-1001 : ----------------------------------------------------------------------------------------------------------------------------------------------------------------------------------------------------------------------------------------------------------------------------------------------------------------------------------------
RUN-1001 :    1    |                 u_ph1p35_324_ddr_wrapper/u_ddr2/ph1p_ddrmc_wrapper/ph1p_ddrmc_top/u_alc_mc_top/clk                 |  (infered sclk)   |   u_ph1p35_324_ddr_wrapper/u_ddr2/ph1p_ddrmc_wrapper/ph1p_ddrmc_top/u_ddr_phy/u_ddrphy_top/u_ddrphy_clk/u_pll1/u_bufg_fbclk_auto_created_sclk_s_1_l_bk1   |           1277           
RUN-1001 :    2    |      u_isp_top/u_demosaic/raw_matrix_3x3_buffer_d/zhenghe_d/blk_mem_gen_zhenghe_d1/ram_d32970204f32_Inst/clkb      |  (infered sclk)   |                           u_mipi_dphy_rx_ph1p_mipiio_wrapper/u_ph1p_mipiio_rx_wrapper/bufg_feedback_auto_created_sclk_s_1_l_bk2                           |           2526           
RUN-1001 :    3    |                                             u_hdmi_mixer/I_clk_syn_652                                             |  (infered sclk)   |                                              u_hdmi_mixer/I_clk_created_gclkinst_auto_created_sclk_s_1_l_bk3                                              |            58            
RUN-1001 :    4    |                                                  O_cam_24m_syn_3                                                   |  (infered sclk)   |                                               O_cam_24m_dup_1_created_gclkinst_auto_created_sclk_s_1_l_bk4                                                |            37            
RUN-1001 :    5    |  u_ph1p35_324_ddr_wrapper/u_ddr2/ph1p_ddrmc_wrapper/ph1p_ddrmc_top/u_ddr_phy/u_ddrphy_top/u_ddrphy/apb_pclk_syn_1  |  (infered sclk)   |  u_ph1p35_324_ddr_wrapper/u_ddr2/ph1p_ddrmc_wrapper/ph1p_ddrmc_top/u_ddr_phy/u_ddrphy_top/u_ddrphy/apb_pclk_created_gclkinst_auto_created_sclk_s_1_l_bk5  |            28            
RUN-1001 :    6    |                                       u_uicfgcs500/uii2c_inst/scl_clk_syn_9                                        |  (infered sclk)   |                                       u_uicfgcs500/uii2c_inst/scl_clk_created_gclkinst_auto_created_sclk_s_1_l_bk6                                        |            15            
RUN-1001 : ----------------------------------------------------------------------------------------------------------------------------------------------------------------------------------------------------------------------------------------------------------------------------------------------------------------------------------------
RUN-1001 : Clock Region s_1_r [24,40][43,79]; Utilization: 6 out of 12
RUN-1001 : --------------------------------------------------------------------------------------------------------------------------------------------------------------------------------------------------------------------------------------------------------------------------------
RUN-1001 :   Bank  |                                               Leading Clock                                                |       Type        |                                                  Buffer                                                   |  Regional Clock Fanouts  
RUN-1001 : --------------------------------------------------------------------------------------------------------------------------------------------------------------------------------------------------------------------------------------------------------------------------------
RUN-1001 :    1    |            u_mipi_dphy_rx_ph1p_mipiio_wrapper/u_ph1p_mipiio_rx_wrapper/u_lane0_hs_detect/I_clk             |  (infered sclk)   |                              u_PLL/bufg_feedback_auto_created_sclk_s_1_r_bk1                              |            1             
RUN-1001 :    2    |  u_isp_top/u_demosaic/raw_matrix_3x3_buffer_d/zhenghe_d/blk_mem_gen_zhenghe_d1/ram_d32970204f32_Inst/clkb  |  (infered sclk)   |   u_mipi_dphy_rx_ph1p_mipiio_wrapper/u_ph1p_mipiio_rx_wrapper/bufg_feedback_auto_created_sclk_s_1_r_bk2   |           1903           
RUN-1001 :    3    |                                         u_hdmi_mixer/I_clk_syn_652                                         |  (infered sclk)   |                      u_hdmi_mixer/I_clk_created_gclkinst_auto_created_sclk_s_1_r_bk3                      |           422            
RUN-1001 :    4    |                      u_hdmi_tx/u_hdmi2phy_wrapper/u0_lane_lvds_8_1/I_serial_clk_syn_1                      |  (infered sclk)   |  u_hdmi_tx/u_hdmi2phy_wrapper/u0_lane_lvds_8_1/I_serial_clk_created_gclkinst_auto_created_sclk_s_1_r_bk4  |            38            
RUN-1001 :    5    |                                              O_cam_24m_syn_3                                               |  (infered sclk)   |                       O_cam_24m_dup_1_created_gclkinst_auto_created_sclk_s_1_r_bk5                        |            13            
RUN-1001 :    6    |                                   u_uicfgcs500/uii2c_inst/scl_clk_syn_9                                    |  (infered sclk)   |               u_uicfgcs500/uii2c_inst/scl_clk_created_gclkinst_auto_created_sclk_s_1_r_bk6                |            2             
RUN-1001 : --------------------------------------------------------------------------------------------------------------------------------------------------------------------------------------------------------------------------------------------------------------------------------
PHY-1001 : Populate physical database on model design_top_wrapper.
PHY-1001 : Route runs in 32 thread(s)
RUN-1001 : There are total 22465 instances
RUN-1001 : 536 mslices, 20261 lslices, 54 pads, 108 brams, 31 dsps
RUN-1001 : There are total 54688 nets
RUN-1001 : 37000 nets have 2 pins
RUN-1001 : 13543 nets have [3 - 5] pins
RUN-1001 : 2404 nets have [6 - 10] pins
RUN-1001 : 992 nets have [11 - 20] pins
RUN-1001 : 670 nets have [21 - 99] pins
RUN-1001 : 79 nets have 100+ pins
RUN-1002 : start command "start_timer"
RUN-1003 : finish command "start_timer" in  2.940275s wall, 2.906250s user + 0.015625s system = 2.921875s CPU (99.4%)

RUN-1004 : used memory is 2034 MB, reserved memory is 2089 MB, peak memory is 2034 MB
PHY-1001 : 536 mslices, 20261 lslices, 54 pads, 108 brams, 31 dsps

PHY-1001 : Stage 1 | Global Routing
PHY-1001 : Start global routing, caller is route ...
RUN-1001 : Generating global routing grids ...
PHY-1001 : Generate routing nets ...
RUN-1001 : Generate nets statistics:
RUN-1001 : ----------------------------
RUN-1001 :        Type       |  Nets   
RUN-1001 : ----------------------------
RUN-1001 :   TotalRouteNets  |  38425  
RUN-1001 :   DontRouteNets   |  2361   
RUN-1001 :     RouteNets     |  36064  
RUN-1001 :     RouteSinks    |  77323  
RUN-1001 : ----------------------------
PHY-1001 : Global iterations in 32 thread ...
PHY-1002 : len = 4.30422e+06, over cnt = 6149(8%), over = 12401, worst = 9
PHY-1002 : len = 4.54565e+06, over cnt = 3960(5%), over = 6625, worst = 9
PHY-1002 : len = 4.81331e+06, over cnt = 1041(1%), over = 1651, worst = 8
PHY-1002 : len = 4.89298e+06, over cnt = 27(0%), over = 30, worst = 2
PHY-1002 : len = 4.8957e+06, over cnt = 0(0%), over = 0, worst = 0
PHY-1001 : End global iterations;  4.498216s wall, 5.312500s user + 0.015625s system = 5.328125s CPU (118.4%)

PHY-1001 : Congestion index:
PHY-1001 : top1  = 99.67(S 84.14, N 80.92, E 96.13, W 98.85, I 71.98, O 89.64)
PHY-1001 : top5  = 94.74(S 76.33, N 72.37, E 85.93, W 93.05, I 62.90, O 75.44)
PHY-1001 : top10 = 90.65(S 70.79, N 67.85, E 79.08, W 87.45, I 59.70, O 70.04)
PHY-1001 : top15 = 87.09(S 66.73, N 64.64, E 74.24, W 82.86, I 57.87, O 66.29)
PHY-1001 : End global routing;  4.876801s wall, 5.718750s user + 0.015625s system = 5.734375s CPU (117.6%)

PHY-1001 : End Stage 1 | Global Routing; Time: 4.876841s wall, 5.718750s user + 0.015625s system = 5.734375s CPU (117.6%); Memory(MB): used = 2034, reserved = 2089, peak = 2034;

PHY-1001 : Stage 2 | Detail Routing
PHY-1001 : Stage 2.1 | Build Routing Design
PHY-1001 : Routing in high effort: false
PHY-1001 : Routing Mode: normal
PHY-1001 : Generate detailed routing grids ...
RUN-1001 : Constructing routing connections ...
PHY-1001 : End build routing graph; 1.912461s wall, 17.609375s user + 0.078125s system = 17.687500s CPU (924.9%)

PHY-1001 : Generate nets ...
RUN-1001 : Generate nets statistics:
RUN-1001 : -------------------------------
RUN-1001 :         Type        |   Nets   
RUN-1001 : -------------------------------
RUN-1001 :        Route        |  39079   
RUN-1001 :      DontRoute      |  15609   
RUN-1001 :      RouteSinks     |  143581  
RUN-1001 :   RouteEntitySinks  |    0     
RUN-1001 :       Lut2Dff       |    0     
RUN-1001 :       Ram2Dff       |    0     
RUN-1001 :      Carry2Dff      |    0     
RUN-1001 : -------------------------------
RUN-1001 : DR clock net summary:
RUN-1001 : ---------------------------------------------------------------------------------------------------------------------------------------------------
RUN-1001 :   Net Idx  |                                                        Net Name                                                        |  Clock Type  
RUN-1001 : ---------------------------------------------------------------------------------------------------------------------------------------------------
RUN-1001 :      1     |                                                    I_sys_clk_dup_6                                                     |    Normal    
RUN-1001 :      2     |                                                    I_sys_clk_syn_8                                                     |    Normal    
RUN-1001 :      3     |                                                    O_cam_24m_dup_1                                                     |    Normal    
RUN-1001 :      4     |                                                    O_cam_24m_syn_3                                                     |    Normal    
RUN-1001 :      5     |                                                     u_PLL/clk0_buf                                                     |    Normal    
RUN-1001 :      6     |                                                   u_hdmi_mixer/I_clk                                                   |    Normal    
RUN-1001 :      7     |                                               u_hdmi_mixer/I_clk_syn_652                                               |    Normal    
RUN-1001 :      8     |                               u_hdmi_tx/u_hdmi2phy_wrapper/u0_lane_lvds_8_1/I_serial_clk                               |    Normal    
RUN-1001 :      9     |                            u_hdmi_tx/u_hdmi2phy_wrapper/u0_lane_lvds_8_1/I_serial_clk_syn_1                            |    Normal    
RUN-1001 :     10     |        u_isp_top/u_demosaic/raw_matrix_3x3_buffer_d/zhenghe_d/blk_mem_gen_zhenghe_d1/ram_d32970204f32_Inst/clkb        |    Normal    
RUN-1001 :     11     |                     u_mipi_dphy_rx_ph1p_mipiio_wrapper/u_ph1p_mipiio_rx_wrapper/S_mipiio_hs_rx_clk                     |    Normal    
RUN-1001 :     12     |                  u_mipi_dphy_rx_ph1p_mipiio_wrapper/u_ph1p_mipiio_rx_wrapper/u_lane0_hs_detect/I_clk                   |    Normal    
RUN-1001 :     13     |                   u_ph1p35_324_ddr_wrapper/u_ddr2/ph1p_ddrmc_wrapper/ph1p_ddrmc_top/u_alc_mc_top/clk                   |    Normal    
RUN-1001 :     14     |       u_ph1p35_324_ddr_wrapper/u_ddr2/ph1p_ddrmc_wrapper/ph1p_ddrmc_top/u_ddr_phy/u_ddrphy_top/u_ddrphy/apb_pclk       |    Normal    
RUN-1001 :     15     |    u_ph1p35_324_ddr_wrapper/u_ddr2/ph1p_ddrmc_wrapper/ph1p_ddrmc_top/u_ddr_phy/u_ddrphy_top/u_ddrphy/apb_pclk_syn_1    |    Normal    
RUN-1001 :     16     |      u_ph1p35_324_ddr_wrapper/u_ddr2/ph1p_ddrmc_wrapper/ph1p_ddrmc_top/u_ddr_phy/u_ddrphy_top/u_ddrphy/ctl_clk[0]      |    Normal    
RUN-1001 :     17     |      u_ph1p35_324_ddr_wrapper/u_ddr2/ph1p_ddrmc_wrapper/ph1p_ddrmc_top/u_ddr_phy/u_ddrphy_top/u_ddrphy/ctl_clk[1]      |    Normal    
RUN-1001 :     18     |      u_ph1p35_324_ddr_wrapper/u_ddr2/ph1p_ddrmc_wrapper/ph1p_ddrmc_top/u_ddr_phy/u_ddrphy_top/u_ddrphy/ddr_clk[0]      |    Normal    
RUN-1001 :     19     |      u_ph1p35_324_ddr_wrapper/u_ddr2/ph1p_ddrmc_wrapper/ph1p_ddrmc_top/u_ddr_phy/u_ddrphy_top/u_ddrphy/ddr_clk[1]      |    Normal    
RUN-1001 :     20     |    u_ph1p35_324_ddr_wrapper/u_ddr2/ph1p_ddrmc_wrapper/ph1p_ddrmc_top/u_ddr_phy/u_ddrphy_top/u_ddrphy_clk/pll0_clk_1    |    Normal    
RUN-1001 :     21     |    u_ph1p35_324_ddr_wrapper/u_ddr2/ph1p_ddrmc_wrapper/ph1p_ddrmc_top/u_ddr_phy/u_ddrphy_top/u_ddrphy_clk/pll0_clk_2    |    Normal    
RUN-1001 :     22     |   u_ph1p35_324_ddr_wrapper/u_ddr2/ph1p_ddrmc_wrapper/ph1p_ddrmc_top/u_ddr_phy/u_ddrphy_top/u_ddrphy_clk/pll0_mlclk_1   |    Normal    
RUN-1001 :     23     |   u_ph1p35_324_ddr_wrapper/u_ddr2/ph1p_ddrmc_wrapper/ph1p_ddrmc_top/u_ddr_phy/u_ddrphy_top/u_ddrphy_clk/pll0_mlclk_2   |    Normal    
RUN-1001 :     24     |  u_ph1p35_324_ddr_wrapper/u_ddr2/ph1p_ddrmc_wrapper/ph1p_ddrmc_top/u_ddr_phy/u_ddrphy_top/u_ddrphy_clk/u_pll1/clkc[0]  |    Normal    
RUN-1001 :     25     |  u_ph1p35_324_ddr_wrapper/u_ddr2/ph1p_ddrmc_wrapper/ph1p_ddrmc_top/u_ddr_phy/u_ddrphy_top/u_ddrphy_clk/u_pll1/refclk   |    Normal    
RUN-1001 :     26     |                                            u_uicfgcs500/uii2c_inst/scl_clk                                             |    Normal    
RUN-1001 :     27     |                                         u_uicfgcs500/uii2c_inst/scl_clk_syn_9                                          |    Normal    
RUN-1001 : ---------------------------------------------------------------------------------------------------------------------------------------------------
RUN-1001 : DR clock buffer summary:
RUN-1001 : -------------------------------------------------------------------------------------------------------------------------------------------------------------------
RUN-1001 :   Idx  |                                                                           Name                                                                            
RUN-1001 : -------------------------------------------------------------------------------------------------------------------------------------------------------------------
RUN-1001 :    1   |                           u_mipi_dphy_rx_ph1p_mipiio_wrapper/u_ph1p_mipiio_rx_wrapper/bufg_feedback_auto_created_sclk_s_0_l_bk1                           
RUN-1001 :    2   |   u_ph1p35_324_ddr_wrapper/u_ddr2/ph1p_ddrmc_wrapper/ph1p_ddrmc_top/u_ddr_phy/u_ddrphy_top/u_ddrphy_clk/u_pll1/u_bufg_fbclk_auto_created_sclk_s_0_l_bk2   
RUN-1001 :    3   |                                              u_hdmi_mixer/I_clk_created_gclkinst_auto_created_sclk_s_0_l_bk3                                              
RUN-1001 :    4   |                                               I_sys_clk_dup_6_created_gclkinst_auto_created_sclk_s_0_l_bk4                                                
RUN-1001 :    5   |  u_ph1p35_324_ddr_wrapper/u_ddr2/ph1p_ddrmc_wrapper/ph1p_ddrmc_top/u_ddr_phy/u_ddrphy_top/u_ddrphy/apb_pclk_created_gclkinst_auto_created_sclk_s_0_l_bk5  
RUN-1001 :    6   |                                               O_cam_24m_dup_1_created_gclkinst_auto_created_sclk_s_0_l_bk6                                                
RUN-1001 :    7   |                           u_mipi_dphy_rx_ph1p_mipiio_wrapper/u_ph1p_mipiio_rx_wrapper/bufg_feedback_auto_created_sclk_s_0_r_bk1                           
RUN-1001 :    8   |                                              u_hdmi_mixer/I_clk_created_gclkinst_auto_created_sclk_s_0_r_bk2                                              
RUN-1001 :    9   |                                                      u_PLL/bufg_feedback_auto_created_sclk_s_0_r_bk3                                                      
RUN-1001 :   10   |   u_ph1p35_324_ddr_wrapper/u_ddr2/ph1p_ddrmc_wrapper/ph1p_ddrmc_top/u_ddr_phy/u_ddrphy_top/u_ddrphy_clk/u_pll1/u_bufg_fbclk_auto_created_sclk_s_1_l_bk1   
RUN-1001 :   11   |                           u_mipi_dphy_rx_ph1p_mipiio_wrapper/u_ph1p_mipiio_rx_wrapper/bufg_feedback_auto_created_sclk_s_1_l_bk2                           
RUN-1001 :   12   |                                              u_hdmi_mixer/I_clk_created_gclkinst_auto_created_sclk_s_1_l_bk3                                              
RUN-1001 :   13   |                                               O_cam_24m_dup_1_created_gclkinst_auto_created_sclk_s_1_l_bk4                                                
RUN-1001 :   14   |  u_ph1p35_324_ddr_wrapper/u_ddr2/ph1p_ddrmc_wrapper/ph1p_ddrmc_top/u_ddr_phy/u_ddrphy_top/u_ddrphy/apb_pclk_created_gclkinst_auto_created_sclk_s_1_l_bk5  
RUN-1001 :   15   |                                       u_uicfgcs500/uii2c_inst/scl_clk_created_gclkinst_auto_created_sclk_s_1_l_bk6                                        
RUN-1001 :   16   |                                                      u_PLL/bufg_feedback_auto_created_sclk_s_1_r_bk1                                                      
RUN-1001 :   17   |                           u_mipi_dphy_rx_ph1p_mipiio_wrapper/u_ph1p_mipiio_rx_wrapper/bufg_feedback_auto_created_sclk_s_1_r_bk2                           
RUN-1001 :   18   |                                              u_hdmi_mixer/I_clk_created_gclkinst_auto_created_sclk_s_1_r_bk3                                              
RUN-1001 :   19   |                          u_hdmi_tx/u_hdmi2phy_wrapper/u0_lane_lvds_8_1/I_serial_clk_created_gclkinst_auto_created_sclk_s_1_r_bk4                          
RUN-1001 :   20   |                                               O_cam_24m_dup_1_created_gclkinst_auto_created_sclk_s_1_r_bk5                                                
RUN-1001 :   21   |                                       u_uicfgcs500/uii2c_inst/scl_clk_created_gclkinst_auto_created_sclk_s_1_r_bk6                                        
RUN-1001 : -------------------------------------------------------------------------------------------------------------------------------------------------------------------
PHY-1001 : End Stage 2.1 | Build Routing Design; Time: 2.417567s wall, 18.078125s user + 0.109375s system = 18.187500s CPU (752.3%); Memory(MB): used = 2306, reserved = 2300, peak = 2306;

RUN-1001 : Top Percentage Crit. Net Stat.
RUN-1001 : -------------------------------------------------------
RUN-1001 :   Top %  |  Net Count  |  Avg. Fanout  |  Avg. Slack   
RUN-1001 : -------------------------------------------------------
RUN-1001 :     1    |     546     |   4.369963    |  1498.728938  
RUN-1001 :     2    |    1093     |   6.974382    |  1984.444648  
RUN-1001 :     3    |    1640     |   6.309146    |  2286.432317  
RUN-1001 :     4    |    2187     |   5.902606    |  2493.403292  
RUN-1001 :     5    |    2734     |   5.675567    |  2650.712143  
RUN-1001 :     6    |    3281     |   5.482780    |  2785.313014  
RUN-1001 :     7    |    3828     |   5.276123    |  2907.844828  
RUN-1001 :     8    |    4375     |   5.230400    |  3023.204343  
RUN-1001 :     9    |    4921     |   5.409063    |  3149.692949  
RUN-1001 :    10    |    5468     |   5.615947    |  3290.839247  
RUN-1001 : -------------------------------------------------------
PHY-1001 : Stage 2.2 | Tile Base Routing
PHY-1001 : 390 nets need to preroute.
PHY-1001 : len = 0, over cnt = 0(0%), over = 0, worst = 0, crit = 0
PHY-1001 : End Stage 2.2 | Tile Base Routing; Time: 0.427327s wall, 10.140625s user + 0.015625s system = 10.156250s CPU (2376.7%); Memory(MB): used = 2310, reserved = 2304, peak = 2310;

PHY-1001 : Stage 2.3 | Clock Nets Routing
PHY-1001 : Routed 0% nets.
PHY-1001 : len = 460304, over cnt = 0(0%), over = 0, worst = 0, crit = 0
PHY-1001 : End Stage 2.3 | Clock Nets Routing; Time: 0.363808s wall, 0.640625s user + 0.000000s system = 0.640625s CPU (176.1%); Memory(MB): used = 2336, reserved = 2330, peak = 2336;

PHY-1001 : Stage 2.4 | Routing Initialization
PHY-1001 : Mark 1% net(place mode slack < 2124ps) as critical nets.
PHY-1001 : Stage 2.4.1 | Normal Nets Routing

PHY-1001 : Routed 66% nets.
PHY-1001 : len = 6.86851e+06, over cnt = 45832(3%), over = 50944, worst = 5, crit = 0
PHY-1001 : End Stage 2.4.1 | Normal Nets Routing; Time: 26.346371s wall, 43.406250s user + 0.359375s system = 43.765625s CPU (166.1%); Memory(MB): used = 2419, reserved = 2413, peak = 2419;

PHY-1001 : Stage 2.4.2 | Update Timing
RUN-1002 : start command "start_timer"
USR-1002 : Derived clock:  create_generated_clock -name {u_PLL/ph1p_phy_pll_wrapper_25a56e5ce2f9_Inst/u_PH1P_PHY_PLL.clkc[0]} -source [get_ports {I_sys_clk}] -master_clock {sys_clk_50m} -multiply_by 2.0000 -duty_cycle 50.0000 [get_pins {u_PLL/ph1p_phy_pll_wrapper_25a56e5ce2f9_Inst/u_PH1P_PHY_PLL.clkc[0]}]
USR-1002 : Derived clock:  create_generated_clock -name {u_PLL/ph1p_phy_pll_wrapper_25a56e5ce2f9_Inst/u_PH1P_PHY_PLL.clkc[1]} -source [get_ports {I_sys_clk}] -master_clock {sys_clk_50m} -divide_by 2.0769 -duty_cycle 50.0000 [get_pins {u_PLL/ph1p_phy_pll_wrapper_25a56e5ce2f9_Inst/u_PH1P_PHY_PLL.clkc[1]}]
USR-1002 : Derived clock:  create_generated_clock -name {u_PLL/ph1p_phy_pll_wrapper_25a56e5ce2f9_Inst/u_PH1P_PHY_PLL.clkc[4]} -source [get_ports {I_sys_clk}] -master_clock {sys_clk_50m} -multiply_by 1.0400 -duty_cycle 50.0000 [get_pins {u_PLL/ph1p_phy_pll_wrapper_25a56e5ce2f9_Inst/u_PH1P_PHY_PLL.clkc[4]}]
USR-1002 : Derived clock:  create_generated_clock -name {u_PLL/ph1p_phy_pll_wrapper_25a56e5ce2f9_Inst/u_PH1P_PHY_PLL.clkc[5]} -source [get_ports {I_sys_clk}] -master_clock {sys_clk_50m} -multiply_by 5.2000 -duty_cycle 50.0000 [get_pins {u_PLL/ph1p_phy_pll_wrapper_25a56e5ce2f9_Inst/u_PH1P_PHY_PLL.clkc[5]}]
USR-1002 : Derived clock:  create_generated_clock -name {u_ph1p35_324_ddr_wrapper/u_ddr2/ph1p_ddrmc_wrapper/ph1p_ddrmc_top/u_ddr_phy/u_ddrphy_top/u_ddrphy_clk/u_pll0/u_pll_inst.clkc[0]} -source [get_ports {I_sys_clk}] -master_clock {sys_clk_50m} -multiply_by 1.3333 -duty_cycle 50.0000 [get_pins {u_ph1p35_324_ddr_wrapper/u_ddr2/ph1p_ddrmc_wrapper/ph1p_ddrmc_top/u_ddr_phy/u_ddrphy_top/u_ddrphy_clk/u_pll0/u_pll_inst.clkc[0]}]
USR-1002 : Derived clock:  create_generated_clock -name {u_ph1p35_324_ddr_wrapper/u_ddr2/ph1p_ddrmc_wrapper/ph1p_ddrmc_top/u_ddr_phy/u_ddrphy_top/u_ddrphy_clk/u_pll0/u_pll_inst.clkc[1]} -source [get_ports {I_sys_clk}] -master_clock {sys_clk_50m} -multiply_by 1.3333 -duty_cycle 50.0000 [get_pins {u_ph1p35_324_ddr_wrapper/u_ddr2/ph1p_ddrmc_wrapper/ph1p_ddrmc_top/u_ddr_phy/u_ddrphy_top/u_ddrphy_clk/u_pll0/u_pll_inst.clkc[1]}]
USR-1002 : Derived clock:  create_generated_clock -name {u_ph1p35_324_ddr_wrapper/u_ddr2/ph1p_ddrmc_wrapper/ph1p_ddrmc_top/u_ddr_phy/u_ddrphy_top/u_ddrphy_clk/u_pll0/u_pll_inst.clkc[2]} -source [get_ports {I_sys_clk}] -master_clock {sys_clk_50m} -multiply_by 5.3333 -duty_cycle 50.0000 [get_pins {u_ph1p35_324_ddr_wrapper/u_ddr2/ph1p_ddrmc_wrapper/ph1p_ddrmc_top/u_ddr_phy/u_ddrphy_top/u_ddrphy_clk/u_pll0/u_pll_inst.clkc[2]}]
USR-1002 : Derived clock:  create_generated_clock -name {u_ph1p35_324_ddr_wrapper/u_ddr2/ph1p_ddrmc_wrapper/ph1p_ddrmc_top/u_ddr_phy/u_ddrphy_top/u_ddrphy_clk/u_pll0/u_pll_inst.clkc[3]} -source [get_ports {I_sys_clk}] -master_clock {sys_clk_50m} -divide_by 1.9687 -duty_cycle 50.0000 [get_pins {u_ph1p35_324_ddr_wrapper/u_ddr2/ph1p_ddrmc_wrapper/ph1p_ddrmc_top/u_ddr_phy/u_ddrphy_top/u_ddrphy_clk/u_pll0/u_pll_inst.clkc[3]}]
USR-1002 : Derived clock:  create_generated_clock -name {u_ph1p35_324_ddr_wrapper/u_ddr2/ph1p_ddrmc_wrapper/ph1p_ddrmc_top/u_ddr_phy/u_ddrphy_top/u_ddrphy_clk/u_pll1/u_pll_inst.clkc[0]} -source [get_pins {u_ph1p35_324_ddr_wrapper/u_ddr2/ph1p_ddrmc_wrapper/ph1p_ddrmc_top/u_ddr_phy/u_ddrphy_top/u_ddrphy_clk/u_pll0/u_pll_inst.clkc[0]}] -master_clock {u_ph1p35_324_ddr_wrapper/u_ddr2/ph1p_ddrmc_wrapper/ph1p_ddrmc_top/u_ddr_phy/u_ddrphy_top/u_ddrphy_clk/u_pll0/u_pll_inst.clkc[0]} -multiply_by 1.0000 -duty_cycle 50.0000 [get_pins {u_ph1p35_324_ddr_wrapper/u_ddr2/ph1p_ddrmc_wrapper/ph1p_ddrmc_top/u_ddr_phy/u_ddrphy_top/u_ddrphy_clk/u_pll1/u_pll_inst.clkc[0]}]
8.888000
15.000000
15.000000
19.230000
RUN-1003 : finish command "start_timer" in  2.036412s wall, 2.000000s user + 0.000000s system = 2.000000s CPU (98.2%)

RUN-1004 : used memory is 2421 MB, reserved memory is 2415 MB, peak memory is 2421 MB
TMR-2502 : Net delay update with mode: Routed
PHY-1001 : 337/38425(0%) critical/total net(s).
PHY-1001 : Setup: WNS(ns) = -2.039, TNS(ns) = -8.020, FEP = 25 | Hold: WNS(ns) = -0.147, TNS(ns) = -6.715, FEP = 226.
PHY-1001 : End Stage 2.4.2 | Update Timing; Time: 6.060380s wall, 5.953125s user + 0.046875s system = 6.000000s CPU (99.0%); Memory(MB): used = 2675, reserved = 2671, peak = 2675;

PHY-1001 : Stage 2.4.3 | Deskew Clock Tree
RUN-1001 : Deskew Summary
RUN-1001 : ---------------------------------------------------------------------------------------------------------------------------------
RUN-1001 :                                                 Clock                                                 |  Pre-Skew  |  Post-Skew  
RUN-1001 : ---------------------------------------------------------------------------------------------------------------------------------
RUN-1001 :                                             mipi_rx_ck_pad                                            |     32     |     32      
RUN-1001 :   u_mipi_dphy_rx_ph1p_mipiio_wrapper/u_ph1p_mipiio_rx_wrapper/u_PH1P_LOGIC_DPHY_MIPI_RX.io_clk_pad_p  |     32     |     32      
RUN-1001 :                                            MIPI_RX_BYTE_CLK                                           |     32     |     32      
RUN-1001 :                                              pll_clk_100m                                             |     20     |     20      
RUN-1001 :                                u_ph1p35_324_ddr_wrapper/u_ddr2/usr_clk                                |     12     |     12      
RUN-1001 :                                             HDMI_PIXEL_CLK                                            |     15     |     15      
RUN-1001 :                                u_ph1p35_324_ddr_wrapper/u_ddr2/mcu_clk                                |     13     |     13      
RUN-1001 :                                              pll_clk_24m                                              |     12     |     12      
RUN-1001 : ---------------------------------------------------------------------------------------------------------------------------------
PHY-1001 : 337/38425(0%) critical/total net(s).
PHY-1001 : Setup: WNS(ns) = -2.039, TNS(ns) = -8.020, FEP = 25 | Hold: WNS(ns) = -0.147, TNS(ns) = -6.715, FEP = 226.
PHY-1001 : End Stage 2.4.3 | Deskew Clock Tree; Time: 4.066355s wall, 4.015625s user + 0.046875s system = 4.062500s CPU (99.9%); Memory(MB): used = 2743, reserved = 2736, peak = 2743;

PHY-1001 : End Stage 2.4 | Routing Initialization; Time: 36.587211s wall, 53.484375s user + 0.453125s system = 53.937500s CPU (147.4%); Memory(MB): used = 2743, reserved = 2736, peak = 2743;

PHY-1001 : Stage 2.5 | Routing Optimization
PHY-1001 : Build lut bridge;  0.100419s wall, 0.093750s user + 0.000000s system = 0.093750s CPU (93.4%)

PHY-1001 : Stage 2.5.1 | Phase 1
PHY-1001 : Stage 2.5.1.1 | Hold TimeOptimization
PHY-1001 : Iter 0; Processed 332 pins with HWNS -0.147ns HTNS -6.124ns FEP 201 took 0.415903 seconds.
PHY-1001 : Iter 1; Processed 602 pins with HWNS 0.011ns HTNS 0.000ns FEP 0 took 3.47582 seconds.
PHY-1001 : len = 6.94045e+06, over cnt = 45680(3%), over = 50771, worst = 5, crit = 0
PHY-1001 : End Stage 2.5.1.1 | Hold TimeOptimization; Time: 3.993541s wall, 4.015625s user + 0.000000s system = 4.015625s CPU (100.6%); Memory(MB): used = 2745, reserved = 2738, peak = 2745;

PHY-1001 : Stage 2.5.1.2 | High Fanout Nets Optimization
PHY-1001 : High fanout net optimize summary:
PHY-1001 : Process 13 nets and 45 pins with SWNS -0.373ns STNS -0.759ns FEP 7.
PHY-1001 : len = 6.94666e+06, over cnt = 45697(3%), over = 50793, worst = 5, crit = 0
PHY-1001 : End Stage 2.5.1.2 | High Fanout Nets Optimization; Time: 1.227231s wall, 1.453125s user + 0.015625s system = 1.468750s CPU (119.7%); Memory(MB): used = 2745, reserved = 2738, peak = 2745;

PHY-1001 : Stage 2.5.1.3 | Setup TimeOptimization
PHY-1001 : Start to optimize setup violation with net base ...
PHY-1001 : Iter 1; Processed 29 pins with SWNS 0.106ns STNS 0.000ns FEP 0 took 1.38511 seconds.
PHY-1001 : Mark 394 critical net(s) and 638 critical pin(s).
PHY-1001 : len = 6.94888e+06, over cnt = 45712(3%), over = 50816, worst = 5, crit = 55
PHY-1001 : End Stage 2.5.1.3 | Setup TimeOptimization; Time: 1.847493s wall, 1.796875s user + 0.000000s system = 1.796875s CPU (97.3%); Memory(MB): used = 2745, reserved = 2738, peak = 2745;

PHY-1001 : Stage 2.5.1.4 | Rip-up And ReRoute
PHY-0007 : Congestion: {95.67, 90.19, 86.57, 83.92}; Timing: {0.106ns, 0.000ns, 0}
PHY-1001 : Iter 1: len = 7.2303e+06, over cnt = 33083(2%), over = 34707, worst = 4, crit = 47, time(s) = 26.88
PHY-1001 : Iter 2: len = 7.30773e+06, over cnt = 26545(1%), over = 27220, worst = 3, crit = 0, time(s) = 17.40
PHY-1001 : Iter 3: len = 7.32861e+06, over cnt = 23490(1%), over = 23902, worst = 3, crit = 0, time(s) = 17.59
PHY-1001 : Iter 4: len = 7.49888e+06, over cnt = 18355(1%), over = 18510, worst = 2, crit = 0, time(s) = 12.63
PHY-1001 : Iter 5: len = 7.59627e+06, over cnt = 15071(1%), over = 15133, worst = 2, crit = 0, time(s) = 17.78
PHY-1001 : Iter 6: len = 7.63237e+06, over cnt = 13452(0%), over = 13508, worst = 2, crit = 0, time(s) = 14.51
PHY-1001 : Iter 7: len = 7.6456e+06, over cnt = 12832(0%), over = 12874, worst = 2, crit = 0, time(s) = 12.55
PHY-1001 : Marking 464 (12.08%) hot zones with cutoff utilization 81.08.
PHY-1001 : Iter 8: len = 7.95534e+06, over cnt = 9165(0%), over = 9179, worst = 2, crit = 0, time(s) = 32.53
PHY-1001 : Iter 9: len = 8.10651e+06, over cnt = 7229(0%), over = 7229, worst = 1, crit = 0, time(s) = 21.90
PHY-1001 : Iter 10: len = 8.34373e+06, over cnt = 6864(0%), over = 6871, worst = 2, crit = 0, time(s) = 20.47
PHY-1001 : Iter 11: len = 8.53656e+06, over cnt = 6564(0%), over = 6580, worst = 2, crit = 0, time(s) = 23.41
PHY-1001 : Iter 12: len = 9.00669e+06, over cnt = 4539(0%), over = 4542, worst = 2, crit = 0, time(s) = 41.02
PHY-1001 : Marking 464 (12.08%) hot zones with cutoff utilization 81.08.
PHY-1001 : Iter 13: len = 9.23989e+06, over cnt = 3852(0%), over = 3857, worst = 2, crit = 0, time(s) = 35.61
PHY-1001 : Iter 14: len = 9.30974e+06, over cnt = 3127(0%), over = 3128, worst = 2, crit = 0, time(s) = 22.69
PHY-1001 : Iter 15: len = 9.42394e+06, over cnt = 2967(0%), over = 2968, worst = 2, crit = 0, time(s) = 25.40
PHY-1001 : Iter 16: len = 9.73227e+06, over cnt = 2161(0%), over = 2161, worst = 1, crit = 0, time(s) = 51.01
PHY-1001 : Iter 17: len = 9.88299e+06, over cnt = 1764(0%), over = 1765, worst = 2, crit = 0, time(s) = 39.45
PHY-1001 : Iter 18: len = 1e+07, over cnt = 1653(0%), over = 1655, worst = 2, crit = 0, time(s) = 37.13
PHY-1001 : Marking 464 (12.08%) hot zones with cutoff utilization 81.08.
PHY-1001 : Iter 19: len = 1.00803e+07, over cnt = 1478(0%), over = 1479, worst = 2, crit = 0, time(s) = 37.44
PHY-1001 : Iter 20: len = 1.0201e+07, over cnt = 1024(0%), over = 1024, worst = 1, crit = 0, time(s) = 52.10
PHY-1001 : Iter 21: len = 1.02931e+07, over cnt = 876(0%), over = 876, worst = 1, crit = 0, time(s) = 60.66
PHY-1001 : Iter 22: len = 1.03766e+07, over cnt = 809(0%), over = 809, worst = 1, crit = 0, time(s) = 36.90
PHY-1001 : Iter 23: len = 1.04387e+07, over cnt = 805(0%), over = 806, worst = 2, crit = 0, time(s) = 43.37
PHY-1001 : Iter 24: len = 1.05791e+07, over cnt = 640(0%), over = 640, worst = 1, crit = 0, time(s) = 74.66
PHY-1001 : Iter 25: len = 1.06654e+07, over cnt = 539(0%), over = 539, worst = 1, crit = 0, time(s) = 85.51
PHY-1001 : Marking 464 (12.08%) hot zones with cutoff utilization 81.08.
PHY-1001 : Iter 26: len = 1.07223e+07, over cnt = 501(0%), over = 501, worst = 1, crit = 0, time(s) = 48.86
PHY-1001 : Iter 27: len = 1.07358e+07, over cnt = 384(0%), over = 384, worst = 1, crit = 0, time(s) = 48.22
PHY-1001 : Iter 28: len = 1.08386e+07, over cnt = 326(0%), over = 326, worst = 1, crit = 0, time(s) = 100.59
PHY-1001 : Iter 29: len = 1.08896e+07, over cnt = 267(0%), over = 267, worst = 1, crit = 0, time(s) = 60.15
PHY-1001 : Iter 30: len = 1.09378e+07, over cnt = 254(0%), over = 254, worst = 1, crit = 0, time(s) = 65.49
PHY-1001 : Iter 31: len = 1.09603e+07, over cnt = 244(0%), over = 244, worst = 1, crit = 0, time(s) = 59.54
PHY-1001 : Iter 32: len = 1.10345e+07, over cnt = 205(0%), over = 205, worst = 1, crit = 0, time(s) = 80.54
PHY-1001 : Iter 33: len = 1.1075e+07, over cnt = 186(0%), over = 186, worst = 1, crit = 0, time(s) = 81.91
PHY-1001 : Marking 464 (12.08%) hot zones with cutoff utilization 81.08.
PHY-1001 : Iter 34: len = 1.11138e+07, over cnt = 175(0%), over = 175, worst = 1, crit = 0, time(s) = 75.98
PHY-1001 : Iter 35: len = 1.11285e+07, over cnt = 139(0%), over = 139, worst = 1, crit = 0, time(s) = 57.71
PHY-1001 : Iter 36: len = 1.11682e+07, over cnt = 128(0%), over = 128, worst = 1, crit = 0, time(s) = 70.61
PHY-1001 : Iter 37: len = 1.11903e+07, over cnt = 119(0%), over = 119, worst = 1, crit = 0, time(s) = 63.60
PHY-1001 : Iter 38: len = 1.12146e+07, over cnt = 112(0%), over = 112, worst = 1, crit = 0, time(s) = 58.25
PHY-1001 : Iter 39: len = 1.12379e+07, over cnt = 108(0%), over = 108, worst = 1, crit = 0, time(s) = 35.01
PHY-1001 : Iter 40: len = 1.1288e+07, over cnt = 105(0%), over = 105, worst = 1, crit = 0, time(s) = 60.09
PHY-1001 : Iter 41: len = 1.13059e+07, over cnt = 106(0%), over = 106, worst = 1, crit = 0, time(s) = 54.52
PHY-1001 : Iter 42: len = 1.13391e+07, over cnt = 107(0%), over = 107, worst = 1, crit = 0, time(s) = 49.67
PHY-1001 : Marking 464 (12.08%) hot zones with cutoff utilization 81.08.
PHY-1001 : Iter 43: len = 1.13538e+07, over cnt = 90(0%), over = 90, worst = 1, crit = 0, time(s) = 45.94
PHY-1001 : Iter 44: len = 1.13593e+07, over cnt = 74(0%), over = 74, worst = 1, crit = 0, time(s) = 57.81
PHY-1001 : Iter 45: len = 1.13727e+07, over cnt = 73(0%), over = 73, worst = 1, crit = 0, time(s) = 49.63
PHY-1001 : Iter 46: len = 1.13869e+07, over cnt = 75(0%), over = 75, worst = 1, crit = 0, time(s) = 37.12
PHY-1001 : Iter 47: len = 1.14078e+07, over cnt = 80(0%), over = 80, worst = 1, crit = 0, time(s) = 54.42
PHY-1001 : Iter 48: len = 1.14283e+07, over cnt = 83(0%), over = 83, worst = 1, crit = 0, time(s) = 58.08
PHY-1001 : Iter 49: len = 1.14356e+07, over cnt = 91(0%), over = 91, worst = 1, crit = 0, time(s) = 54.58
PHY-1001 : Iter 50: len = 1.14516e+07, over cnt = 84(0%), over = 84, worst = 1, crit = 0, time(s) = 65.73
PHY-1001 : Iter 51: len = 1.14615e+07, over cnt = 94(0%), over = 94, worst = 1, crit = 0, time(s) = 60.54
PHY-1001 : Iter 52: len = 1.14859e+07, over cnt = 83(0%), over = 83, worst = 1, crit = 0, time(s) = 62.17
PHY-1001 : Marking 464 (12.08%) hot zones with cutoff utilization 81.08.
PHY-1001 : Iter 53: len = 1.15008e+07, over cnt = 78(0%), over = 78, worst = 1, crit = 0, time(s) = 58.66
PHY-1001 : Iter 54: len = 1.15063e+07, over cnt = 58(0%), over = 58, worst = 1, crit = 0, time(s) = 61.72
PHY-1001 : Iter 55: len = 1.15157e+07, over cnt = 60(0%), over = 60, worst = 1, crit = 0, time(s) = 41.74
PHY-1001 : Iter 56: len = 1.15255e+07, over cnt = 64(0%), over = 64, worst = 1, crit = 0, time(s) = 43.97
PHY-1001 : Iter 57: len = 1.1531e+07, over cnt = 60(0%), over = 60, worst = 1, crit = 0, time(s) = 39.11
PHY-1001 : Iter 58: len = 1.15412e+07, over cnt = 54(0%), over = 54, worst = 1, crit = 0, time(s) = 36.97
PHY-1001 : Iter 59: len = 1.15465e+07, over cnt = 52(0%), over = 52, worst = 1, crit = 0, time(s) = 36.42
PHY-1001 : Iter 60: len = 1.15536e+07, over cnt = 56(0%), over = 56, worst = 1, crit = 0, time(s) = 38.03
PHY-1001 : Iter 61: len = 1.15596e+07, over cnt = 53(0%), over = 53, worst = 1, crit = 0, time(s) = 40.47
PHY-1001 : Iter 62: len = 1.15666e+07, over cnt = 54(0%), over = 54, worst = 1, crit = 0, time(s) = 38.53
PHY-1001 : Iter 63: len = 1.15704e+07, over cnt = 49(0%), over = 49, worst = 1, crit = 0, time(s) = 34.88
PHY-1001 : Marking 464 (12.08%) hot zones with cutoff utilization 81.08.
PHY-1001 : Iter 64: len = 1.1576e+07, over cnt = 58(0%), over = 58, worst = 1, crit = 0, time(s) = 33.42
PHY-1001 : Iter 65: len = 1.15836e+07, over cnt = 49(0%), over = 49, worst = 1, crit = 0, time(s) = 45.65
PHY-1001 : Iter 66: len = 1.15901e+07, over cnt = 58(0%), over = 58, worst = 1, crit = 0, time(s) = 35.84
PHY-1001 : Iter 67: len = 1.15996e+07, over cnt = 63(0%), over = 63, worst = 1, crit = 0, time(s) = 34.87
PHY-1001 : Iter 68: len = 1.16105e+07, over cnt = 56(0%), over = 56, worst = 1, crit = 0, time(s) = 32.99
PHY-1001 : Iter 69: len = 1.16226e+07, over cnt = 60(0%), over = 60, worst = 1, crit = 0, time(s) = 38.06
PHY-1001 : Iter 70: len = 1.16268e+07, over cnt = 58(0%), over = 58, worst = 1, crit = 0, time(s) = 31.92
PHY-1001 : Iter 71: len = 1.16419e+07, over cnt = 57(0%), over = 57, worst = 1, crit = 0, time(s) = 33.56
PHY-1001 : Iter 72: len = 1.16484e+07, over cnt = 55(0%), over = 55, worst = 1, crit = 0, time(s) = 37.11
PHY-1001 : Iter 73: len = 1.16648e+07, over cnt = 54(0%), over = 54, worst = 1, crit = 0, time(s) = 31.60
PHY-1001 : Iter 74: len = 1.16693e+07, over cnt = 53(0%), over = 53, worst = 1, crit = 0, time(s) = 29.49
PHY-1001 : Iter 75: len = 1.16758e+07, over cnt = 50(0%), over = 50, worst = 1, crit = 0, time(s) = 29.57
PHY-1001 : Marking 464 (12.08%) hot zones with cutoff utilization 81.08.
PHY-1001 : Update congestion ...
PHY-1001 : Marking 464 (12.08%) hot zones with cutoff utilization 81.08.
PHY-1001 : Congestion index:
PHY-1001 : top1  = 100.00(S 99.89, N 100.00, E 100.00, W 100.00, I 71.98, O 89.64)
PHY-1001 : top5  = 100.00(S 96.95, N 97.06, E 100.00, W 100.00, I 62.90, O 75.44)
PHY-1001 : top10 = 100.00(S 95.26, N 95.06, E 99.43, W 100.00, I 59.70, O 70.04)
PHY-1001 : top15 = 100.00(S 93.74, N 93.55, E 97.54, W 98.47, I 57.87, O 66.29)
PHY-1001 : End update congestion; 0.019649s wall, 0.031250s user + 0.000000s system = 0.031250s CPU (159.0%)

PHY-1001 : End Stage 2.5.1.4 | Rip-up And ReRoute; Time: 3362.340801s wall, 3522.656250s user + 5.984375s system = 3528.640625s CPU (104.9%); Memory(MB): used = 2743, reserved = 2736, peak = 2745;

PHY-1001 : Stage 2.5.1.5 | Update Timing
PHY-1001 : 4818/38425(12%) critical/total net(s).
PHY-1001 : Setup: WNS(ns) = -19.161, TNS(ns) = -8163.463, FEP = 5062 | Hold: WNS(ns) = -0.069, TNS(ns) = -1.163, FEP = 45.
PHY-1001 : End Stage 2.5.1.5 | Update Timing; Time: 3.092093s wall, 3.031250s user + 0.015625s system = 3.046875s CPU (98.5%); Memory(MB): used = 2748, reserved = 2742, peak = 2748;

PHY-1001 : End Stage 2.5.1 | Phase 1; Time: 3373.082865s wall, 3533.968750s user + 6.015625s system = 3539.984375s CPU (104.9%); Memory(MB): used = 2748, reserved = 2742, peak = 2748;

PHY-1001 : Stage 2.5.2 | Phase 2
PHY-1001 : Stage 2.5.2.1 | Hold TimeOptimization
PHY-1001 : Iter 0; Processed 83 pins with HWNS -0.069ns HTNS -0.874ns FEP 32 took 2.48926 seconds.
PHY-1001 : Iter 1; Processed 141 pins with HWNS 0.020ns HTNS 0.000ns FEP 0 took 1.90557 seconds.
PHY-1001 : len = 1.17219e+07, over cnt = 134(0%), over = 137, worst = 2, crit = 0
PHY-1001 : End Stage 2.5.2.1 | Hold TimeOptimization; Time: 4.504491s wall, 4.671875s user + 0.000000s system = 4.671875s CPU (103.7%); Memory(MB): used = 2749, reserved = 2742, peak = 2749;

PHY-1001 : Stage 2.5.2.2 | High Fanout Nets Optimization
PHY-1001 : High fanout net optimize summary:
PHY-1001 : Process 748 nets and 9122 pins with SWNS -11.490ns STNS -1018.580ns FEP 424.
PHY-1001 : len = 1.11848e+07, over cnt = 6052(0%), over = 6079, worst = 2, crit = 0
PHY-1001 : End Stage 2.5.2.2 | High Fanout Nets Optimization; Time: 32.415614s wall, 32.140625s user + 0.062500s system = 32.203125s CPU (99.3%); Memory(MB): used = 2749, reserved = 2742, peak = 2749;

PHY-1001 : Stage 2.5.2.3 | Setup TimeOptimization
PHY-1001 : Start to optimize setup violation with net base ...
PHY-1001 : Iter 1; Process 1120 nets with SWNS -11.490ns STNS -861.285ns FEP 344 took 1.29432 seconds
PHY-1001 : Iter 2; Process 750 nets with SWNS -11.490ns STNS -645.023ns FEP 271 took 2.11341 seconds
PHY-1001 : Iter 3; Process 377 nets with SWNS -5.722ns STNS -303.430ns FEP 158 took 4.20514 seconds
PHY-1001 : Iter 4; Processed 118 pins with SWNS -0.184ns STNS -2.941ns FEP 27 took 11.5007 seconds.
PHY-1001 : Mark 667 critical net(s) and 1221 critical pin(s).
PHY-1001 : len = 1.1001e+07, over cnt = 11300(0%), over = 11325, worst = 2, crit = 13
PHY-1001 : End Stage 2.5.2.3 | Setup TimeOptimization; Time: 19.722465s wall, 22.015625s user + 0.218750s system = 22.234375s CPU (112.7%); Memory(MB): used = 2749, reserved = 2742, peak = 2749;

PHY-1001 : Stage 2.5.2.4 | Rip-up And ReRoute
PHY-1001 : Iter 1: len = 1.06589e+07, over cnt = 6905(0%), over = 6920, worst = 2, crit = 3, time(s) = 74.45
PHY-1001 : Iter 2: len = 1.0522e+07, over cnt = 5798(0%), over = 5810, worst = 2, crit = 3, time(s) = 43.50
PHY-1001 : Iter 3: len = 1.04569e+07, over cnt = 5065(0%), over = 5070, worst = 2, crit = 0, time(s) = 39.17
PHY-1001 : Iter 4: len = 1.05226e+07, over cnt = 3997(0%), over = 4002, worst = 2, crit = 0, time(s) = 43.05
PHY-1001 : Iter 5: len = 1.05461e+07, over cnt = 3532(0%), over = 3534, worst = 2, crit = 0, time(s) = 33.08
PHY-1001 : Iter 6: len = 1.05598e+07, over cnt = 3277(0%), over = 3279, worst = 2, crit = 0, time(s) = 29.08
PHY-1001 : Iter 7: len = 1.05121e+07, over cnt = 2776(0%), over = 2778, worst = 2, crit = 0, time(s) = 24.03
PHY-1001 : Marking 768 (20.00%) hot zones with cutoff utilization 97.37.
PHY-1001 : Iter 8: len = 1.07402e+07, over cnt = 2126(0%), over = 2130, worst = 2, crit = 0, time(s) = 119.33
PHY-1001 : Iter 9: len = 1.08127e+07, over cnt = 1702(0%), over = 1703, worst = 2, crit = 0, time(s) = 88.39
PHY-1001 : Iter 10: len = 1.09261e+07, over cnt = 1701(0%), over = 1708, worst = 2, crit = 0, time(s) = 95.81
PHY-1001 : Iter 11: len = 1.10192e+07, over cnt = 1766(0%), over = 1769, worst = 2, crit = 0, time(s) = 76.94
PHY-1001 : Iter 12: len = 1.12291e+07, over cnt = 1576(0%), over = 1577, worst = 2, crit = 0, time(s) = 177.06
PHY-1001 : Marking 768 (20.00%) hot zones with cutoff utilization 97.37.
PHY-1001 : Iter 13: len = 1.13247e+07, over cnt = 1631(0%), over = 1633, worst = 2, crit = 0, time(s) = 163.80
PHY-1001 : Iter 14: len = 1.13493e+07, over cnt = 1421(0%), over = 1422, worst = 2, crit = 0, time(s) = 141.75
PHY-1001 : Iter 15: len = 1.14216e+07, over cnt = 1552(0%), over = 1553, worst = 2, crit = 0, time(s) = 126.44
PHY-1001 : Iter 16: len = 1.16571e+07, over cnt = 1430(0%), over = 1432, worst = 2, crit = 0, time(s) = 335.73
PHY-1001 : Iter 17: len = 1.18017e+07, over cnt = 1442(0%), over = 1444, worst = 2, crit = 0, time(s) = 238.88
