============================================================
   Tang Dynasty, V6.2.168116
   Copyright (c) 2012-2025 Anlogic Inc.
   Executable = D:/Anlogic/TD_6.2.1_Engineer_6.2.168.116/bin/td_commands_prompt.exe
   Built at =   16:32:07 Jun 12 2025
   Run by =     »ÆÂúöÎ
   Run Date =   Wed Sep  2 13:15:29 2026

   Run on =     LAPTOP-JS31KT7K
============================================================
RUN-1002 : start command "import_device ph1_35p.db -package PH1P35MDG324 -speed 3"
ARC-1001 : Device Initialization.
ARC-1001 : ----------------------------------------------------------------
ARC-1001 :           OPTION          |          IO           |   SETTING   
ARC-1001 : ----------------------------------------------------------------
ARC-1001 :   non_jtag_persist(none)  |        35 IOs         |    gpio    
ARC-1001 :            jtag           |  P13/P15/L14/R13/T13  |  dedicate  
ARC-1001 : ----------------------------------------------------------------
RUN-1003 : finish command "import_device ph1_35p.db -package PH1P35MDG324 -speed 3" in  1.638149s wall, 1.171875s user + 0.031250s system = 1.203125s CPU (73.4%)

RUN-1004 : used memory is 325 MB, reserved memory is 321 MB, peak memory is 325 MB
RUN-1002 : start command "open_project camera_to_dsi_display.al -single_run"
RUN-1002 : start command "commit_param -step design"
RUN-1001 : Print Global Property
RUN-1001 : -------------------------------------------------------------
RUN-1001 :     Parameters    |   Settings   |  Default Values  |  Note  
RUN-1001 : -------------------------------------------------------------
RUN-1001 :    enable_seed    |     off      |       off        |        
RUN-1001 :    hfn_to_clock   |  1000000000  |    1000000000    |        
RUN-1001 :      message      |   standard   |     standard     |        
RUN-1001 :    qor_monitor    |      on      |        on        |        
RUN-1001 :   speedup_effort  |      0       |        0         |        
RUN-1001 :    syn_ip_flow    |     off      |       off        |        
RUN-1001 :       thread      |     auto     |       auto       |        
RUN-1001 : -------------------------------------------------------------
RUN-1001 : Print Design Property
RUN-1001 : ----------------------------------------------------------------
RUN-1001 :       Parameters       |  Settings  |  Default Values  |  Note  
RUN-1001 : ----------------------------------------------------------------
RUN-1001 :   default_reg_initial  |    auto    |       auto       |        
RUN-1001 :    hdl_warning_level   |   normal   |      normal      |        
RUN-1001 : ----------------------------------------------------------------
HDL-1007 : analyze verilog file ../user_source/hdl_source/ip/image/demosaic_4x_2_0/blk_mem_gen_demosaic/RTL/ram_c36c2ca3b3a7.v
HDL-1007 : analyze verilog file ../user_source/hdl_source/ip/image/demosaic_4x_2_0/blk_mem_gen_demosaic/blk_mem_gen_demosaic.v
HDL-1007 : analyze verilog file ../user_source/hdl_source/ip/image/demosaic_4x_2_0/blk_mem_gen_zhenghe/RTL/ram_d32970204f32.v
HDL-1007 : analyze verilog file ../user_source/hdl_source/ip/image/demosaic_4x_2_0/blk_mem_gen_zhenghe/blk_mem_gen_zhenghe.v
HDL-1007 : analyze verilog file ../user_source/hdl_source/ip/memory/ph1p35_ddr/ddr2/ph1p_ddrmc_wrapper_63f4ac254419.v
HDL-1007 : analyze included file ../user_source/hdl_source/ip/memory/ph1p35_ddr/ddr2/./src/rtl/include/ph1p_mis_define.vh in ../user_source/hdl_source/ip/memory/ph1p35_ddr/ddr2/ph1p_ddrmc_wrapper_63f4ac254419.v(11)
HDL-1007 : back to file '../user_source/hdl_source/ip/memory/ph1p35_ddr/ddr2/ph1p_ddrmc_wrapper_63f4ac254419.v' in ../user_source/hdl_source/ip/memory/ph1p35_ddr/ddr2/ph1p_ddrmc_wrapper_63f4ac254419.v(11)
Copyright (c) 1998-2019 The OpenSSL Project.  All rights reserved.
This product includes software developed by the OpenSSL Project
for use in the OpenSSL Toolkit (http://www.openssl.org/)
Copyright (C) 1995-1998 Eric Young (eay@cryptsoft.com)
All rights reserved.
This product includes cryptographic software written by Eric Young (eay@cryptsoft.com)
HDL-1007 : back to file '../user_source/hdl_source/ip/memory/ph1p35_ddr/ddr2/ph1p_ddrmc_wrapper_63f4ac254419.v' in ../user_source/hdl_source/ip/memory/ph1p35_ddr/ddr2/ph1p_ddrmc_wrapper_63f4ac254419.v(417)
HDL-1007 : analyze verilog file ../user_source/hdl_source/ip/memory/ph1p35_ddr/ddr2/ddr2.v
HDL-1007 : analyze verilog file ../user_source/hdl_source/ip/memory/ph1p35_ddr/ddr2/src/rtl/clk/ph1p_ddrphy_clk_top.v
HDL-1007 : analyze verilog file ../user_source/hdl_source/ip/memory/ph1p35_ddr/ddr2/src/rtl/clk/ph1p_ddrphy_pll0.v
HDL-1007 : analyze verilog file ../user_source/hdl_source/ip/memory/ph1p35_ddr/ddr2/src/rtl/clk/ph1p_ddrphy_pll1.v
HDL-1007 : analyze verilog file ../user_source/hdl_source/ip/memory/ph1p35_ddr/ddr2/src/rtl/init/ph1p_ddrphy_dram_init_ddr2.v
HDL-1007 : analyze verilog file ../user_source/hdl_source/ip/memory/ph1p35_ddr/ddr2/src/rtl/mc/alc_phy2mc_fifo_ctrl.v
HDL-1007 : analyze verilog file ../user_source/hdl_source/ip/memory/ph1p35_ddr/ddr2/src/rtl/misc/ph1p_ddr_fifo_dram_sync.v
HDL-1007 : analyze verilog file ../user_source/hdl_source/ip/memory/ph1p35_ddr/ddr2/src/rtl/misc/ph1p_ddrphy_sync_rst_gen.v
HDL-1007 : analyze verilog file ../user_source/hdl_source/ip/memory/ph1p35_ddr/ddr2/src/rtl/phy/ph1p_ddrphy.v
HDL-1007 : analyze included file ../user_source/hdl_source/ip/memory/ph1p35_ddr/ddr2/src/rtl/phy/./include/ph1p_ddrphy_pad_type.vh in ../user_source/hdl_source/ip/memory/ph1p35_ddr/ddr2/src/rtl/phy/ph1p_ddrphy.v(105)
HDL-1007 : back to file '../user_source/hdl_source/ip/memory/ph1p35_ddr/ddr2/src/rtl/phy/ph1p_ddrphy.v' in ../user_source/hdl_source/ip/memory/ph1p35_ddr/ddr2/src/rtl/phy/ph1p_ddrphy.v(105)
HDL-1007 : analyze included file ../user_source/hdl_source/ip/memory/ph1p35_ddr/ddr2/src/rtl/phy/./include/ph1p_ddrphy_bus_matrix.vh in ../user_source/hdl_source/ip/memory/ph1p35_ddr/ddr2/src/rtl/phy/ph1p_ddrphy.v(507)
HDL-1007 : back to file '../user_source/hdl_source/ip/memory/ph1p35_ddr/ddr2/src/rtl/phy/ph1p_ddrphy.v' in ../user_source/hdl_source/ip/memory/ph1p35_ddr/ddr2/src/rtl/phy/ph1p_ddrphy.v(507)
HDL-1007 : analyze verilog file ../user_source/hdl_source/ip/memory/ph1p35_ddr/ddr2/src/rtl/phy/ph1p_ddrphy_apb_bridge.v
HDL-1007 : analyze verilog file ../user_source/hdl_source/ip/memory/ph1p35_ddr/ddr2/src/rtl/phy/ph1p_ddrphy_bankref_cfg.v
HDL-1007 : analyze verilog file ../user_source/hdl_source/ip/memory/ph1p35_ddr/ddr2/src/rtl/phy/ph1p_ddrphy_byte_wrapper.v
HDL-1007 : analyze verilog file ../user_source/hdl_source/ip/memory/ph1p35_ddr/ddr2/src/rtl/phy/ph1p_ddrphy_cmd_decode.v
HDL-1007 : analyze verilog file ../user_source/hdl_source/ip/memory/ph1p35_ddr/ddr2/src/rtl/phy/ph1p_ddrphy_cmd_execution.v
HDL-1007 : analyze verilog file ../user_source/hdl_source/ip/memory/ph1p35_ddr/ddr2/src/rtl/phy/ph1p_ddrphy_cmd_wrapper.v
HDL-1007 : analyze verilog file ../user_source/hdl_source/ip/memory/ph1p35_ddr/ddr2/src/rtl/phy/ph1p_ddrphy_dcu.v
HDL-1007 : analyze verilog file ../user_source/hdl_source/ip/memory/ph1p35_ddr/ddr2/src/rtl/phy/ph1p_ddrphy_dcu_wrapper.v
HDL-1007 : analyze verilog file ../user_source/hdl_source/ip/memory/ph1p35_ddr/ddr2/src/rtl/phy/ph1p_ddrphy_fast_init.v
HDL-1007 : analyze verilog file ../user_source/hdl_source/ip/memory/ph1p35_ddr/ddr2/src/rtl/phy/ph1p_ddrphy_fast_init_wrapper.v
HDL-1007 : analyze included file ../user_source/hdl_source/ip/memory/ph1p35_ddr/ddr2/src/rtl/phy/./include/ph1p_ddrphy_board_delay.vh in ../user_source/hdl_source/ip/memory/ph1p35_ddr/ddr2/src/rtl/phy/ph1p_ddrphy_fast_init_wrapper.v(71)
HDL-1007 : back to file '../user_source/hdl_source/ip/memory/ph1p35_ddr/ddr2/src/rtl/phy/ph1p_ddrphy_fast_init_wrapper.v' in ../user_source/hdl_source/ip/memory/ph1p35_ddr/ddr2/src/rtl/phy/ph1p_ddrphy_fast_init_wrapper.v(71)
HDL-1007 : analyze verilog file ../user_source/hdl_source/ip/memory/ph1p35_ddr/ddr2/src/rtl/phy/ph1p_ddrphy_init.v
HDL-1007 : analyze verilog file ../user_source/hdl_source/ip/memory/ph1p35_ddr/ddr2/src/rtl/phy/ph1p_ddrphy_mdl_cal.v
HDL-1007 : analyze verilog file ../user_source/hdl_source/ip/memory/ph1p35_ddr/ddr2/src/rtl/phy/ph1p_ddrphy_mdl_cal_wrapper.v
HDL-1007 : analyze verilog file ../user_source/hdl_source/ip/memory/ph1p35_ddr/ddr2/src/rtl/phy/ph1p_ddrphy_rphase_ctl.v
HDL-1007 : analyze verilog file ../user_source/hdl_source/ip/memory/ph1p35_ddr/ddr2/src/rtl/phy/ph1p_ddrphy_top.v
HDL-1007 : analyze included file ../user_source/hdl_source/ip/memory/ph1p35_ddr/ddr2/src/rtl/phy/./include/ph1p_ddrphy_ddrio.vh in ../user_source/hdl_source/ip/memory/ph1p35_ddr/ddr2/src/rtl/phy/ph1p_ddrphy_top.v(736)
HDL-1007 : back to file '../user_source/hdl_source/ip/memory/ph1p35_ddr/ddr2/src/rtl/phy/ph1p_ddrphy_top.v' in ../user_source/hdl_source/ip/memory/ph1p35_ddr/ddr2/src/rtl/phy/ph1p_ddrphy_top.v(736)
HDL-1007 : analyze verilog file ../user_source/hdl_source/ip/memory/ph1p35_ddr/ddr2/src/rtl/phy/ph1p_ddrphy_wphase_ctl.v
HDL-1007 : analyze verilog file ../user_source/hdl_source/ip/memory/ph1p35_ddr/ddr2/src/rtl/phy/ph1p_ddrphy_wrapper.v
HDL-1007 : analyze verilog file ../user_source/hdl_source/ip/memory/ph1p35_ddr/ddr2/src/rtl/top/ph1p_ddrmc_top.v
HDL-1007 : analyze verilog file ../user_source/hdl_source/ip/memory/ph1p35_ddr/ddr2/src/rtl/mc/alc_mc_top_all.enc.sv
HDL-1007 : analyze included file ../user_source/hdl_source/ip/memory/ph1p35_ddr/ddr2/src/rtl/mc/../include/ph1p_mis_define.vh in ../user_source/hdl_source/ip/memory/ph1p35_ddr/ddr2/src/rtl/mc/alc_mc_top_all.enc.sv(4)
HDL-1007 : back to file '../user_source/hdl_source/ip/memory/ph1p35_ddr/ddr2/src/rtl/mc/alc_mc_top_all.enc.sv' in ../user_source/hdl_source/ip/memory/ph1p35_ddr/ddr2/src/rtl/mc/alc_mc_top_all.enc.sv(4)
HDL-1007 : analyze included file ../user_source/hdl_source/ip/memory/ph1p35_ddr/ddr2/src/rtl/mc/../timing/ddr2/ddr2_parameter.vh in ../user_source/hdl_source/ip/memory/ph1p35_ddr/ddr2/src/rtl/mc/alc_mc_top_all.enc.sv(106)
HDL-1007 : analyze included file ../user_source/hdl_source/ip/memory/ph1p35_ddr/ddr2/src/rtl/mc/../timing/ddr2/ddr2_1066.vh in ../user_source/hdl_source/ip/memory/ph1p35_ddr/ddr2/src/rtl/mc/../timing/ddr2/ddr2_parameter.vh(118)
HDL-1007 : back to file '../user_source/hdl_source/ip/memory/ph1p35_ddr/ddr2/src/rtl/mc/../timing/ddr2/ddr2_parameter.vh' in ../user_source/hdl_source/ip/memory/ph1p35_ddr/ddr2/src/rtl/mc/../timing/ddr2/ddr2_parameter.vh(118)
HDL-1007 : back to file '../user_source/hdl_source/ip/memory/ph1p35_ddr/ddr2/src/rtl/mc/alc_mc_top_all.enc.sv' in ../user_source/hdl_source/ip/memory/ph1p35_ddr/ddr2/src/rtl/mc/alc_mc_top_all.enc.sv(106)
HDL-1007 : back to file '../user_source/hdl_source/ip/memory/ph1p35_ddr/ddr2/src/rtl/mc/alc_mc_top_all.enc.sv' in ../user_source/hdl_source/ip/memory/ph1p35_ddr/ddr2/src/rtl/mc/alc_mc_top_all.enc.sv(121)
HDL-1007 : analyze verilog file ../user_source/ip_source/PLL/RTL/ph1p_phy_pll_wrapper_25a56e5ce2f9.v
HDL-1007 : analyze verilog file ../user_source/ip_source/PLL/PLL.v
HDL-1007 : analyze verilog file ../user_source/ip_source/blk_mem_gen_awb_delay_signal/blk_mem_gen_awb_delay_signal.v
HDL-1007 : analyze verilog file ../user_source/ip_source/blk_mem_gen_awb_delay_signal/ram_f84573da5ab5.v
HDL-1007 : analyze verilog file ../user_source/ip_source/divider/divider_gate.v
HDL-1007 : undeclared symbol 'open_n2', assumed default net type 'wire' in ../user_source/ip_source/divider/divider_gate.v(2729)
HDL-1007 : undeclared symbol 'open_n5', assumed default net type 'wire' in ../user_source/ip_source/divider/divider_gate.v(2811)
HDL-1007 : undeclared symbol 'open_n8', assumed default net type 'wire' in ../user_source/ip_source/divider/divider_gate.v(3783)
HDL-1007 : undeclared symbol 'open_n11', assumed default net type 'wire' in ../user_source/ip_source/divider/divider_gate.v(3872)
HDL-1007 : undeclared symbol 'open_n14', assumed default net type 'wire' in ../user_source/ip_source/divider/divider_gate.v(4854)
HDL-1007 : undeclared symbol 'open_n17', assumed default net type 'wire' in ../user_source/ip_source/divider/divider_gate.v(4950)
HDL-1007 : undeclared symbol 'open_n20', assumed default net type 'wire' in ../user_source/ip_source/divider/divider_gate.v(5948)
HDL-1007 : undeclared symbol 'open_n23', assumed default net type 'wire' in ../user_source/ip_source/divider/divider_gate.v(6051)
HDL-1007 : undeclared symbol 'open_n26', assumed default net type 'wire' in ../user_source/ip_source/divider/divider_gate.v(7065)
HDL-1007 : undeclared symbol 'open_n29', assumed default net type 'wire' in ../user_source/ip_source/divider/divider_gate.v(7175)
HDL-1007 : undeclared symbol 'open_n32', assumed default net type 'wire' in ../user_source/ip_source/divider/divider_gate.v(8205)
HDL-1007 : undeclared symbol 'open_n35', assumed default net type 'wire' in ../user_source/ip_source/divider/divider_gate.v(8322)
HDL-1007 : undeclared symbol 'open_n38', assumed default net type 'wire' in ../user_source/ip_source/divider/divider_gate.v(9368)
HDL-1007 : undeclared symbol 'open_n41', assumed default net type 'wire' in ../user_source/ip_source/divider/divider_gate.v(9492)
HDL-1007 : undeclared symbol 'open_n44', assumed default net type 'wire' in ../user_source/ip_source/divider/divider_gate.v(10548)
HDL-1007 : undeclared symbol 'open_n47', assumed default net type 'wire' in ../user_source/ip_source/divider/divider_gate.v(10679)
HDL-1007 : undeclared symbol 'open_n50', assumed default net type 'wire' in ../user_source/ip_source/divider/divider_gate.v(11751)
HDL-1007 : undeclared symbol 'open_n53', assumed default net type 'wire' in ../user_source/ip_source/divider/divider_gate.v(11889)
HDL-1007 : undeclared symbol 'open_n56', assumed default net type 'wire' in ../user_source/ip_source/divider/divider_gate.v(12977)
HDL-1007 : undeclared symbol 'open_n59', assumed default net type 'wire' in ../user_source/ip_source/divider/divider_gate.v(13122)
HDL-1007 : undeclared symbol 'open_n62', assumed default net type 'wire' in ../user_source/ip_source/divider/divider_gate.v(15070)
HDL-1007 : undeclared symbol 'open_n65', assumed default net type 'wire' in ../user_source/ip_source/divider/divider_gate.v(15222)
HDL-1007 : undeclared symbol 'open_n68', assumed default net type 'wire' in ../user_source/ip_source/divider/divider_gate.v(16342)
HDL-1007 : undeclared symbol 'open_n71', assumed default net type 'wire' in ../user_source/ip_source/divider/divider_gate.v(16501)
HDL-1007 : undeclared symbol 'open_n74', assumed default net type 'wire' in ../user_source/ip_source/divider/divider_gate.v(17631)
HDL-1007 : undeclared symbol 'open_n77', assumed default net type 'wire' in ../user_source/ip_source/divider/divider_gate.v(17797)
HDL-1007 : undeclared symbol 'open_n80', assumed default net type 'wire' in ../user_source/ip_source/divider/divider_gate.v(18943)
HDL-1007 : undeclared symbol 'open_n83', assumed default net type 'wire' in ../user_source/ip_source/divider/divider_gate.v(19116)
HDL-1007 : undeclared symbol 'open_n86', assumed default net type 'wire' in ../user_source/ip_source/divider/divider_gate.v(20278)
HDL-1007 : undeclared symbol 'open_n89', assumed default net type 'wire' in ../user_source/ip_source/divider/divider_gate.v(20458)
HDL-1007 : undeclared symbol 'open_n92', assumed default net type 'wire' in ../user_source/ip_source/divider/divider_gate.v(21636)
HDL-1007 : undeclared symbol 'open_n95', assumed default net type 'wire' in ../user_source/ip_source/divider/divider_gate.v(21823)
HDL-1007 : undeclared symbol 'open_n98', assumed default net type 'wire' in ../user_source/ip_source/divider/divider_gate.v(23017)
HDL-1007 : undeclared symbol 'open_n101', assumed default net type 'wire' in ../user_source/ip_source/divider/divider_gate.v(23211)
HDL-1007 : undeclared symbol 'open_n104', assumed default net type 'wire' in ../user_source/ip_source/divider/divider_gate.v(24415)
HDL-1007 : undeclared symbol 'open_n107', assumed default net type 'wire' in ../user_source/ip_source/divider/divider_gate.v(24616)
HDL-1007 : undeclared symbol 'open_n110', assumed default net type 'wire' in ../user_source/ip_source/divider/divider_gate.v(25836)
HDL-1007 : undeclared symbol 'open_n113', assumed default net type 'wire' in ../user_source/ip_source/divider/divider_gate.v(26044)
HDL-1007 : undeclared symbol 'open_n116', assumed default net type 'wire' in ../user_source/ip_source/divider/divider_gate.v(27280)
HDL-1007 : undeclared symbol 'open_n119', assumed default net type 'wire' in ../user_source/ip_source/divider/divider_gate.v(27495)
HDL-1007 : undeclared symbol 'open_n122', assumed default net type 'wire' in ../user_source/ip_source/divider/divider_gate.v(29638)
HDL-1007 : undeclared symbol 'open_n125', assumed default net type 'wire' in ../user_source/ip_source/divider/divider_gate.v(29860)
HDL-1007 : undeclared symbol 'open_n128', assumed default net type 'wire' in ../user_source/ip_source/divider/divider_gate.v(31128)
HDL-1007 : undeclared symbol 'open_n129', assumed default net type 'wire' in ../user_source/ip_source/divider/divider_gate.v(31359)
HDL-1007 : undeclared symbol 'open_n132', assumed default net type 'wire' in ../user_source/ip_source/divider/divider_gate.v(32637)
HDL-1007 : undeclared symbol 'open_n133', assumed default net type 'wire' in ../user_source/ip_source/divider/divider_gate.v(32868)
HDL-1007 : undeclared symbol 'open_n134', assumed default net type 'wire' in ../user_source/ip_source/divider/divider_gate.v(32875)
HDL-1007 : undeclared symbol 'open_n137', assumed default net type 'wire' in ../user_source/ip_source/divider/divider_gate.v(34153)
HDL-1007 : undeclared symbol 'open_n138', assumed default net type 'wire' in ../user_source/ip_source/divider/divider_gate.v(34384)
HDL-1007 : undeclared symbol 'open_n139', assumed default net type 'wire' in ../user_source/ip_source/divider/divider_gate.v(34391)
HDL-1007 : undeclared symbol 'open_n142', assumed default net type 'wire' in ../user_source/ip_source/divider/divider_gate.v(35669)
HDL-1007 : undeclared symbol 'open_n143', assumed default net type 'wire' in ../user_source/ip_source/divider/divider_gate.v(35900)
HDL-1007 : undeclared symbol 'open_n144', assumed default net type 'wire' in ../user_source/ip_source/divider/divider_gate.v(35907)
HDL-1007 : undeclared symbol 'open_n147', assumed default net type 'wire' in ../user_source/ip_source/divider/divider_gate.v(37185)
HDL-1007 : undeclared symbol 'open_n148', assumed default net type 'wire' in ../user_source/ip_source/divider/divider_gate.v(37416)
HDL-1007 : undeclared symbol 'open_n149', assumed default net type 'wire' in ../user_source/ip_source/divider/divider_gate.v(37423)
HDL-1007 : undeclared symbol 'open_n152', assumed default net type 'wire' in ../user_source/ip_source/divider/divider_gate.v(38701)
HDL-1007 : undeclared symbol 'open_n153', assumed default net type 'wire' in ../user_source/ip_source/divider/divider_gate.v(38932)
HDL-1007 : undeclared symbol 'open_n154', assumed default net type 'wire' in ../user_source/ip_source/divider/divider_gate.v(38939)
HDL-1007 : undeclared symbol 'open_n157', assumed default net type 'wire' in ../user_source/ip_source/divider/divider_gate.v(40217)
HDL-1007 : undeclared symbol 'open_n158', assumed default net type 'wire' in ../user_source/ip_source/divider/divider_gate.v(40448)
HDL-1007 : undeclared symbol 'open_n159', assumed default net type 'wire' in ../user_source/ip_source/divider/divider_gate.v(40455)
HDL-1007 : undeclared symbol 'open_n162', assumed default net type 'wire' in ../user_source/ip_source/divider/divider_gate.v(41733)
HDL-1007 : undeclared symbol 'open_n163', assumed default net type 'wire' in ../user_source/ip_source/divider/divider_gate.v(41964)
HDL-1007 : undeclared symbol 'open_n164', assumed default net type 'wire' in ../user_source/ip_source/divider/divider_gate.v(41971)
HDL-1007 : undeclared symbol 'open_n167', assumed default net type 'wire' in ../user_source/ip_source/divider/divider_gate.v(43249)
HDL-1007 : undeclared symbol 'open_n168', assumed default net type 'wire' in ../user_source/ip_source/divider/divider_gate.v(43480)
HDL-1007 : undeclared symbol 'open_n169', assumed default net type 'wire' in ../user_source/ip_source/divider/divider_gate.v(43487)
HDL-1007 : undeclared symbol 'open_n172', assumed default net type 'wire' in ../user_source/ip_source/divider/divider_gate.v(45678)
HDL-1007 : undeclared symbol 'open_n173', assumed default net type 'wire' in ../user_source/ip_source/divider/divider_gate.v(45909)
HDL-1007 : undeclared symbol 'open_n174', assumed default net type 'wire' in ../user_source/ip_source/divider/divider_gate.v(45916)
HDL-1007 : undeclared symbol 'open_n177', assumed default net type 'wire' in ../user_source/ip_source/divider/divider_gate.v(47194)
HDL-1007 : undeclared symbol 'open_n178', assumed default net type 'wire' in ../user_source/ip_source/divider/divider_gate.v(47425)
HDL-1007 : undeclared symbol 'open_n179', assumed default net type 'wire' in ../user_source/ip_source/divider/divider_gate.v(47432)
HDL-1007 : undeclared symbol 'open_n182', assumed default net type 'wire' in ../user_source/ip_source/divider/divider_gate.v(48710)
HDL-1007 : undeclared symbol 'open_n183', assumed default net type 'wire' in ../user_source/ip_source/divider/divider_gate.v(48941)
HDL-1007 : undeclared symbol 'open_n184', assumed default net type 'wire' in ../user_source/ip_source/divider/divider_gate.v(48948)
HDL-1007 : undeclared symbol 'open_n187', assumed default net type 'wire' in ../user_source/ip_source/divider/divider_gate.v(50226)
HDL-1007 : undeclared symbol 'open_n188', assumed default net type 'wire' in ../user_source/ip_source/divider/divider_gate.v(50457)
HDL-1007 : undeclared symbol 'open_n189', assumed default net type 'wire' in ../user_source/ip_source/divider/divider_gate.v(50464)
HDL-1007 : undeclared symbol 'open_n192', assumed default net type 'wire' in ../user_source/ip_source/divider/divider_gate.v(51742)
HDL-1007 : undeclared symbol 'open_n193', assumed default net type 'wire' in ../user_source/ip_source/divider/divider_gate.v(51973)
HDL-1007 : undeclared symbol 'open_n194', assumed default net type 'wire' in ../user_source/ip_source/divider/divider_gate.v(51980)
HDL-1007 : undeclared symbol 'open_n197', assumed default net type 'wire' in ../user_source/ip_source/divider/divider_gate.v(53258)
HDL-1007 : undeclared symbol 'open_n198', assumed default net type 'wire' in ../user_source/ip_source/divider/divider_gate.v(53489)
HDL-1007 : undeclared symbol 'open_n199', assumed default net type 'wire' in ../user_source/ip_source/divider/divider_gate.v(53496)
HDL-1007 : undeclared symbol 'open_n202', assumed default net type 'wire' in ../user_source/ip_source/divider/divider_gate.v(54774)
HDL-1007 : undeclared symbol 'open_n203', assumed default net type 'wire' in ../user_source/ip_source/divider/divider_gate.v(55005)
HDL-1007 : undeclared symbol 'open_n204', assumed default net type 'wire' in ../user_source/ip_source/divider/divider_gate.v(55012)
HDL-1007 : undeclared symbol 'open_n207', assumed default net type 'wire' in ../user_source/ip_source/divider/divider_gate.v(57048)
HDL-1007 : undeclared symbol 'open_n208', assumed default net type 'wire' in ../user_source/ip_source/divider/divider_gate.v(57167)
HDL-1007 : undeclared symbol 'open_n209', assumed default net type 'wire' in ../user_source/ip_source/divider/divider_gate.v(57174)
HDL-1007 : undeclared symbol 'open_n212', assumed default net type 'wire' in ../user_source/ip_source/divider/divider_gate.v(58502)
HDL-1007 : undeclared symbol 'open_n215', assumed default net type 'wire' in ../user_source/ip_source/divider/divider_gate.v(58507)
HDL-1007 : undeclared symbol 'open_n218', assumed default net type 'wire' in ../user_source/ip_source/divider/divider_gate.v(59405)
HDL-1007 : undeclared symbol 'open_n221', assumed default net type 'wire' in ../user_source/ip_source/divider/divider_gate.v(59459)
HDL-1007 : undeclared symbol 'open_n224', assumed default net type 'wire' in ../user_source/ip_source/divider/divider_gate.v(60367)
HDL-1007 : undeclared symbol 'open_n227', assumed default net type 'wire' in ../user_source/ip_source/divider/divider_gate.v(60428)
HDL-1007 : undeclared symbol 'open_n230', assumed default net type 'wire' in ../user_source/ip_source/divider/divider_gate.v(61352)
HDL-1007 : undeclared symbol 'open_n233', assumed default net type 'wire' in ../user_source/ip_source/divider/divider_gate.v(61420)
HDL-1007 : undeclared symbol 'open_n236', assumed default net type 'wire' in ../user_source/ip_source/divider/divider_gate.v(62360)
HDL-1007 : undeclared symbol 'open_n239', assumed default net type 'wire' in ../user_source/ip_source/divider/divider_gate.v(62435)
HDL-1007 : analyze verilog file ../user_source/ip_source/w128_d512_fifo/soft_fifo_al_4057d6b76aa6.v
HDL-1007 : analyze verilog file ../user_source/ip_source/w128_d512_fifo/w128_d512_fifo.v
HDL-1007 : analyze verilog file ../user_source/ip_source/w155_d512_fifo/soft_fifo_al_f58e8b3e1f3d.v
HDL-1007 : analyze verilog file ../user_source/ip_source/w155_d512_fifo/w155_d512_fifo.v
HDL-1007 : analyze verilog file ../user_source/hdl_source/design_top_wrapper.v
HDL-1007 : analyze verilog file ../user_source/hdl_source/ip/control/mode_selector.v
HDL-1007 : analyze verilog file ../user_source/hdl_source/ip/camera/mipi/mipi_dphy_rx/mipi_dphy_rx_ph1p_mipiio_wrapper.sv
HDL-1007 : analyze verilog file ../user_source/hdl_source/ip/camera/mipi/mipi_dphy_rx/ph1p_mipiio_rx_wrapper.v
HDL-1007 : analyze verilog file ../user_source/hdl_source/ip/video/video_in.v
HDL-1007 : analyze verilog file ../user_source/hdl_source/ip/video/video_out.v
HDL-1007 : analyze verilog file ../user_source/hdl_source/ip/memory/mc_to_user_interface.v
HDL-1007 : analyze verilog file ../user_source/hdl_source/ip/camera/mipi/mipi_dphy_rx/byte_aligner.enc.v
HDL-1007 : back to file '../user_source/hdl_source/ip/camera/mipi/mipi_dphy_rx/byte_aligner.enc.v' in ../user_source/hdl_source/ip/camera/mipi/mipi_dphy_rx/byte_aligner.enc.v(18)
HDL-1007 : analyze verilog file ../user_source/hdl_source/ip/camera/mipi/mipi_dphy_rx/byte_aligner_wrapper.enc.sv
HDL-1007 : back to file '../user_source/hdl_source/ip/camera/mipi/mipi_dphy_rx/byte_aligner_wrapper.enc.sv' in ../user_source/hdl_source/ip/camera/mipi/mipi_dphy_rx/byte_aligner_wrapper.enc.sv(20)
HDL-1007 : analyze verilog file ../user_source/hdl_source/ip/camera/mipi/mipi_dphy_rx/channel_aligner.enc.v
HDL-1007 : back to file '../user_source/hdl_source/ip/camera/mipi/mipi_dphy_rx/channel_aligner.enc.v' in ../user_source/hdl_source/ip/camera/mipi/mipi_dphy_rx/channel_aligner.enc.v(17)
HDL-1007 : analyze verilog file ../user_source/hdl_source/ip/camera/mipi/mipi_dphy_rx/channel_aligner_wrapper.enc.sv
HDL-1007 : back to file '../user_source/hdl_source/ip/camera/mipi/mipi_dphy_rx/channel_aligner_wrapper.enc.sv' in ../user_source/hdl_source/ip/camera/mipi/mipi_dphy_rx/channel_aligner_wrapper.enc.sv(17)
HDL-1007 : analyze verilog file ../user_source/hdl_source/ip/camera/mipi/mipi_dphy_rx/hs_detect.enc.v
HDL-1007 : back to file '../user_source/hdl_source/ip/camera/mipi/mipi_dphy_rx/hs_detect.enc.v' in ../user_source/hdl_source/ip/camera/mipi/mipi_dphy_rx/hs_detect.enc.v(13)
HDL-1007 : analyze verilog file ../user_source/hdl_source/ip/image/signal_delay.v
HDL-1007 : analyze verilog file ../user_source/hdl_source/ip/image/awb.v
HDL-1007 : analyze verilog file ../user_source/hdl_source/ip/memory/ph1p35_ddr/ph1p35_324_ddr_wrapper.v
HDL-1007 : undeclared symbol 'dhi_clk', assumed default net type 'wire' in ../user_source/hdl_source/ip/memory/ph1p35_ddr/ph1p35_324_ddr_wrapper.v(83)
HDL-1007 : analyze verilog file ../user_source/hdl_source/ip/camera/mipi/csi_unpacket_2lane.v
HDL-1007 : analyze verilog file ../user_source/hdl_source/ip/image/image_process_stream_96.v
HDL-1007 : analyze verilog file ../user_source/hdl_source/ip/image/isp_top.v
HDL-1007 : analyze verilog file ../user_source/hdl_source/ip/camera/mipi/raw10_unpacket_2lane.v
HDL-1007 : analyze verilog file ../user_source/hdl_source/ip/camera/mipi/uial2axis.v
HDL-1007 : analyze verilog file ../user_source/hdl_source/ip/image/demosaic_4x_2_0/bilinear_interpolation.v
HDL-1007 : analyze verilog file ../user_source/hdl_source/ip/image/demosaic_4x_2_0/demosaic.v
HDL-5007 WARNING: /* is inside a comment in ../user_source/hdl_source/ip/image/demosaic_4x_2_0/demosaic.v(89)
HDL-5007 WARNING: /* is inside a comment in ../user_source/hdl_source/ip/image/demosaic_4x_2_0/demosaic.v(100)
HDL-1007 : analyze verilog file ../user_source/hdl_source/ip/image/demosaic_4x_2_0/line_buffer_demosaic.v
HDL-1007 : analyze verilog file ../user_source/hdl_source/ip/image/demosaic_4x_2_0/mipi_to_raw_converter.v
HDL-1007 : analyze verilog file ../user_source/hdl_source/ip/image/demosaic_4x_2_0/raw_matrix_3x3_buffer.v
HDL-1007 : analyze verilog file ../user_source/hdl_source/ip/image/demosaic_4x_2_0/zhenghe.v
HDL-1007 : undeclared symbol 'rd_valid', assumed default net type 'wire' in ../user_source/hdl_source/ip/image/demosaic_4x_2_0/zhenghe.v(146)
HDL-1007 : analyze verilog file ../user_source/hdl_source/ip/image/data128_96/data128_96.v
HDL-1007 : analyze verilog file ../user_source/hdl_source/ip/image/data96_128/data96_128.v
HDL-1007 : analyze verilog file ../user_source/hdl_source/ip/image/image_correction.v
HDL-1007 : analyze verilog file ../user_source/hdl_source/ip/camera/config/uics500_cfg/SC500GainTbl.v
HDL-1007 : analyze verilog file ../user_source/hdl_source/ip/camera/config/uics500_cfg/uicfgcs500.v
HDL-1007 : undeclared symbol 'iic_busy', assumed default net type 'wire' in ../user_source/hdl_source/ip/camera/config/uics500_cfg/uicfgcs500.v(141)
HDL-1007 : analyze verilog file ../user_source/hdl_source/ip/camera/config/uics500_cfg/uics500reg.v
HDL-1007 : analyze verilog file ../user_source/hdl_source/ip/camera/config/uics500_cfg/uics500regAE.v
HDL-1007 : analyze verilog file ../user_source/hdl_source/ip/camera/config/uics500_cfg/uii2c.v
HDL-1007 : analyze verilog file ../user_source/hdl_source/ip/camera/config/uiisp_beta/ae_set.v
HDL-1007 : analyze verilog file ../user_source/hdl_source/ip/display/hdmi/hdmi_tx.v
HDL-1007 : analyze verilog file ../user_source/hdl_source/ip/display/hdmi/hdmi_1_4b_transmitter_core_wrapper.enc.v
HDL-1007 : undeclared symbol '**', assumed default net type '**' in ../user_source/hdl_source/ip/display/hdmi/hdmi_1_4b_transmitter_core_wrapper.enc.v(2614)
HDL-1007 : undeclared symbol '**', assumed default net type '**' in ../user_source/hdl_source/ip/display/hdmi/hdmi_1_4b_transmitter_core_wrapper.enc.v(2716)
HDL-1007 : undeclared symbol '**', assumed default net type '**' in ../user_source/hdl_source/ip/display/hdmi/hdmi_1_4b_transmitter_core_wrapper.enc.v(2724)
HDL-1007 : undeclared symbol '**', assumed default net type '**' in ../user_source/hdl_source/ip/display/hdmi/hdmi_1_4b_transmitter_core_wrapper.enc.v(4936)
HDL-1007 : undeclared symbol '**', assumed default net type '**' in ../user_source/hdl_source/ip/display/hdmi/hdmi_1_4b_transmitter_core_wrapper.enc.v(5989)
HDL-1007 : back to file '../user_source/hdl_source/ip/display/hdmi/hdmi_1_4b_transmitter_core_wrapper.enc.v' in ../user_source/hdl_source/ip/display/hdmi/hdmi_1_4b_transmitter_core_wrapper.enc.v(77)
HDL-1007 : analyze verilog file ../user_source/hdl_source/ip/display/hdmi/hdmi_phy_warpper.v
HDL-1007 : analyze verilog file ../user_source/hdl_source/ip/display/hdmi/lane_lvds_10_1.v
HDL-1007 : analyze verilog file ../user_source/hdl_source/ip/video/vtc/uivtc.v
HDL-1007 : analyze verilog file ../user_source/hdl_source/ip/video/osd/hdmi_mixer.v
HDL-1007 : analyze verilog file ../user_source/hdl_source/ip/audio/I2S_receiver.v
HDL-1007 : analyze verilog file ../user_source/hdl_source/ip/audio/audio_arc_calculate.v
HDL-1007 : analyze verilog file ../user_source/hdl_source/ip/control/key_remove_shakes.v
HDL-1007 : analyze verilog file ../user_source/hdl_source/ip/video/osd/anlogic_logo_rom.v
HDL-1007 : analyze verilog file ../user_source/hdl_source/ip/video/osd/osd_char_lib.v
PRJ-1401 : Successfully analyzed 88 source files.
RUN-1002 : start command "load_run_param -run phy_1"
RUN-1002 : start command "import_db D:/anlu/rtl/td_project/camera_to_dsi_display_gate.db"
RUN-1001 : Importing database generated by Tang Dynasty, V6.2.168116.
RUN-1001 : Database version number 46207
RUN-1001 : Import flow parameters
RUN-1001 : Import netlist
RUN-1001 : Import timing constraints
RUN-1001 : Import IO constraints
RUN-1001 : Import Inst constraints
RUN-1001 : Import ChipWatcher
RUN-1001 : Import design success TD_VERSION=6.2.168116 , DB_VERSION=46207
RUN-1003 : finish command "import_db D:/anlu/rtl/td_project/camera_to_dsi_display_gate.db" in  1.108564s wall, 0.421875s user + 0.031250s system = 0.453125s CPU (40.9%)

RUN-1004 : used memory is 610 MB, reserved memory is 599 MB, peak memory is 610 MB
RUN-1002 : start command "commit_param -step place"
RUN-1001 : Print Global Property
RUN-1001 : -------------------------------------------------------------
RUN-1001 :     Parameters    |   Settings   |  Default Values  |  Note  
RUN-1001 : -------------------------------------------------------------
RUN-1001 :    enable_seed    |     off      |       off        |        
RUN-1001 :    hfn_to_clock   |  1000000000  |    1000000000    |        
RUN-1001 :      message      |   standard   |     standard     |        
RUN-1001 :    qor_monitor    |      on      |        on        |        
RUN-1001 :   speedup_effort  |      0       |        0         |        
RUN-1001 :    syn_ip_flow    |     off      |       off        |        
RUN-1001 :       thread      |     auto     |       auto       |        
RUN-1001 : -------------------------------------------------------------
RUN-1001 : Print Place Property
RUN-1001 : ---------------------------------------------------------------
RUN-1001 :       Parameters      |  Settings  |  Default Values  |  Note  
RUN-1001 : ---------------------------------------------------------------
RUN-1001 :         effort        |   medium   |      medium      |        
RUN-1001 :     hfn_opt_effort    |   medium   |      medium      |        
RUN-1001 :    logic_level_opt    |    off     |       off        |        
RUN-1001 :   macro_performance   |    auto    |       auto       |        
RUN-1001 :       max_fanout      |   999999   |      999999      |        
RUN-1001 :       opt_timing      |   medium   |      medium      |        
RUN-1001 :     post_place_opt    |    auto    |       auto       |        
RUN-1001 :      pr_strategy      |     1      |        1         |        
RUN-1001 :   preplace_floorplan  |    off     |       off        |        
RUN-1001 : ---------------------------------------------------------------
RUN-1002 : start command "insert_debugger"
RUN-1002 : start command "place"
RUN-1001 : Open license file D:/Anlogic/TD_6.2.1_Engineer_6.2.168.116/license/Anlogic.lic
PHY-3001 : Placer runs in 32 thread(s).
PHY-1001 : Stage 1 | Initialize Design
PHY-1001 : Stage 1.1 | Build Design
PHY-1001 : 12530 luts, 14444 seqs, 536 mslices, 3171 lslices, 54 pads, 30 brams, 21 dsps
RUN-1002 : start command "legalize_phy_inst"
SYN-1011 : Flatten model design_top_wrapper
SYN-1001 : ADC: Instance "u_ph1p35_324_ddr_wrapper/u_ddr2/ph1p_ddrmc_wrapper/ph1p_ddrmc_top/u_ddr_phy/u_ddrphy_top/u_ddrphy/ac_byte[0]$ac_byte_used$u_ddrphy_ac_byte_wrapper/u_ddrphy_byte" LOCATION="X0Y70Z0"
SYN-1001 : ADC: Instance "u_ph1p35_324_ddr_wrapper/u_ddr2/ph1p_ddrmc_wrapper/ph1p_ddrmc_top/u_ddr_phy/u_ddrphy_top/u_ddrphy/ac_byte[1]$ac_byte_used$u_ddrphy_ac_byte_wrapper/u_ddrphy_byte" LOCATION="X0Y60Z0"
SYN-1001 : ADC: Instance "u_ph1p35_324_ddr_wrapper/u_ddr2/ph1p_ddrmc_wrapper/ph1p_ddrmc_top/u_ddr_phy/u_ddrphy_top/u_ddrphy/ac_byte[2]$ac_byte_used$u_ddrphy_ac_byte_wrapper/u_ddrphy_byte" LOCATION="X0Y50Z0"
SYN-1001 : ADC: Instance "u_ph1p35_324_ddr_wrapper/u_ddr2/ph1p_ddrmc_wrapper/ph1p_ddrmc_top/u_ddr_phy/u_ddrphy_top/u_ddrphy/ac_byte[3]$ac_byte_used$u_ddrphy_ac_byte_wrapper/u_ddrphy_byte" LOCATION="X0Y40Z0"
SYN-1001 : ADC: Instance "u_ph1p35_324_ddr_wrapper/u_ddr2/ph1p_ddrmc_wrapper/ph1p_ddrmc_top/u_ddr_phy/u_ddrphy_top/u_ddrphy/bkref[0]$u_ddrphy_bankref" LOCATION="X0Y19Z0"
SYN-1001 : ADC: Instance "u_ph1p35_324_ddr_wrapper/u_ddr2/ph1p_ddrmc_wrapper/ph1p_ddrmc_top/u_ddr_phy/u_ddrphy_top/u_ddrphy/bkref[1]$u_ddrphy_bankref" LOCATION="X0Y59Z0"
SYN-1001 : ADC: Instance "u_ph1p35_324_ddr_wrapper/u_ddr2/ph1p_ddrmc_wrapper/ph1p_ddrmc_top/u_ddr_phy/u_ddrphy_top/u_ddrphy/dx_byte[0]$dx_byte_used$u_ddrphy_dx_byte_wrapper/u_ddrphy_byte" LOCATION="X0Y30Z0"
SYN-1001 : ADC: Instance "u_ph1p35_324_ddr_wrapper/u_ddr2/ph1p_ddrmc_wrapper/ph1p_ddrmc_top/u_ddr_phy/u_ddrphy_top/u_ddrphy/dx_byte[1]$dx_byte_used$u_ddrphy_dx_byte_wrapper/u_ddrphy_byte" LOCATION="X0Y10Z0"
SYN-1001 : ADC: Instance "u_ph1p35_324_ddr_wrapper/u_ddr2/ph1p_ddrmc_wrapper/ph1p_ddrmc_top/u_ddr_phy/u_ddrphy_top/u_ddrphy_clk/ioclk[0]$u_ioclk_0" LOCATION="X0Y59Z0"
SYN-1001 : ADC: Instance "u_ph1p35_324_ddr_wrapper/u_ddr2/ph1p_ddrmc_wrapper/ph1p_ddrmc_top/u_ddr_phy/u_ddrphy_top/u_ddrphy_clk/ioclk[0]$u_ioclk_1" LOCATION="X0Y59Z1"
SYN-1001 : ADC: Instance "u_ph1p35_324_ddr_wrapper/u_ddr2/ph1p_ddrmc_wrapper/ph1p_ddrmc_top/u_ddr_phy/u_ddrphy_top/u_ddrphy_clk/ioclk[1]$u_ioclk_0" LOCATION="X0Y19Z0"
SYN-1001 : ADC: Instance "u_ph1p35_324_ddr_wrapper/u_ddr2/ph1p_ddrmc_wrapper/ph1p_ddrmc_top/u_ddr_phy/u_ddrphy_top/u_ddrphy_clk/ioclk[1]$u_ioclk_1" LOCATION="X0Y19Z1"
SYN-1001 : ADC: Instance "u_ph1p35_324_ddr_wrapper/u_ddr2/ph1p_ddrmc_wrapper/ph1p_ddrmc_top/u_ddr_phy/u_ddrphy_top/u_ddrphy_clk/u_mlclk_1" LOCATION="X0Y59Z0"
SYN-1001 : ADC: Instance "u_ph1p35_324_ddr_wrapper/u_ddr2/ph1p_ddrmc_wrapper/ph1p_ddrmc_top/u_ddr_phy/u_ddrphy_top/u_ddrphy_clk/u_mlclk_2" LOCATION="X0Y59Z1"
SYN-1001 : ADC: Instance "u_ph1p35_324_ddr_wrapper/u_ddr2/ph1p_ddrmc_wrapper/ph1p_ddrmc_top/u_ddr_phy/u_ddrphy_top/u_ddrphy_clk/u_pll0/u_pll_inst" LOCATION="X0Y40Z0"
SYN-1001 : ADC: Instance "u_ph1p35_324_ddr_wrapper/u_ddr2/ph1p_ddrmc_wrapper/ph1p_ddrmc_top/u_ddr_phy/u_ddrphy_top/u_ddrphy_clk/u_pll1/u_pll_inst" LOCATION="X0Y79Z0"
PHY-1001 : Remove keep and sweep redundant instances ...
PHY-1001 : 12148 luts, 14102 seqs, 536 mslices, 3140 lslices, 54 pads, 30 brams, 21 dsps
PHY-1001 : End Stage 1.1 | Build Design; Time: 0.275428s wall, 0.281250s user + 0.000000s system = 0.281250s CPU (102.1%); Memory(MB): used = 611, reserved = 599, peak = 611;

PHY-1001 : Stage 1.2 | Optimize Design
OPT-1001 : Stage 1.2.1 | Simplify Lut
OPT-1001 : End Stage 1.2.1 | Simplify Lut; Time: 0.046567s wall, 0.046875s user + 0.000000s system = 0.046875s CPU (100.7%); Memory(MB): used = 611, reserved = 599, peak = 611;

OPT-1001 : Stage 1.2.2 | Sweep
OPT-1001 : End Stage 1.2.2 | Sweep; Time: 0.010393s wall, 0.015625s user + 0.000000s system = 0.015625s CPU (150.3%); Memory(MB): used = 611, reserved = 599, peak = 611;

OPT-1001 : Stage 1.2.3 | Merge Lut
OPT-1001 : Start remap optimization ...
RUN-1001 :   Added 0 lut1 for undup drivers
OPT-1001 : skip lut merge since lut number 12146 is similar to or less than reg number 14102
OPT-1001 : End Stage 1.2.3 | Merge Lut; Time: 0.014770s wall, 0.015625s user + 0.000000s system = 0.015625s CPU (105.8%); Memory(MB): used = 611, reserved = 599, peak = 611;

OPT-1001 : Stage 1.2.4 | Synthesize High-fanout Net
OPT-1001 : Start high-fanout net optimization in pre-place flow with medium effort ...
RUN-1001 : HFN opt statistic
RUN-1001 : ------------------------------------------------------
RUN-1001 :   DriverCell type  |  HFN count  |  Duplicated count  
RUN-1001 : ------------------------------------------------------
RUN-1001 :       LSLICE       |      0      |         0          
RUN-1001 :       MSLICE       |      0      |         0          
RUN-1001 :        TOTAL       |      0      |         0          
RUN-1001 : ------------------------------------------------------
OPT-1001 : End high-fanout net optimization;  0.000062s wall, 0.000000s user + 0.000000s system = 0.000000s CPU (n/a%)

OPT-1001 : Current memory(MB): used = 611, reserved = 599, peak = 611.
OPT-1001 : End Stage 1.2.4 | Synthesize High-fanout Net; Time: 0.000116s wall, 0.000000s user + 0.000000s system = 0.000000s CPU (n/a%); Memory(MB): used = 611, reserved = 599, peak = 611;

OPT-1001 : End physical optimization;  0.072026s wall, 0.078125s user + 0.000000s system = 0.078125s CPU (108.5%)

PHY-1001 : End Stage 1.2 | Optimize Design; Time: 0.072072s wall, 0.078125s user + 0.000000s system = 0.078125s CPU (108.4%); Memory(MB): used = 611, reserved = 599, peak = 611;

PHY-1001 : Stage 1.3 | Initialize Clock
PHY-1001 : Start to synthesize physical clock networks.
RUN-1002 : start command "start_timer"
USR-1002 : Derived clock:  create_generated_clock -name {u_PLL/ph1p_phy_pll_wrapper_25a56e5ce2f9_Inst/u_PH1P_PHY_PLL.clkc[0]} -source [get_ports {I_sys_clk}] -master_clock {sys_clk_50m} -multiply_by 2.0000 -duty_cycle 50.0000 [get_pins {u_PLL/ph1p_phy_pll_wrapper_25a56e5ce2f9_Inst/u_PH1P_PHY_PLL.clkc[0]}]
USR-1002 : Derived clock:  create_generated_clock -name {u_PLL/ph1p_phy_pll_wrapper_25a56e5ce2f9_Inst/u_PH1P_PHY_PLL.clkc[1]} -source [get_ports {I_sys_clk}] -master_clock {sys_clk_50m} -divide_by 2.0769 -duty_cycle 50.0000 [get_pins {u_PLL/ph1p_phy_pll_wrapper_25a56e5ce2f9_Inst/u_PH1P_PHY_PLL.clkc[1]}]
USR-1002 : Derived clock:  create_generated_clock -name {u_PLL/ph1p_phy_pll_wrapper_25a56e5ce2f9_Inst/u_PH1P_PHY_PLL.clkc[4]} -source [get_ports {I_sys_clk}] -master_clock {sys_clk_50m} -multiply_by 1.0400 -duty_cycle 50.0000 [get_pins {u_PLL/ph1p_phy_pll_wrapper_25a56e5ce2f9_Inst/u_PH1P_PHY_PLL.clkc[4]}]
USR-1002 : Derived clock:  create_generated_clock -name {u_PLL/ph1p_phy_pll_wrapper_25a56e5ce2f9_Inst/u_PH1P_PHY_PLL.clkc[5]} -source [get_ports {I_sys_clk}] -master_clock {sys_clk_50m} -multiply_by 5.2000 -duty_cycle 50.0000 [get_pins {u_PLL/ph1p_phy_pll_wrapper_25a56e5ce2f9_Inst/u_PH1P_PHY_PLL.clkc[5]}]
USR-1002 : Derived clock:  create_generated_clock -name {u_ph1p35_324_ddr_wrapper/u_ddr2/ph1p_ddrmc_wrapper/ph1p_ddrmc_top/u_ddr_phy/u_ddrphy_top/u_ddrphy_clk/u_pll0/u_pll_inst.clkc[0]} -source [get_ports {I_sys_clk}] -master_clock {sys_clk_50m} -multiply_by 1.3333 -duty_cycle 50.0000 [get_pins {u_ph1p35_324_ddr_wrapper/u_ddr2/ph1p_ddrmc_wrapper/ph1p_ddrmc_top/u_ddr_phy/u_ddrphy_top/u_ddrphy_clk/u_pll0/u_pll_inst.clkc[0]}]
USR-1002 : Derived clock:  create_generated_clock -name {u_ph1p35_324_ddr_wrapper/u_ddr2/ph1p_ddrmc_wrapper/ph1p_ddrmc_top/u_ddr_phy/u_ddrphy_top/u_ddrphy_clk/u_pll0/u_pll_inst.clkc[1]} -source [get_ports {I_sys_clk}] -master_clock {sys_clk_50m} -multiply_by 1.3333 -duty_cycle 50.0000 [get_pins {u_ph1p35_324_ddr_wrapper/u_ddr2/ph1p_ddrmc_wrapper/ph1p_ddrmc_top/u_ddr_phy/u_ddrphy_top/u_ddrphy_clk/u_pll0/u_pll_inst.clkc[1]}]
USR-1002 : Derived clock:  create_generated_clock -name {u_ph1p35_324_ddr_wrapper/u_ddr2/ph1p_ddrmc_wrapper/ph1p_ddrmc_top/u_ddr_phy/u_ddrphy_top/u_ddrphy_clk/u_pll0/u_pll_inst.clkc[2]} -source [get_ports {I_sys_clk}] -master_clock {sys_clk_50m} -multiply_by 5.3333 -duty_cycle 50.0000 [get_pins {u_ph1p35_324_ddr_wrapper/u_ddr2/ph1p_ddrmc_wrapper/ph1p_ddrmc_top/u_ddr_phy/u_ddrphy_top/u_ddrphy_clk/u_pll0/u_pll_inst.clkc[2]}]
USR-1002 : Derived clock:  create_generated_clock -name {u_ph1p35_324_ddr_wrapper/u_ddr2/ph1p_ddrmc_wrapper/ph1p_ddrmc_top/u_ddr_phy/u_ddrphy_top/u_ddrphy_clk/u_pll0/u_pll_inst.clkc[3]} -source [get_ports {I_sys_clk}] -master_clock {sys_clk_50m} -divide_by 1.9687 -duty_cycle 50.0000 [get_pins {u_ph1p35_324_ddr_wrapper/u_ddr2/ph1p_ddrmc_wrapper/ph1p_ddrmc_top/u_ddr_phy/u_ddrphy_top/u_ddrphy_clk/u_pll0/u_pll_inst.clkc[3]}]
USR-1002 : Derived clock:  create_generated_clock -name {u_ph1p35_324_ddr_wrapper/u_ddr2/ph1p_ddrmc_wrapper/ph1p_ddrmc_top/u_ddr_phy/u_ddrphy_top/u_ddrphy_clk/u_pll1/u_pll_inst.clkc[0]} -source [get_pins {u_ph1p35_324_ddr_wrapper/u_ddr2/ph1p_ddrmc_wrapper/ph1p_ddrmc_top/u_ddr_phy/u_ddrphy_top/u_ddrphy_clk/u_pll0/u_pll_inst.clkc[0]}] -master_clock {u_ph1p35_324_ddr_wrapper/u_ddr2/ph1p_ddrmc_wrapper/ph1p_ddrmc_top/u_ddr_phy/u_ddrphy_top/u_ddrphy_clk/u_pll0/u_pll_inst.clkc[0]} -multiply_by 1.0000 -duty_cycle 50.0000 [get_pins {u_ph1p35_324_ddr_wrapper/u_ddr2/ph1p_ddrmc_wrapper/ph1p_ddrmc_top/u_ddr_phy/u_ddrphy_top/u_ddrphy_clk/u_pll1/u_pll_inst.clkc[0]}]
8.888000
15.000000
15.000000
19.230000
RUN-1003 : finish command "start_timer" in  1.192281s wall, 1.171875s user + 0.031250s system = 1.203125s CPU (100.9%)

RUN-1004 : used memory is 813 MB, reserved memory is 807 MB, peak memory is 813 MB
TMR-2502 : Net delay update with mode: Synthesized
PHY-5060 CRITICAL-WARNING: Clock net candidate u_uicfgcs500/uii2c_inst/scl_clk has mixed fanouts of 1 clock pins; 2 data/ctrl pins. Please check connection of the net in design.
PHY-5060 CRITICAL-WARNING: Clock net candidate O_cam_24m_syn_3 has mixed fanouts of 83 clock pins; 1 data/ctrl pins. Please check connection of the net in design.
PHY-1001 : Populate physical database on model design_top_wrapper.
RUN-1001 : There are total 30155 instances
RUN-0007 : 12146 luts, 14102 seqs, 536 mslices, 3140 lslices, 54 pads, 30 brams, 21 dsps
RUN-1001 : There are total 41646 nets
RUN-1001 : 28683 nets have 2 pins
RUN-1001 : 10314 nets have [3 - 5] pins
RUN-1001 : 1888 nets have [6 - 10] pins
RUN-1001 : 415 nets have [11 - 20] pins
RUN-1001 : 279 nets have [21 - 99] pins
RUN-1001 : 67 nets have 100+ pins
PHY-1001 : Start to check user instance location assignments; please refer to ADC constraint.
PHY-1001 : End Stage 1.3 | Initialize Clock; Time: 1.958120s wall, 1.906250s user + 0.046875s system = 1.953125s CPU (99.7%); Memory(MB): used = 905, reserved = 897, peak = 905;

PHY-1001 : End Stage 1 | Initialize Design; Time: 2.331434s wall, 2.281250s user + 0.046875s system = 2.328125s CPU (99.9%); Memory(MB): used = 905, reserved = 897, peak = 905;

PHY-1001 : Stage 2 | Global Placement
RUN-1001 : Report Control nets information:
RUN-1001 : DFF Distribution
RUN-1001 : -------------------------------------
RUN-1001 :   CE   |  SSR  |  ASR  |  DFF Count  
RUN-1001 : -------------------------------------
RUN-1001 :   No   |  No   |  No   |    6682     
RUN-1001 :   No   |  No   |  Yes  |    3853     
RUN-1001 :   No   |  Yes  |  No   |     217     
RUN-1001 :   Yes  |  No   |  No   |     424     
RUN-1001 :   Yes  |  No   |  Yes  |    3004     
RUN-1001 :   Yes  |  Yes  |  No   |     146     
RUN-1001 : -------------------------------------
RUN-1001 : Control Group Statistic
RUN-1001 : -----------------------------
RUN-1001 :   #CLK  |  #CE  |  #SSR/ASR  
RUN-1001 : -----------------------------
RUN-1001 :    9    |  123  |     26     
RUN-1001 : -----------------------------
RUN-0007 : Control Set = 159
PHY-1001 : Stage 2.1 | Place Fixed Instances
PHY-1001 : Processing 2 clock pins of DDR instance u_ph1p35_324_ddr_wrapper/u_ddr2/ph1p_ddrmc_wrapper/ph1p_ddrmc_top/u_ddr_phy/u_ddrphy_top/u_ddrphy/ac_byte[0]$ac_byte_used$u_ddrphy_ac_byte_wrapper/u_ddrphy_byte, location = x0y70z0.
PHY-1001 :   User location X0Y59Z1 of ioclk instance u_ph1p35_324_ddr_wrapper/u_ddr2/ph1p_ddrmc_wrapper/ph1p_ddrmc_top/u_ddr_phy/u_ddrphy_top/u_ddrphy_clk/ioclk[0]$u_ioclk_1.
PHY-1001 :   Placement of ioclk instance u_ph1p35_324_ddr_wrapper/u_ddr2/ph1p_ddrmc_wrapper/ph1p_ddrmc_top/u_ddr_phy/u_ddrphy_top/u_ddrphy_clk/ioclk[0]$u_ioclk_1; location = x0y59z1.
PHY-1001 :   User location X0Y59Z0 of ioclk instance u_ph1p35_324_ddr_wrapper/u_ddr2/ph1p_ddrmc_wrapper/ph1p_ddrmc_top/u_ddr_phy/u_ddrphy_top/u_ddrphy_clk/ioclk[0]$u_ioclk_0.
PHY-1001 :   Placement of ioclk instance u_ph1p35_324_ddr_wrapper/u_ddr2/ph1p_ddrmc_wrapper/ph1p_ddrmc_top/u_ddr_phy/u_ddrphy_top/u_ddrphy_clk/ioclk[0]$u_ioclk_0; location = x0y59z0.
PHY-1001 : Processing 2 clock pins of DDR instance u_ph1p35_324_ddr_wrapper/u_ddr2/ph1p_ddrmc_wrapper/ph1p_ddrmc_top/u_ddr_phy/u_ddrphy_top/u_ddrphy/ac_byte[1]$ac_byte_used$u_ddrphy_ac_byte_wrapper/u_ddrphy_byte, location = x0y60z0.
PHY-1001 :   Placed ioclk instance u_ph1p35_324_ddr_wrapper/u_ddr2/ph1p_ddrmc_wrapper/ph1p_ddrmc_top/u_ddr_phy/u_ddrphy_top/u_ddrphy_clk/ioclk[0]$u_ioclk_1, location = x0y59z1.
PHY-1001 :   Placed ioclk instance u_ph1p35_324_ddr_wrapper/u_ddr2/ph1p_ddrmc_wrapper/ph1p_ddrmc_top/u_ddr_phy/u_ddrphy_top/u_ddrphy_clk/ioclk[0]$u_ioclk_0, location = x0y59z0.
PHY-1001 : Processing 2 clock pins of DDR instance u_ph1p35_324_ddr_wrapper/u_ddr2/ph1p_ddrmc_wrapper/ph1p_ddrmc_top/u_ddr_phy/u_ddrphy_top/u_ddrphy/ac_byte[2]$ac_byte_used$u_ddrphy_ac_byte_wrapper/u_ddrphy_byte, location = x0y50z0.
PHY-1001 :   Placed ioclk instance u_ph1p35_324_ddr_wrapper/u_ddr2/ph1p_ddrmc_wrapper/ph1p_ddrmc_top/u_ddr_phy/u_ddrphy_top/u_ddrphy_clk/ioclk[0]$u_ioclk_1, location = x0y59z1.
PHY-1001 :   Placed ioclk instance u_ph1p35_324_ddr_wrapper/u_ddr2/ph1p_ddrmc_wrapper/ph1p_ddrmc_top/u_ddr_phy/u_ddrphy_top/u_ddrphy_clk/ioclk[0]$u_ioclk_0, location = x0y59z0.
PHY-1001 : Processing 2 clock pins of DDR instance u_ph1p35_324_ddr_wrapper/u_ddr2/ph1p_ddrmc_wrapper/ph1p_ddrmc_top/u_ddr_phy/u_ddrphy_top/u_ddrphy/ac_byte[3]$ac_byte_used$u_ddrphy_ac_byte_wrapper/u_ddrphy_byte, location = x0y40z0.
PHY-1001 :   Placed ioclk instance u_ph1p35_324_ddr_wrapper/u_ddr2/ph1p_ddrmc_wrapper/ph1p_ddrmc_top/u_ddr_phy/u_ddrphy_top/u_ddrphy_clk/ioclk[0]$u_ioclk_1, location = x0y59z1.
PHY-1001 :   Placed ioclk instance u_ph1p35_324_ddr_wrapper/u_ddr2/ph1p_ddrmc_wrapper/ph1p_ddrmc_top/u_ddr_phy/u_ddrphy_top/u_ddrphy_clk/ioclk[0]$u_ioclk_0, location = x0y59z0.
PHY-1001 : Processing 2 clock pins of DDR instance u_ph1p35_324_ddr_wrapper/u_ddr2/ph1p_ddrmc_wrapper/ph1p_ddrmc_top/u_ddr_phy/u_ddrphy_top/u_ddrphy/dx_byte[0]$dx_byte_used$u_ddrphy_dx_byte_wrapper/u_ddrphy_byte, location = x0y30z0.
PHY-1001 :   User location X0Y19Z1 of ioclk instance u_ph1p35_324_ddr_wrapper/u_ddr2/ph1p_ddrmc_wrapper/ph1p_ddrmc_top/u_ddr_phy/u_ddrphy_top/u_ddrphy_clk/ioclk[1]$u_ioclk_1.
PHY-1001 :   Placement of ioclk instance u_ph1p35_324_ddr_wrapper/u_ddr2/ph1p_ddrmc_wrapper/ph1p_ddrmc_top/u_ddr_phy/u_ddrphy_top/u_ddrphy_clk/ioclk[1]$u_ioclk_1; location = x0y19z1.
PHY-1001 :   User location X0Y19Z0 of ioclk instance u_ph1p35_324_ddr_wrapper/u_ddr2/ph1p_ddrmc_wrapper/ph1p_ddrmc_top/u_ddr_phy/u_ddrphy_top/u_ddrphy_clk/ioclk[1]$u_ioclk_0.
PHY-1001 :   Placement of ioclk instance u_ph1p35_324_ddr_wrapper/u_ddr2/ph1p_ddrmc_wrapper/ph1p_ddrmc_top/u_ddr_phy/u_ddrphy_top/u_ddrphy_clk/ioclk[1]$u_ioclk_0; location = x0y19z0.
PHY-1001 : Processing 2 clock pins of DDR instance u_ph1p35_324_ddr_wrapper/u_ddr2/ph1p_ddrmc_wrapper/ph1p_ddrmc_top/u_ddr_phy/u_ddrphy_top/u_ddrphy/dx_byte[1]$dx_byte_used$u_ddrphy_dx_byte_wrapper/u_ddrphy_byte, location = x0y10z0.
PHY-1001 :   Placed ioclk instance u_ph1p35_324_ddr_wrapper/u_ddr2/ph1p_ddrmc_wrapper/ph1p_ddrmc_top/u_ddr_phy/u_ddrphy_top/u_ddrphy_clk/ioclk[1]$u_ioclk_1, location = x0y19z1.
PHY-1001 :   Placed ioclk instance u_ph1p35_324_ddr_wrapper/u_ddr2/ph1p_ddrmc_wrapper/ph1p_ddrmc_top/u_ddr_phy/u_ddrphy_top/u_ddrphy_clk/ioclk[1]$u_ioclk_0, location = x0y19z0.
PHY-1001 : DDR MLCLK topology u_ph1p35_324_ddr_wrapper/u_ddr2/ph1p_ddrmc_wrapper/ph1p_ddrmc_top/u_ddr_phy/u_ddrphy_top/u_ddrphy_clk/u_mlclk_1.
PHY-1001 :   Driver: PH1P_PHY_PLL_V2 u_ph1p35_324_ddr_wrapper/u_ddr2/ph1p_ddrmc_wrapper/ph1p_ddrmc_top/u_ddr_phy/u_ddrphy_top/u_ddrphy_clk/u_pll0/u_pll_inst.clkc[1], user location :X0Y40Z0.
PHY-1001 :   Sink: PH1P_PHY_IOCLK u_ph1p35_324_ddr_wrapper/u_ddr2/ph1p_ddrmc_wrapper/ph1p_ddrmc_top/u_ddr_phy/u_ddrphy_top/u_ddrphy_clk/ioclk[0]$u_ioclk_0, location = x0y59z0, sectorID = 1.
PHY-1001 :   Sink: PH1P_PHY_IOCLK u_ph1p35_324_ddr_wrapper/u_ddr2/ph1p_ddrmc_wrapper/ph1p_ddrmc_top/u_ddr_phy/u_ddrphy_top/u_ddrphy_clk/ioclk[1]$u_ioclk_0, location = x0y19z0, sectorID = 0.
PHY-1001 : Placement of MLCLK instance u_ph1p35_324_ddr_wrapper/u_ddr2/ph1p_ddrmc_wrapper/ph1p_ddrmc_top/u_ddr_phy/u_ddrphy_top/u_ddrphy_clk/u_mlclk_1; location = x0y59z0,  sectorID = 1.
PHY-1001 : DDR MLCLK topology u_ph1p35_324_ddr_wrapper/u_ddr2/ph1p_ddrmc_wrapper/ph1p_ddrmc_top/u_ddr_phy/u_ddrphy_top/u_ddrphy_clk/u_mlclk_2.
PHY-1001 :   Driver: PH1P_PHY_PLL_V2 u_ph1p35_324_ddr_wrapper/u_ddr2/ph1p_ddrmc_wrapper/ph1p_ddrmc_top/u_ddr_phy/u_ddrphy_top/u_ddrphy_clk/u_pll0/u_pll_inst.clkc[2], user location :X0Y40Z0.
PHY-1001 :   Sink: PH1P_PHY_IOCLK u_ph1p35_324_ddr_wrapper/u_ddr2/ph1p_ddrmc_wrapper/ph1p_ddrmc_top/u_ddr_phy/u_ddrphy_top/u_ddrphy_clk/ioclk[0]$u_ioclk_1, location = x0y59z1, sectorID = 1.
PHY-1001 :   Sink: PH1P_PHY_IOCLK u_ph1p35_324_ddr_wrapper/u_ddr2/ph1p_ddrmc_wrapper/ph1p_ddrmc_top/u_ddr_phy/u_ddrphy_top/u_ddrphy_clk/ioclk[1]$u_ioclk_1, location = x0y19z1, sectorID = 0.
PHY-1001 : Placement of MLCLK instance u_ph1p35_324_ddr_wrapper/u_ddr2/ph1p_ddrmc_wrapper/ph1p_ddrmc_top/u_ddr_phy/u_ddrphy_top/u_ddrphy_clk/u_mlclk_2; location = x0y59z1,  sectorID = 1.
PHY-5016 WARNING: PLL clkc is driving an IO without location.
PHY-5016 WARNING: PLL clkc is not driving a clock-capable IO.
PHY-5016 WARNING: PLL clkc is driving an IO without location.
PHY-5016 WARNING: PLL clkc is not driving a clock-capable IO.
PHY-1001 : End Stage 2.1 | Place Fixed Instances; Time: 0.043181s wall, 0.031250s user + 0.000000s system = 0.031250s CPU (72.4%); Memory(MB): used = 934, reserved = 926, peak = 934;

PHY-1001 : Stage 2.2 | Pre-Place DRC Check
PHY-1001 : Stage 2.2.1 | Force Route Constraint Check
PHY-1001 : Check Pass.
PHY-1001 : End Stage 2.2.1 | Force Route Constraint Check; Time: 0.001690s wall, 0.015625s user + 0.000000s system = 0.015625s CPU (924.4%); Memory(MB): used = 934, reserved = 926, peak = 934;

PHY-1001 : End Stage 2.2 | Pre-Place DRC Check; Time: 0.001718s wall, 0.015625s user + 0.000000s system = 0.015625s CPU (909.3%); Memory(MB): used = 934, reserved = 926, peak = 934;

PHY-1001 : Clock GCLK Statistics:
RUN-1001 : GCLK Index: 
RUN-1001 : -------------------------------------------------------------------------------------------------------------------------------------------------------
RUN-1001 :   Index  |                                                          Clock GCLK                                                           |  Location   
RUN-1001 : -------------------------------------------------------------------------------------------------------------------------------------------------------
RUN-1001 :     1    |                           u_mipi_dphy_rx_ph1p_mipiio_wrapper/u_ph1p_mipiio_rx_wrapper/bufg_feedback                           |  x23y39z0   
RUN-1001 :     2    |   u_ph1p35_324_ddr_wrapper/u_ddr2/ph1p_ddrmc_wrapper/ph1p_ddrmc_top/u_ddr_phy/u_ddrphy_top/u_ddrphy_clk/u_pll1/u_bufg_fbclk   |  x23y39z16  
RUN-1001 :     3    |                                              u_hdmi_mixer/I_clk_created_gclkinst                                              |  x23y39z17  
RUN-1001 :     4    |                                               I_sys_clk_dup_6_created_gclkinst                                                |  x23y39z22  
RUN-1001 :     5    |                                               O_cam_24m_dup_1_created_gclkinst                                                |  x23y39z18  
RUN-1001 :     6    |                          u_hdmi_tx/u_hdmi2phy_wrapper/u0_lane_lvds_8_1/I_serial_clk_created_gclkinst                          |  x23y39z19  
RUN-1001 :     7    |  u_ph1p35_324_ddr_wrapper/u_ddr2/ph1p_ddrmc_wrapper/ph1p_ddrmc_top/u_ddr_phy/u_ddrphy_top/u_ddrphy/apb_pclk_created_gclkinst  |  x23y39z20  
RUN-1001 :     8    |                                       u_uicfgcs500/uii2c_inst/scl_clk_created_gclkinst                                        |  x23y39z1   
RUN-1001 :     9    |                                                      u_PLL/bufg_feedback                                                      |  x23y39z21  
RUN-1001 : -------------------------------------------------------------------------------------------------------------------------------------------------------
RUN-1001 : Clock Nets Connect To GCLK Statistics: 
RUN-1001 : -----------------------------------------------------------------------------------------------------------------------------------------------------------------------------------------
RUN-1001 :   Index  |                        Leading Net                        |  CLK/DATA/IO/PLL Sink(s)  |                       Following Net                       |  CLK/DATA/IO/PLL Sink(s)  
RUN-1001 : -----------------------------------------------------------------------------------------------------------------------------------------------------------------------------------------
RUN-1001 :     1    | u_mipi_dphy_rx_ph1p_mipiio_wrapper/u_ph1p_mipiio_rx_w...  |          1/0/0/0          | u_isp_top/u_demosaic/raw_matrix_3x3_buffer_d/zhenghe_...  |        8947/0/0/0         
RUN-1001 :     2    | u_ph1p35_324_ddr_wrapper/u_ddr2/ph1p_ddrmc_wrapper/ph...  |          1/0/0/0          | u_ph1p35_324_ddr_wrapper/u_ddr2/ph1p_ddrmc_wrapper/ph...  |        3529/0/0/0         
RUN-1001 :     3    |                    u_hdmi_mixer/I_clk                     |          1/0/0/0          |                u_hdmi_mixer/I_clk_syn_656                 |        1542/0/0/0         
RUN-1001 :     4    |                      I_sys_clk_dup_6                      |          3/0/0/0          |                      I_sys_clk_syn_8                      |         137/0/0/0         
RUN-1001 :     5    |                      O_cam_24m_dup_1                      |          1/0/0/0          |                      O_cam_24m_syn_3                      |         83/1/0/0          
RUN-1001 :     6    | u_hdmi_tx/u_hdmi2phy_wrapper/u0_lane_lvds_8_1/I_seria...  |          1/0/0/0          | u_hdmi_tx/u_hdmi2phy_wrapper/u0_lane_lvds_8_1/I_seria...  |         61/0/0/0          
RUN-1001 :     7    | u_ph1p35_324_ddr_wrapper/u_ddr2/ph1p_ddrmc_wrapper/ph...  |          1/0/0/0          | u_ph1p35_324_ddr_wrapper/u_ddr2/ph1p_ddrmc_wrapper/ph...  |         43/0/0/0          
RUN-1001 :     8    |              u_uicfgcs500/uii2c_inst/scl_clk              |          1/2/0/0          |           u_uicfgcs500/uii2c_inst/scl_clk_syn_9           |         24/0/0/0          
RUN-1001 :     9    |                      u_PLL/clk0_buf                       |          1/0/0/0          | u_mipi_dphy_rx_ph1p_mipiio_wrapper/u_ph1p_mipiio_rx_w...  |         13/0/0/0          
RUN-1001 : -----------------------------------------------------------------------------------------------------------------------------------------------------------------------------------------
PHY-1001 : Stage 2.3 | Global Placement Step 1
PHY-3001 : Target density is 60%
PHY-1001 : Stage 2.3.1 | Update Timing
RUN-1002 : start command "start_timer"
PHY-1001 : SWNS: 919, STNS: 0, FEP: 0
PHY-1001 : End Stage 2.3.1 | Update Timing; Time: 1.535440s wall, 1.515625s user + 0.000000s system = 1.515625s CPU (98.7%); Memory(MB): used = 985, reserved = 978, peak = 985;

PHY-0007 : Cell area utilization is 54%
RUN-1001 : Huge Net Statistic
RUN-1001 : ----------------------------------------------------------------------------------------------------------------------------------------------------------------------------------------
RUN-1001 :   Fanout  |  Slack  |                                                                                Net                                                                                
RUN-1001 : ----------------------------------------------------------------------------------------------------------------------------------------------------------------------------------------
RUN-1001 :    3509   |   Inf   |                                u_ph1p35_324_ddr_wrapper/u_ddr2/ph1p_ddrmc_wrapper/ph1p_ddrmc_top/u_ddr_phy/u_ddrphy_top/sys_rst_n                                 
RUN-1001 :    1472   |  11982  |                                u_ph1p35_324_ddr_wrapper/u_ddr2/ph1p_ddrmc_wrapper/ph1p_ddrmc_top/u_alc_mc_top/u_rbuf_addr_fifo/rst                                
RUN-1001 :    1089   |   Inf   |  u_ph1p35_324_ddr_wrapper/u_ddr2/ph1p_ddrmc_wrapper/ph1p_ddrmc_top/u_ddr_phy/u_ddrphy_top/u_ddrphy/dx_byte[1]$dx_byte_used$u_ddrphy_dx_byte_wrapper/dx_phy_rst_n  
RUN-1001 : ----------------------------------------------------------------------------------------------------------------------------------------------------------------------------------------
PHY-3001 : Clustering ...
PHY-3001 : End clustering;  0.094137s wall, 0.312500s user + 0.140625s system = 0.453125s CPU (481.3%)

PHY-3001 : Target density is 60%
PHY-1001 : Stage 2.3.2 | GP Iteration
PHY-1001 : End Stage 2.3.2 | GP Iteration; Time: 2.490188s wall, 7.781250s user + 5.578125s system = 13.359375s CPU (536.5%); Memory(MB): used = 997, reserved = 989, peak = 997;

PHY-3001 : Multithread accelerating rate: 5.30
RUN-1002 : start command "start_timer"
USR-1002 : Derived clock:  create_generated_clock -name {u_PLL/ph1p_phy_pll_wrapper_25a56e5ce2f9_Inst/u_PH1P_PHY_PLL.clkc[0]} -source [get_ports {I_sys_clk}] -master_clock {sys_clk_50m} -multiply_by 2.0000 -duty_cycle 50.0000 [get_pins {u_PLL/ph1p_phy_pll_wrapper_25a56e5ce2f9_Inst/u_PH1P_PHY_PLL.clkc[0]}]
USR-1002 : Derived clock:  create_generated_clock -name {u_PLL/ph1p_phy_pll_wrapper_25a56e5ce2f9_Inst/u_PH1P_PHY_PLL.clkc[1]} -source [get_ports {I_sys_clk}] -master_clock {sys_clk_50m} -divide_by 2.0769 -duty_cycle 50.0000 [get_pins {u_PLL/ph1p_phy_pll_wrapper_25a56e5ce2f9_Inst/u_PH1P_PHY_PLL.clkc[1]}]
USR-1002 : Derived clock:  create_generated_clock -name {u_PLL/ph1p_phy_pll_wrapper_25a56e5ce2f9_Inst/u_PH1P_PHY_PLL.clkc[4]} -source [get_ports {I_sys_clk}] -master_clock {sys_clk_50m} -multiply_by 1.0400 -duty_cycle 50.0000 [get_pins {u_PLL/ph1p_phy_pll_wrapper_25a56e5ce2f9_Inst/u_PH1P_PHY_PLL.clkc[4]}]
USR-1002 : Derived clock:  create_generated_clock -name {u_PLL/ph1p_phy_pll_wrapper_25a56e5ce2f9_Inst/u_PH1P_PHY_PLL.clkc[5]} -source [get_ports {I_sys_clk}] -master_clock {sys_clk_50m} -multiply_by 5.2000 -duty_cycle 50.0000 [get_pins {u_PLL/ph1p_phy_pll_wrapper_25a56e5ce2f9_Inst/u_PH1P_PHY_PLL.clkc[5]}]
USR-1002 : Derived clock:  create_generated_clock -name {u_ph1p35_324_ddr_wrapper/u_ddr2/ph1p_ddrmc_wrapper/ph1p_ddrmc_top/u_ddr_phy/u_ddrphy_top/u_ddrphy_clk/u_pll0/u_pll_inst.clkc[0]} -source [get_ports {I_sys_clk}] -master_clock {sys_clk_50m} -multiply_by 1.3333 -duty_cycle 50.0000 [get_pins {u_ph1p35_324_ddr_wrapper/u_ddr2/ph1p_ddrmc_wrapper/ph1p_ddrmc_top/u_ddr_phy/u_ddrphy_top/u_ddrphy_clk/u_pll0/u_pll_inst.clkc[0]}]
USR-1002 : Derived clock:  create_generated_clock -name {u_ph1p35_324_ddr_wrapper/u_ddr2/ph1p_ddrmc_wrapper/ph1p_ddrmc_top/u_ddr_phy/u_ddrphy_top/u_ddrphy_clk/u_pll0/u_pll_inst.clkc[1]} -source [get_ports {I_sys_clk}] -master_clock {sys_clk_50m} -multiply_by 1.3333 -duty_cycle 50.0000 [get_pins {u_ph1p35_324_ddr_wrapper/u_ddr2/ph1p_ddrmc_wrapper/ph1p_ddrmc_top/u_ddr_phy/u_ddrphy_top/u_ddrphy_clk/u_pll0/u_pll_inst.clkc[1]}]
USR-1002 : Derived clock:  create_generated_clock -name {u_ph1p35_324_ddr_wrapper/u_ddr2/ph1p_ddrmc_wrapper/ph1p_ddrmc_top/u_ddr_phy/u_ddrphy_top/u_ddrphy_clk/u_pll0/u_pll_inst.clkc[2]} -source [get_ports {I_sys_clk}] -master_clock {sys_clk_50m} -multiply_by 5.3333 -duty_cycle 50.0000 [get_pins {u_ph1p35_324_ddr_wrapper/u_ddr2/ph1p_ddrmc_wrapper/ph1p_ddrmc_top/u_ddr_phy/u_ddrphy_top/u_ddrphy_clk/u_pll0/u_pll_inst.clkc[2]}]
USR-1002 : Derived clock:  create_generated_clock -name {u_ph1p35_324_ddr_wrapper/u_ddr2/ph1p_ddrmc_wrapper/ph1p_ddrmc_top/u_ddr_phy/u_ddrphy_top/u_ddrphy_clk/u_pll0/u_pll_inst.clkc[3]} -source [get_ports {I_sys_clk}] -master_clock {sys_clk_50m} -divide_by 1.9687 -duty_cycle 50.0000 [get_pins {u_ph1p35_324_ddr_wrapper/u_ddr2/ph1p_ddrmc_wrapper/ph1p_ddrmc_top/u_ddr_phy/u_ddrphy_top/u_ddrphy_clk/u_pll0/u_pll_inst.clkc[3]}]
USR-1002 : Derived clock:  create_generated_clock -name {u_ph1p35_324_ddr_wrapper/u_ddr2/ph1p_ddrmc_wrapper/ph1p_ddrmc_top/u_ddr_phy/u_ddrphy_top/u_ddrphy_clk/u_pll1/u_pll_inst.clkc[0]} -source [get_pins {u_ph1p35_324_ddr_wrapper/u_ddr2/ph1p_ddrmc_wrapper/ph1p_ddrmc_top/u_ddr_phy/u_ddrphy_top/u_ddrphy_clk/u_pll0/u_pll_inst.clkc[0]}] -master_clock {u_ph1p35_324_ddr_wrapper/u_ddr2/ph1p_ddrmc_wrapper/ph1p_ddrmc_top/u_ddr_phy/u_ddrphy_top/u_ddrphy_clk/u_pll0/u_pll_inst.clkc[0]} -multiply_by 1.0000 -duty_cycle 50.0000 [get_pins {u_ph1p35_324_ddr_wrapper/u_ddr2/ph1p_ddrmc_wrapper/ph1p_ddrmc_top/u_ddr_phy/u_ddrphy_top/u_ddrphy_clk/u_pll1/u_pll_inst.clkc[0]}]
8.888000
15.000000
15.000000
19.230000
TMR-2502 : Net delay update with mode: Placed
PHY-3001 : No need to merge 9x9 Dsps.
PHY-1001 : Populate physical database on model design_top_wrapper.
PHY-1001 : End Stage 2.3 | Global Placement Step 1; Time: 6.306605s wall, 11.750000s user + 5.750000s system = 17.500000s CPU (277.5%); Memory(MB): used = 1059, reserved = 1051, peak = 1059;

PHY-1001 : Stage 2.4 | RAM/DSP Legalization and Detailed Placement
PHY-1001 : Stage 2.4.1 | Legalization
PHY-3001 : Before Legalized: Len = 1.96166e+06
PHY-3001 : After Legalized: Len = 1.99298e+06, Over = 99.4062
PHY-1001 : End Stage 2.4.1 | Legalization; Time: 0.953729s wall, 0.937500s user + 0.000000s system = 0.937500s CPU (98.3%); Memory(MB): used = 1061, reserved = 1052, peak = 1061;

PHY-1001 : Stage 2.4.2 | Detailed Placement
PHY-1001 : Stage 2.4.2.1 | Simulated Annealing Based DP
PHY-0007 : Initial: WL Cost = 175470, TD Cost = 1.23378e+06, SWNS = 2022, STNS = 0, Nums per T = 510, Range Limit = 2x32
PHY-0007 : Finally: WL Cost = 170210, TD Cost = 1.16597e+06, WL Ratio = 0.970027, TD Ratio = 0.945034, SWNS = 2022, STNS = 0
RUN-1001 : Print Detailed placement's Summary information
RUN-1001 : -------------------------------------------------------------------------------------------------------------------------------
RUN-1001 :             |  Total  |  Accept  |  Reject by overFlow  |  Reject by worseCost  |  Failed by noTarget  |  Failed by gridCheck  
RUN-1001 : -------------------------------------------------------------------------------------------------------------------------------
RUN-1001 :   RAM/DSPs  |  2550   |    84    |          0           |         2466          |          0           |           0           
RUN-1001 :    Macros   |  1051   |    36    |          0           |         1015          |          0           |           0           
RUN-1001 : -------------------------------------------------------------------------------------------------------------------------------
PHY-1001 : End Stage 2.4.2.1 | Simulated Annealing Based DP; Time: 1.497820s wall, 2.140625s user + 0.281250s system = 2.421875s CPU (161.7%); Memory(MB): used = 1064, reserved = 1055, peak = 1064;

PHY-3001 : End Detailed Place; 
PHY-1001 : End Stage 2.4.2 | Detailed Placement; Time: 1.601478s wall, 2.250000s user + 0.281250s system = 2.531250s CPU (158.1%); Memory(MB): used = 1064, reserved = 1055, peak = 1064;

PHY-1001 : End Stage 2.4 | RAM/DSP Legalization and Detailed Placement; Time: 2.555882s wall, 3.187500s user + 0.281250s system = 3.468750s CPU (135.7%); Memory(MB): used = 1064, reserved = 1055, peak = 1064;

PHY-1001 : Stage 2.5 | Global Placement Step 2
PHY-3001 : Target density is 60%
PHY-1001 : Stage 2.5.1 | Update Timing
PHY-1001 : SWNS: 2022, STNS: 0, FEP: 0
PHY-1001 : End Stage 2.5.1 | Update Timing; Time: 0.118010s wall, 0.125000s user + 0.000000s system = 0.125000s CPU (105.9%); Memory(MB): used = 1064, reserved = 1055, peak = 1064;

PHY-1001 : Stage 2.5.2 | Refresh Congestion
RUN-1001 : Generating global routing grids ...
RUN-1001 : Building simple global routing graph ...
PHY-1001 : Generate routing nets ...
PHY-1001 : Reuse net number 0/13826.
PHY-1001 : Global iterations in 32 thread ...
PHY-1002 : len = 2.03694e+06, over cnt = 2539(3%), over = 12777, worst = 64
PHY-1001 : End global iterations;  0.431059s wall, 0.687500s user + 0.031250s system = 0.718750s CPU (166.7%)

PHY-1001 : Congestion index:
PHY-1001 : top1  = 163.21(S 108.63, N 114.22, E 145.56, W 118.09, I 327.74, O 378.12)
PHY-1001 : top5  = 115.57(S 70.90, N 75.57, E 95.81, W 87.59, I 184.12, O 220.69)
PHY-1001 : top10 = 97.90(S 55.78, N 58.35, E 75.60, W 70.87, I 133.66, O 160.73)
PHY-1001 : top15 = 87.09(S 47.03, N 48.80, E 63.79, W 60.69, I 106.72, O 128.28)
PHY-1001 : End Stage 2.5.2 | Refresh Congestion; Time: 0.676108s wall, 0.937500s user + 0.031250s system = 0.968750s CPU (143.3%); Memory(MB): used = 1148, reserved = 1140, peak = 1148;

PHY-1001 : Stage 2.5.3 | GP Iteration
PHY-1001 : End Stage 2.5.3 | GP Iteration; Time: 2.093222s wall, 12.484375s user + 0.640625s system = 13.125000s CPU (627.0%); Memory(MB): used = 1155, reserved = 1146, peak = 1155;

PHY-3001 : Multithread accelerating rate: 6.21
PHY-1001 : End Stage 2.5 | Global Placement Step 2; Time: 3.861081s wall, 14.515625s user + 0.671875s system = 15.187500s CPU (393.3%); Memory(MB): used = 1158, reserved = 1149, peak = 1158;

PHY-1001 : Stage 2.6 | RAM/DSP Detailed Placement
PHY-1001 : Stage 2.6.1 | Detailed Placement
PHY-1001 : Stage 2.6.1.1 | Simulated Annealing Based DP
PHY-0007 : Initial: WL Cost = 136115, TD Cost = 1.43698e+06, SWNS = 1890, STNS = 0, Nums per T = 510, Range Limit = 2x32
PHY-0007 : Finally: WL Cost = 135841, TD Cost = 1.43704e+06, WL Ratio = 0.99799, TD Ratio = 1.00004, SWNS = 1890, STNS = 0
RUN-1001 : Print Detailed placement's Summary information
RUN-1001 : -------------------------------------------------------------------------------------------------------------------------------
RUN-1001 :             |  Total  |  Accept  |  Reject by overFlow  |  Reject by worseCost  |  Failed by noTarget  |  Failed by gridCheck  
RUN-1001 : -------------------------------------------------------------------------------------------------------------------------------
RUN-1001 :   RAM/DSPs  |  1530   |    9     |          0           |         1521          |          0           |           0           
RUN-1001 :    Macros   |   644   |    7     |          0           |          637          |          0           |           0           
RUN-1001 : -------------------------------------------------------------------------------------------------------------------------------
PHY-1001 : End Stage 2.6.1.1 | Simulated Annealing Based DP; Time: 0.994156s wall, 1.156250s user + 0.000000s system = 1.156250s CPU (116.3%); Memory(MB): used = 1160, reserved = 1152, peak = 1160;

PHY-3001 : End Detailed Place; 
PHY-1001 : End Stage 2.6.1 | Detailed Placement; Time: 1.103488s wall, 1.265625s user + 0.000000s system = 1.265625s CPU (114.7%); Memory(MB): used = 1160, reserved = 1152, peak = 1160;

PHY-1001 : Stage 2.6.2 | Spreading
OPT-1001 : Total overflow 647.88 peak overflow 5.44
PHY-3001 : Spreading for sector grids.
PHY-3001 : Iter 1, total overflow: 0
PHY-3001 : tot_capacity: 48, usage_cnt: 21, movable_cnt: 35
PHY-3001 : End spreading;  0.052542s wall, 0.046875s user + 0.000000s system = 0.046875s CPU (89.2%)

PHY-1001 : End Stage 2.6.2 | Spreading; Time: 0.052636s wall, 0.046875s user + 0.000000s system = 0.046875s CPU (89.1%); Memory(MB): used = 1160, reserved = 1152, peak = 1160;

PHY-1001 : End Stage 2.6 | RAM/DSP Detailed Placement; Time: 1.284146s wall, 1.437500s user + 0.000000s system = 1.437500s CPU (111.9%); Memory(MB): used = 1160, reserved = 1152, peak = 1160;

PHY-1001 : Stage 2.7 | Optimize Design
OPT-1001 : Start physical optimization ...
OPT-1001 : Total overflow 647.88 peak overflow 5.44
OPT-1001 : Stage 2.7.1 | Synthesize High-fanout Net
OPT-1001 : Start high-fanout net optimization in pre-pack flow with medium effort ...
OPT-1001 : Update timing in Manhattan mode
OPT-1001 : End timing update;  0.889729s wall, 0.875000s user + 0.000000s system = 0.875000s CPU (98.3%)

OPT-1001 : Start: SWNS 1890 STNS 0 NUM_FEPS 0
OPT-1001 : Total overflow 647.88 peak overflow 5.44
PHY-1001 : Populate physical database on model design_top_wrapper.
OPT-1001 : 49 high-fanout net processed.
PHY-3001 : Start incremental placement ...
PHY-1001 : Populate physical database on model design_top_wrapper.
PHY-1001 : Processing 2 clock pins of DDR instance u_ph1p35_324_ddr_wrapper/u_ddr2/ph1p_ddrmc_wrapper/ph1p_ddrmc_top/u_ddr_phy/u_ddrphy_top/u_ddrphy/ac_byte[0]$ac_byte_used$u_ddrphy_ac_byte_wrapper/u_ddrphy_byte, location = x0y70z0.
PHY-1001 :   Placed ioclk instance u_ph1p35_324_ddr_wrapper/u_ddr2/ph1p_ddrmc_wrapper/ph1p_ddrmc_top/u_ddr_phy/u_ddrphy_top/u_ddrphy_clk/ioclk[0]$u_ioclk_1, location = x0y59z1.
PHY-1001 :   Placed ioclk instance u_ph1p35_324_ddr_wrapper/u_ddr2/ph1p_ddrmc_wrapper/ph1p_ddrmc_top/u_ddr_phy/u_ddrphy_top/u_ddrphy_clk/ioclk[0]$u_ioclk_0, location = x0y59z0.
PHY-1001 : Processing 2 clock pins of DDR instance u_ph1p35_324_ddr_wrapper/u_ddr2/ph1p_ddrmc_wrapper/ph1p_ddrmc_top/u_ddr_phy/u_ddrphy_top/u_ddrphy/ac_byte[1]$ac_byte_used$u_ddrphy_ac_byte_wrapper/u_ddrphy_byte, location = x0y60z0.
PHY-1001 :   Placed ioclk instance u_ph1p35_324_ddr_wrapper/u_ddr2/ph1p_ddrmc_wrapper/ph1p_ddrmc_top/u_ddr_phy/u_ddrphy_top/u_ddrphy_clk/ioclk[0]$u_ioclk_1, location = x0y59z1.
PHY-1001 :   Placed ioclk instance u_ph1p35_324_ddr_wrapper/u_ddr2/ph1p_ddrmc_wrapper/ph1p_ddrmc_top/u_ddr_phy/u_ddrphy_top/u_ddrphy_clk/ioclk[0]$u_ioclk_0, location = x0y59z0.
PHY-1001 : Processing 2 clock pins of DDR instance u_ph1p35_324_ddr_wrapper/u_ddr2/ph1p_ddrmc_wrapper/ph1p_ddrmc_top/u_ddr_phy/u_ddrphy_top/u_ddrphy/ac_byte[2]$ac_byte_used$u_ddrphy_ac_byte_wrapper/u_ddrphy_byte, location = x0y50z0.
PHY-1001 :   Placed ioclk instance u_ph1p35_324_ddr_wrapper/u_ddr2/ph1p_ddrmc_wrapper/ph1p_ddrmc_top/u_ddr_phy/u_ddrphy_top/u_ddrphy_clk/ioclk[0]$u_ioclk_1, location = x0y59z1.
PHY-1001 :   Placed ioclk instance u_ph1p35_324_ddr_wrapper/u_ddr2/ph1p_ddrmc_wrapper/ph1p_ddrmc_top/u_ddr_phy/u_ddrphy_top/u_ddrphy_clk/ioclk[0]$u_ioclk_0, location = x0y59z0.
PHY-1001 : Processing 2 clock pins of DDR instance u_ph1p35_324_ddr_wrapper/u_ddr2/ph1p_ddrmc_wrapper/ph1p_ddrmc_top/u_ddr_phy/u_ddrphy_top/u_ddrphy/ac_byte[3]$ac_byte_used$u_ddrphy_ac_byte_wrapper/u_ddrphy_byte, location = x0y40z0.
PHY-1001 :   Placed ioclk instance u_ph1p35_324_ddr_wrapper/u_ddr2/ph1p_ddrmc_wrapper/ph1p_ddrmc_top/u_ddr_phy/u_ddrphy_top/u_ddrphy_clk/ioclk[0]$u_ioclk_1, location = x0y59z1.
PHY-1001 :   Placed ioclk instance u_ph1p35_324_ddr_wrapper/u_ddr2/ph1p_ddrmc_wrapper/ph1p_ddrmc_top/u_ddr_phy/u_ddrphy_top/u_ddrphy_clk/ioclk[0]$u_ioclk_0, location = x0y59z0.
PHY-1001 : Processing 2 clock pins of DDR instance u_ph1p35_324_ddr_wrapper/u_ddr2/ph1p_ddrmc_wrapper/ph1p_ddrmc_top/u_ddr_phy/u_ddrphy_top/u_ddrphy/dx_byte[0]$dx_byte_used$u_ddrphy_dx_byte_wrapper/u_ddrphy_byte, location = x0y30z0.
PHY-1001 :   Placed ioclk instance u_ph1p35_324_ddr_wrapper/u_ddr2/ph1p_ddrmc_wrapper/ph1p_ddrmc_top/u_ddr_phy/u_ddrphy_top/u_ddrphy_clk/ioclk[1]$u_ioclk_1, location = x0y19z1.
PHY-1001 :   Placed ioclk instance u_ph1p35_324_ddr_wrapper/u_ddr2/ph1p_ddrmc_wrapper/ph1p_ddrmc_top/u_ddr_phy/u_ddrphy_top/u_ddrphy_clk/ioclk[1]$u_ioclk_0, location = x0y19z0.
PHY-1001 : Processing 2 clock pins of DDR instance u_ph1p35_324_ddr_wrapper/u_ddr2/ph1p_ddrmc_wrapper/ph1p_ddrmc_top/u_ddr_phy/u_ddrphy_top/u_ddrphy/dx_byte[1]$dx_byte_used$u_ddrphy_dx_byte_wrapper/u_ddrphy_byte, location = x0y10z0.
PHY-1001 :   Placed ioclk instance u_ph1p35_324_ddr_wrapper/u_ddr2/ph1p_ddrmc_wrapper/ph1p_ddrmc_top/u_ddr_phy/u_ddrphy_top/u_ddrphy_clk/ioclk[1]$u_ioclk_1, location = x0y19z1.
PHY-1001 :   Placed ioclk instance u_ph1p35_324_ddr_wrapper/u_ddr2/ph1p_ddrmc_wrapper/ph1p_ddrmc_top/u_ddr_phy/u_ddrphy_top/u_ddrphy_clk/ioclk[1]$u_ioclk_0, location = x0y19z0.
PHY-3001 : Target density is 60%
PHY-3001 : Target density is 60%
PHY-1001 : Stage 2.7.1.1 | Update Timing
PHY-1001 : SWNS: 1890, STNS: 0, FEP: 0
PHY-1001 : End Stage 2.7.1.1 | Update Timing; Time: 0.097842s wall, 0.093750s user + 0.000000s system = 0.093750s CPU (95.8%); Memory(MB): used = 1166, reserved = 1160, peak = 1166;

PHY-1001 : Stage 2.7.1.2 | Refresh Congestion
RUN-1001 : Generating global routing grids ...
PHY-1001 : Generate routing nets ...
PHY-1001 : Reuse net number 225/26189.
PHY-1001 : Global iterations in 32 thread ...
PHY-1002 : len = 1.604e+06, over cnt = 3278(4%), over = 17145, worst = 52
PHY-1001 : End global iterations;  0.649739s wall, 1.375000s user + 0.015625s system = 1.390625s CPU (214.0%)

PHY-1001 : Congestion index:
PHY-1001 : top1  = 180.58(S 120.47, N 125.21, E 162.73, W 142.30, I 185.33, O 185.28)
PHY-1001 : top5  = 130.51(S 81.97, N 85.07, E 100.40, W 97.42, I 116.92, O 125.42)
PHY-1001 : top10 = 109.73(S 63.76, N 66.64, E 77.97, W 78.75, I 91.11, O 100.61)
PHY-1001 : top15 = 97.90(S 52.97, N 56.81, E 65.94, W 68.09, I 76.73, O 86.14)
PHY-1001 : End Stage 2.7.1.2 | Refresh Congestion; Time: 0.803898s wall, 1.515625s user + 0.015625s system = 1.531250s CPU (190.5%); Memory(MB): used = 1180, reserved = 1170, peak = 1180;

PHY-1001 : Stage 2.7.1.3 | GP Iteration
PHY-1001 : End Stage 2.7.1.3 | GP Iteration; Time: 1.347559s wall, 8.078125s user + 0.296875s system = 8.375000s CPU (621.5%); Memory(MB): used = 1180, reserved = 1170, peak = 1180;

PHY-3001 : Multithread accelerating rate: 6.14
OPT-1001 : Total overflow 658.25 peak overflow 8.44
PHY-3001 : Spreading for sector grids.
PHY-3001 : Iter 1, total overflow: 0
PHY-3001 : tot_capacity: 36, usage_cnt: 17, movable_cnt: 28
PHY-3001 : End spreading;  0.072355s wall, 0.062500s user + 0.000000s system = 0.062500s CPU (86.4%)

PHY-3001 : Final: Len = 1.19813e+06, Over = 160.094
PHY-3001 : End incremental placement;  2.514716s wall, 9.968750s user + 0.312500s system = 10.281250s CPU (408.8%)

OPT-1001 : Total overflow 658.25 peak overflow 8.44
RUN-1001 : HFN opt statistic
RUN-1001 : ------------------------------------------------------
RUN-1001 :   DriverCell type  |  HFN count  |  Duplicated count  
RUN-1001 : ------------------------------------------------------
RUN-1001 :         REG        |      3      |         14         
RUN-1001 :        LUT6        |     26      |         20         
RUN-1001 :        LUT5        |      4      |         21         
RUN-1001 :        LUT4        |      1      |         2          
RUN-1001 :        LUT3        |      1      |         1          
RUN-1001 :        LUT2        |     14      |         36         
RUN-1001 :        TOTAL       |     49      |         94         
RUN-1001 : ------------------------------------------------------
OPT-1001 : End high-fanout net optimization;  4.281871s wall, 11.718750s user + 0.312500s system = 12.031250s CPU (281.0%)

OPT-1001 : Update timing in Manhattan mode
OPT-1001 : End timing update;  0.942090s wall, 0.937500s user + 0.015625s system = 0.953125s CPU (101.2%)

OPT-1001 : Current memory(MB): used = 1180, reserved = 1170, peak = 1180.
OPT-1001 : End Stage 2.7.1 | Synthesize High-fanout Net; Time: 5.341307s wall, 12.765625s user + 0.328125s system = 13.093750s CPU (245.1%); Memory(MB): used = 1180, reserved = 1170, peak = 1180;

OPT-1001 : Stage 2.7.2 | Global Optimization
OPT-1001 : Start global optimization ...
OPT-0007 : Start: SWNS 2082 STNS 0 NUM_FEPS 0
OPT-1001 : Start congestion update ...
RUN-1001 : Generating global routing grids ...
PHY-1001 : Generate routing nets ...
PHY-1001 : Reuse net number 2291/24108.
PHY-1001 : Global iterations in 32 thread ...
PHY-1002 : len = 1.43986e+06, over cnt = 2934(4%), over = 9391, worst = 17
PHY-1002 : len = 1.59466e+06, over cnt = 2299(3%), over = 4972, worst = 15
PHY-1002 : len = 1.70677e+06, over cnt = 950(1%), over = 1862, worst = 14
PHY-1002 : len = 1.75448e+06, over cnt = 347(0%), over = 589, worst = 11
PHY-1002 : len = 1.77312e+06, over cnt = 32(0%), over = 37, worst = 2
PHY-1001 : End global iterations;  1.474855s wall, 2.328125s user + 0.000000s system = 2.328125s CPU (157.9%)

PHY-1001 : Congestion index:
PHY-1001 : top1  = 89.90(S 83.30, N 70.85, E 83.31, W 82.91, I 210.75, O 193.67)
PHY-1001 : top5  = 78.05(S 63.71, N 57.14, E 66.32, W 68.74, I 121.45, O 125.31)
PHY-1001 : top10 = 71.32(S 52.69, N 49.40, E 56.14, W 60.35, I 92.59, O 100.81)
PHY-1001 : top15 = 66.71(S 45.86, N 44.37, E 49.56, W 54.65, I 77.64, O 86.35)
OPT-1001 : End congestion update;  1.674580s wall, 2.515625s user + 0.000000s system = 2.515625s CPU (150.2%)

OPT-0007 : Iter 1: improved SWNS 2193 STNS 0 NUM_FEPS 0 with 30 cells processed and 1674 slack improved
OPT-0007 : Iter 2: improved SWNS 2193 STNS 0 NUM_FEPS 0 with 13 cells processed and 273 slack improved
OPT-0007 : Iter 3: improved SWNS 2193 STNS 0 NUM_FEPS 0 with 7 cells processed and 164 slack improved
OPT-1001 : Overall commit ratio 0.32
OPT-1001 : End global optimization;  1.773047s wall, 2.625000s user + 0.000000s system = 2.625000s CPU (148.1%)

OPT-1001 : Current memory(MB): used = 1180, reserved = 1170, peak = 1180.
OPT-1001 : End Stage 2.7.2 | Global Optimization; Time: 2.315935s wall, 3.156250s user + 0.000000s system = 3.156250s CPU (136.3%); Memory(MB): used = 1180, reserved = 1170, peak = 1180;

OPT-0007 : End flow prepack: SWNS 2193 STNS 0 NUM_FEPS 0
OPT-1001 : End physical optimization;  7.683535s wall, 16.125000s user + 0.328125s system = 16.453125s CPU (214.1%)

PHY-1001 : End Stage 2.7 | Optimize Design; Time: 7.685811s wall, 16.125000s user + 0.328125s system = 16.453125s CPU (214.1%); Memory(MB): used = 1180, reserved = 1170, peak = 1180;

PHY-1001 : Stage 2.8 | Pack and Legalization
PHY-1001 : Stage 2.8.1 | Direct Legalization
PHY-3001 : Start Direct Legalization ...
PHY-3001 : Get top1 grid util = 0.812963, top1_avg = 0.812963.
PHY-1001 : Populate physical database on model design_top_wrapper.
PHY-3001 : Target density is 60%
PHY-3001 : Before Legalization for Slice Macros, Len = 1.203e+06.
RUN-1001 : Legalization top10 inst displacement:
RUN-1001 : -------------------------------------------------------------------------------------------------------------------------------------------------------------------------------------------------------------------------------------
RUN-1001 :   Index  |  Bounded  |  Height  |        Location        |  Disp. (slots)  |  Disp. (grids)  |                                                                 Name                                                                  
RUN-1001 : -------------------------------------------------------------------------------------------------------------------------------------------------------------------------------------------------------------------------------------
RUN-1001 :     1    |     N     |    8     |   x4y34z7 to x9y35z0   |       41        |        6        |  u_ph1p35_324_ddr_wrapper/u_ddr2/ph1p_ddrmc_wrapper/ph1p_ddrmc_top/u_alc_mc_top/u_rd_data/rd_buffer[0]$u_rd_data_buf/ramread0_syn_32  
RUN-1001 :     2    |     N     |    8     |   x2y58z7 to x5y61z0   |       41        |        6        |        u_ph1p35_324_ddr_wrapper/u_ddr2/ph1p_ddrmc_wrapper/ph1p_ddrmc_top/u_ddr_phy/u_ddrphy_top/u_ddrphy_init/ramread0_syn_51         
RUN-1001 :     3    |     N     |    8     |   x2y58z7 to x5y57z0   |       39        |        4        |        u_ph1p35_324_ddr_wrapper/u_ddr2/ph1p_ddrmc_wrapper/ph1p_ddrmc_top/u_ddr_phy/u_ddrphy_top/u_ddrphy_init/ramread0_syn_31         
RUN-1001 :     4    |     N     |    8     |   x1y55z3 to x5y55z0   |       35        |        4        |        u_ph1p35_324_ddr_wrapper/u_ddr2/ph1p_ddrmc_wrapper/ph1p_ddrmc_top/u_ddr_phy/u_ddrphy_top/u_ddrphy_init/ramread0_syn_131        
RUN-1001 :     5    |     N     |    8     |   x2y58z7 to x5y60z0   |       33        |        5        |        u_ph1p35_324_ddr_wrapper/u_ddr2/ph1p_ddrmc_wrapper/ph1p_ddrmc_top/u_ddr_phy/u_ddrphy_top/u_ddrphy_init/ramread0_syn_111        
RUN-1001 :     6    |     N     |    8     |  x12y51z7 to x15y51z0  |       31        |        3        |                                          u_isp_top/u_image_process_stream_96/ramread8_syn_45                                          
RUN-1001 :     7    |     N     |    8     |   x2y56z7 to x5y56z0   |       31        |        3        |        u_ph1p35_324_ddr_wrapper/u_ddr2/ph1p_ddrmc_wrapper/ph1p_ddrmc_top/u_ddr_phy/u_ddrphy_top/u_ddrphy_init/ramread0_syn_151        
RUN-1001 :     8    |     N     |    8     |   x2y58z7 to x5y58z0   |       31        |        3        |        u_ph1p35_324_ddr_wrapper/u_ddr2/ph1p_ddrmc_wrapper/ph1p_ddrmc_top/u_ddr_phy/u_ddrphy_top/u_ddrphy_init/ramread0_syn_91         
RUN-1001 :     9    |     N     |    8     |  x12y52z1 to x15y53z0  |       31        |        4        |                                         u_isp_top/u_image_process_stream_96/ramread0_syn_107                                          
RUN-1001 :    10    |     N     |    8     |   x3y32z6 to x5y31z0   |       30        |        3        |       u_ph1p35_324_ddr_wrapper/u_ddr2/ph1p_ddrmc_wrapper/ph1p_ddrmc_top/u_phy2mc_fifo/byteIdx_1[0]$u_wfifo_sync/ramread0_syn_68       
RUN-1001 : -------------------------------------------------------------------------------------------------------------------------------------------------------------------------------------------------------------------------------------
PHY-3001 : After Legalization for Slice Macros, Len = 1.26655e+06.
RUN-1001 : Generating global routing grids ...
PHY-1001 : Generate routing nets ...
PHY-1001 : Reuse net number 21418/24162.
RUN-1002 : start command "update_timing -mode MANHATTAN"
RUN-1002 : start command "start_timer"
RUN-1003 : finish command "update_timing -mode MANHATTAN" in  1.723905s wall, 1.718750s user + 0.000000s system = 1.718750s CPU (99.7%)

RUN-1004 : used memory is 1198 MB, reserved memory is 1188 MB, peak memory is 1198 MB
PHY-1001 : Global iterations in 32 thread ...
PHY-1002 : len = 1.79354e+06, over cnt = 876(1%), over = 1990, worst = 10
PHY-1002 : len = 1.81102e+06, over cnt = 671(0%), over = 1068, worst = 9
PHY-1002 : len = 1.8335e+06, over cnt = 273(0%), over = 446, worst = 9
PHY-1002 : len = 1.84218e+06, over cnt = 135(0%), over = 177, worst = 6
PHY-1002 : len = 1.84947e+06, over cnt = 31(0%), over = 34, worst = 2
PHY-1001 : End global iterations;  0.676145s wall, 0.765625s user + 0.000000s system = 0.765625s CPU (113.2%)

PHY-1001 : Congestion index:
PHY-1001 : top1  = 89.54(S 82.08, N 69.71, E 82.73, W 83.60, I 197.59, O 189.39)
PHY-1001 : top5  = 78.26(S 62.46, N 56.86, E 66.55, W 70.24, I 116.05, O 124.02)
PHY-1001 : top10 = 71.49(S 51.68, N 49.40, E 57.06, W 61.64, I 89.99, O 100.31)
PHY-1001 : top15 = 66.89(S 45.19, N 44.45, E 50.45, W 56.00, I 76.29, O 86.19)
PHY-3001 : Total Iter 131, legal = 25868 / 25868 (100.00%), avg_move = 30.01, max_move = 301.
PHY-3001 : There are no illegal insts.
PHY-1001 : Populate physical database on model design_top_wrapper.
PHY-3001 : End Direct Legalization;  17.075312s wall, 197.437500s user + 0.343750s system = 197.781250s CPU (1158.3%)

RUN-1001 : Summary of LUT-FF Pairs
RUN-1001 : ---------------------------------------------------------------
RUN-1001 :   Num of Fanout Seqs  |   1x   |  2x  |  3~5  |  6~10  |  >10  
RUN-1001 : ---------------------------------------------------------------
RUN-1001 :         Total         |  6778  |  4   |  46   |   0    |  23   
RUN-1001 :          Grid         |  6775  |  4   |  39   |   0    |  23   
RUN-1001 :          Bank         |  6612  |  4   |  38   |   0    |  23   
RUN-1001 :         Paired        |  6600  |  4   |  38   |   0    |  23   
RUN-1001 : ---------------------------------------------------------------
RUN-1001 : Summary of LUT Pairs
RUN-1001 : ---------------------------------------------------------------------------------------------------------------------
RUN-1001 :            |           |           |           |           |           |  O5 + O6  |  Only O5  |  Only O6  |  Total  
RUN-1001 : ---------------------------------------------------------------------------------------------------------------------
RUN-1001 :   5 Share  |  4 Share  |  3 Share  |  2 Share  |  1 Share  |  0 Share  |           |           |           |         
RUN-1001 :     136    |    174    |    237    |    398    |   1728    |   3397    |   6070    |   2737    |   3629    |  12436  
RUN-1001 : ---------------------------------------------------------------------------------------------------------------------
PHY-1001 : End Stage 2.8.1 | Direct Legalization; Time: 17.109826s wall, 197.468750s user + 0.343750s system = 197.812500s CPU (1156.1%); Memory(MB): used = 1310, reserved = 1300, peak = 1311;

PHY-3001 : Target density is 60%
PHY-3001 : After Direct Legalization, Len = 1.59103e+06.
PHY-1001 : End Stage 2.8 | Pack and Legalization; Time: 17.223672s wall, 197.578125s user + 0.343750s system = 197.921875s CPU (1149.1%); Memory(MB): used = 1310, reserved = 1300, peak = 1311;

RUN-1002 : start command "start_timer"
RUN-1003 : finish command "start_timer" in  2.091747s wall, 2.093750s user + 0.000000s system = 2.093750s CPU (100.1%)

RUN-1004 : used memory is 1311 MB, reserved memory is 1300 MB, peak memory is 1311 MB
PHY-1001 : End Stage 2 | Global Placement; Time: 42.053067s wall, 247.734375s user + 7.375000s system = 255.109375s CPU (606.6%); Memory(MB): used = 1311, reserved = 1300, peak = 1311;

PHY-1001 : Stage 3 | Detailed Placement
PHY-1001 : Stage 3.1 | SLICE Detailed Placement
PHY-1001 : Stage 3.1.1 | Spreading
PHY-3001 : Design contains 128 ce signals.
PHY-3001 : Spreading for sector grids.
PHY-3001 : Iter 1, total overflow: 0
PHY-3001 : tot_capacity: 36, usage_cnt: 17, movable_cnt: 26
PHY-3001 : Spreading for clock grids.
PHY-3001 : clock grid count for 24 x 4 grids
PHY-3001 : Spreading for plb grids.
PHY-3001 : total displace: 0, max displace: 0.
PHY-3001 : End spreading;  0.185711s wall, 0.187500s user + 0.000000s system = 0.187500s CPU (101.0%)

PHY-1001 : End Stage 3.1.1 | Spreading; Time: 0.185770s wall, 0.187500s user + 0.000000s system = 0.187500s CPU (100.9%); Memory(MB): used = 1315, reserved = 1304, peak = 1315;

PHY-1001 : Stage 3.1.2 | Simulated Annealing Based DP
RUN-1001 : Generating global routing grids ...
PHY-1001 : Generate routing nets ...
PHY-1001 : Reuse net number 2327/18764.
PHY-1001 : Global iterations in 32 thread ...
PHY-1002 : len = 1.78725e+06, over cnt = 1611(2%), over = 3224, worst = 9
PHY-1002 : len = 1.82786e+06, over cnt = 1115(1%), over = 1878, worst = 9
PHY-1002 : len = 1.87466e+06, over cnt = 430(0%), over = 703, worst = 9
PHY-1002 : len = 1.89486e+06, over cnt = 66(0%), over = 120, worst = 6
PHY-1002 : len = 1.89763e+06, over cnt = 0(0%), over = 0, worst = 0
PHY-1001 : End global iterations;  1.385371s wall, 1.906250s user + 0.031250s system = 1.937500s CPU (139.9%)

PHY-1001 : Congestion index:
PHY-1001 : top1  = 77.63(S 61.46, N 57.78, E 71.59, W 74.18, I 65.13, O 72.04)
PHY-1001 : top5  = 67.12(S 49.11, N 48.00, E 57.71, W 61.41, I 55.14, O 61.38)
PHY-1001 : top10 = 61.29(S 42.85, N 42.36, E 50.07, W 54.25, I 51.08, O 55.10)
PHY-1001 : top15 = 57.55(S 38.73, N 38.60, E 44.99, W 49.34, I 48.05, O 50.93)
PHY-0007 : Initial: WL Cost = 135341, TD Cost = 1.03639e+06, SWNS = 647, STNS = 0, Nums per T = 118570, Range Limit = 4x8
PHY-0007 : Finally: WL Cost = 121127, TD Cost = 867599, WL Ratio = 0.89498, TD Ratio = 0.837135, SWNS = 1540, STNS = 0
RUN-1001 : Print Detailed placement's Summary information
RUN-1001 : -------------------------------------------------------------------------------------------------------------------------------
RUN-1001 :           |   Total   |  Accept  |  Reject by overFlow  |  Reject by worseCost  |  Failed by noTarget  |  Failed by gridCheck  
RUN-1001 : -------------------------------------------------------------------------------------------------------------------------------
RUN-1001 :   Slices  |  1067130  |  30114   |         1171         |        1023797        |         386          |         11662         
RUN-1001 :   Macros  |   20626   |   215    |         114          |         20230         |          42          |          25           
RUN-1001 : -------------------------------------------------------------------------------------------------------------------------------
PHY-1001 : End Stage 3.1.2 | Simulated Annealing Based DP; Time: 13.417853s wall, 15.140625s user + 0.031250s system = 15.171875s CPU (113.1%); Memory(MB): used = 1330, reserved = 1319, peak = 1330;

PHY-3001 : End Detailed Place; 
PHY-3001 : Final: Len = 1.3992e+06, Over = 0
PHY-1001 : End Stage 3.1 | SLICE Detailed Placement; Time: 13.842648s wall, 15.578125s user + 0.031250s system = 15.609375s CPU (112.8%); Memory(MB): used = 1330, reserved = 1319, peak = 1330;

PHY-3001 : End Detailed Place; 
PHY-1001 : Stage 3.2 | Optimize Design
OPT-1001 : Start physical optimization ...
OPT-1001 : Total overflow 0.00 peak overflow 0.00
OPT-1001 : Stage 3.2.1 | Physical Optimization
OPT-1001 : Start high-fanout net optimization in optimize equivalent flow with medium effort ...
OPT-1001 : Clean unloaded insts before merging registers
PHY-1001 : Populate physical database on model design_top_wrapper.
PHY-1001 : Populate physical database on model design_top_wrapper.
OPT-1001 : Total overflow 0.00 peak overflow 0.00
OPT-1001 : End optimize duplicated nets. Total 41 instances are merged and 2256 sinks are reconnected,  1.942045s wall, 2.109375s user + 0.000000s system = 2.109375s CPU (108.6%)

OPT-1001 : End high-fanout net optimization;  1.942757s wall, 2.109375s user + 0.000000s system = 2.109375s CPU (108.6%)

OPT-1001 : Update timing in Manhattan mode
RUN-1002 : start command "start_timer"
RUN-1003 : finish command "start_timer" in  1.714736s wall, 1.687500s user + 0.000000s system = 1.687500s CPU (98.4%)

RUN-1004 : used memory is 1330 MB, reserved memory is 1319 MB, peak memory is 1330 MB
OPT-1001 : End timing update;  2.618981s wall, 2.578125s user + 0.000000s system = 2.578125s CPU (98.4%)

OPT-1001 : Current memory(MB): used = 1330, reserved = 1319, peak = 1330.
OPT-1001 : End Stage 3.2.1 | Physical Optimization; Time: 4.662656s wall, 4.796875s user + 0.000000s system = 4.796875s CPU (102.9%); Memory(MB): used = 1330, reserved = 1319, peak = 1330;

OPT-1001 : Stage 3.2.2 | Synthesize High-fanout Net
OPT-1001 : Start high-fanout net optimization in post-pack flow with medium effort ...
OPT-1001 : Start: SWNS 1540 STNS 0 NUM_FEPS 0
OPT-1001 : Total overflow 0.00 peak overflow 0.00
PHY-1001 : Populate physical database on model design_top_wrapper.
OPT-1001 : 40 high-fanout net processed.
OPT-1001 : Total overflow 0.00 peak overflow 0.00
RUN-1001 : HFN opt statistic
RUN-1001 : ------------------------------------------------------
RUN-1001 :   DriverCell type  |  HFN count  |  Duplicated count  
RUN-1001 : ------------------------------------------------------
RUN-1001 :       LSLICE       |      0      |         0          
RUN-1001 :       MSLICE       |      0      |         0          
RUN-1001 :        OTHER       |     40      |         48         
RUN-1001 :        TOTAL       |     40      |         48         
RUN-1001 : ------------------------------------------------------
OPT-1001 : End high-fanout net optimization;  1.031691s wall, 1.062500s user + 0.000000s system = 1.062500s CPU (103.0%)

OPT-1001 : Current memory(MB): used = 1330, reserved = 1319, peak = 1330.
OPT-1001 : End Stage 3.2.2 | Synthesize High-fanout Net; Time: 1.159124s wall, 1.187500s user + 0.000000s system = 1.187500s CPU (102.4%); Memory(MB): used = 1330, reserved = 1319, peak = 1330;

OPT-1001 : Stage 3.2.3 | Optimize Path
OPT-1001 : Start unpack path based optimization ...
OPT-0007 : Start: SWNS 1540 STNS 0 NUM_FEPS 0 with mode 2
OPT-1001 : Start congestion update ...
RUN-1001 : Generating global routing grids ...
PHY-1001 : Generate routing nets ...
PHY-1001 : Reuse net number 6767/20051.
PHY-1001 : Global iterations in 32 thread ...
PHY-1002 : len = 1.70296e+06, over cnt = 1976(2%), over = 3665, worst = 9
PHY-1002 : len = 1.75051e+06, over cnt = 1268(1%), over = 2038, worst = 9
PHY-1002 : len = 1.79224e+06, over cnt = 510(0%), over = 822, worst = 6
PHY-1002 : len = 1.81565e+06, over cnt = 87(0%), over = 142, worst = 6
PHY-1002 : len = 1.81962e+06, over cnt = 17(0%), over = 26, worst = 5
PHY-1001 : End global iterations;  1.123875s wall, 1.812500s user + 0.000000s system = 1.812500s CPU (161.3%)

PHY-1001 : Congestion index:
PHY-1001 : top1  = 81.25(S 58.56, N 56.50, E 74.31, W 77.06, I 64.50, O 70.23)
PHY-1001 : top5  = 68.35(S 48.50, N 47.76, E 57.95, W 63.60, I 53.95, O 59.64)
PHY-1001 : top10 = 62.30(S 42.84, N 42.12, E 49.52, W 56.27, I 49.79, O 54.03)
PHY-1001 : top15 = 58.57(S 39.09, N 38.36, E 44.42, W 51.48, I 46.87, O 50.10)
OPT-1001 : End congestion update;  1.393099s wall, 2.093750s user + 0.000000s system = 2.093750s CPU (150.3%)

OPT-0007 : Iter 1: improved SWNS 1684 STNS 0 NUM_FEPS 0 with 56(2278) cells and 1139(1139) paths processed with 14517 slack improved, crit_thod: 3000 ratio: 0.79(59/75) rt: 0.4s
OPT-0007 : Iter 2: improved SWNS 1684 STNS 0 NUM_FEPS 0 with 14(1478) cells and 739(739) paths processed with 1476 slack improved, crit_thod: 3000 ratio: 0.83(15/18) rt: 0.3s
OPT-0007 : Iter 3: improved SWNS 1684 STNS 0 NUM_FEPS 0 with 4(1480) cells and 740(740) paths processed with 615 slack improved, crit_thod: 3000 ratio: 0.50(4/8) rt: 0.2s
OPT-1001 : End path based optimization;  2.354278s wall, 3.031250s user + 0.000000s system = 3.031250s CPU (128.8%)

OPT-1001 : Current memory(MB): used = 1330, reserved = 1319, peak = 1330.
OPT-1001 : End Stage 3.2.3 | Optimize Path; Time: 2.456622s wall, 3.140625s user + 0.000000s system = 3.140625s CPU (127.8%); Memory(MB): used = 1330, reserved = 1319, peak = 1330;

OPT-1001 : Stage 3.2.4 | Optimize Duplicated Nets
OPT-1001 : Start: WNS 1684 TNS 0 NUM_FEPS 0
OPT-1001 : Clean unloaded insts before merging registers
PHY-1001 : Populate physical database on model design_top_wrapper.
PHY-1001 : Populate physical database on model design_top_wrapper.
OPT-1001 : Total overflow 0.00 peak overflow 0.00
OPT-1001 : End optimize duplicated nets. Total 1 instances are merged and 1452 sinks are reconnected,  1.957612s wall, 1.937500s user + 0.000000s system = 1.937500s CPU (99.0%)

OPT-1001 : Update timing in Manhattan mode
RUN-1002 : start command "start_timer"
RUN-1003 : finish command "start_timer" in  1.720107s wall, 1.718750s user + 0.000000s system = 1.718750s CPU (99.9%)

RUN-1004 : used memory is 1330 MB, reserved memory is 1319 MB, peak memory is 1330 MB
OPT-1001 : End timing update;  2.630853s wall, 2.640625s user + 0.000000s system = 2.640625s CPU (100.4%)

OPT-1001 : Current memory(MB): used = 1330, reserved = 1319, peak = 1330.
OPT-1001 : End Stage 3.2.4 | Optimize Duplicated Nets; Time: 4.686675s wall, 4.671875s user + 0.000000s system = 4.671875s CPU (99.7%); Memory(MB): used = 1330, reserved = 1319, peak = 1330;

OPT-1001 : Stage 3.2.5 | Swap Pins
OPT-1001 : Start pin optimization...
OPT-1001 : Start: SWNS 1684 STNS 0 NUM_FEPS 0
OPT-1001 : Successfully optimized 1004 instances
OPT-1001 : Successfully optimized 135 instances
OPT-1001 : End pin optimization;  0.980310s wall, 0.984375s user + 0.000000s system = 0.984375s CPU (100.4%)

OPT-1001 : Current memory(MB): used = 1330, reserved = 1319, peak = 1330.
OPT-1001 : End Stage 3.2.5 | Swap Pins; Time: 1.072925s wall, 1.078125s user + 0.000000s system = 1.078125s CPU (100.5%); Memory(MB): used = 1330, reserved = 1319, peak = 1330;

OPT-1001 : Stage 3.2.6 | Optimize Beeline
OPT-1001 : Start beeline optimization...
OPT-1001 : Start: SWNS 2448 STNS 0 NUM_FEPS 0
PHY-1001 : Beeline DP, 1021 out of 5589 (18.27)%; hop = 1362.
PHY-1001 : Beeline DP, 458 out of 4743 (9.66)%; hop = 629.
PHY-1001 : Beeline DP, 285 out of 4537 (6.28)%; hop = 395.
PHY-1001 : Beeline DP, 217 out of 4469 (4.86)%; hop = 291.
PHY-1001 : Beeline DP, 175 out of 4428 (3.95)%; hop = 232.
PHY-1001 : Beeline optimization intraPLB, 3116 1-hop(44.28%), 2885 2-hop(41.00%), 471 3-hop( 6.69%), 565 others ( 8.03%)
PHY-1001 :  6.591750s wall, 6.546875s user + 0.000000s system = 6.546875s CPU (99.3%)

RUN-1001 : Beeline optimization outerPLB: 1-hop 2397, 2-hop 4252, 3-hop 2262, 4-hop 715, other 1924 
OPT-1001 : End beeline optimization;  6.991605s wall, 6.937500s user + 0.000000s system = 6.937500s CPU (99.2%)

OPT-1001 : Update timing in Manhattan mode
OPT-1001 : End timing update;  0.905925s wall, 0.906250s user + 0.000000s system = 0.906250s CPU (100.0%)

OPT-1001 : End Stage 3.2.6 | Optimize Beeline; Time: 8.067343s wall, 8.000000s user + 0.015625s system = 8.015625s CPU (99.4%); Memory(MB): used = 1330, reserved = 1319, peak = 1330;

OPT-0007 : End flow postpack: SWNS 2448 STNS 0 NUM_FEPS 0
RUN-1001 : Generating global routing grids ...
PHY-1001 : Generate routing nets ...
PHY-1001 : Reuse net number 16969/19206.
PHY-1001 : Global iterations in 32 thread ...
PHY-1002 : len = 1.8327e+06, over cnt = 527(0%), over = 763, worst = 6
PHY-1002 : len = 1.84347e+06, over cnt = 265(0%), over = 333, worst = 5
PHY-1002 : len = 1.85e+06, over cnt = 82(0%), over = 98, worst = 4
PHY-1002 : len = 1.85282e+06, over cnt = 34(0%), over = 40, worst = 3
PHY-1002 : len = 1.85366e+06, over cnt = 0(0%), over = 0, worst = 0
PHY-1001 : End global iterations;  0.415046s wall, 0.484375s user + 0.000000s system = 0.484375s CPU (116.7%)

PHY-1001 : Congestion index:
PHY-1001 : top1  = 80.59(S 59.02, N 56.25, E 72.91, W 78.04, I 64.47, O 70.81)
PHY-1001 : top5  = 68.42(S 48.57, N 47.70, E 57.82, W 63.36, I 53.63, O 59.75)
PHY-1001 : top10 = 62.14(S 43.00, N 41.93, E 49.41, W 55.99, I 49.27, O 54.02)
PHY-1001 : top15 = 58.33(S 39.41, N 38.20, E 44.27, W 51.24, I 46.36, O 50.07)
RUN-1001 : top one percent high-util tile is with util 75 and average util is 80.394737
RUN-1001 : QoR Analysis:
OPT-0007 :   SWNS 2448 STNS 0 NUM_FEPS 0
RUN-1001 :   Local congestion issue exists, and most congested 1% tile average routing util is 80.394737
OPT-1002 :   please consider adjusting placer strategy to avoid the congestion issue
RUN-1001 :   Top critical paths
RUN-1001 :       #1 path slack 2448ps with logic level 10 
RUN-1001 :       #2 path slack 2465ps with logic level 10 
RUN-1001 :       #3 path slack 2523ps with logic level 10 
RUN-1001 :       #4 path slack 2540ps with logic level 10 
OPT-1001 : End physical optimization;  22.894121s wall, 23.718750s user + 0.015625s system = 23.734375s CPU (103.7%)

PHY-1001 : End Stage 3.2 | Optimize Design; Time: 22.894313s wall, 23.718750s user + 0.015625s system = 23.734375s CPU (103.7%); Memory(MB): used = 1330, reserved = 1319, peak = 1330;

RUN-1001 : Report Control nets information:
RUN-1001 : DFF Distribution
RUN-1001 : -------------------------------------
RUN-1001 :   CE   |  SSR  |  ASR  |  DFF Count  
RUN-1001 : -------------------------------------
RUN-1001 :   No   |  No   |  No   |     224     
RUN-1001 :   No   |  No   |  Yes  |      0      
RUN-1001 :   No   |  Yes  |  No   |      0      
RUN-1001 :   Yes  |  No   |  No   |    6882     
RUN-1001 :   Yes  |  No   |  Yes  |    6868     
RUN-1001 :   Yes  |  Yes  |  No   |     363     
RUN-1001 : -------------------------------------
RUN-1001 : Control Group Statistic
RUN-1001 : -----------------------------
RUN-1001 :   #CLK  |  #CE  |  #SSR/ASR  
RUN-1001 : -----------------------------
RUN-1001 :    10   |  363  |     31     
RUN-1001 : -----------------------------
RUN-0007 : Control Set = 435
PHY-1001 : End Stage 3 | Detailed Placement; Time: 36.889880s wall, 39.453125s user + 0.046875s system = 39.500000s CPU (107.1%); Memory(MB): used = 1330, reserved = 1319, peak = 1330;

PHY-1001 : Populate physical database on model design_top_wrapper.
PHY-1001 : Stage 4 | Optimize Design
PHY-3001 : Start incremental legalization ...
PHY-1001 : Populate physical database on model design_top_wrapper.
PHY-1001 : Processing 2 clock pins of DDR instance u_ph1p35_324_ddr_wrapper/u_ddr2/ph1p_ddrmc_wrapper/ph1p_ddrmc_top/u_ddr_phy/u_ddrphy_top/u_ddrphy/ac_byte[0]$ac_byte_used$u_ddrphy_ac_byte_wrapper/u_ddrphy_byte, location = x0y70z0.
PHY-1001 :   Placed ioclk instance u_ph1p35_324_ddr_wrapper/u_ddr2/ph1p_ddrmc_wrapper/ph1p_ddrmc_top/u_ddr_phy/u_ddrphy_top/u_ddrphy_clk/ioclk[0]$u_ioclk_1, location = x0y59z1.
PHY-1001 :   Placed ioclk instance u_ph1p35_324_ddr_wrapper/u_ddr2/ph1p_ddrmc_wrapper/ph1p_ddrmc_top/u_ddr_phy/u_ddrphy_top/u_ddrphy_clk/ioclk[0]$u_ioclk_0, location = x0y59z0.
PHY-1001 : Processing 2 clock pins of DDR instance u_ph1p35_324_ddr_wrapper/u_ddr2/ph1p_ddrmc_wrapper/ph1p_ddrmc_top/u_ddr_phy/u_ddrphy_top/u_ddrphy/ac_byte[1]$ac_byte_used$u_ddrphy_ac_byte_wrapper/u_ddrphy_byte, location = x0y60z0.
PHY-1001 :   Placed ioclk instance u_ph1p35_324_ddr_wrapper/u_ddr2/ph1p_ddrmc_wrapper/ph1p_ddrmc_top/u_ddr_phy/u_ddrphy_top/u_ddrphy_clk/ioclk[0]$u_ioclk_1, location = x0y59z1.
PHY-1001 :   Placed ioclk instance u_ph1p35_324_ddr_wrapper/u_ddr2/ph1p_ddrmc_wrapper/ph1p_ddrmc_top/u_ddr_phy/u_ddrphy_top/u_ddrphy_clk/ioclk[0]$u_ioclk_0, location = x0y59z0.
PHY-1001 : Processing 2 clock pins of DDR instance u_ph1p35_324_ddr_wrapper/u_ddr2/ph1p_ddrmc_wrapper/ph1p_ddrmc_top/u_ddr_phy/u_ddrphy_top/u_ddrphy/ac_byte[2]$ac_byte_used$u_ddrphy_ac_byte_wrapper/u_ddrphy_byte, location = x0y50z0.
PHY-1001 :   Placed ioclk instance u_ph1p35_324_ddr_wrapper/u_ddr2/ph1p_ddrmc_wrapper/ph1p_ddrmc_top/u_ddr_phy/u_ddrphy_top/u_ddrphy_clk/ioclk[0]$u_ioclk_1, location = x0y59z1.
PHY-1001 :   Placed ioclk instance u_ph1p35_324_ddr_wrapper/u_ddr2/ph1p_ddrmc_wrapper/ph1p_ddrmc_top/u_ddr_phy/u_ddrphy_top/u_ddrphy_clk/ioclk[0]$u_ioclk_0, location = x0y59z0.
PHY-1001 : Processing 2 clock pins of DDR instance u_ph1p35_324_ddr_wrapper/u_ddr2/ph1p_ddrmc_wrapper/ph1p_ddrmc_top/u_ddr_phy/u_ddrphy_top/u_ddrphy/ac_byte[3]$ac_byte_used$u_ddrphy_ac_byte_wrapper/u_ddrphy_byte, location = x0y40z0.
PHY-1001 :   Placed ioclk instance u_ph1p35_324_ddr_wrapper/u_ddr2/ph1p_ddrmc_wrapper/ph1p_ddrmc_top/u_ddr_phy/u_ddrphy_top/u_ddrphy_clk/ioclk[0]$u_ioclk_1, location = x0y59z1.
PHY-1001 :   Placed ioclk instance u_ph1p35_324_ddr_wrapper/u_ddr2/ph1p_ddrmc_wrapper/ph1p_ddrmc_top/u_ddr_phy/u_ddrphy_top/u_ddrphy_clk/ioclk[0]$u_ioclk_0, location = x0y59z0.
PHY-1001 : Processing 2 clock pins of DDR instance u_ph1p35_324_ddr_wrapper/u_ddr2/ph1p_ddrmc_wrapper/ph1p_ddrmc_top/u_ddr_phy/u_ddrphy_top/u_ddrphy/dx_byte[0]$dx_byte_used$u_ddrphy_dx_byte_wrapper/u_ddrphy_byte, location = x0y30z0.
PHY-1001 :   Placed ioclk instance u_ph1p35_324_ddr_wrapper/u_ddr2/ph1p_ddrmc_wrapper/ph1p_ddrmc_top/u_ddr_phy/u_ddrphy_top/u_ddrphy_clk/ioclk[1]$u_ioclk_1, location = x0y19z1.
PHY-1001 :   Placed ioclk instance u_ph1p35_324_ddr_wrapper/u_ddr2/ph1p_ddrmc_wrapper/ph1p_ddrmc_top/u_ddr_phy/u_ddrphy_top/u_ddrphy_clk/ioclk[1]$u_ioclk_0, location = x0y19z0.
PHY-1001 : Processing 2 clock pins of DDR instance u_ph1p35_324_ddr_wrapper/u_ddr2/ph1p_ddrmc_wrapper/ph1p_ddrmc_top/u_ddr_phy/u_ddrphy_top/u_ddrphy/dx_byte[1]$dx_byte_used$u_ddrphy_dx_byte_wrapper/u_ddrphy_byte, location = x0y10z0.
PHY-1001 :   Placed ioclk instance u_ph1p35_324_ddr_wrapper/u_ddr2/ph1p_ddrmc_wrapper/ph1p_ddrmc_top/u_ddr_phy/u_ddrphy_top/u_ddrphy_clk/ioclk[1]$u_ioclk_1, location = x0y19z1.
PHY-1001 :   Placed ioclk instance u_ph1p35_324_ddr_wrapper/u_ddr2/ph1p_ddrmc_wrapper/ph1p_ddrmc_top/u_ddr_phy/u_ddrphy_top/u_ddrphy_clk/ioclk[1]$u_ioclk_0, location = x0y19z0.
PHY-3001 : Target density is 60%
PHY-3001 : Target density is 60%
PHY-3001 : Initial: Len = 1.48377e+06, Over = 0
PHY-1001 : Stage 4.1 | Spreading
PHY-3001 : Design contains 132 ce signals.
PHY-3001 : Spreading for sector grids.
PHY-3001 : Iter 1, total overflow: 0
PHY-3001 : tot_capacity: 36, usage_cnt: 17, movable_cnt: 26
PHY-3001 : Spreading for clock grids.
PHY-3001 : clock grid count for 24 x 4 grids
PHY-3001 : Spreading for plb grids.
PHY-3001 : total displace: 0, max displace: 0.
PHY-3001 : End spreading;  0.187952s wall, 0.187500s user + 0.000000s system = 0.187500s CPU (99.8%)

PHY-1001 : End Stage 4.1 | Spreading; Time: 0.188010s wall, 0.187500s user + 0.000000s system = 0.187500s CPU (99.7%); Memory(MB): used = 1331, reserved = 1319, peak = 1331;

PHY-3001 : Final: Len = 1.48377e+06, Over = 0
PHY-3001 : End incremental legalization;  0.362594s wall, 0.359375s user + 0.000000s system = 0.359375s CPU (99.1%)

RUN-1002 : start command "report_qor -step place -file place.qor"
RUN-1002 : start command "start_timer"
RUN-1003 : finish command "start_timer" in  1.340466s wall, 1.328125s user + 0.000000s system = 1.328125s CPU (99.1%)

RUN-1004 : used memory is 1331 MB, reserved memory is 1319 MB, peak memory is 1331 MB
RUN-1001 : Generating global routing grids ...
-----------------------------------------------------------
| QoR metrics               |         value               |
-----------------------------------------------------------
| Timing                    |                             |
|     Setup WNS             |         2448                |
|     Setup TNS             |            0                |
|     Num of violated S-EP  |            0                |
|     FMAX                  |   155.280MHz                |
|     SWNS path clock period |       8888ps                |
|     Hold WNS              |         -287                |
|     Hold TNS              |       -79158                |
|     Num of violated H-EP  |          594                |
-----------------------------------------------------------
| Routing Resource          |                             |
|     Wire length           |      1478771                |
|     Route Net Num         |        25007                |
|     DontRoute Net Num     |        10454                |
|     RouteSinks Num        |        80898                |
-----------------------------------------------------------
| Utilization               |                             |
|     #slices               |        15327                |
|     slices percentage     |       72.24%                |
|     #RAMs                 |           30                |
|     #DSPs                 |           21                |
|     #DRAMHARDCON          |           53                |
-----------------------------------------------------------
| Congestion                |                             |
|     Top 1% tile util      |           75                |
|     Top 1% tile avg util  |       80.39%                |
|     Over 100% util #tile  |            1                |
-----------------------------------------------------------
Report place stage QoR done.

RUN-1003 : finish command "report_qor -step place -file place.qor" in  2.699886s wall, 2.843750s user + 0.000000s system = 2.843750s CPU (105.3%)

RUN-1004 : used memory is 1331 MB, reserved memory is 1319 MB, peak memory is 1331 MB
PHY-1001 : End Stage 4 | Optimize Design; Time: 3.073557s wall, 3.203125s user + 0.000000s system = 3.203125s CPU (104.2%); Memory(MB): used = 1331, reserved = 1319, peak = 1331;

PHY-1001 : Stage 5 | DRC Check
PHY-1001 : Stage 5.1 | Slice Attributes Check
PHY-1035 : Redundant attributes/nets in slice detected. You can use tcl "check_slice_attr -verbose" to get full message.
PHY-1039 : Found 112 mslices getting no used reg attributes, eg: u_hdmi_tx/u_hdmi_1_4b_transmitter_core_wrapper/u_hdmi_tx_controller_wrapper/u_hdmi_video_data_assemble/S_island_guard_band_1d_syn_10.
PHY-1039 : Found 112 mslices getting no used ce attributes, eg: u_hdmi_tx/u_hdmi_1_4b_transmitter_core_wrapper/u_hdmi_tx_controller_wrapper/u_hdmi_video_data_assemble/S_island_guard_band_1d_syn_10.
PHY-1001 : End Stage 5.1 | Slice Attributes Check; Time: 0.038298s wall, 0.046875s user + 0.000000s system = 0.046875s CPU (122.4%); Memory(MB): used = 1331, reserved = 1319, peak = 1331;

PHY-1001 : Stage 5.2 | Clock Bound Check
PHY-1001 : Check pass.
PHY-1001 : End Stage 5.2 | Clock Bound Check; Time: 0.002244s wall, 0.000000s user + 0.000000s system = 0.000000s CPU (n/a%); Memory(MB): used = 1332, reserved = 1319, peak = 1332;

PHY-1001 : Stage 5.3 | Force Route Constraint Check
PHY-1001 : Check Pass.
PHY-1001 : End Stage 5.3 | Force Route Constraint Check; Time: 0.002305s wall, 0.000000s user + 0.000000s system = 0.000000s CPU (n/a%); Memory(MB): used = 1332, reserved = 1319, peak = 1332;

PHY-1001 : Stage 5.4 | Sigmap Check
PHY-1001 : Check pass.
PHY-1001 : End Stage 5.4 | Sigmap Check; Time: 0.050755s wall, 0.046875s user + 0.000000s system = 0.046875s CPU (92.4%); Memory(MB): used = 1332, reserved = 1319, peak = 1332;

PHY-1001 : Stage 5.5 | Duplicated SelfDriven Check
PHY-1001 : Check pass.
PHY-1001 : End Stage 5.5 | Duplicated SelfDriven Check; Time: 0.450151s wall, 0.453125s user + 0.000000s system = 0.453125s CPU (100.7%); Memory(MB): used = 1332, reserved = 1319, peak = 1332;

PHY-1001 : Stage 5.6 | Clock Rule Check
PHY-5088 WARNING: Clock_Analyzer: Detected 1 buffer(s) clkin net because they drive non-clock sinks. Run "analyze_clock -detail" for more infomation.
PHY-5088 WARNING: Clock_Analyzer: Detected 1 buffer(s) clkout net because they drive non-clock sinks. Run "analyze_clock -detail" for more infomation.
PHY-5088 WARNING: Clock_Analyzer: 3 clock-net(s) because they drive other clock net, may cause clock skew. Run "analyze_clock -detail" for more infomation.
PHY-1001 : End Stage 5.6 | Clock Rule Check; Time: 0.054815s wall, 0.062500s user + 0.000000s system = 0.062500s CPU (114.0%); Memory(MB): used = 1332, reserved = 1319, peak = 1332;

PHY-1001 : End Stage 5 | DRC Check; Time: 0.634328s wall, 0.640625s user + 0.000000s system = 0.640625s CPU (101.0%); Memory(MB): used = 1332, reserved = 1319, peak = 1332;

OPT-1001 : QoR tracer report on placement steps:
    SWNS [   incr ]    STNS [   incr ]    FEPS [   incr ]    CRIT [   incr ]      CELL [     incr ]        WL [     incr ]    CONG [   incr ]    PDES [   incr ]   RT(s) [   incr ]   MEM(mb) [     incr ]
       0 [      0 ]       0 [      0 ]       0 [      0 ]       0 [      0 ]     30149 [        0 ]         0 [        0 ]    0.00 [   0.00 ]       0 [      0 ]       0 [      0 ]       611 [        0 ] : preplace:simplify_lut
       0 [      0 ]       0 [      0 ]       0 [      0 ]       0 [      0 ]     30149 [        0 ]         0 [        0 ]    0.00 [   0.00 ]       0 [      0 ]       0 [      0 ]       611 [        0 ] : preplace:sweep
       0 [      0 ]       0 [      0 ]       0 [      0 ]       0 [      0 ]     30149 [        0 ]         0 [        0 ]    0.00 [   0.00 ]       0 [      0 ]       0 [      0 ]       611 [        0 ] : preplace:lut_merge
       0 [      0 ]       0 [      0 ]       0 [      0 ]       0 [      0 ]     30149 [        0 ]         0 [        0 ]    0.00 [   0.00 ]       0 [      0 ]       0 [      0 ]       611 [        0 ] : preplace:hfn_opt
    2022 [   2022 ]       0 [      0 ]       0 [      0 ]    4509 [   4509 ]     31935 [     1786 ]   1955241 [  1955241 ]    0.00 [   0.00 ]       0 [      0 ]       8 [      8 ]      1056 [      445 ] : step1_gp
    2022 [      0 ]       0 [      0 ]       0 [      0 ]    4512 [      3 ]     31935 [        0 ]   1986632 [    31391 ]    0.00 [   0.00 ]       0 [      0 ]       9 [      1 ]      1061 [        5 ] : step1_legal
    2022 [      0 ]       0 [      0 ]       0 [      0 ]    4509 [     -3 ]     31935 [        0 ]   1916789 [   -69843 ]    0.00 [   0.00 ]       0 [      0 ]      11 [      2 ]      1064 [        3 ] : step1_dp
    1890 [   -132 ]       0 [      0 ]       0 [      0 ]    4698 [    189 ]     31935 [        0 ]   1425097 [  -491692 ]  162.79 [ 162.79 ]       0 [      0 ]      15 [      4 ]      1158 [       94 ] : step2_gp
    1890 [      0 ]       0 [      0 ]       0 [      0 ]    4694 [     -4 ]     31935 [        0 ]   1421009 [    -4088 ]  162.79 [   0.00 ]       0 [      0 ]      16 [      1 ]      1160 [        2 ] : step2_dp
    1890 [      0 ]       0 [      0 ]       0 [      0 ]    4694 [      0 ]     31935 [        0 ]   1421009 [        0 ]  162.79 [   0.00 ]       0 [      0 ]      16 [      0 ]      1160 [        0 ] : prepack_spreading
    2082 [    192 ]       0 [      0 ]       0 [      0 ]    4716 [     22 ]     32029 [       94 ]   1191834 [  -229175 ]  180.26 [  17.47 ]       0 [      0 ]      21 [      5 ]      1180 [       20 ] : prepack:hfn_opt
    2193 [    111 ]       0 [      0 ]       0 [      0 ]    4717 [      1 ]     32029 [        0 ]   1193940 [     2106 ]   89.47 [ -90.79 ]       0 [      0 ]      24 [      3 ]      1180 [        0 ] : prepack:global_opt
     647 [  -1546 ]       0 [      0 ]       0 [      0 ]    4978 [    261 ]     17314 [   -14715 ]   1586026 [   392086 ]   89.11 [  -0.37 ]       0 [      0 ]      44 [     20 ]      1311 [      131 ] : direct_legalization
     647 [      0 ]       0 [      0 ]       0 [      0 ]    4978 [      0 ]     17314 [        0 ]   1586026 [        0 ]   89.11 [   0.00 ]       0 [      0 ]      44 [      0 ]      1315 [        4 ] : post_pack_spreading
    1540 [    893 ]       0 [      0 ]       0 [      0 ]    5144 [    166 ]     17314 [        0 ]   1394199 [  -191827 ]   77.32 [ -11.79 ]       0 [      0 ]      58 [     14 ]      1330 [       15 ] : post_pack_dp
    1540 [      0 ]       0 [      0 ]       0 [      0 ]    5142 [     -2 ]     17294 [      -20 ]   1389645 [    -4554 ]   77.32 [   0.00 ]       0 [      0 ]      63 [      5 ]      1330 [        0 ] : postpack:optimize_equivalent_quick
    1540 [      0 ]       0 [      0 ]       0 [      0 ]    5142 [      0 ]     17342 [       48 ]   1397426 [     7781 ]   77.32 [   0.00 ]       0 [      0 ]      64 [      1 ]      1330 [        0 ] : postpack:hfn_opt
    1684 [    144 ]       0 [      0 ]       0 [      0 ]    5146 [      4 ]     17346 [        4 ]   1408886 [    11460 ]   81.03 [   3.71 ]       0 [      0 ]      66 [      2 ]      1330 [        0 ] : postpack:path_opt
    1684 [      0 ]       0 [      0 ]       0 [      0 ]    5104 [    -42 ]     17338 [       -8 ]   1404273 [    -4613 ]   81.03 [   0.00 ]       0 [      0 ]      71 [      5 ]      1330 [        0 ] : postpack:optimize_equivalent
    2448 [    764 ]       0 [      0 ]       0 [      0 ]    5436 [    332 ]     17338 [        0 ]   1404273 [        0 ]   81.03 [   0.00 ]       0 [      0 ]      72 [      1 ]      1330 [        0 ] : postpack:pin_opt
    2448 [      0 ]       0 [      0 ]       0 [      0 ]    5404 [    -32 ]     17338 [        0 ]   1450798 [    46525 ]   81.03 [   0.00 ]       0 [      0 ]      80 [      8 ]      1330 [        0 ] : postpack:beeline_opt

RUN-1003 : finish command "place" in  85.098107s wall, 293.390625s user + 7.484375s system = 300.875000s CPU (353.6%)

RUN-1004 : used memory is 1332 MB, reserved memory is 1319 MB, peak memory is 1332 MB
RUN-1002 : start command "update_timing -mode manhattan"
RUN-1002 : start command "start_timer"
RUN-1003 : finish command "start_timer" in  1.380571s wall, 1.375000s user + 0.015625s system = 1.390625s CPU (100.7%)

RUN-1004 : used memory is 1332 MB, reserved memory is 1319 MB, peak memory is 1332 MB
RUN-1003 : finish command "update_timing -mode manhattan" in  2.232204s wall, 2.218750s user + 0.015625s system = 2.234375s CPU (100.1%)

RUN-1004 : used memory is 1332 MB, reserved memory is 1319 MB, peak memory is 1332 MB
RUN-1002 : start command "report_timing_summary -file camera_to_dsi_display_place.timing"
RUN-1002 : start command "report_area -io_info -file camera_to_dsi_display_phy.area"
SYN-4034 : The count of slices with lut is 9441.
SYN-4035 : The count of slices with lut+ripple is 3019.
RUN-1001 : standard
***Report Model: design_top_wrapper Device: PH1P35MDG324***

Design Statistics
#IO                        58   out of    160   36.25%
  #input                    2
  #output                  31
  #inout                   25
#lut6                   12996   out of  21216   61.26%
#reg                    14113
  #slice reg            14113   out of  42432   33.26%
  #pad reg                  0

Utilization Statistics
#slice                  15327   out of  21216   72.24%
  #used ram               536
    #dram lut             424
    #shifter lut          112
  #used logic           14791
    #with luts           9441
    #with adder          3019
    #reg only            2331
#f7mux                      0   out of  10608    0.00%
#f8mux                      0   out of   5304    0.00%
#eram                      30   out of    108   27.78%
  #eram20k                 30
  #fifo20k                  0
#dsp                       21   out of     40   52.50%
#ddr_byte                   6   out of     12   50.00%
#mipi_tx                    0   out of      2    0.00%
#mipi_rx                    1   out of      2   50.00%
#pad                       17   out of    160   10.62%
#pll                        3   out of      6   50.00%
#gclk                       9   out of     32   28.12%
#lclk                       0   out of     12    0.00%
#sclk                       0   out of     48    0.00%
#mlclk                      2   out of      6   33.33%
#ioclk                      4   out of     18   22.22%

RUN-1002 : start command "flow_status -file place_flow.status"
Location         : D:\anlu\rtl\td_project
Running with     : Tang Dynasty v6.2.168116
                   Copyright (c) 2012-2025 Anlogic Inc.
Top Model        : design_top_wrapper
Device           : PH1P35MDG324
Speed            : 3

Timing Mode      : manhattan
Setup            : WNS  2448ps  TNS        0ps  NUM_FEPS     0
Hold             : WNS  -287ps  TNS   -79158ps  NUM_FEPS   594

Flow Statistics  :
RUN-1001 : Flow Statistics:
RUN-1001 : ---------------------------------------------------------------------------------------------------
RUN-1001 :      command     |  #calls  |  wall time   |  cpu time(s)  |  used memory(mb)  |  peak memory(mb)  
RUN-1001 : ---------------------------------------------------------------------------------------------------
RUN-1001 :       place      |    1     |  1m25s(97%)  |   300(99%)    |       1332        |       1332        
RUN-1001 :     import_db    |    1     |    1s(1%)    |     0(0%)     |        610        |        610        
RUN-1001 :   import_device  |    1     |    1s(1%)    |     1(0%)     |        325        |        325        
RUN-1001 : ---------------------------------------------------------------------------------------------------
RUN-1001 :       total      |    3     |    1m27s     |      301      |       1332        |       1332        
RUN-1001 : ---------------------------------------------------------------------------------------------------
RUN-1002 : start command "report_clock_utilization -file place_clock_utilization.txt"
RUN-1002 : start command "export_db camera_to_dsi_display_place.db"
RUN-1001 : Exported flow parameters
RUN-1001 : Exported /
RUN-1001 : Exported libs
RUN-1001 : Exported entities
RUN-1001 : Exported ports
RUN-1001 : Exported pins
RUN-1001 : Exported instances
RUN-1001 : Exported nets
RUN-1001 : Exported buses
RUN-1001 : Exported models
RUN-1001 : Exported phy database
RUN-1001 : Exported packer
RUN-1001 : Exported congestions
RUN-1001 : Exported violations
RUN-1001 : Exported ATMR Setting
RUN-1001 : Exported timing constraints
RUN-1001 : Exported IO constraints
RUN-1001 : Exported Inst constraints
RUN-1001 : Exported ChipWatcher
RUN-1002 : start command "commit_param -step route"
RUN-1001 : Print Global Property
RUN-1001 : -------------------------------------------------------------
RUN-1001 :     Parameters    |   Settings   |  Default Values  |  Note  
RUN-1001 : -------------------------------------------------------------
RUN-1001 :    enable_seed    |     off      |       off        |        
RUN-1001 :    hfn_to_clock   |  1000000000  |    1000000000    |        
RUN-1001 :      message      |   standard   |     standard     |        
RUN-1001 :    qor_monitor    |      on      |        on        |        
RUN-1001 :   speedup_effort  |      0       |        0         |        
RUN-1001 :    syn_ip_flow    |     off      |       off        |        
RUN-1001 :       thread      |     auto     |       auto       |        
RUN-1001 : -------------------------------------------------------------
RUN-1001 : Print Route Property
RUN-1001 : ---------------------------------------------------------------
RUN-1001 :       Parameters      |  Settings  |  Default Values  |  Note  
RUN-1001 : ---------------------------------------------------------------
RUN-1001 :         effort        |   normal   |      normal      |        
RUN-1001 :        fix_hold       |     on     |        on        |        
RUN-1001 :   hold_fix_iteration  |     5      |        5         |        
RUN-1001 :     post_route_opt    |    auto    |       auto       |        
RUN-1001 :         timing        |     on     |        on        |        
RUN-1001 : ---------------------------------------------------------------
RUN-1002 : start command "route"
RUN-1001 : Open license file D:/Anlogic/TD_6.2.1_Engineer_6.2.168.116/license/Anlogic.lic
PHY-1001 : Reconnected 29 VDD pins with routing demanding
PHY-1001 : Populate physical database on model design_top_wrapper.
RUN-1001 : Dedicate pll clock connection statistics:
RUN-1001 : Clock Region s_1_l [0,40][23,79]; Utilization: 1 out of 12
RUN-1001 : ----------------------------------------------------------------------------------------------------------------------------------------------------------------------------------------------------------------------------------
RUN-1001 :   Index  |                                    Leading Clock                                     |                                                          Special Sink                                                           
RUN-1001 : ----------------------------------------------------------------------------------------------------------------------------------------------------------------------------------------------------------------------------------
RUN-1001 :     1    |  u_ph1p35_324_ddr_wrapper/u_ddr2/ph1p_ddrmc_wrapper/ph1p_ddrmc_top/u_alc_mc_top/clk  |  u_ph1p35_324_ddr_wrapper/u_ddr2/ph1p_ddrmc_wrapper/ph1p_ddrmc_top/u_ddr_phy/u_ddrphy_top/u_ddrphy_clk/u_pll1/u_pll_inst.fbclk  
RUN-1001 : ----------------------------------------------------------------------------------------------------------------------------------------------------------------------------------------------------------------------------------
RUN-1001 : Clock Region s_1_r [24,40][43,79]; Utilization: 1 out of 12
RUN-1001 : -----------------------------------------------------------------------------------------------------------------------------------------------------------------------
RUN-1001 :   Index  |                                     Leading Clock                                     |                            Special Sink                             
RUN-1001 : -----------------------------------------------------------------------------------------------------------------------------------------------------------------------
RUN-1001 :     1    |  u_mipi_dphy_rx_ph1p_mipiio_wrapper/u_ph1p_mipiio_rx_wrapper/u_lane0_hs_detect/I_clk  |  u_PLL/ph1p_phy_pll_wrapper_25a56e5ce2f9_Inst/u_PH1P_PHY_PLL.fbclk  
RUN-1001 : -----------------------------------------------------------------------------------------------------------------------------------------------------------------------
PHY-1001 : Working orders of clock nets being processed in bank assignment:
PHY-1001 : u_ph1p35_324_ddr_wrapper/u_ddr2/ph1p_ddrmc_wrapper/ph1p_ddrmc_top/u_alc_mc_top/clk;
PHY-1001 : u_mipi_dphy_rx_ph1p_mipiio_wrapper/u_ph1p_mipiio_rx_wrapper/u_lane0_hs_detect/I_clk;
PHY-1001 : u_isp_top/u_demosaic/raw_matrix_3x3_buffer_d/zhenghe_d/blk_mem_gen_zhenghe_d1/ram_d32970204f32_Inst/clkb;
PHY-1001 : u_hdmi_mixer/I_clk_syn_656;
PHY-1001 : I_sys_clk_syn_8;
PHY-1001 : O_cam_24m_syn_3;
PHY-1001 : u_hdmi_tx/u_hdmi2phy_wrapper/u0_lane_lvds_8_1/I_serial_clk_syn_1;
PHY-1001 : u_ph1p35_324_ddr_wrapper/u_ddr2/ph1p_ddrmc_wrapper/ph1p_ddrmc_top/u_ddr_phy/u_ddrphy_top/u_ddrphy/apb_pclk_syn_1;
PHY-1001 : u_uicfgcs500/uii2c_inst/scl_clk_syn_9;
PHY-1001 : Internal bound Intnl_0_0_25_40 is being created by clock u_ph1p35_324_ddr_wrapper/u_ddr2/usr_clk through SCLK.
PHY-1001 : Internal bound Intnl_25_0_23_40 is being created by clock MIPI_RX_BYTE_CLK through SCLK.
PHY-1001 : Internal bound Intnl_0_40_25_40 is being created by clock u_ph1p35_324_ddr_wrapper/u_ddr2/usr_clk through SCLK.
PHY-1001 : Internal bound Intnl_25_40_19_40 is being created by clock MIPI_RX_BYTE_CLK through SCLK.
RUN-1001 : Clock region assignment statistics:
RUN-1001 : Clock Region s_0_l [0,0][23,39]; Utilization: 6 out of 12
RUN-1001 : ----------------------------------------------------------------------------------------------------------------------------------------------------------------------------------------------------------------------------------------------------------------------------------------------------------------------------------------
RUN-1001 :   Bank  |                                                   Leading Clock                                                    |       Type        |                                                                          Buffer                                                                           |  Regional Clock Fanouts  
RUN-1001 : ----------------------------------------------------------------------------------------------------------------------------------------------------------------------------------------------------------------------------------------------------------------------------------------------------------------------------------------
RUN-1001 :    1    |                 u_ph1p35_324_ddr_wrapper/u_ddr2/ph1p_ddrmc_wrapper/ph1p_ddrmc_top/u_alc_mc_top/clk                 |  (infered sclk)   |   u_ph1p35_324_ddr_wrapper/u_ddr2/ph1p_ddrmc_wrapper/ph1p_ddrmc_top/u_ddr_phy/u_ddrphy_top/u_ddrphy_clk/u_pll1/u_bufg_fbclk_auto_created_sclk_s_0_l_bk1   |           754            
RUN-1001 :    2    |      u_isp_top/u_demosaic/raw_matrix_3x3_buffer_d/zhenghe_d/blk_mem_gen_zhenghe_d1/ram_d32970204f32_Inst/clkb      |  (infered sclk)   |                           u_mipi_dphy_rx_ph1p_mipiio_wrapper/u_ph1p_mipiio_rx_wrapper/bufg_feedback_auto_created_sclk_s_0_l_bk2                           |           431            
RUN-1001 :    3    |                                             u_hdmi_mixer/I_clk_syn_656                                             |  (infered sclk)   |                                              u_hdmi_mixer/I_clk_created_gclkinst_auto_created_sclk_s_0_l_bk3                                              |           205            
RUN-1001 :    4    |                                                  I_sys_clk_syn_8                                                   |  (infered sclk)   |                                               I_sys_clk_dup_6_created_gclkinst_auto_created_sclk_s_0_l_bk4                                                |            82            
RUN-1001 :    5    |                                                  O_cam_24m_syn_3                                                   |  (infered sclk)   |                                               O_cam_24m_dup_1_created_gclkinst_auto_created_sclk_s_0_l_bk5                                                |            24            
RUN-1001 :    6    |  u_ph1p35_324_ddr_wrapper/u_ddr2/ph1p_ddrmc_wrapper/ph1p_ddrmc_top/u_ddr_phy/u_ddrphy_top/u_ddrphy/apb_pclk_syn_1  |  (infered sclk)   |  u_ph1p35_324_ddr_wrapper/u_ddr2/ph1p_ddrmc_wrapper/ph1p_ddrmc_top/u_ddr_phy/u_ddrphy_top/u_ddrphy/apb_pclk_created_gclkinst_auto_created_sclk_s_0_l_bk6  |            3             
RUN-1001 : ----------------------------------------------------------------------------------------------------------------------------------------------------------------------------------------------------------------------------------------------------------------------------------------------------------------------------------------
RUN-1001 : Clock Region s_0_r [24,0][47,39]; Utilization: 5 out of 12
RUN-1001 : ------------------------------------------------------------------------------------------------------------------------------------------------------------------------------------------------------------------------------------------------------------------------------------------------------------------------------
RUN-1001 :   Bank  |                                               Leading Clock                                                |       Type        |                                                                         Buffer                                                                          |  Regional Clock Fanouts  
RUN-1001 : ------------------------------------------------------------------------------------------------------------------------------------------------------------------------------------------------------------------------------------------------------------------------------------------------------------------------------
RUN-1001 :    1    |  u_isp_top/u_demosaic/raw_matrix_3x3_buffer_d/zhenghe_d/blk_mem_gen_zhenghe_d1/ram_d32970204f32_Inst/clkb  |  (infered sclk)   |                          u_mipi_dphy_rx_ph1p_mipiio_wrapper/u_ph1p_mipiio_rx_wrapper/bufg_feedback_auto_created_sclk_s_0_r_bk1                          |           2369           
RUN-1001 :    2    |             u_ph1p35_324_ddr_wrapper/u_ddr2/ph1p_ddrmc_wrapper/ph1p_ddrmc_top/u_alc_mc_top/clk             |  (infered sclk)   |  u_ph1p35_324_ddr_wrapper/u_ddr2/ph1p_ddrmc_wrapper/ph1p_ddrmc_top/u_ddr_phy/u_ddrphy_top/u_ddrphy_clk/u_pll1/u_bufg_fbclk_auto_created_sclk_s_0_r_bk2  |            15            
RUN-1001 :    3    |            u_mipi_dphy_rx_ph1p_mipiio_wrapper/u_ph1p_mipiio_rx_wrapper/u_lane0_hs_detect/I_clk             |  (infered sclk)   |                                                     u_PLL/bufg_feedback_auto_created_sclk_s_0_r_bk3                                                     |            7             
RUN-1001 :    4    |                                         u_hdmi_mixer/I_clk_syn_656                                         |  (infered sclk)   |                                             u_hdmi_mixer/I_clk_created_gclkinst_auto_created_sclk_s_0_r_bk4                                             |            6             
RUN-1001 :    5    |                                              O_cam_24m_syn_3                                               |  (infered sclk)   |                                              O_cam_24m_dup_1_created_gclkinst_auto_created_sclk_s_0_r_bk5                                               |            1             
RUN-1001 : ------------------------------------------------------------------------------------------------------------------------------------------------------------------------------------------------------------------------------------------------------------------------------------------------------------------------------
RUN-1001 : Clock Region s_1_l [0,40][23,79]; Utilization: 6 out of 12
RUN-1001 : ----------------------------------------------------------------------------------------------------------------------------------------------------------------------------------------------------------------------------------------------------------------------------------------------------------------------------------------
RUN-1001 :   Bank  |                                                   Leading Clock                                                    |       Type        |                                                                          Buffer                                                                           |  Regional Clock Fanouts  
RUN-1001 : ----------------------------------------------------------------------------------------------------------------------------------------------------------------------------------------------------------------------------------------------------------------------------------------------------------------------------------------
RUN-1001 :    1    |                 u_ph1p35_324_ddr_wrapper/u_ddr2/ph1p_ddrmc_wrapper/ph1p_ddrmc_top/u_alc_mc_top/clk                 |  (infered sclk)   |   u_ph1p35_324_ddr_wrapper/u_ddr2/ph1p_ddrmc_wrapper/ph1p_ddrmc_top/u_ddr_phy/u_ddrphy_top/u_ddrphy_clk/u_pll1/u_bufg_fbclk_auto_created_sclk_s_1_l_bk1   |           1424           
RUN-1001 :    2    |      u_isp_top/u_demosaic/raw_matrix_3x3_buffer_d/zhenghe_d/blk_mem_gen_zhenghe_d1/ram_d32970204f32_Inst/clkb      |  (infered sclk)   |                           u_mipi_dphy_rx_ph1p_mipiio_wrapper/u_ph1p_mipiio_rx_wrapper/bufg_feedback_auto_created_sclk_s_1_l_bk2                           |           826            
RUN-1001 :    3    |                                             u_hdmi_mixer/I_clk_syn_656                                             |  (infered sclk)   |                                              u_hdmi_mixer/I_clk_created_gclkinst_auto_created_sclk_s_1_l_bk3                                              |           479            
RUN-1001 :    4    |                                                  O_cam_24m_syn_3                                                   |  (infered sclk)   |                                               O_cam_24m_dup_1_created_gclkinst_auto_created_sclk_s_1_l_bk4                                                |            36            
RUN-1001 :    5    |  u_ph1p35_324_ddr_wrapper/u_ddr2/ph1p_ddrmc_wrapper/ph1p_ddrmc_top/u_ddr_phy/u_ddrphy_top/u_ddrphy/apb_pclk_syn_1  |  (infered sclk)   |  u_ph1p35_324_ddr_wrapper/u_ddr2/ph1p_ddrmc_wrapper/ph1p_ddrmc_top/u_ddr_phy/u_ddrphy_top/u_ddrphy/apb_pclk_created_gclkinst_auto_created_sclk_s_1_l_bk5  |            25            
RUN-1001 :    6    |                                       u_uicfgcs500/uii2c_inst/scl_clk_syn_9                                        |  (infered sclk)   |                                       u_uicfgcs500/uii2c_inst/scl_clk_created_gclkinst_auto_created_sclk_s_1_l_bk6                                        |            17            
RUN-1001 : ----------------------------------------------------------------------------------------------------------------------------------------------------------------------------------------------------------------------------------------------------------------------------------------------------------------------------------------
RUN-1001 : Clock Region s_1_r [24,40][43,79]; Utilization: 4 out of 12
RUN-1001 : --------------------------------------------------------------------------------------------------------------------------------------------------------------------------------------------------------------------------------------------------------------------------------
RUN-1001 :   Bank  |                                               Leading Clock                                                |       Type        |                                                  Buffer                                                   |  Regional Clock Fanouts  
RUN-1001 : --------------------------------------------------------------------------------------------------------------------------------------------------------------------------------------------------------------------------------------------------------------------------------
RUN-1001 :    1    |            u_mipi_dphy_rx_ph1p_mipiio_wrapper/u_ph1p_mipiio_rx_wrapper/u_lane0_hs_detect/I_clk             |  (infered sclk)   |                              u_PLL/bufg_feedback_auto_created_sclk_s_1_r_bk1                              |            1             
RUN-1001 :    2    |  u_isp_top/u_demosaic/raw_matrix_3x3_buffer_d/zhenghe_d/blk_mem_gen_zhenghe_d1/ram_d32970204f32_Inst/clkb  |  (infered sclk)   |   u_mipi_dphy_rx_ph1p_mipiio_wrapper/u_ph1p_mipiio_rx_wrapper/bufg_feedback_auto_created_sclk_s_1_r_bk2   |           1457           
RUN-1001 :    3    |                                         u_hdmi_mixer/I_clk_syn_656                                         |  (infered sclk)   |                      u_hdmi_mixer/I_clk_created_gclkinst_auto_created_sclk_s_1_r_bk3                      |           252            
RUN-1001 :    4    |                      u_hdmi_tx/u_hdmi2phy_wrapper/u0_lane_lvds_8_1/I_serial_clk_syn_1                      |  (infered sclk)   |  u_hdmi_tx/u_hdmi2phy_wrapper/u0_lane_lvds_8_1/I_serial_clk_created_gclkinst_auto_created_sclk_s_1_r_bk4  |            35            
RUN-1001 : --------------------------------------------------------------------------------------------------------------------------------------------------------------------------------------------------------------------------------------------------------------------------------
PHY-1001 : Populate physical database on model design_top_wrapper.
PHY-1001 : Route runs in 32 thread(s)
RUN-1001 : There are total 15936 instances
RUN-1001 : 536 mslices, 14791 lslices, 54 pads, 30 brams, 21 dsps
RUN-1001 : There are total 35856 nets
RUN-1001 : 23415 nets have 2 pins
RUN-1001 : 9751 nets have [3 - 5] pins
RUN-1001 : 1848 nets have [6 - 10] pins
RUN-1001 : 536 nets have [11 - 20] pins
RUN-1001 : 240 nets have [21 - 99] pins
RUN-1001 : 66 nets have 100+ pins
RUN-1002 : start command "start_timer"
RUN-1003 : finish command "start_timer" in  2.062864s wall, 2.046875s user + 0.000000s system = 2.046875s CPU (99.2%)

RUN-1004 : used memory is 1355 MB, reserved memory is 1431 MB, peak memory is 1355 MB
PHY-1001 : 536 mslices, 14791 lslices, 54 pads, 30 brams, 21 dsps

PHY-1001 : Stage 1 | Global Routing
PHY-1001 : Start global routing, caller is route ...
RUN-1001 : Generating global routing grids ...
PHY-1001 : Generate routing nets ...
RUN-1001 : Generate nets statistics:
RUN-1001 : ----------------------------
RUN-1001 :        Type       |  Nets   
RUN-1001 : ----------------------------
RUN-1001 :   TotalRouteNets  |  25028  
RUN-1001 :   DontRouteNets   |  5822   
RUN-1001 :     RouteNets     |  19206  
RUN-1001 :     RouteSinks    |  38584  
RUN-1001 : ----------------------------
PHY-1001 : Global iterations in 32 thread ...
PHY-1002 : len = 1.65582e+06, over cnt = 2140(2%), over = 4436, worst = 9
PHY-1002 : len = 1.71462e+06, over cnt = 1398(1%), over = 2443, worst = 9
PHY-1002 : len = 1.76026e+06, over cnt = 729(1%), over = 1106, worst = 9
PHY-1002 : len = 1.80882e+06, over cnt = 0(0%), over = 0, worst = 0
PHY-1001 : End global iterations;  1.511185s wall, 1.937500s user + 0.015625s system = 1.953125s CPU (129.2%)

PHY-1001 : Congestion index:
PHY-1001 : top1  = 79.36(S 58.84, N 55.26, E 70.64, W 76.64, I 71.00, O 78.37)
PHY-1001 : top5  = 67.24(S 48.14, N 47.17, E 56.53, W 62.62, I 55.22, O 61.18)
PHY-1001 : top10 = 61.27(S 42.40, N 41.65, E 48.68, W 55.05, I 50.13, O 54.70)
PHY-1001 : top15 = 57.37(S 38.61, N 37.95, E 43.84, W 50.36, I 46.98, O 50.51)
PHY-1001 : End global routing;  1.783521s wall, 2.234375s user + 0.015625s system = 2.250000s CPU (126.2%)

PHY-1001 : End Stage 1 | Global Routing; Time: 1.783567s wall, 2.234375s user + 0.015625s system = 2.250000s CPU (126.2%); Memory(MB): used = 1373, reserved = 1431, peak = 1373;

PHY-1001 : Stage 2 | Detail Routing
PHY-1001 : Stage 2.1 | Build Routing Design
PHY-1001 : Routing in high effort: false
PHY-1001 : Routing Mode: normal
PHY-1001 : Generate detailed routing grids ...
RUN-1001 : Constructing routing connections ...
PHY-1001 : End build routing graph; 2.125515s wall, 17.968750s user + 0.046875s system = 18.015625s CPU (847.6%)

PHY-1001 : Generate nets ...
RUN-1001 : Generate nets statistics:
RUN-1001 : ------------------------------
RUN-1001 :         Type        |  Nets   
RUN-1001 : ------------------------------
RUN-1001 :        Route        |  25403  
RUN-1001 :      DontRoute      |  10453  
RUN-1001 :      RouteSinks     |  83113  
RUN-1001 :   RouteEntitySinks  |    0    
RUN-1001 :       Lut2Dff       |    0    
RUN-1001 :       Ram2Dff       |    0    
RUN-1001 :      Carry2Dff      |    0    
RUN-1001 : ------------------------------
RUN-1001 : DR clock net summary:
RUN-1001 : ---------------------------------------------------------------------------------------------------------------------------------------------------
RUN-1001 :   Net Idx  |                                                        Net Name                                                        |  Clock Type  
RUN-1001 : ---------------------------------------------------------------------------------------------------------------------------------------------------
RUN-1001 :      1     |                                                    I_sys_clk_dup_6                                                     |    Normal    
RUN-1001 :      2     |                                                    I_sys_clk_syn_8                                                     |    Normal    
RUN-1001 :      3     |                                                    O_cam_24m_dup_1                                                     |    Normal    
RUN-1001 :      4     |                                                    O_cam_24m_syn_3                                                     |    Normal    
RUN-1001 :      5     |                                                     u_PLL/clk0_buf                                                     |    Normal    
RUN-1001 :      6     |                                                   u_hdmi_mixer/I_clk                                                   |    Normal    
RUN-1001 :      7     |                                               u_hdmi_mixer/I_clk_syn_656                                               |    Normal    
RUN-1001 :      8     |                               u_hdmi_tx/u_hdmi2phy_wrapper/u0_lane_lvds_8_1/I_serial_clk                               |    Normal    
RUN-1001 :      9     |                            u_hdmi_tx/u_hdmi2phy_wrapper/u0_lane_lvds_8_1/I_serial_clk_syn_1                            |    Normal    
RUN-1001 :     10     |        u_isp_top/u_demosaic/raw_matrix_3x3_buffer_d/zhenghe_d/blk_mem_gen_zhenghe_d1/ram_d32970204f32_Inst/clkb        |    Normal    
RUN-1001 :     11     |                     u_mipi_dphy_rx_ph1p_mipiio_wrapper/u_ph1p_mipiio_rx_wrapper/S_mipiio_hs_rx_clk                     |    Normal    
RUN-1001 :     12     |                  u_mipi_dphy_rx_ph1p_mipiio_wrapper/u_ph1p_mipiio_rx_wrapper/u_lane0_hs_detect/I_clk                   |    Normal    
RUN-1001 :     13     |                   u_ph1p35_324_ddr_wrapper/u_ddr2/ph1p_ddrmc_wrapper/ph1p_ddrmc_top/u_alc_mc_top/clk                   |    Normal    
RUN-1001 :     14     |       u_ph1p35_324_ddr_wrapper/u_ddr2/ph1p_ddrmc_wrapper/ph1p_ddrmc_top/u_ddr_phy/u_ddrphy_top/u_ddrphy/apb_pclk       |    Normal    
RUN-1001 :     15     |    u_ph1p35_324_ddr_wrapper/u_ddr2/ph1p_ddrmc_wrapper/ph1p_ddrmc_top/u_ddr_phy/u_ddrphy_top/u_ddrphy/apb_pclk_syn_1    |    Normal    
RUN-1001 :     16     |      u_ph1p35_324_ddr_wrapper/u_ddr2/ph1p_ddrmc_wrapper/ph1p_ddrmc_top/u_ddr_phy/u_ddrphy_top/u_ddrphy/ctl_clk[0]      |    Normal    
RUN-1001 :     17     |      u_ph1p35_324_ddr_wrapper/u_ddr2/ph1p_ddrmc_wrapper/ph1p_ddrmc_top/u_ddr_phy/u_ddrphy_top/u_ddrphy/ctl_clk[1]      |    Normal    
RUN-1001 :     18     |      u_ph1p35_324_ddr_wrapper/u_ddr2/ph1p_ddrmc_wrapper/ph1p_ddrmc_top/u_ddr_phy/u_ddrphy_top/u_ddrphy/ddr_clk[0]      |    Normal    
RUN-1001 :     19     |      u_ph1p35_324_ddr_wrapper/u_ddr2/ph1p_ddrmc_wrapper/ph1p_ddrmc_top/u_ddr_phy/u_ddrphy_top/u_ddrphy/ddr_clk[1]      |    Normal    
RUN-1001 :     20     |    u_ph1p35_324_ddr_wrapper/u_ddr2/ph1p_ddrmc_wrapper/ph1p_ddrmc_top/u_ddr_phy/u_ddrphy_top/u_ddrphy_clk/pll0_clk_1    |    Normal    
RUN-1001 :     21     |    u_ph1p35_324_ddr_wrapper/u_ddr2/ph1p_ddrmc_wrapper/ph1p_ddrmc_top/u_ddr_phy/u_ddrphy_top/u_ddrphy_clk/pll0_clk_2    |    Normal    
RUN-1001 :     22     |   u_ph1p35_324_ddr_wrapper/u_ddr2/ph1p_ddrmc_wrapper/ph1p_ddrmc_top/u_ddr_phy/u_ddrphy_top/u_ddrphy_clk/pll0_mlclk_1   |    Normal    
RUN-1001 :     23     |   u_ph1p35_324_ddr_wrapper/u_ddr2/ph1p_ddrmc_wrapper/ph1p_ddrmc_top/u_ddr_phy/u_ddrphy_top/u_ddrphy_clk/pll0_mlclk_2   |    Normal    
RUN-1001 :     24     |  u_ph1p35_324_ddr_wrapper/u_ddr2/ph1p_ddrmc_wrapper/ph1p_ddrmc_top/u_ddr_phy/u_ddrphy_top/u_ddrphy_clk/u_pll1/clkc[0]  |    Normal    
RUN-1001 :     25     |  u_ph1p35_324_ddr_wrapper/u_ddr2/ph1p_ddrmc_wrapper/ph1p_ddrmc_top/u_ddr_phy/u_ddrphy_top/u_ddrphy_clk/u_pll1/refclk   |    Normal    
RUN-1001 :     26     |                                            u_uicfgcs500/uii2c_inst/scl_clk                                             |    Normal    
RUN-1001 :     27     |                                         u_uicfgcs500/uii2c_inst/scl_clk_syn_9                                          |    Normal    
RUN-1001 : ---------------------------------------------------------------------------------------------------------------------------------------------------
RUN-1001 : DR clock buffer summary:
RUN-1001 : -------------------------------------------------------------------------------------------------------------------------------------------------------------------
RUN-1001 :   Idx  |                                                                           Name                                                                            
RUN-1001 : -------------------------------------------------------------------------------------------------------------------------------------------------------------------
RUN-1001 :    1   |   u_ph1p35_324_ddr_wrapper/u_ddr2/ph1p_ddrmc_wrapper/ph1p_ddrmc_top/u_ddr_phy/u_ddrphy_top/u_ddrphy_clk/u_pll1/u_bufg_fbclk_auto_created_sclk_s_0_l_bk1   
RUN-1001 :    2   |                           u_mipi_dphy_rx_ph1p_mipiio_wrapper/u_ph1p_mipiio_rx_wrapper/bufg_feedback_auto_created_sclk_s_0_l_bk2                           
RUN-1001 :    3   |                                              u_hdmi_mixer/I_clk_created_gclkinst_auto_created_sclk_s_0_l_bk3                                              
RUN-1001 :    4   |                                               I_sys_clk_dup_6_created_gclkinst_auto_created_sclk_s_0_l_bk4                                                
RUN-1001 :    5   |                                               O_cam_24m_dup_1_created_gclkinst_auto_created_sclk_s_0_l_bk5                                                
RUN-1001 :    6   |  u_ph1p35_324_ddr_wrapper/u_ddr2/ph1p_ddrmc_wrapper/ph1p_ddrmc_top/u_ddr_phy/u_ddrphy_top/u_ddrphy/apb_pclk_created_gclkinst_auto_created_sclk_s_0_l_bk6  
RUN-1001 :    7   |                           u_mipi_dphy_rx_ph1p_mipiio_wrapper/u_ph1p_mipiio_rx_wrapper/bufg_feedback_auto_created_sclk_s_0_r_bk1                           
RUN-1001 :    8   |   u_ph1p35_324_ddr_wrapper/u_ddr2/ph1p_ddrmc_wrapper/ph1p_ddrmc_top/u_ddr_phy/u_ddrphy_top/u_ddrphy_clk/u_pll1/u_bufg_fbclk_auto_created_sclk_s_0_r_bk2   
RUN-1001 :    9   |                                                      u_PLL/bufg_feedback_auto_created_sclk_s_0_r_bk3                                                      
RUN-1001 :   10   |                                              u_hdmi_mixer/I_clk_created_gclkinst_auto_created_sclk_s_0_r_bk4                                              
RUN-1001 :   11   |                                               O_cam_24m_dup_1_created_gclkinst_auto_created_sclk_s_0_r_bk5                                                
RUN-1001 :   12   |   u_ph1p35_324_ddr_wrapper/u_ddr2/ph1p_ddrmc_wrapper/ph1p_ddrmc_top/u_ddr_phy/u_ddrphy_top/u_ddrphy_clk/u_pll1/u_bufg_fbclk_auto_created_sclk_s_1_l_bk1   
RUN-1001 :   13   |                           u_mipi_dphy_rx_ph1p_mipiio_wrapper/u_ph1p_mipiio_rx_wrapper/bufg_feedback_auto_created_sclk_s_1_l_bk2                           
RUN-1001 :   14   |                                              u_hdmi_mixer/I_clk_created_gclkinst_auto_created_sclk_s_1_l_bk3                                              
RUN-1001 :   15   |                                               O_cam_24m_dup_1_created_gclkinst_auto_created_sclk_s_1_l_bk4                                                
RUN-1001 :   16   |  u_ph1p35_324_ddr_wrapper/u_ddr2/ph1p_ddrmc_wrapper/ph1p_ddrmc_top/u_ddr_phy/u_ddrphy_top/u_ddrphy/apb_pclk_created_gclkinst_auto_created_sclk_s_1_l_bk5  
RUN-1001 :   17   |                                       u_uicfgcs500/uii2c_inst/scl_clk_created_gclkinst_auto_created_sclk_s_1_l_bk6                                        
RUN-1001 :   18   |                                                      u_PLL/bufg_feedback_auto_created_sclk_s_1_r_bk1                                                      
RUN-1001 :   19   |                           u_mipi_dphy_rx_ph1p_mipiio_wrapper/u_ph1p_mipiio_rx_wrapper/bufg_feedback_auto_created_sclk_s_1_r_bk2                           
RUN-1001 :   20   |                                              u_hdmi_mixer/I_clk_created_gclkinst_auto_created_sclk_s_1_r_bk3                                              
RUN-1001 :   21   |                          u_hdmi_tx/u_hdmi2phy_wrapper/u0_lane_lvds_8_1/I_serial_clk_created_gclkinst_auto_created_sclk_s_1_r_bk4                          
RUN-1001 : -------------------------------------------------------------------------------------------------------------------------------------------------------------------
PHY-1001 : End Stage 2.1 | Build Routing Design; Time: 2.495669s wall, 18.343750s user + 0.046875s system = 18.390625s CPU (736.9%); Memory(MB): used = 1703, reserved = 1690, peak = 1703;

RUN-1001 : Top Percentage Crit. Net Stat.
RUN-1001 : -------------------------------------------------------
RUN-1001 :   Top %  |  Net Count  |  Avg. Fanout  |  Avg. Slack   
RUN-1001 : -------------------------------------------------------
RUN-1001 :     1    |     358     |   2.578212    |  3221.770950  
RUN-1001 :     2    |     717     |   3.161785    |  3953.959554  
RUN-1001 :     3    |    1075     |   3.252093    |  4293.537674  
RUN-1001 :     4    |    1434     |   3.204324    |  4516.427476  
RUN-1001 :     5    |    1792     |   3.152344    |  4678.094308  
RUN-1001 :     6    |    2151     |   3.077173    |  4804.541609  
RUN-1001 :     7    |    2509     |   3.361499    |  4907.732961  
RUN-1001 :     8    |    2868     |   3.635983    |  4995.681311  
RUN-1001 :     9    |    3227     |   3.524326    |  5073.497676  
RUN-1001 :    10    |    3585     |   3.504045    |  5143.299861  
RUN-1001 : -------------------------------------------------------
PHY-1001 : Stage 2.2 | Tile Base Routing
PHY-1001 : 173 nets need to preroute.
PHY-1001 : len = 0, over cnt = 0(0%), over = 0, worst = 0, crit = 0
PHY-1001 : End Stage 2.2 | Tile Base Routing; Time: 0.256458s wall, 4.687500s user + 0.000000s system = 4.687500s CPU (1827.8%); Memory(MB): used = 1706, reserved = 1692, peak = 1706;

PHY-1001 : Stage 2.3 | Clock Nets Routing
PHY-1001 : Routed 0% nets.
PHY-1001 : len = 405120, over cnt = 0(0%), over = 0, worst = 0, crit = 0
PHY-1001 : End Stage 2.3 | Clock Nets Routing; Time: 0.602580s wall, 0.921875s user + 0.000000s system = 0.921875s CPU (153.0%); Memory(MB): used = 1744, reserved = 1731, peak = 1744;

PHY-1001 : Stage 2.4 | Routing Initialization
PHY-1001 : Mark 1% net(place mode slack < 4437ps) as critical nets.
PHY-1001 : Stage 2.4.1 | Normal Nets Routing
PHY-1001 : Routed 67% nets.
PHY-1001 : len = 3.0047e+06, over cnt = 14129(0%), over = 15109, worst = 3, crit = 0
PHY-1001 : End Stage 2.4.1 | Normal Nets Routing; Time: 4.250247s wall, 12.578125s user + 0.031250s system = 12.609375s CPU (296.7%); Memory(MB): used = 1790, reserved = 1776, peak = 1790;

PHY-1001 : Stage 2.4.2 | Update Timing
RUN-1002 : start command "start_timer"
USR-1002 : Derived clock:  create_generated_clock -name {u_PLL/ph1p_phy_pll_wrapper_25a56e5ce2f9_Inst/u_PH1P_PHY_PLL.clkc[0]} -source [get_ports {I_sys_clk}] -master_clock {sys_clk_50m} -multiply_by 2.0000 -duty_cycle 50.0000 [get_pins {u_PLL/ph1p_phy_pll_wrapper_25a56e5ce2f9_Inst/u_PH1P_PHY_PLL.clkc[0]}]
USR-1002 : Derived clock:  create_generated_clock -name {u_PLL/ph1p_phy_pll_wrapper_25a56e5ce2f9_Inst/u_PH1P_PHY_PLL.clkc[1]} -source [get_ports {I_sys_clk}] -master_clock {sys_clk_50m} -divide_by 2.0769 -duty_cycle 50.0000 [get_pins {u_PLL/ph1p_phy_pll_wrapper_25a56e5ce2f9_Inst/u_PH1P_PHY_PLL.clkc[1]}]
USR-1002 : Derived clock:  create_generated_clock -name {u_PLL/ph1p_phy_pll_wrapper_25a56e5ce2f9_Inst/u_PH1P_PHY_PLL.clkc[4]} -source [get_ports {I_sys_clk}] -master_clock {sys_clk_50m} -multiply_by 1.0400 -duty_cycle 50.0000 [get_pins {u_PLL/ph1p_phy_pll_wrapper_25a56e5ce2f9_Inst/u_PH1P_PHY_PLL.clkc[4]}]
USR-1002 : Derived clock:  create_generated_clock -name {u_PLL/ph1p_phy_pll_wrapper_25a56e5ce2f9_Inst/u_PH1P_PHY_PLL.clkc[5]} -source [get_ports {I_sys_clk}] -master_clock {sys_clk_50m} -multiply_by 5.2000 -duty_cycle 50.0000 [get_pins {u_PLL/ph1p_phy_pll_wrapper_25a56e5ce2f9_Inst/u_PH1P_PHY_PLL.clkc[5]}]
USR-1002 : Derived clock:  create_generated_clock -name {u_ph1p35_324_ddr_wrapper/u_ddr2/ph1p_ddrmc_wrapper/ph1p_ddrmc_top/u_ddr_phy/u_ddrphy_top/u_ddrphy_clk/u_pll0/u_pll_inst.clkc[0]} -source [get_ports {I_sys_clk}] -master_clock {sys_clk_50m} -multiply_by 1.3333 -duty_cycle 50.0000 [get_pins {u_ph1p35_324_ddr_wrapper/u_ddr2/ph1p_ddrmc_wrapper/ph1p_ddrmc_top/u_ddr_phy/u_ddrphy_top/u_ddrphy_clk/u_pll0/u_pll_inst.clkc[0]}]
USR-1002 : Derived clock:  create_generated_clock -name {u_ph1p35_324_ddr_wrapper/u_ddr2/ph1p_ddrmc_wrapper/ph1p_ddrmc_top/u_ddr_phy/u_ddrphy_top/u_ddrphy_clk/u_pll0/u_pll_inst.clkc[1]} -source [get_ports {I_sys_clk}] -master_clock {sys_clk_50m} -multiply_by 1.3333 -duty_cycle 50.0000 [get_pins {u_ph1p35_324_ddr_wrapper/u_ddr2/ph1p_ddrmc_wrapper/ph1p_ddrmc_top/u_ddr_phy/u_ddrphy_top/u_ddrphy_clk/u_pll0/u_pll_inst.clkc[1]}]
USR-1002 : Derived clock:  create_generated_clock -name {u_ph1p35_324_ddr_wrapper/u_ddr2/ph1p_ddrmc_wrapper/ph1p_ddrmc_top/u_ddr_phy/u_ddrphy_top/u_ddrphy_clk/u_pll0/u_pll_inst.clkc[2]} -source [get_ports {I_sys_clk}] -master_clock {sys_clk_50m} -multiply_by 5.3333 -duty_cycle 50.0000 [get_pins {u_ph1p35_324_ddr_wrapper/u_ddr2/ph1p_ddrmc_wrapper/ph1p_ddrmc_top/u_ddr_phy/u_ddrphy_top/u_ddrphy_clk/u_pll0/u_pll_inst.clkc[2]}]
USR-1002 : Derived clock:  create_generated_clock -name {u_ph1p35_324_ddr_wrapper/u_ddr2/ph1p_ddrmc_wrapper/ph1p_ddrmc_top/u_ddr_phy/u_ddrphy_top/u_ddrphy_clk/u_pll0/u_pll_inst.clkc[3]} -source [get_ports {I_sys_clk}] -master_clock {sys_clk_50m} -divide_by 1.9687 -duty_cycle 50.0000 [get_pins {u_ph1p35_324_ddr_wrapper/u_ddr2/ph1p_ddrmc_wrapper/ph1p_ddrmc_top/u_ddr_phy/u_ddrphy_top/u_ddrphy_clk/u_pll0/u_pll_inst.clkc[3]}]
USR-1002 : Derived clock:  create_generated_clock -name {u_ph1p35_324_ddr_wrapper/u_ddr2/ph1p_ddrmc_wrapper/ph1p_ddrmc_top/u_ddr_phy/u_ddrphy_top/u_ddrphy_clk/u_pll1/u_pll_inst.clkc[0]} -source [get_pins {u_ph1p35_324_ddr_wrapper/u_ddr2/ph1p_ddrmc_wrapper/ph1p_ddrmc_top/u_ddr_phy/u_ddrphy_top/u_ddrphy_clk/u_pll0/u_pll_inst.clkc[0]}] -master_clock {u_ph1p35_324_ddr_wrapper/u_ddr2/ph1p_ddrmc_wrapper/ph1p_ddrmc_top/u_ddr_phy/u_ddrphy_top/u_ddrphy_clk/u_pll0/u_pll_inst.clkc[0]} -multiply_by 1.0000 -duty_cycle 50.0000 [get_pins {u_ph1p35_324_ddr_wrapper/u_ddr2/ph1p_ddrmc_wrapper/ph1p_ddrmc_top/u_ddr_phy/u_ddrphy_top/u_ddrphy_clk/u_pll1/u_pll_inst.clkc[0]}]
8.888000
15.000000
15.000000
19.230000
RUN-1003 : finish command "start_timer" in  1.515414s wall, 1.515625s user + 0.000000s system = 1.515625s CPU (100.0%)

RUN-1004 : used memory is 1791 MB, reserved memory is 1777 MB, peak memory is 1791 MB
TMR-2502 : Net delay update with mode: Routed
PHY-1001 : 0/25028(0%) critical/total net(s).
PHY-1001 : Setup: WNS(ns) = 0.943, TNS(ns) = 0.000, FEP = 0 | Hold: WNS(ns) = -0.202, TNS(ns) = -9.461, FEP = 247.
PHY-1001 : End Stage 2.4.2 | Update Timing; Time: 3.989259s wall, 3.937500s user + 0.015625s system = 3.953125s CPU (99.1%); Memory(MB): used = 1932, reserved = 1920, peak = 1932;

PHY-1001 : Stage 2.4.3 | Deskew Clock Tree
RUN-1001 : Deskew Summary
RUN-1001 : ---------------------------------------------------------------------------------------------------------------------------------
RUN-1001 :                                                 Clock                                                 |  Pre-Skew  |  Post-Skew  
RUN-1001 : ---------------------------------------------------------------------------------------------------------------------------------
RUN-1001 :                                             mipi_rx_ck_pad                                            |     32     |     32      
RUN-1001 :   u_mipi_dphy_rx_ph1p_mipiio_wrapper/u_ph1p_mipiio_rx_wrapper/u_PH1P_LOGIC_DPHY_MIPI_RX.io_clk_pad_p  |     32     |     32      
RUN-1001 :                                            MIPI_RX_BYTE_CLK                                           |     32     |     32      
RUN-1001 :                                              pll_clk_100m                                             |     20     |     20      
RUN-1001 :                                u_ph1p35_324_ddr_wrapper/u_ddr2/usr_clk                                |     15     |     15      
RUN-1001 :                                             HDMI_PIXEL_CLK                                            |     15     |     15      
RUN-1001 :                                u_ph1p35_324_ddr_wrapper/u_ddr2/mcu_clk                                |     13     |     13      
RUN-1001 :                                              pll_clk_24m                                              |     16     |     16      
RUN-1001 : ---------------------------------------------------------------------------------------------------------------------------------
PHY-1001 : 0/25028(0%) critical/total net(s).
PHY-1001 : Setup: WNS(ns) = 0.943, TNS(ns) = 0.000, FEP = 0 | Hold: WNS(ns) = -0.202, TNS(ns) = -9.461, FEP = 247.
PHY-1001 : End Stage 2.4.3 | Deskew Clock Tree; Time: 2.514675s wall, 2.500000s user + 0.000000s system = 2.500000s CPU (99.4%); Memory(MB): used = 1972, reserved = 1958, peak = 1972;

PHY-1001 : End Stage 2.4 | Routing Initialization; Time: 10.809438s wall, 19.062500s user + 0.046875s system = 19.109375s CPU (176.8%); Memory(MB): used = 1972, reserved = 1958, peak = 1972;

PHY-1001 : Stage 2.5 | Routing Optimization
PHY-1001 : Build lut bridge;  0.081685s wall, 0.078125s user + 0.000000s system = 0.078125s CPU (95.6%)

PHY-1001 : Stage 2.5.1 | Phase 1
PHY-1001 : Stage 2.5.1.1 | Hold TimeOptimization
PHY-1001 : Iter 0; Processed 359 pins with HWNS -0.202ns HTNS -6.054ns FEP 138 took 0.321146 seconds.
PHY-1001 : Iter 1; Processed 514 pins with HWNS -0.006ns HTNS -0.006ns FEP 1 took 0.865621 seconds.
PHY-1001 : len = 3.03971e+06, over cnt = 14066(0%), over = 15047, worst = 3, crit = 0
PHY-1001 : End Stage 2.5.1.1 | Hold TimeOptimization; Time: 1.254547s wall, 1.359375s user + 0.000000s system = 1.359375s CPU (108.4%); Memory(MB): used = 1974, reserved = 1960, peak = 1974;

PHY-1001 : Stage 2.5.1.2 | High Fanout Nets Optimization
PHY-1001 : High fanout net optimize summary:
PHY-1001 : Process 0 nets and 0 pins with SWNS 0.943ns STNS 0.000ns FEP 0.
PHY-1001 : len = 3.03971e+06, over cnt = 14066(0%), over = 15047, worst = 3, crit = 0
PHY-1001 : End Stage 2.5.1.2 | High Fanout Nets Optimization; Time: 0.213198s wall, 0.625000s user + 0.000000s system = 0.625000s CPU (293.2%); Memory(MB): used = 1974, reserved = 1960, peak = 1974;

PHY-1001 : Stage 2.5.1.3 | Setup TimeOptimization
PHY-1001 : len = 3.03971e+06, over cnt = 14066(0%), over = 15047, worst = 3, crit = 0
PHY-1001 : End Stage 2.5.1.3 | Setup TimeOptimization; Time: 0.210093s wall, 0.187500s user + 0.015625s system = 0.203125s CPU (96.7%); Memory(MB): used = 1974, reserved = 1960, peak = 1974;

PHY-1001 : Stage 2.5.1.4 | Rip-up And ReRoute
PHY-0007 : Congestion: {79.84, 70.43, 65.28, 62.25}; Timing: {0.943ns, 0.000ns, 0}
PHY-1001 : Iter 1: len = 3.13981e+06, over cnt = 7585(0%), over = 7862, worst = 3, crit = 0, time(s) = 2.62
PHY-1001 : Iter 2: len = 3.18504e+06, over cnt = 4533(0%), over = 4598, worst = 3, crit = 0, time(s) = 1.53
PHY-1001 : Iter 3: len = 3.20598e+06, over cnt = 3265(0%), over = 3280, worst = 2, crit = 0, time(s) = 1.82
PHY-1001 : Iter 4: len = 3.25243e+06, over cnt = 1543(0%), over = 1544, worst = 2, crit = 0, time(s) = 0.96
PHY-1001 : Iter 5: len = 3.26682e+06, over cnt = 1102(0%), over = 1102, worst = 1, crit = 0, time(s) = 0.93
PHY-1001 : Iter 6: len = 3.27171e+06, over cnt = 923(0%), over = 923, worst = 1, crit = 0, time(s) = 0.47
PHY-1001 : Iter 7: len = 3.27338e+06, over cnt = 872(0%), over = 872, worst = 1, crit = 0, time(s) = 0.35
PHY-1001 : Marking 23 (0.60%) hot zones with cutoff utilization 80.95.
PHY-1001 : Iter 8: len = 3.31514e+06, over cnt = 160(0%), over = 160, worst = 1, crit = 0, time(s) = 0.42
PHY-1001 : Iter 9: len = 3.32005e+06, over cnt = 90(0%), over = 90, worst = 1, crit = 0, time(s) = 0.17
PHY-1001 : Iter 10: len = 3.32565e+06, over cnt = 33(0%), over = 33, worst = 1, crit = 0, time(s) = 0.11
PHY-1001 : Iter 11: len = 3.32717e+06, over cnt = 10(0%), over = 10, worst = 1, crit = 0, time(s) = 0.08
PHY-1001 : Iter 12: len = 3.32786e+06, over cnt = 2(0%), over = 2, worst = 1, crit = 0, time(s) = 0.06
PHY-1001 : Marking 23 (0.60%) hot zones with cutoff utilization 80.95.
PHY-1001 : Iter 13: len = 3.3281e+06, over cnt = 0(0%), over = 0, worst = 0, crit = 0, time(s) = 0.05
PHY-1001 : Marking 23 (0.60%) hot zones with cutoff utilization 80.95.
PHY-1001 : Update congestion ...
PHY-1001 : Marking 23 (0.60%) hot zones with cutoff utilization 80.95.
PHY-1001 : Congestion index:
PHY-1001 : top1  = 83.14(S 66.86, N 64.91, E 78.18, W 81.05, I 71.00, O 78.37)
PHY-1001 : top5  = 75.14(S 58.95, N 56.88, E 66.77, W 71.66, I 55.22, O 61.18)
PHY-1001 : top10 = 70.50(S 54.94, N 52.64, E 59.98, W 66.36, I 50.13, O 54.70)
PHY-1001 : top15 = 67.26(S 51.72, N 49.67, E 55.40, W 62.93, I 46.98, O 50.51)
PHY-1001 : End update congestion; 0.020532s wall, 0.468750s user + 0.000000s system = 0.468750s CPU (2283.0%)

PHY-1001 : End Stage 2.5.1.4 | Rip-up And ReRoute; Time: 9.748214s wall, 25.531250s user + 0.093750s system = 25.625000s CPU (262.9%); Memory(MB): used = 1974, reserved = 1960, peak = 1974;

PHY-1001 : Stage 2.5.1.5 | Update Timing
PHY-1001 : 25/25028(0%) critical/total net(s).
PHY-1001 : Setup: WNS(ns) = -0.286, TNS(ns) = -0.286, FEP = 1 | Hold: WNS(ns) = -0.097, TNS(ns) = -1.700, FEP = 46.
PHY-1001 : End Stage 2.5.1.5 | Update Timing; Time: 1.575447s wall, 1.578125s user + 0.000000s system = 1.578125s CPU (100.2%); Memory(MB): used = 1987, reserved = 1974, peak = 1987;

PHY-1001 : Stage 2.5.1.6 | Commit Data
PHY-1001 : Commit better result to database ...
PHY-1001 : End Stage 2.5.1.6 | Commit Data; Time: 0.065802s wall, 0.062500s user + 0.000000s system = 0.062500s CPU (95.0%); Memory(MB): used = 2008, reserved = 1994, peak = 2008;

PHY-1001 : End Stage 2.5.1 | Phase 1; Time: 13.440599s wall, 29.718750s user + 0.109375s system = 29.828125s CPU (221.9%); Memory(MB): used = 2008, reserved = 1994, peak = 2008;

PHY-1001 : Stage 2.5.2 | Phase 2
PHY-1001 : Stage 2.5.2.1 | Hold TimeOptimization
PHY-1001 : Iter 0; Processed 75 pins with HWNS -0.093ns HTNS -0.311ns FEP 10 took 0.541545 seconds.
PHY-1001 : Iter 1; Processed 90 pins with HWNS 0.020ns HTNS 0.000ns FEP 0 took 0.142635 seconds.
PHY-1001 : len = 3.33776e+06, over cnt = 38(0%), over = 50, worst = 3, crit = 0
PHY-1001 : End Stage 2.5.2.1 | Hold TimeOptimization; Time: 0.759361s wall, 0.750000s user + 0.000000s system = 0.750000s CPU (98.8%); Memory(MB): used = 2008, reserved = 1994, peak = 2008;

PHY-1001 : Stage 2.5.2.2 | High Fanout Nets Optimization
PHY-1001 : High fanout net optimize summary:
PHY-1001 : Process 1 nets and 1 pins with SWNS -0.286ns STNS -0.286ns FEP 1.
PHY-1001 : len = 3.33813e+06, over cnt = 38(0%), over = 50, worst = 3, crit = 0
PHY-1001 : End Stage 2.5.2.2 | High Fanout Nets Optimization; Time: 0.342610s wall, 0.343750s user + 0.000000s system = 0.343750s CPU (100.3%); Memory(MB): used = 2008, reserved = 1994, peak = 2008;

PHY-1001 : Stage 2.5.2.3 | Setup TimeOptimization
PHY-1001 : Start to optimize setup violation with net base ...
PHY-1001 : Iter 1; Processed 1 pins with SWNS 0.220ns STNS 0.000ns FEP 0 took 0.198248 seconds.
PHY-1001 : len = 3.33851e+06, over cnt = 40(0%), over = 52, worst = 3, crit = 0
PHY-1001 : End Stage 2.5.2.3 | Setup TimeOptimization; Time: 0.404151s wall, 0.406250s user + 0.000000s system = 0.406250s CPU (100.5%); Memory(MB): used = 2008, reserved = 1994, peak = 2008;

PHY-1001 : Stage 2.5.2.4 | Rip-up And ReRoute
PHY-1001 : Iter 1: len = 3.33451e+06, over cnt = 5(0%), over = 5, worst = 1, crit = 0, time(s) = 0.05
PHY-1001 : Iter 2: len = 3.33422e+06, over cnt = 2(0%), over = 2, worst = 1, crit = 0, time(s) = 0.04
PHY-1001 : Iter 3: len = 3.33422e+06, over cnt = 0(0%), over = 0, worst = 0, crit = 0, time(s) = 0.05
PHY-1001 : Update congestion ...
PHY-1001 : Marking 42 (1.09%) hot zones with cutoff utilization 81.08.
PHY-1001 : Congestion index:
PHY-1001 : top1  = 83.46(S 66.93, N 65.20, E 78.67, W 81.20, I 71.00, O 78.37)
PHY-1001 : top5  = 75.22(S 59.01, N 57.07, E 67.06, W 71.76, I 55.22, O 61.18)
PHY-1001 : top10 = 70.58(S 55.05, N 52.79, E 60.17, W 66.46, I 50.13, O 54.70)
PHY-1001 : top15 = 67.41(S 51.84, N 49.81, E 55.53, W 63.06, I 46.98, O 50.51)
PHY-1001 : End update congestion; 0.021414s wall, 0.015625s user + 0.000000s system = 0.015625s CPU (73.0%)

PHY-1001 : End Stage 2.5.2.4 | Rip-up And ReRoute; Time: 0.203392s wall, 0.406250s user + 0.000000s system = 0.406250s CPU (199.7%); Memory(MB): used = 2008, reserved = 1994, peak = 2008;

PHY-1001 : Stage 2.5.2.5 | Update Timing
PHY-1001 : 0/25028(0%) critical/total net(s).
PHY-1001 : Setup: WNS(ns) = 0.220, TNS(ns) = 0.000, FEP = 0 | Hold: WNS(ns) = -0.085, TNS(ns) = -0.801, FEP = 24.
PHY-1001 : End Stage 2.5.2.5 | Update Timing; Time: 0.418880s wall, 0.421875s user + 0.000000s system = 0.421875s CPU (100.7%); Memory(MB): used = 2008, reserved = 1994, peak = 2008;

PHY-1001 : Stage 2.5.2.6 | Commit Data
PHY-1001 : Commit better result to database ...
PHY-1001 : End Stage 2.5.2.6 | Commit Data; Time: 0.031616s wall, 0.031250s user + 0.000000s system = 0.031250s CPU (98.8%); Memory(MB): used = 2008, reserved = 1994, peak = 2008;

PHY-1001 : End Stage 2.5.2 | Phase 2; Time: 2.437924s wall, 2.875000s user + 0.000000s system = 2.875000s CPU (117.9%); Memory(MB): used = 2008, reserved = 1994, peak = 2008;

PHY-1001 : End Stage 2.5 | Routing Optimization; Time: 18.401260s wall, 35.109375s user + 0.125000s system = 35.234375s CPU (191.5%); Memory(MB): used = 2008, reserved = 1994, peak = 2008;

PHY-1001 : Stage 2.6 | Multi-try route Optimization
PHY-1001 : End Stage 2.6 | Multi-try route Optimization; Time: 0.039292s wall, 0.031250s user + 0.000000s system = 0.031250s CPU (79.5%); Memory(MB): used = 2008, reserved = 1994, peak = 2008;

PHY-1003 : Routed, final wirelength = 3.33422e+06
RUN-1001 : Clock region assignment statistics:
RUN-1001 : Clock Region s_0_l [0,0][23,39]; Utilization: 6 out of 12
RUN-1001 : -----------------------------------------------------------------------------------------------------------------------------------------------------------------------------------------------------------------------------------------------------------------------------------------------------------------------------------------------------------------------------------------------------------------------------------------------------
RUN-1001 :   Bank  |                                                   Assigned Clock                                                   |                                                    Route Clock                                                     |  Marking  |                                                                          Buffer                                                                           |  Regional Clock Fanouts  
RUN-1001 : -----------------------------------------------------------------------------------------------------------------------------------------------------------------------------------------------------------------------------------------------------------------------------------------------------------------------------------------------------------------------------------------------------------------------------------------------------
RUN-1001 :    1    |                 u_ph1p35_324_ddr_wrapper/u_ddr2/ph1p_ddrmc_wrapper/ph1p_ddrmc_top/u_alc_mc_top/clk                 |                 u_ph1p35_324_ddr_wrapper/u_ddr2/ph1p_ddrmc_wrapper/ph1p_ddrmc_top/u_alc_mc_top/clk                 |           |   u_ph1p35_324_ddr_wrapper/u_ddr2/ph1p_ddrmc_wrapper/ph1p_ddrmc_top/u_ddr_phy/u_ddrphy_top/u_ddrphy_clk/u_pll1/u_bufg_fbclk_auto_created_sclk_s_0_l_bk1   |           754            
RUN-1001 :    2    |      u_isp_top/u_demosaic/raw_matrix_3x3_buffer_d/zhenghe_d/blk_mem_gen_zhenghe_d1/ram_d32970204f32_Inst/clkb      |      u_isp_top/u_demosaic/raw_matrix_3x3_buffer_d/zhenghe_d/blk_mem_gen_zhenghe_d1/ram_d32970204f32_Inst/clkb      |           |                           u_mipi_dphy_rx_ph1p_mipiio_wrapper/u_ph1p_mipiio_rx_wrapper/bufg_feedback_auto_created_sclk_s_0_l_bk2                           |           431            
RUN-1001 :    3    |                                             u_hdmi_mixer/I_clk_syn_656                                             |                                             u_hdmi_mixer/I_clk_syn_656                                             |           |                                              u_hdmi_mixer/I_clk_created_gclkinst_auto_created_sclk_s_0_l_bk3                                              |           205            
RUN-1001 :    4    |                                                  I_sys_clk_syn_8                                                   |                                                  I_sys_clk_syn_8                                                   |           |                                               I_sys_clk_dup_6_created_gclkinst_auto_created_sclk_s_0_l_bk4                                                |            82            
RUN-1001 :    5    |                                                  O_cam_24m_syn_3                                                   |                                                  O_cam_24m_syn_3                                                   |           |                                               O_cam_24m_dup_1_created_gclkinst_auto_created_sclk_s_0_l_bk5                                                |            24            
RUN-1001 :    6    |  u_ph1p35_324_ddr_wrapper/u_ddr2/ph1p_ddrmc_wrapper/ph1p_ddrmc_top/u_ddr_phy/u_ddrphy_top/u_ddrphy/apb_pclk_syn_1  |  u_ph1p35_324_ddr_wrapper/u_ddr2/ph1p_ddrmc_wrapper/ph1p_ddrmc_top/u_ddr_phy/u_ddrphy_top/u_ddrphy/apb_pclk_syn_1  |           |  u_ph1p35_324_ddr_wrapper/u_ddr2/ph1p_ddrmc_wrapper/ph1p_ddrmc_top/u_ddr_phy/u_ddrphy_top/u_ddrphy/apb_pclk_created_gclkinst_auto_created_sclk_s_0_l_bk6  |            3             
RUN-1001 : -----------------------------------------------------------------------------------------------------------------------------------------------------------------------------------------------------------------------------------------------------------------------------------------------------------------------------------------------------------------------------------------------------------------------------------------------------
RUN-1001 : Clock Region s_0_r [24,0][47,39]; Utilization: 5 out of 12
RUN-1001 : -----------------------------------------------------------------------------------------------------------------------------------------------------------------------------------------------------------------------------------------------------------------------------------------------------------------------------------------------------------------------------------------------------------------------------------
RUN-1001 :   Bank  |                                               Assigned Clock                                               |                                                Route Clock                                                 |  Marking  |                                                                         Buffer                                                                          |  Regional Clock Fanouts  
RUN-1001 : -----------------------------------------------------------------------------------------------------------------------------------------------------------------------------------------------------------------------------------------------------------------------------------------------------------------------------------------------------------------------------------------------------------------------------------
RUN-1001 :    1    |  u_isp_top/u_demosaic/raw_matrix_3x3_buffer_d/zhenghe_d/blk_mem_gen_zhenghe_d1/ram_d32970204f32_Inst/clkb  |  u_isp_top/u_demosaic/raw_matrix_3x3_buffer_d/zhenghe_d/blk_mem_gen_zhenghe_d1/ram_d32970204f32_Inst/clkb  |           |                          u_mipi_dphy_rx_ph1p_mipiio_wrapper/u_ph1p_mipiio_rx_wrapper/bufg_feedback_auto_created_sclk_s_0_r_bk1                          |           2369           
RUN-1001 :    2    |             u_ph1p35_324_ddr_wrapper/u_ddr2/ph1p_ddrmc_wrapper/ph1p_ddrmc_top/u_alc_mc_top/clk             |             u_ph1p35_324_ddr_wrapper/u_ddr2/ph1p_ddrmc_wrapper/ph1p_ddrmc_top/u_alc_mc_top/clk             |           |  u_ph1p35_324_ddr_wrapper/u_ddr2/ph1p_ddrmc_wrapper/ph1p_ddrmc_top/u_ddr_phy/u_ddrphy_top/u_ddrphy_clk/u_pll1/u_bufg_fbclk_auto_created_sclk_s_0_r_bk2  |            15            
RUN-1001 :    3    |            u_mipi_dphy_rx_ph1p_mipiio_wrapper/u_ph1p_mipiio_rx_wrapper/u_lane0_hs_detect/I_clk             |            u_mipi_dphy_rx_ph1p_mipiio_wrapper/u_ph1p_mipiio_rx_wrapper/u_lane0_hs_detect/I_clk             |           |                                                     u_PLL/bufg_feedback_auto_created_sclk_s_0_r_bk3                                                     |            7             
RUN-1001 :    4    |                                         u_hdmi_mixer/I_clk_syn_656                                         |                                         u_hdmi_mixer/I_clk_syn_656                                         |           |                                             u_hdmi_mixer/I_clk_created_gclkinst_auto_created_sclk_s_0_r_bk4                                             |            6             
RUN-1001 :    5    |                                              O_cam_24m_syn_3                                               |                                              O_cam_24m_syn_3                                               |           |                                              O_cam_24m_dup_1_created_gclkinst_auto_created_sclk_s_0_r_bk5                                               |            1             
RUN-1001 : -----------------------------------------------------------------------------------------------------------------------------------------------------------------------------------------------------------------------------------------------------------------------------------------------------------------------------------------------------------------------------------------------------------------------------------
RUN-1001 : Clock Region s_1_l [0,40][23,79]; Utilization: 6 out of 12
RUN-1001 : -----------------------------------------------------------------------------------------------------------------------------------------------------------------------------------------------------------------------------------------------------------------------------------------------------------------------------------------------------------------------------------------------------------------------------------------------------
RUN-1001 :   Bank  |                                                   Assigned Clock                                                   |                                                    Route Clock                                                     |  Marking  |                                                                          Buffer                                                                           |  Regional Clock Fanouts  
RUN-1001 : -----------------------------------------------------------------------------------------------------------------------------------------------------------------------------------------------------------------------------------------------------------------------------------------------------------------------------------------------------------------------------------------------------------------------------------------------------
RUN-1001 :    1    |                 u_ph1p35_324_ddr_wrapper/u_ddr2/ph1p_ddrmc_wrapper/ph1p_ddrmc_top/u_alc_mc_top/clk                 |                 u_ph1p35_324_ddr_wrapper/u_ddr2/ph1p_ddrmc_wrapper/ph1p_ddrmc_top/u_alc_mc_top/clk                 |           |   u_ph1p35_324_ddr_wrapper/u_ddr2/ph1p_ddrmc_wrapper/ph1p_ddrmc_top/u_ddr_phy/u_ddrphy_top/u_ddrphy_clk/u_pll1/u_bufg_fbclk_auto_created_sclk_s_1_l_bk1   |           1424           
RUN-1001 :    2    |      u_isp_top/u_demosaic/raw_matrix_3x3_buffer_d/zhenghe_d/blk_mem_gen_zhenghe_d1/ram_d32970204f32_Inst/clkb      |      u_isp_top/u_demosaic/raw_matrix_3x3_buffer_d/zhenghe_d/blk_mem_gen_zhenghe_d1/ram_d32970204f32_Inst/clkb      |           |                           u_mipi_dphy_rx_ph1p_mipiio_wrapper/u_ph1p_mipiio_rx_wrapper/bufg_feedback_auto_created_sclk_s_1_l_bk2                           |           826            
RUN-1001 :    3    |                                             u_hdmi_mixer/I_clk_syn_656                                             |                                             u_hdmi_mixer/I_clk_syn_656                                             |           |                                              u_hdmi_mixer/I_clk_created_gclkinst_auto_created_sclk_s_1_l_bk3                                              |           479            
RUN-1001 :    4    |                                                  O_cam_24m_syn_3                                                   |                                                  O_cam_24m_syn_3                                                   |           |                                               O_cam_24m_dup_1_created_gclkinst_auto_created_sclk_s_1_l_bk4                                                |            36            
RUN-1001 :    5    |  u_ph1p35_324_ddr_wrapper/u_ddr2/ph1p_ddrmc_wrapper/ph1p_ddrmc_top/u_ddr_phy/u_ddrphy_top/u_ddrphy/apb_pclk_syn_1  |  u_ph1p35_324_ddr_wrapper/u_ddr2/ph1p_ddrmc_wrapper/ph1p_ddrmc_top/u_ddr_phy/u_ddrphy_top/u_ddrphy/apb_pclk_syn_1  |           |  u_ph1p35_324_ddr_wrapper/u_ddr2/ph1p_ddrmc_wrapper/ph1p_ddrmc_top/u_ddr_phy/u_ddrphy_top/u_ddrphy/apb_pclk_created_gclkinst_auto_created_sclk_s_1_l_bk5  |            25            
RUN-1001 :    6    |                                       u_uicfgcs500/uii2c_inst/scl_clk_syn_9                                        |                                       u_uicfgcs500/uii2c_inst/scl_clk_syn_9                                        |           |                                       u_uicfgcs500/uii2c_inst/scl_clk_created_gclkinst_auto_created_sclk_s_1_l_bk6                                        |            17            
RUN-1001 : -----------------------------------------------------------------------------------------------------------------------------------------------------------------------------------------------------------------------------------------------------------------------------------------------------------------------------------------------------------------------------------------------------------------------------------------------------
RUN-1001 : Clock Region s_1_r [24,40][43,79]; Utilization: 4 out of 12
RUN-1001 : -------------------------------------------------------------------------------------------------------------------------------------------------------------------------------------------------------------------------------------------------------------------------------------------------------------------------------------------------------------------------------------
RUN-1001 :   Bank  |                                               Assigned Clock                                               |                                                Route Clock                                                 |  Marking  |                                                  Buffer                                                   |  Regional Clock Fanouts  
RUN-1001 : -------------------------------------------------------------------------------------------------------------------------------------------------------------------------------------------------------------------------------------------------------------------------------------------------------------------------------------------------------------------------------------
RUN-1001 :    1    |            u_mipi_dphy_rx_ph1p_mipiio_wrapper/u_ph1p_mipiio_rx_wrapper/u_lane0_hs_detect/I_clk             |            u_mipi_dphy_rx_ph1p_mipiio_wrapper/u_ph1p_mipiio_rx_wrapper/u_lane0_hs_detect/I_clk             |           |                              u_PLL/bufg_feedback_auto_created_sclk_s_1_r_bk1                              |            1             
RUN-1001 :    2    |  u_isp_top/u_demosaic/raw_matrix_3x3_buffer_d/zhenghe_d/blk_mem_gen_zhenghe_d1/ram_d32970204f32_Inst/clkb  |  u_isp_top/u_demosaic/raw_matrix_3x3_buffer_d/zhenghe_d/blk_mem_gen_zhenghe_d1/ram_d32970204f32_Inst/clkb  |           |   u_mipi_dphy_rx_ph1p_mipiio_wrapper/u_ph1p_mipiio_rx_wrapper/bufg_feedback_auto_created_sclk_s_1_r_bk2   |           1457           
RUN-1001 :    3    |                                         u_hdmi_mixer/I_clk_syn_656                                         |                                         u_hdmi_mixer/I_clk_syn_656                                         |           |                      u_hdmi_mixer/I_clk_created_gclkinst_auto_created_sclk_s_1_r_bk3                      |           252            
RUN-1001 :    4    |                      u_hdmi_tx/u_hdmi2phy_wrapper/u0_lane_lvds_8_1/I_serial_clk_syn_1                      |                      u_hdmi_tx/u_hdmi2phy_wrapper/u0_lane_lvds_8_1/I_serial_clk_syn_1                      |           |  u_hdmi_tx/u_hdmi2phy_wrapper/u0_lane_lvds_8_1/I_serial_clk_created_gclkinst_auto_created_sclk_s_1_r_bk4  |            35            
RUN-1001 : -------------------------------------------------------------------------------------------------------------------------------------------------------------------------------------------------------------------------------------------------------------------------------------------------------------------------------------------------------------------------------------
PHY-1001 : Current memory(MB): used = 2010, reserved = 1996, peak = 2010.
PHY-1001 : End export database. 0.056378s wall, 0.062500s user + 0.000000s system = 0.062500s CPU (110.9%)

PHY-1001 : End detail routing;  33.854257s wall, 79.390625s user + 0.234375s system = 79.625000s CPU (235.2%)

PHY-1001 : End Stage 2 | Detail Routing; Time: 33.854359s wall, 79.390625s user + 0.234375s system = 79.625000s CPU (235.2%); Memory(MB): used = 2010, reserved = 1996, peak = 2010;

RUN-1002 : start command "fix_hold"

PHY-1001 : Stage 3 | Hold Fix
PHY-1001 : Stage 3.1 | Load Design Data
PHY-1034 : Refresh detailed routing grids ...
PHY-1001 : Generate nets ...
PHY-1001 : eco open net = 0
PHY-1001 : End Stage 3.1 | Load Design Data; Time: 0.356099s wall, 0.562500s user + 0.000000s system = 0.562500s CPU (158.0%); Memory(MB): used = 2010, reserved = 1996, peak = 2010;

PHY-1001 : Stage 3.2 | Hold Fix Optimization
RUN-1002 : start command "start_timer"
RUN-1003 : finish command "start_timer" in  1.391692s wall, 1.375000s user + 0.000000s system = 1.375000s CPU (98.8%)

RUN-1004 : used memory is 2010 MB, reserved memory is 1996 MB, peak memory is 2010 MB
PHY-1001 : Timing info: SWNS 0.220ns | STNS 0.000ns | HWNS -0.085ns | HTNS -0.801ns.
PHY-1001 : Processing hold violation on 35 end-point, worst slack = -85ps, best slack = 17ps.
PHY-1001 : End timing refresh.  3.735548s wall, 3.671875s user + 0.015625s system = 3.687500s CPU (98.7%)

PHY-1001 : Stage 3.2.1 | Phase 1
PHY-1001 : Stage 3.2.1.1 | Hold Fix By LutBridge
PHY-1001 : len = 3.33619e+06, over cnt = 0(0%), over = 0, worst = 0, crit = 0
PHY-1001 : Bridge count = 10; unresolved count = 0.
PHY-1001 : 0 out of 35 ((0.00)%) EP fixed by LB.
PHY-1001 : End Stage 3.2.1.1 | Hold Fix By LutBridge; Time: 0.547574s wall, 0.687500s user + 0.000000s system = 0.687500s CPU (125.6%); Memory(MB): used = 2010, reserved = 1996, peak = 2010;

PHY-1001 : Timing info: SWNS 0.220ns | STNS 0.000ns | HWNS -0.085ns | HTNS -0.306ns.
PHY-1001 : Processing hold violation on 10 end-point, worst slack = -85ps, best slack = 11ps.
PHY-1001 : End timing refresh.  0.075463s wall, 0.062500s user + 0.000000s system = 0.062500s CPU (82.8%)

PHY-1001 : Stage 3.2.1.2 | Hold Fix By Pin
PHY-1001 : len = 3.33686e+06, over cnt = 0(0%), over = 0, worst = 0, crit = 0
PHY-1001 : 5 out of 10 ((50.00)%) EP fixed by pin delay.
PHY-1001 : End Stage 3.2.1.2 | Hold Fix By Pin; Time: 0.399462s wall, 0.406250s user + 0.000000s system = 0.406250s CPU (101.7%); Memory(MB): used = 2010, reserved = 1996, peak = 2010;

PHY-1001 : Timing info: SWNS 0.220ns | STNS 0.000ns | HWNS -0.069ns | HTNS -0.128ns.
PHY-1001 : Processing hold violation on 5 end-point, worst slack = -69ps, best slack = 11ps.
PHY-1001 : End timing refresh.  0.072819s wall, 0.078125s user + 0.000000s system = 0.078125s CPU (107.3%)

PHY-1001 : Stage 3.2.1.3 | Hold Fix By Net
PHY-1001 : len = 3.33779e+06, over cnt = 0(0%), over = 0, worst = 0, crit = 0
PHY-1001 : 5 out of 5 ((100.00)%) EP fixed by net delay.
PHY-1001 : End Stage 3.2.1.3 | Hold Fix By Net; Time: 0.152826s wall, 0.156250s user + 0.000000s system = 0.156250s CPU (102.2%); Memory(MB): used = 2010, reserved = 1996, peak = 2010;

PHY-1001 : Timing info: SWNS 0.220ns | STNS 0.000ns | HWNS 0.020ns | HTNS 0.000ns.
PHY-1001 : End timing refresh.  0.075341s wall, 0.062500s user + 0.000000s system = 0.062500s CPU (83.0%)

PHY-1001 : End Stage 3.2.1 | Phase 1; Time: 1.344691s wall, 1.484375s user + 0.000000s system = 1.484375s CPU (110.4%); Memory(MB): used = 2010, reserved = 1996, peak = 2010;

PHY-1001 : End Stage 3.2 | Hold Fix Optimization; Time: 5.081617s wall, 5.156250s user + 0.015625s system = 5.171875s CPU (101.8%); Memory(MB): used = 2010, reserved = 1996, peak = 2010;

PHY-1001 : End Stage 3 | Hold Fix; Time: 5.551058s wall, 5.843750s user + 0.015625s system = 5.859375s CPU (105.6%); Memory(MB): used = 2010, reserved = 1996, peak = 2010;

RUN-1003 : finish command "fix_hold" in  5.584533s wall, 5.875000s user + 0.015625s system = 5.890625s CPU (105.5%)

RUN-1004 : used memory is 2010 MB, reserved memory is 1996 MB, peak memory is 2010 MB
PHY-1001 : Stage 4 | Report Route Qor
RUN-1002 : start command "report_qor -step route -file route.qor"
RUN-1002 : start command "start_timer"
RUN-1003 : finish command "start_timer" in  1.389675s wall, 1.375000s user + 0.000000s system = 1.375000s CPU (98.9%)

RUN-1004 : used memory is 2010 MB, reserved memory is 1996 MB, peak memory is 2010 MB
-----------------------------------------------------------
| QoR metrics               |         value               |
-----------------------------------------------------------
| Timing                    |                             |
|     Setup WNS             |          220                |
|     Setup TNS             |            0                |
|     Num of violated S-EP  |            0                |
|     Hold WNS              |           20                |
|     Hold TNS              |            0                |
|     Num of violated H-EP  |            0                |
-----------------------------------------------------------
| Routing Resource          |                             |
|     Wire length           |      3337792                |
-----------------------------------------------------------
| Utilization               |                             |
|     #slices               |        15327                |
|     slices percentage     |       72.24%                |
|     #RAMs                 |           30                |
|     #DSPs                 |           21                |
|     #DRAMHARDCON          |           53                |
-----------------------------------------------------------
Report route stage QoR done.

RUN-1003 : finish command "report_qor -step route -file route.qor" in  3.780242s wall, 3.765625s user + 0.000000s system = 3.765625s CPU (99.6%)

RUN-1004 : used memory is 2010 MB, reserved memory is 1996 MB, peak memory is 2010 MB
RUN-1002 : start command "update_timing -mode final"
RUN-1002 : start command "start_timer"
RUN-1003 : finish command "start_timer" in  1.400783s wall, 1.359375s user + 0.015625s system = 1.375000s CPU (98.2%)

RUN-1004 : used memory is 2010 MB, reserved memory is 1996 MB, peak memory is 2010 MB
RUN-1003 : finish command "update_timing -mode final" in  3.877338s wall, 3.796875s user + 0.015625s system = 3.812500s CPU (98.3%)

RUN-1004 : used memory is 2010 MB, reserved memory is 1996 MB, peak memory is 2010 MB
RUN-1002 : start command "report_timing_summary -file final_timing.rpt"
OPT-1001 : QoR tracer report on route step:
    SWNS [   incr ]    STNS [   incr ]  S-FEPS [   incr ]    HWNS [   incr ]      HTNS [     incr ]    H-FEPS [     incr ]    CELL [   incr ]       WL [    incr ]   RT(s) [   incr ]   MEM(mb) [     incr ]
     943 [      0 ]       0 [      0 ]       0 [      0 ]    -202 [      0 ]     -9461 [        0 ]       247 [        0 ]   15936 [      0 ]  3004704 [       0 ]      20 [      0 ]      1972 [        0 ] : dr_initialization
     943 [      0 ]       0 [      0 ]       0 [      0 ]      -6 [    196 ]        -6 [     9455 ]         1 [     -246 ]   15936 [      0 ]  3039712 [   35008 ]      24 [      4 ]      1974 [        2 ] : dr_timing_opt_phase1
    -286 [  -1229 ]    -286 [   -286 ]       1 [      1 ]     -97 [    -91 ]     -1700 [    -1694 ]        46 [       45 ]   15936 [      0 ]  3328096 [  288384 ]      36 [     12 ]      2008 [       34 ] : dr_opt_phase1
     220 [    506 ]       0 [    286 ]       0 [     -1 ]      20 [    117 ]         0 [     1700 ]         0 [      -46 ]   15936 [      0 ]  3338512 [   10416 ]      37 [      1 ]      2008 [        0 ] : dr_timing_opt_phase2
     220 [      0 ]       0 [      0 ]       0 [      0 ]     -85 [   -105 ]      -801 [     -801 ]        24 [       24 ]   15936 [      0 ]  3334224 [   -4288 ]      38 [      1 ]      2008 [        0 ] : dr_opt_phase2
     220 [      0 ]       0 [      0 ]       0 [      0 ]     -85 [      0 ]      -801 [        0 ]        24 [        0 ]   15936 [      0 ]  3334224 [       0 ]      38 [      0 ]      2008 [        0 ] : multi_try_opt
     220 [      0 ]       0 [      0 ]       0 [      0 ]      20 [    105 ]         0 [      801 ]         0 [      -24 ]   15936 [      0 ]  3337792 [    3568 ]      44 [      6 ]      2010 [        2 ] : fix_hold_opt

PHY-1001 : End Stage 4 | Report Route Qor; Time: 7.736999s wall, 7.640625s user + 0.015625s system = 7.656250s CPU (99.0%); Memory(MB): used = 2010, reserved = 1996, peak = 2010;

PHY-1001 : Stage 5 | Routing DRC
PHY-1001 : Stage 5.1 | Check And Add Lut-bridge
PHY-1001 : End Stage 5.1 | Check And Add Lut-bridge; Time: 0.082888s wall, 0.093750s user + 0.000000s system = 0.093750s CPU (113.1%); Memory(MB): used = 2010, reserved = 1996, peak = 2010;

PHY-1001 : Stage 5.2 | Lut Bridge Check
PHY-1001 : End Stage 5.2 | Lut Bridge Check; Time: 0.161824s wall, 0.156250s user + 0.000000s system = 0.156250s CPU (96.6%); Memory(MB): used = 2010, reserved = 1996, peak = 2010;

PHY-1001 : Stage 5.3 | Physical Net Status Check
PHY-1001 : End Stage 5.3 | Physical Net Status Check; Time: 0.032707s wall, 0.031250s user + 0.000000s system = 0.031250s CPU (95.5%); Memory(MB): used = 2010, reserved = 1996, peak = 2010;

PHY-1001 : Start multi-drive drc check......
PHY-1001 : No multi-drive.
PHY-1001 : Stage 5.4 | Clock Net Status Check
PHY-1001 : 2 clock net(s) utilize local routing resource.
PHY-5079 CRITICAL-WARNING: Marked 1 clock net(s) utilize the local routing resources. Please check log message and the sinks of clock nets.
RUN-1001 : CTS Local Wire Summary
RUN-1001 : ------------------------------------------------------------------------------------------------------------------------------------------------------------
RUN-1001 :    ClockName    |   DriverType    |  Clock/Fanout  |  LocalWireNum  |                                  NetName                                   |  Marked  
RUN-1001 : ------------------------------------------------------------------------------------------------------------------------------------------------------------
RUN-1001 :        -        |  AL_PHY_LSLICE  |      1/3       |       10       |                      u_uicfgcs500/uii2c_inst/scl_clk                       |    -     
RUN-1001 :   pll_clk_24m   |   AL_PHY_SCLK   |     23/24      |       3        |  O_cam_24m_dup_1_created_gclkinst_auto_created_sclk_s_0_l_bk5_sclk_outnet  |   true   
RUN-1001 : ------------------------------------------------------------------------------------------------------------------------------------------------------------
PHY-5088 WARNING: Clock_Analyzer: Detected 1 buffer(s) clkin net because they drive non-clock sinks. Run "analyze_clock -detail" for more infomation.
PHY-5088 WARNING: Clock_Analyzer: Detected 1 buffer(s) clkout net because they drive non-clock sinks. Run "analyze_clock -detail" for more infomation.
PHY-5088 WARNING: Clock_Analyzer: 2 clock-net(s) because they drive other clock net, may cause clock skew. Run "analyze_clock -detail" for more infomation.
PHY-1001 : End Stage 5.4 | Clock Net Status Check; Time: 0.050426s wall, 0.046875s user + 0.000000s system = 0.046875s CPU (93.0%); Memory(MB): used = 2010, reserved = 1996, peak = 2010;

PHY-1001 : Stage 5.5 | Abnormal Timing Path check
PHY-1001 : No abnormal timing path.
PHY-1001 : End Stage 5.5 | Abnormal Timing Path check; Time: 0.139135s wall, 0.140625s user + 0.000000s system = 0.140625s CPU (101.1%); Memory(MB): used = 2010, reserved = 1996, peak = 2010;

PHY-1001 : Stage 5.6 | Bound Check
PHY-1001 : Check Pass.
PHY-1001 : End Stage 5.6 | Bound Check; Time: 0.002368s wall, 0.000000s user + 0.000000s system = 0.000000s CPU (n/a%); Memory(MB): used = 2010, reserved = 1996, peak = 2010;

PHY-1001 : End Stage 5 | Routing DRC; Time: 0.500169s wall, 0.500000s user + 0.000000s system = 0.500000s CPU (100.0%); Memory(MB): used = 2010, reserved = 1996, peak = 2010;

RUN-1003 : finish command "route" in  52.720787s wall, 98.859375s user + 0.281250s system = 99.140625s CPU (188.0%)

RUN-1004 : used memory is 2010 MB, reserved memory is 1996 MB, peak memory is 2010 MB
RUN-1002 : start command "report_area -io_info -file camera_to_dsi_display_phy.area"
SYN-4034 : The count of slices with lut is 9441.
SYN-4035 : The count of slices with lut+ripple is 3019.
RUN-1001 : standard
***Report Model: design_top_wrapper Device: PH1P35MDG324***

Design Statistics
#IO                        58   out of    160   36.25%
  #input                    2
  #output                  31
  #inout                   25
#lut6                   12996   out of  21216   61.26%
#reg                    14113
  #slice reg            14113   out of  42432   33.26%
  #pad reg                  0

Utilization Statistics
#slice                  15327   out of  21216   72.24%
  #used ram               536
    #dram lut             424
    #shifter lut          112
  #used logic           14791
    #with luts           9441
    #with adder          3019
    #reg only            2331
#feedthrough             2464
#f7mux                      0   out of  10608    0.00%
#f8mux                      0   out of   5304    0.00%
#eram                      30   out of    108   27.78%
  #eram20k                 30
  #fifo20k                  0
#dsp                       21   out of     40   52.50%
#ddr_byte                   6   out of     12   50.00%
#mipi_tx                    0   out of      2    0.00%
#mipi_rx                    1   out of      2   50.00%
#pad                       17   out of    160   10.62%
#pll                        3   out of      6   50.00%
#gclk                       9   out of     32   28.12%
#lclk                       0   out of     12    0.00%
#sclk                      21   out of     48   43.75%
#mlclk                      2   out of      6   33.33%
#ioclk                      4   out of     18   22.22%


DataNet Average Fanout:

   Index     Fanout     Nets   
    #1          1       23229  
    #2          2       7980   
    #3          3       1070   
    #4          4        596   
    #5        5-10      1803   
    #6        11-50      420   
    #7       51-100      76    
    #8       101-500     31    
    #9        >500        5    
  Average     2.27             

RUN-1002 : start command "update_timing -mode final"
RUN-1002 : start command "start_timer"
RUN-1003 : finish command "start_timer" in  1.352387s wall, 1.359375s user + 0.000000s system = 1.359375s CPU (100.5%)

RUN-1004 : used memory is 2010 MB, reserved memory is 1996 MB, peak memory is 2010 MB
RUN-1003 : finish command "update_timing -mode final" in  3.660140s wall, 3.640625s user + 0.000000s system = 3.640625s CPU (99.5%)

RUN-1004 : used memory is 2010 MB, reserved memory is 1996 MB, peak memory is 2010 MB
RUN-1002 : start command "report_timing_status -file camera_to_dsi_display_phy.ts"
RUN-1002 : start command "report_timing_summary -file camera_to_dsi_display_pr.timing"
RUN-1002 : start command "report_timing_exception -file camera_to_dsi_display_exception.timing"
RUN-1002 : start command "flow_status -file route_flow.status"
Location         : D:\anlu\rtl\td_project
Running with     : Tang Dynasty v6.2.168116
                   Copyright (c) 2012-2025 Anlogic Inc.
Top Model        : design_top_wrapper
Device           : PH1P35MDG324
Speed            : 3

Timing Mode      : final
Setup            : WNS   220ps  TNS        0ps  NUM_FEPS     0
Hold             : WNS    20ps  TNS        0ps  NUM_FEPS     0

Flow Statistics  :
RUN-1001 : Flow Statistics:
RUN-1001 : ---------------------------------------------------------------------------------------------------
RUN-1001 :      command     |  #calls  |  wall time   |  cpu time(s)  |  used memory(mb)  |  peak memory(mb)  
RUN-1001 : ---------------------------------------------------------------------------------------------------
RUN-1001 :       place      |    1     |  1m25s(61%)  |   300(75%)    |       1332        |       1332        
RUN-1001 :       route      |    1     |   47s(33%)   |    93(23%)    |       2010        |       2010        
RUN-1001 :     fix_hold     |    1     |    5s(3%)    |     5(1%)     |       2010        |       2010        
RUN-1001 :     import_db    |    1     |    1s(0%)    |     0(0%)     |        610        |        610        
RUN-1001 :   import_device  |    1     |    1s(0%)    |     1(0%)     |        325        |        325        
RUN-1001 : ---------------------------------------------------------------------------------------------------
RUN-1001 :       total      |    5     |    2m19s     |      399      |       2010        |       2010        
RUN-1001 : ---------------------------------------------------------------------------------------------------
RUN-1002 : start command "report_clock_utilization -file route_clock_utilization.txt"
RUN-1002 : start command "export_db camera_to_dsi_display_pr.db"
RUN-1001 : Exported flow parameters
RUN-1001 : Exported /
RUN-1001 : Exported libs
RUN-1001 : Exported entities
RUN-1001 : Exported ports
RUN-1001 : Exported pins
RUN-1001 : Exported instances
RUN-1001 : Exported nets
RUN-1001 : Exported buses
RUN-1001 : Exported models
RUN-1001 : Exported phy database
RUN-1001 : Exported packer
RUN-1001 : Exported congestions
RUN-1001 : Exported violations
RUN-1001 : Exported ATMR Setting
RUN-1001 : Exported timing constraints
RUN-1001 : Exported IO constraints
RUN-1001 : Exported Inst constraints
RUN-1001 : Exported ChipWatcher
RUN-1002 : start command "export_flow_status -s opt_place -e opt_route"
RUN-1002 : start command "flow_status"

Location         : D:\anlu\rtl\td_project
Running with     : Tang Dynasty v6.2.168116
                   Copyright (c) 2012-2025 Anlogic Inc.
Top Model        : design_top_wrapper
Device           : PH1P35MDG324
Speed            : 3

Timing Mode      : final
Setup            : WNS   220ps  TNS        0ps  NUM_FEPS     0
Hold             : WNS    20ps  TNS        0ps  NUM_FEPS     0

RUN-1001 : Flow Statistics:
RUN-1001 : ---------------------------------------------------------------------------------------------------
RUN-1001 :      command     |  #calls  |  wall time   |  cpu time(s)  |  used memory(mb)  |  peak memory(mb)  
RUN-1001 : ---------------------------------------------------------------------------------------------------
RUN-1001 :       place      |    1     |  1m25s(61%)  |   300(75%)    |       1332        |       1332        
RUN-1001 :       route      |    1     |   47s(33%)   |    93(23%)    |       2010        |       2010        
RUN-1001 :     fix_hold     |    1     |    5s(3%)    |     5(1%)     |       2010        |       2010        
RUN-1001 :     import_db    |    1     |    1s(0%)    |     0(0%)     |        610        |        610        
RUN-1001 :   import_device  |    1     |    1s(0%)    |     1(0%)     |        325        |        325        
RUN-1001 : ---------------------------------------------------------------------------------------------------
RUN-1001 :       total      |    5     |    2m19s     |      399      |       2010        |       2010        
RUN-1001 : ---------------------------------------------------------------------------------------------------

