============================================================
   Tang Dynasty, V6.2.168116
   Copyright (c) 2012-2025 Anlogic Inc.
   Executable = D:/Anlogic/TD_6.2.1_Engineer_6.2.168.116/bin/td_commands_prompt.exe
   Built at =   16:32:07 Jun 12 2025
   Run by =     »ÆÂúöÎ
   Run Date =   Thu Sep 10 16:34:14 2026

   Run on =     LAPTOP-JS31KT7K
============================================================
ph1_35p.db
PH1P35MDG324
3
read_design
opt_route
camera_to_dsi_display
design_top_wrapper
-packarea
syn_1
../user_source/constraints_source/pin.adc
ddr2 ../user_source/hdl_source/ip/memory/ph1p35_ddr/ddr2/src/adc/ddr2.adc
ddr2 ../user_source/hdl_source/ip/memory/ph1p35_ddr/ddr2/src/sdc/ddr2.sdc w128_d512_fifo ../user_source/ip_source/w128_d512_fifo/w128_d512_fifo.tcl
camera_to_dsi_display.sdc
RUN-1002 : start command "import_device ph1_35p.db -package PH1P35MDG324 -speed 3"
ARC-1001 : Device Initialization.
ARC-1001 : ----------------------------------------------------------------
ARC-1001 :           OPTION          |          IO           |   SETTING   
ARC-1001 : ----------------------------------------------------------------
ARC-1001 :   non_jtag_persist(none)  |        35 IOs         |    gpio    
ARC-1001 :            jtag           |  P13/P15/L14/R13/T13  |  dedicate  
ARC-1001 : ----------------------------------------------------------------
RUN-1003 : finish command "import_device ph1_35p.db -package PH1P35MDG324 -speed 3" in  1.330892s wall, 1.015625s user + 0.078125s system = 1.093750s CPU (82.2%)

RUN-1004 : used memory is 324 MB, reserved memory is 321 MB, peak memory is 324 MB
RUN-1002 : start command "open_project camera_to_dsi_display.al -single_run"
RUN-1002 : start command "commit_param -step design"
RUN-1001 : Print Global Property
RUN-1001 : -------------------------------------------------------------
RUN-1001 :     Parameters    |   Settings   |  Default Values  |  Note  
RUN-1001 : -------------------------------------------------------------
RUN-1001 :    enable_seed    |     off      |       off        |        
RUN-1001 :    hfn_to_clock   |  1000000000  |    1000000000    |        
RUN-1001 :      message      |   standard   |     standard     |        
RUN-1001 :    qor_monitor    |      on      |        on        |        
RUN-1001 :   speedup_effort  |      0       |        0         |        
RUN-1001 :    syn_ip_flow    |     off      |       off        |        
RUN-1001 :       thread      |     auto     |       auto       |        
RUN-1001 : -------------------------------------------------------------
RUN-1001 : Print Design Property
RUN-1001 : ----------------------------------------------------------------
RUN-1001 :       Parameters       |  Settings  |  Default Values  |  Note  
RUN-1001 : ----------------------------------------------------------------
RUN-1001 :   default_reg_initial  |    auto    |       auto       |        
RUN-1001 :    hdl_warning_level   |   normal   |      normal      |        
RUN-1001 : ----------------------------------------------------------------
HDL-1007 : analyze verilog file ../user_source/hdl_source/ip/image/demosaic_4x_2_0/blk_mem_gen_demosaic/RTL/ram_c36c2ca3b3a7.v
HDL-1007 : analyze verilog file ../user_source/hdl_source/ip/image/demosaic_4x_2_0/blk_mem_gen_demosaic/blk_mem_gen_demosaic.v
HDL-1007 : analyze verilog file ../user_source/hdl_source/ip/image/demosaic_4x_2_0/blk_mem_gen_zhenghe/RTL/ram_d32970204f32.v
HDL-1007 : analyze verilog file ../user_source/hdl_source/ip/image/demosaic_4x_2_0/blk_mem_gen_zhenghe/blk_mem_gen_zhenghe.v
HDL-1007 : analyze verilog file ../user_source/hdl_source/ip/memory/ph1p35_ddr/ddr2/ph1p_ddrmc_wrapper_63f4ac254419.v
HDL-1007 : analyze included file ../user_source/hdl_source/ip/memory/ph1p35_ddr/ddr2/./src/rtl/include/ph1p_mis_define.vh in ../user_source/hdl_source/ip/memory/ph1p35_ddr/ddr2/ph1p_ddrmc_wrapper_63f4ac254419.v(11)
HDL-1007 : back to file '../user_source/hdl_source/ip/memory/ph1p35_ddr/ddr2/ph1p_ddrmc_wrapper_63f4ac254419.v' in ../user_source/hdl_source/ip/memory/ph1p35_ddr/ddr2/ph1p_ddrmc_wrapper_63f4ac254419.v(11)
Copyright (c) 1998-2019 The OpenSSL Project.  All rights reserved.
This product includes software developed by the OpenSSL Project
for use in the OpenSSL Toolkit (http://www.openssl.org/)
Copyright (C) 1995-1998 Eric Young (eay@cryptsoft.com)
All rights reserved.
This product includes cryptographic software written by Eric Young (eay@cryptsoft.com)
HDL-1007 : back to file '../user_source/hdl_source/ip/memory/ph1p35_ddr/ddr2/ph1p_ddrmc_wrapper_63f4ac254419.v' in ../user_source/hdl_source/ip/memory/ph1p35_ddr/ddr2/ph1p_ddrmc_wrapper_63f4ac254419.v(417)
HDL-1007 : analyze verilog file ../user_source/hdl_source/ip/memory/ph1p35_ddr/ddr2/ddr2.v
HDL-1007 : analyze verilog file ../user_source/hdl_source/ip/memory/ph1p35_ddr/ddr2/src/rtl/clk/ph1p_ddrphy_clk_top.v
HDL-1007 : analyze verilog file ../user_source/hdl_source/ip/memory/ph1p35_ddr/ddr2/src/rtl/clk/ph1p_ddrphy_pll0.v
HDL-1007 : analyze verilog file ../user_source/hdl_source/ip/memory/ph1p35_ddr/ddr2/src/rtl/clk/ph1p_ddrphy_pll1.v
HDL-1007 : analyze verilog file ../user_source/hdl_source/ip/memory/ph1p35_ddr/ddr2/src/rtl/init/ph1p_ddrphy_dram_init_ddr2.v
HDL-1007 : analyze verilog file ../user_source/hdl_source/ip/memory/ph1p35_ddr/ddr2/src/rtl/mc/alc_phy2mc_fifo_ctrl.v
HDL-1007 : analyze verilog file ../user_source/hdl_source/ip/memory/ph1p35_ddr/ddr2/src/rtl/misc/ph1p_ddr_fifo_dram_sync.v
HDL-1007 : analyze verilog file ../user_source/hdl_source/ip/memory/ph1p35_ddr/ddr2/src/rtl/misc/ph1p_ddrphy_sync_rst_gen.v
HDL-1007 : analyze verilog file ../user_source/hdl_source/ip/memory/ph1p35_ddr/ddr2/src/rtl/phy/ph1p_ddrphy.v
HDL-1007 : analyze included file ../user_source/hdl_source/ip/memory/ph1p35_ddr/ddr2/src/rtl/phy/./include/ph1p_ddrphy_pad_type.vh in ../user_source/hdl_source/ip/memory/ph1p35_ddr/ddr2/src/rtl/phy/ph1p_ddrphy.v(105)
HDL-1007 : back to file '../user_source/hdl_source/ip/memory/ph1p35_ddr/ddr2/src/rtl/phy/ph1p_ddrphy.v' in ../user_source/hdl_source/ip/memory/ph1p35_ddr/ddr2/src/rtl/phy/ph1p_ddrphy.v(105)
HDL-1007 : analyze included file ../user_source/hdl_source/ip/memory/ph1p35_ddr/ddr2/src/rtl/phy/./include/ph1p_ddrphy_bus_matrix.vh in ../user_source/hdl_source/ip/memory/ph1p35_ddr/ddr2/src/rtl/phy/ph1p_ddrphy.v(507)
HDL-1007 : back to file '../user_source/hdl_source/ip/memory/ph1p35_ddr/ddr2/src/rtl/phy/ph1p_ddrphy.v' in ../user_source/hdl_source/ip/memory/ph1p35_ddr/ddr2/src/rtl/phy/ph1p_ddrphy.v(507)
HDL-1007 : analyze verilog file ../user_source/hdl_source/ip/memory/ph1p35_ddr/ddr2/src/rtl/phy/ph1p_ddrphy_apb_bridge.v
HDL-1007 : analyze verilog file ../user_source/hdl_source/ip/memory/ph1p35_ddr/ddr2/src/rtl/phy/ph1p_ddrphy_bankref_cfg.v
HDL-1007 : analyze verilog file ../user_source/hdl_source/ip/memory/ph1p35_ddr/ddr2/src/rtl/phy/ph1p_ddrphy_byte_wrapper.v
HDL-1007 : analyze verilog file ../user_source/hdl_source/ip/memory/ph1p35_ddr/ddr2/src/rtl/phy/ph1p_ddrphy_cmd_decode.v
HDL-1007 : analyze verilog file ../user_source/hdl_source/ip/memory/ph1p35_ddr/ddr2/src/rtl/phy/ph1p_ddrphy_cmd_execution.v
HDL-1007 : analyze verilog file ../user_source/hdl_source/ip/memory/ph1p35_ddr/ddr2/src/rtl/phy/ph1p_ddrphy_cmd_wrapper.v
HDL-1007 : analyze verilog file ../user_source/hdl_source/ip/memory/ph1p35_ddr/ddr2/src/rtl/phy/ph1p_ddrphy_dcu.v
HDL-1007 : analyze verilog file ../user_source/hdl_source/ip/memory/ph1p35_ddr/ddr2/src/rtl/phy/ph1p_ddrphy_dcu_wrapper.v
HDL-1007 : analyze verilog file ../user_source/hdl_source/ip/memory/ph1p35_ddr/ddr2/src/rtl/phy/ph1p_ddrphy_fast_init.v
HDL-1007 : analyze verilog file ../user_source/hdl_source/ip/memory/ph1p35_ddr/ddr2/src/rtl/phy/ph1p_ddrphy_fast_init_wrapper.v
HDL-1007 : analyze included file ../user_source/hdl_source/ip/memory/ph1p35_ddr/ddr2/src/rtl/phy/./include/ph1p_ddrphy_board_delay.vh in ../user_source/hdl_source/ip/memory/ph1p35_ddr/ddr2/src/rtl/phy/ph1p_ddrphy_fast_init_wrapper.v(71)
HDL-1007 : back to file '../user_source/hdl_source/ip/memory/ph1p35_ddr/ddr2/src/rtl/phy/ph1p_ddrphy_fast_init_wrapper.v' in ../user_source/hdl_source/ip/memory/ph1p35_ddr/ddr2/src/rtl/phy/ph1p_ddrphy_fast_init_wrapper.v(71)
HDL-1007 : analyze verilog file ../user_source/hdl_source/ip/memory/ph1p35_ddr/ddr2/src/rtl/phy/ph1p_ddrphy_init.v
HDL-1007 : analyze verilog file ../user_source/hdl_source/ip/memory/ph1p35_ddr/ddr2/src/rtl/phy/ph1p_ddrphy_mdl_cal.v
HDL-1007 : analyze verilog file ../user_source/hdl_source/ip/memory/ph1p35_ddr/ddr2/src/rtl/phy/ph1p_ddrphy_mdl_cal_wrapper.v
HDL-1007 : analyze verilog file ../user_source/hdl_source/ip/memory/ph1p35_ddr/ddr2/src/rtl/phy/ph1p_ddrphy_rphase_ctl.v
HDL-1007 : analyze verilog file ../user_source/hdl_source/ip/memory/ph1p35_ddr/ddr2/src/rtl/phy/ph1p_ddrphy_top.v
HDL-1007 : analyze included file ../user_source/hdl_source/ip/memory/ph1p35_ddr/ddr2/src/rtl/phy/./include/ph1p_ddrphy_ddrio.vh in ../user_source/hdl_source/ip/memory/ph1p35_ddr/ddr2/src/rtl/phy/ph1p_ddrphy_top.v(736)
HDL-1007 : back to file '../user_source/hdl_source/ip/memory/ph1p35_ddr/ddr2/src/rtl/phy/ph1p_ddrphy_top.v' in ../user_source/hdl_source/ip/memory/ph1p35_ddr/ddr2/src/rtl/phy/ph1p_ddrphy_top.v(736)
HDL-1007 : analyze verilog file ../user_source/hdl_source/ip/memory/ph1p35_ddr/ddr2/src/rtl/phy/ph1p_ddrphy_wphase_ctl.v
HDL-1007 : analyze verilog file ../user_source/hdl_source/ip/memory/ph1p35_ddr/ddr2/src/rtl/phy/ph1p_ddrphy_wrapper.v
HDL-1007 : analyze verilog file ../user_source/hdl_source/ip/memory/ph1p35_ddr/ddr2/src/rtl/top/ph1p_ddrmc_top.v
HDL-1007 : analyze verilog file ../user_source/hdl_source/ip/memory/ph1p35_ddr/ddr2/src/rtl/mc/alc_mc_top_all.enc.sv
HDL-1007 : analyze included file ../user_source/hdl_source/ip/memory/ph1p35_ddr/ddr2/src/rtl/mc/../include/ph1p_mis_define.vh in ../user_source/hdl_source/ip/memory/ph1p35_ddr/ddr2/src/rtl/mc/alc_mc_top_all.enc.sv(4)
HDL-1007 : back to file '../user_source/hdl_source/ip/memory/ph1p35_ddr/ddr2/src/rtl/mc/alc_mc_top_all.enc.sv' in ../user_source/hdl_source/ip/memory/ph1p35_ddr/ddr2/src/rtl/mc/alc_mc_top_all.enc.sv(4)
HDL-1007 : analyze included file ../user_source/hdl_source/ip/memory/ph1p35_ddr/ddr2/src/rtl/mc/../timing/ddr2/ddr2_parameter.vh in ../user_source/hdl_source/ip/memory/ph1p35_ddr/ddr2/src/rtl/mc/alc_mc_top_all.enc.sv(106)
HDL-1007 : analyze included file ../user_source/hdl_source/ip/memory/ph1p35_ddr/ddr2/src/rtl/mc/../timing/ddr2/ddr2_1066.vh in ../user_source/hdl_source/ip/memory/ph1p35_ddr/ddr2/src/rtl/mc/../timing/ddr2/ddr2_parameter.vh(118)
HDL-1007 : back to file '../user_source/hdl_source/ip/memory/ph1p35_ddr/ddr2/src/rtl/mc/../timing/ddr2/ddr2_parameter.vh' in ../user_source/hdl_source/ip/memory/ph1p35_ddr/ddr2/src/rtl/mc/../timing/ddr2/ddr2_parameter.vh(118)
HDL-1007 : back to file '../user_source/hdl_source/ip/memory/ph1p35_ddr/ddr2/src/rtl/mc/alc_mc_top_all.enc.sv' in ../user_source/hdl_source/ip/memory/ph1p35_ddr/ddr2/src/rtl/mc/alc_mc_top_all.enc.sv(106)
HDL-1007 : back to file '../user_source/hdl_source/ip/memory/ph1p35_ddr/ddr2/src/rtl/mc/alc_mc_top_all.enc.sv' in ../user_source/hdl_source/ip/memory/ph1p35_ddr/ddr2/src/rtl/mc/alc_mc_top_all.enc.sv(121)
HDL-1007 : analyze verilog file ../user_source/ip_source/PLL/RTL/ph1p_phy_pll_wrapper_25a56e5ce2f9.v
HDL-1007 : analyze verilog file ../user_source/ip_source/PLL/PLL.v
HDL-1007 : analyze verilog file ../user_source/ip_source/blk_mem_gen_awb_delay_signal/blk_mem_gen_awb_delay_signal.v
HDL-1007 : analyze verilog file ../user_source/ip_source/blk_mem_gen_awb_delay_signal/ram_f84573da5ab5.v
HDL-1007 : analyze verilog file ../user_source/ip_source/divider/divider_gate.v
HDL-1007 : undeclared symbol 'open_n2', assumed default net type 'wire' in ../user_source/ip_source/divider/divider_gate.v(2729)
HDL-1007 : undeclared symbol 'open_n5', assumed default net type 'wire' in ../user_source/ip_source/divider/divider_gate.v(2811)
HDL-1007 : undeclared symbol 'open_n8', assumed default net type 'wire' in ../user_source/ip_source/divider/divider_gate.v(3783)
HDL-1007 : undeclared symbol 'open_n11', assumed default net type 'wire' in ../user_source/ip_source/divider/divider_gate.v(3872)
HDL-1007 : undeclared symbol 'open_n14', assumed default net type 'wire' in ../user_source/ip_source/divider/divider_gate.v(4854)
HDL-1007 : undeclared symbol 'open_n17', assumed default net type 'wire' in ../user_source/ip_source/divider/divider_gate.v(4950)
HDL-1007 : undeclared symbol 'open_n20', assumed default net type 'wire' in ../user_source/ip_source/divider/divider_gate.v(5948)
HDL-1007 : undeclared symbol 'open_n23', assumed default net type 'wire' in ../user_source/ip_source/divider/divider_gate.v(6051)
HDL-1007 : undeclared symbol 'open_n26', assumed default net type 'wire' in ../user_source/ip_source/divider/divider_gate.v(7065)
HDL-1007 : undeclared symbol 'open_n29', assumed default net type 'wire' in ../user_source/ip_source/divider/divider_gate.v(7175)
HDL-1007 : undeclared symbol 'open_n32', assumed default net type 'wire' in ../user_source/ip_source/divider/divider_gate.v(8205)
HDL-1007 : undeclared symbol 'open_n35', assumed default net type 'wire' in ../user_source/ip_source/divider/divider_gate.v(8322)
HDL-1007 : undeclared symbol 'open_n38', assumed default net type 'wire' in ../user_source/ip_source/divider/divider_gate.v(9368)
HDL-1007 : undeclared symbol 'open_n41', assumed default net type 'wire' in ../user_source/ip_source/divider/divider_gate.v(9492)
HDL-1007 : undeclared symbol 'open_n44', assumed default net type 'wire' in ../user_source/ip_source/divider/divider_gate.v(10548)
HDL-1007 : undeclared symbol 'open_n47', assumed default net type 'wire' in ../user_source/ip_source/divider/divider_gate.v(10679)
HDL-1007 : undeclared symbol 'open_n50', assumed default net type 'wire' in ../user_source/ip_source/divider/divider_gate.v(11751)
HDL-1007 : undeclared symbol 'open_n53', assumed default net type 'wire' in ../user_source/ip_source/divider/divider_gate.v(11889)
HDL-1007 : undeclared symbol 'open_n56', assumed default net type 'wire' in ../user_source/ip_source/divider/divider_gate.v(12977)
HDL-1007 : undeclared symbol 'open_n59', assumed default net type 'wire' in ../user_source/ip_source/divider/divider_gate.v(13122)
HDL-1007 : undeclared symbol 'open_n62', assumed default net type 'wire' in ../user_source/ip_source/divider/divider_gate.v(15070)
HDL-1007 : undeclared symbol 'open_n65', assumed default net type 'wire' in ../user_source/ip_source/divider/divider_gate.v(15222)
HDL-1007 : undeclared symbol 'open_n68', assumed default net type 'wire' in ../user_source/ip_source/divider/divider_gate.v(16342)
HDL-1007 : undeclared symbol 'open_n71', assumed default net type 'wire' in ../user_source/ip_source/divider/divider_gate.v(16501)
HDL-1007 : undeclared symbol 'open_n74', assumed default net type 'wire' in ../user_source/ip_source/divider/divider_gate.v(17631)
HDL-1007 : undeclared symbol 'open_n77', assumed default net type 'wire' in ../user_source/ip_source/divider/divider_gate.v(17797)
HDL-1007 : undeclared symbol 'open_n80', assumed default net type 'wire' in ../user_source/ip_source/divider/divider_gate.v(18943)
HDL-1007 : undeclared symbol 'open_n83', assumed default net type 'wire' in ../user_source/ip_source/divider/divider_gate.v(19116)
HDL-1007 : undeclared symbol 'open_n86', assumed default net type 'wire' in ../user_source/ip_source/divider/divider_gate.v(20278)
HDL-1007 : undeclared symbol 'open_n89', assumed default net type 'wire' in ../user_source/ip_source/divider/divider_gate.v(20458)
HDL-1007 : undeclared symbol 'open_n92', assumed default net type 'wire' in ../user_source/ip_source/divider/divider_gate.v(21636)
HDL-1007 : undeclared symbol 'open_n95', assumed default net type 'wire' in ../user_source/ip_source/divider/divider_gate.v(21823)
HDL-1007 : undeclared symbol 'open_n98', assumed default net type 'wire' in ../user_source/ip_source/divider/divider_gate.v(23017)
HDL-1007 : undeclared symbol 'open_n101', assumed default net type 'wire' in ../user_source/ip_source/divider/divider_gate.v(23211)
HDL-1007 : undeclared symbol 'open_n104', assumed default net type 'wire' in ../user_source/ip_source/divider/divider_gate.v(24415)
HDL-1007 : undeclared symbol 'open_n107', assumed default net type 'wire' in ../user_source/ip_source/divider/divider_gate.v(24616)
HDL-1007 : undeclared symbol 'open_n110', assumed default net type 'wire' in ../user_source/ip_source/divider/divider_gate.v(25836)
HDL-1007 : undeclared symbol 'open_n113', assumed default net type 'wire' in ../user_source/ip_source/divider/divider_gate.v(26044)
HDL-1007 : undeclared symbol 'open_n116', assumed default net type 'wire' in ../user_source/ip_source/divider/divider_gate.v(27280)
HDL-1007 : undeclared symbol 'open_n119', assumed default net type 'wire' in ../user_source/ip_source/divider/divider_gate.v(27495)
HDL-1007 : undeclared symbol 'open_n122', assumed default net type 'wire' in ../user_source/ip_source/divider/divider_gate.v(29638)
HDL-1007 : undeclared symbol 'open_n125', assumed default net type 'wire' in ../user_source/ip_source/divider/divider_gate.v(29860)
HDL-1007 : undeclared symbol 'open_n128', assumed default net type 'wire' in ../user_source/ip_source/divider/divider_gate.v(31128)
HDL-1007 : undeclared symbol 'open_n129', assumed default net type 'wire' in ../user_source/ip_source/divider/divider_gate.v(31359)
HDL-1007 : undeclared symbol 'open_n132', assumed default net type 'wire' in ../user_source/ip_source/divider/divider_gate.v(32637)
HDL-1007 : undeclared symbol 'open_n133', assumed default net type 'wire' in ../user_source/ip_source/divider/divider_gate.v(32868)
HDL-1007 : undeclared symbol 'open_n134', assumed default net type 'wire' in ../user_source/ip_source/divider/divider_gate.v(32875)
HDL-1007 : undeclared symbol 'open_n137', assumed default net type 'wire' in ../user_source/ip_source/divider/divider_gate.v(34153)
HDL-1007 : undeclared symbol 'open_n138', assumed default net type 'wire' in ../user_source/ip_source/divider/divider_gate.v(34384)
HDL-1007 : undeclared symbol 'open_n139', assumed default net type 'wire' in ../user_source/ip_source/divider/divider_gate.v(34391)
HDL-1007 : undeclared symbol 'open_n142', assumed default net type 'wire' in ../user_source/ip_source/divider/divider_gate.v(35669)
HDL-1007 : undeclared symbol 'open_n143', assumed default net type 'wire' in ../user_source/ip_source/divider/divider_gate.v(35900)
HDL-1007 : undeclared symbol 'open_n144', assumed default net type 'wire' in ../user_source/ip_source/divider/divider_gate.v(35907)
HDL-1007 : undeclared symbol 'open_n147', assumed default net type 'wire' in ../user_source/ip_source/divider/divider_gate.v(37185)
HDL-1007 : undeclared symbol 'open_n148', assumed default net type 'wire' in ../user_source/ip_source/divider/divider_gate.v(37416)
HDL-1007 : undeclared symbol 'open_n149', assumed default net type 'wire' in ../user_source/ip_source/divider/divider_gate.v(37423)
HDL-1007 : undeclared symbol 'open_n152', assumed default net type 'wire' in ../user_source/ip_source/divider/divider_gate.v(38701)
HDL-1007 : undeclared symbol 'open_n153', assumed default net type 'wire' in ../user_source/ip_source/divider/divider_gate.v(38932)
HDL-1007 : undeclared symbol 'open_n154', assumed default net type 'wire' in ../user_source/ip_source/divider/divider_gate.v(38939)
HDL-1007 : undeclared symbol 'open_n157', assumed default net type 'wire' in ../user_source/ip_source/divider/divider_gate.v(40217)
HDL-1007 : undeclared symbol 'open_n158', assumed default net type 'wire' in ../user_source/ip_source/divider/divider_gate.v(40448)
HDL-1007 : undeclared symbol 'open_n159', assumed default net type 'wire' in ../user_source/ip_source/divider/divider_gate.v(40455)
HDL-1007 : undeclared symbol 'open_n162', assumed default net type 'wire' in ../user_source/ip_source/divider/divider_gate.v(41733)
HDL-1007 : undeclared symbol 'open_n163', assumed default net type 'wire' in ../user_source/ip_source/divider/divider_gate.v(41964)
HDL-1007 : undeclared symbol 'open_n164', assumed default net type 'wire' in ../user_source/ip_source/divider/divider_gate.v(41971)
HDL-1007 : undeclared symbol 'open_n167', assumed default net type 'wire' in ../user_source/ip_source/divider/divider_gate.v(43249)
HDL-1007 : undeclared symbol 'open_n168', assumed default net type 'wire' in ../user_source/ip_source/divider/divider_gate.v(43480)
HDL-1007 : undeclared symbol 'open_n169', assumed default net type 'wire' in ../user_source/ip_source/divider/divider_gate.v(43487)
HDL-1007 : undeclared symbol 'open_n172', assumed default net type 'wire' in ../user_source/ip_source/divider/divider_gate.v(45678)
HDL-1007 : undeclared symbol 'open_n173', assumed default net type 'wire' in ../user_source/ip_source/divider/divider_gate.v(45909)
HDL-1007 : undeclared symbol 'open_n174', assumed default net type 'wire' in ../user_source/ip_source/divider/divider_gate.v(45916)
HDL-1007 : undeclared symbol 'open_n177', assumed default net type 'wire' in ../user_source/ip_source/divider/divider_gate.v(47194)
HDL-1007 : undeclared symbol 'open_n178', assumed default net type 'wire' in ../user_source/ip_source/divider/divider_gate.v(47425)
HDL-1007 : undeclared symbol 'open_n179', assumed default net type 'wire' in ../user_source/ip_source/divider/divider_gate.v(47432)
HDL-1007 : undeclared symbol 'open_n182', assumed default net type 'wire' in ../user_source/ip_source/divider/divider_gate.v(48710)
HDL-1007 : undeclared symbol 'open_n183', assumed default net type 'wire' in ../user_source/ip_source/divider/divider_gate.v(48941)
HDL-1007 : undeclared symbol 'open_n184', assumed default net type 'wire' in ../user_source/ip_source/divider/divider_gate.v(48948)
HDL-1007 : undeclared symbol 'open_n187', assumed default net type 'wire' in ../user_source/ip_source/divider/divider_gate.v(50226)
HDL-1007 : undeclared symbol 'open_n188', assumed default net type 'wire' in ../user_source/ip_source/divider/divider_gate.v(50457)
HDL-1007 : undeclared symbol 'open_n189', assumed default net type 'wire' in ../user_source/ip_source/divider/divider_gate.v(50464)
HDL-1007 : undeclared symbol 'open_n192', assumed default net type 'wire' in ../user_source/ip_source/divider/divider_gate.v(51742)
HDL-1007 : undeclared symbol 'open_n193', assumed default net type 'wire' in ../user_source/ip_source/divider/divider_gate.v(51973)
HDL-1007 : undeclared symbol 'open_n194', assumed default net type 'wire' in ../user_source/ip_source/divider/divider_gate.v(51980)
HDL-1007 : undeclared symbol 'open_n197', assumed default net type 'wire' in ../user_source/ip_source/divider/divider_gate.v(53258)
HDL-1007 : undeclared symbol 'open_n198', assumed default net type 'wire' in ../user_source/ip_source/divider/divider_gate.v(53489)
HDL-1007 : undeclared symbol 'open_n199', assumed default net type 'wire' in ../user_source/ip_source/divider/divider_gate.v(53496)
HDL-1007 : undeclared symbol 'open_n202', assumed default net type 'wire' in ../user_source/ip_source/divider/divider_gate.v(54774)
HDL-1007 : undeclared symbol 'open_n203', assumed default net type 'wire' in ../user_source/ip_source/divider/divider_gate.v(55005)
HDL-1007 : undeclared symbol 'open_n204', assumed default net type 'wire' in ../user_source/ip_source/divider/divider_gate.v(55012)
HDL-1007 : undeclared symbol 'open_n207', assumed default net type 'wire' in ../user_source/ip_source/divider/divider_gate.v(57048)
HDL-1007 : undeclared symbol 'open_n208', assumed default net type 'wire' in ../user_source/ip_source/divider/divider_gate.v(57167)
HDL-1007 : undeclared symbol 'open_n209', assumed default net type 'wire' in ../user_source/ip_source/divider/divider_gate.v(57174)
HDL-1007 : undeclared symbol 'open_n212', assumed default net type 'wire' in ../user_source/ip_source/divider/divider_gate.v(58502)
HDL-1007 : undeclared symbol 'open_n215', assumed default net type 'wire' in ../user_source/ip_source/divider/divider_gate.v(58507)
HDL-1007 : undeclared symbol 'open_n218', assumed default net type 'wire' in ../user_source/ip_source/divider/divider_gate.v(59405)
HDL-1007 : undeclared symbol 'open_n221', assumed default net type 'wire' in ../user_source/ip_source/divider/divider_gate.v(59459)
HDL-1007 : undeclared symbol 'open_n224', assumed default net type 'wire' in ../user_source/ip_source/divider/divider_gate.v(60367)
HDL-1007 : undeclared symbol 'open_n227', assumed default net type 'wire' in ../user_source/ip_source/divider/divider_gate.v(60428)
HDL-1007 : undeclared symbol 'open_n230', assumed default net type 'wire' in ../user_source/ip_source/divider/divider_gate.v(61352)
HDL-1007 : undeclared symbol 'open_n233', assumed default net type 'wire' in ../user_source/ip_source/divider/divider_gate.v(61420)
HDL-1007 : undeclared symbol 'open_n236', assumed default net type 'wire' in ../user_source/ip_source/divider/divider_gate.v(62360)
HDL-1007 : undeclared symbol 'open_n239', assumed default net type 'wire' in ../user_source/ip_source/divider/divider_gate.v(62435)
HDL-1007 : analyze verilog file ../user_source/ip_source/w128_d512_fifo/soft_fifo_al_4057d6b76aa6.v
HDL-1007 : analyze verilog file ../user_source/ip_source/w128_d512_fifo/w128_d512_fifo.v
HDL-1007 : analyze verilog file ../user_source/ip_source/w155_d512_fifo/soft_fifo_al_f58e8b3e1f3d.v
HDL-1007 : analyze verilog file ../user_source/ip_source/w155_d512_fifo/w155_d512_fifo.v
HDL-1007 : analyze verilog file ../user_source/hdl_source/design_top_wrapper.v
HDL-1007 : analyze verilog file ../user_source/hdl_source/ip/control/mode_selector.v
HDL-1007 : analyze verilog file ../user_source/hdl_source/ip/camera/mipi/mipi_dphy_rx/mipi_dphy_rx_ph1p_mipiio_wrapper.sv
HDL-1007 : analyze verilog file ../user_source/hdl_source/ip/camera/mipi/mipi_dphy_rx/ph1p_mipiio_rx_wrapper.v
HDL-1007 : analyze verilog file ../user_source/hdl_source/ip/video/video_in.v
HDL-1007 : analyze verilog file ../user_source/hdl_source/ip/video/video_out.v
HDL-1007 : analyze verilog file ../user_source/hdl_source/ip/memory/mc_to_user_interface.v
HDL-1007 : analyze verilog file ../user_source/hdl_source/ip/camera/mipi/mipi_dphy_rx/byte_aligner.enc.v
HDL-1007 : back to file '../user_source/hdl_source/ip/camera/mipi/mipi_dphy_rx/byte_aligner.enc.v' in ../user_source/hdl_source/ip/camera/mipi/mipi_dphy_rx/byte_aligner.enc.v(18)
HDL-1007 : analyze verilog file ../user_source/hdl_source/ip/camera/mipi/mipi_dphy_rx/byte_aligner_wrapper.enc.sv
HDL-1007 : back to file '../user_source/hdl_source/ip/camera/mipi/mipi_dphy_rx/byte_aligner_wrapper.enc.sv' in ../user_source/hdl_source/ip/camera/mipi/mipi_dphy_rx/byte_aligner_wrapper.enc.sv(20)
HDL-1007 : analyze verilog file ../user_source/hdl_source/ip/camera/mipi/mipi_dphy_rx/channel_aligner.enc.v
HDL-1007 : back to file '../user_source/hdl_source/ip/camera/mipi/mipi_dphy_rx/channel_aligner.enc.v' in ../user_source/hdl_source/ip/camera/mipi/mipi_dphy_rx/channel_aligner.enc.v(17)
HDL-1007 : analyze verilog file ../user_source/hdl_source/ip/camera/mipi/mipi_dphy_rx/channel_aligner_wrapper.enc.sv
HDL-1007 : back to file '../user_source/hdl_source/ip/camera/mipi/mipi_dphy_rx/channel_aligner_wrapper.enc.sv' in ../user_source/hdl_source/ip/camera/mipi/mipi_dphy_rx/channel_aligner_wrapper.enc.sv(17)
HDL-1007 : analyze verilog file ../user_source/hdl_source/ip/camera/mipi/mipi_dphy_rx/hs_detect.enc.v
HDL-1007 : back to file '../user_source/hdl_source/ip/camera/mipi/mipi_dphy_rx/hs_detect.enc.v' in ../user_source/hdl_source/ip/camera/mipi/mipi_dphy_rx/hs_detect.enc.v(13)
HDL-1007 : analyze verilog file ../user_source/hdl_source/ip/image/signal_delay.v
HDL-1007 : analyze verilog file ../user_source/hdl_source/ip/image/awb.v
HDL-1007 : analyze verilog file ../user_source/hdl_source/ip/memory/ph1p35_ddr/ph1p35_324_ddr_wrapper.v
HDL-1007 : undeclared symbol 'dhi_clk', assumed default net type 'wire' in ../user_source/hdl_source/ip/memory/ph1p35_ddr/ph1p35_324_ddr_wrapper.v(83)
HDL-1007 : analyze verilog file ../user_source/hdl_source/ip/camera/mipi/csi_unpacket_2lane.v
HDL-1007 : analyze verilog file ../user_source/hdl_source/ip/image/image_process_stream_96.v
HDL-1007 : analyze verilog file ../user_source/hdl_source/ip/image/isp_top.v
HDL-1007 : analyze verilog file ../user_source/hdl_source/ip/camera/mipi/raw10_unpacket_2lane.v
HDL-1007 : analyze verilog file ../user_source/hdl_source/ip/camera/mipi/uial2axis.v
HDL-1007 : analyze verilog file ../user_source/hdl_source/ip/image/demosaic_4x_2_0/bilinear_interpolation.v
HDL-1007 : analyze verilog file ../user_source/hdl_source/ip/image/demosaic_4x_2_0/demosaic.v
HDL-5007 WARNING: /* is inside a comment in ../user_source/hdl_source/ip/image/demosaic_4x_2_0/demosaic.v(89)
HDL-5007 WARNING: /* is inside a comment in ../user_source/hdl_source/ip/image/demosaic_4x_2_0/demosaic.v(100)
HDL-1007 : analyze verilog file ../user_source/hdl_source/ip/image/demosaic_4x_2_0/line_buffer_demosaic.v
HDL-1007 : analyze verilog file ../user_source/hdl_source/ip/image/demosaic_4x_2_0/mipi_to_raw_converter.v
HDL-1007 : analyze verilog file ../user_source/hdl_source/ip/image/demosaic_4x_2_0/raw_matrix_3x3_buffer.v
HDL-1007 : analyze verilog file ../user_source/hdl_source/ip/image/demosaic_4x_2_0/zhenghe.v
HDL-1007 : undeclared symbol 'rd_valid', assumed default net type 'wire' in ../user_source/hdl_source/ip/image/demosaic_4x_2_0/zhenghe.v(146)
HDL-1007 : analyze verilog file ../user_source/hdl_source/ip/image/data128_96/data128_96.v
HDL-1007 : analyze verilog file ../user_source/hdl_source/ip/image/data96_128/data96_128.v
HDL-1007 : analyze verilog file ../user_source/hdl_source/ip/image/image_correction.v
HDL-1007 : analyze verilog file ../user_source/hdl_source/ip/camera/config/uics500_cfg/SC500GainTbl.v
HDL-1007 : analyze verilog file ../user_source/hdl_source/ip/camera/config/uics500_cfg/uicfgcs500.v
HDL-1007 : undeclared symbol 'iic_busy', assumed default net type 'wire' in ../user_source/hdl_source/ip/camera/config/uics500_cfg/uicfgcs500.v(141)
HDL-1007 : analyze verilog file ../user_source/hdl_source/ip/camera/config/uics500_cfg/uics500reg.v
HDL-1007 : analyze verilog file ../user_source/hdl_source/ip/camera/config/uics500_cfg/uics500regAE.v
HDL-1007 : analyze verilog file ../user_source/hdl_source/ip/camera/config/uics500_cfg/uii2c.v
HDL-1007 : analyze verilog file ../user_source/hdl_source/ip/camera/config/uiisp_beta/ae_set.v
HDL-1007 : analyze verilog file ../user_source/hdl_source/ip/display/hdmi/hdmi_tx.v
HDL-1007 : analyze verilog file ../user_source/hdl_source/ip/display/hdmi/hdmi_1_4b_transmitter_core_wrapper.enc.v
HDL-1007 : undeclared symbol '**', assumed default net type '**' in ../user_source/hdl_source/ip/display/hdmi/hdmi_1_4b_transmitter_core_wrapper.enc.v(2614)
HDL-1007 : undeclared symbol '**', assumed default net type '**' in ../user_source/hdl_source/ip/display/hdmi/hdmi_1_4b_transmitter_core_wrapper.enc.v(2716)
HDL-1007 : undeclared symbol '**', assumed default net type '**' in ../user_source/hdl_source/ip/display/hdmi/hdmi_1_4b_transmitter_core_wrapper.enc.v(2724)
HDL-1007 : undeclared symbol '**', assumed default net type '**' in ../user_source/hdl_source/ip/display/hdmi/hdmi_1_4b_transmitter_core_wrapper.enc.v(4936)
HDL-1007 : undeclared symbol '**', assumed default net type '**' in ../user_source/hdl_source/ip/display/hdmi/hdmi_1_4b_transmitter_core_wrapper.enc.v(5989)
HDL-1007 : back to file '../user_source/hdl_source/ip/display/hdmi/hdmi_1_4b_transmitter_core_wrapper.enc.v' in ../user_source/hdl_source/ip/display/hdmi/hdmi_1_4b_transmitter_core_wrapper.enc.v(77)
HDL-1007 : analyze verilog file ../user_source/hdl_source/ip/display/hdmi/hdmi_phy_warpper.v
HDL-1007 : analyze verilog file ../user_source/hdl_source/ip/display/hdmi/lane_lvds_10_1.v
HDL-1007 : analyze verilog file ../user_source/hdl_source/ip/video/vtc/uivtc.v
HDL-1007 : analyze verilog file ../user_source/hdl_source/ip/video/osd/hdmi_mixer.v
HDL-1007 : analyze verilog file ../user_source/hdl_source/ip/audio/I2S_receiver.v
HDL-1007 : analyze verilog file ../user_source/hdl_source/ip/audio/audio_arc_calculate.v
HDL-1007 : analyze verilog file ../user_source/hdl_source/ip/control/key_remove_shakes.v
HDL-1007 : analyze verilog file ../user_source/hdl_source/ip/video/osd/anlogic_logo_rom.v
HDL-1007 : analyze verilog file ../user_source/hdl_source/ip/video/osd/osd_char_lib.v
HDL-1007 : analyze verilog file ../user_source/hdl_source/ip/image/cnn/cnn_input_bram.v
HDL-1007 : analyze verilog file ../user_source/hdl_source/ip/image/cnn/cnn_feat_bram.v
HDL-1007 : analyze verilog file ../user_source/hdl_source/ip/image/cnn/cnn_bias_rom.v
HDL-1007 : analyze verilog file ../user_source/hdl_source/ip/image/cnn/cnn_weight_rom.v
HDL-5007 WARNING: root scope declaration is not allowed in Verilog 95/2K mode in ../user_source/hdl_source/ip/image/cnn/cnn_weight_rom.v(44)
HDL-5007 WARNING: root scope declaration is not allowed in Verilog 95/2K mode in ../user_source/hdl_source/ip/image/cnn/cnn_weight_rom.v(45)
HDL-5007 WARNING: root scope declaration is not allowed in Verilog 95/2K mode in ../user_source/hdl_source/ip/image/cnn/cnn_weight_rom.v(46)
HDL-1007 : analyze verilog file ../user_source/hdl_source/ip/image/cnn/cnn_core.v
HDL-1007 : analyze included file ../user_source/hdl_source/ip/image/cnn/cnn_quant_params.vh in ../user_source/hdl_source/ip/image/cnn/cnn_core.v(2)
HDL-1007 : back to file '../user_source/hdl_source/ip/image/cnn/cnn_core.v' in ../user_source/hdl_source/ip/image/cnn/cnn_core.v(2)
HDL-1007 : analyze verilog file ../user_source/hdl_source/ip/image/cnn/cnn_input_sampler_96.v
HDL-1007 : analyze verilog file ../user_source/hdl_source/ip/image/cnn/cnn_result_cdc.v
PRJ-1401 : Successfully analyzed 95 source files.
RUN-1002 : start command "load_run_param -run syn_1"
RUN-1002 : start command "commit_param -step design"
RUN-1001 : Print Global Property
RUN-1001 : -------------------------------------------------------------
RUN-1001 :     Parameters    |   Settings   |  Default Values  |  Note  
RUN-1001 : -------------------------------------------------------------
RUN-1001 :    enable_seed    |     off      |       off        |        
RUN-1001 :    hfn_to_clock   |  1000000000  |    1000000000    |        
RUN-1001 :      message      |   standard   |     standard     |        
RUN-1001 :    qor_monitor    |      on      |        on        |        
RUN-1001 :   speedup_effort  |      0       |        0         |        
RUN-1001 :    syn_ip_flow    |     off      |       off        |        
RUN-1001 :       thread      |     auto     |       auto       |        
RUN-1001 : -------------------------------------------------------------
RUN-1001 : Print Design Property
RUN-1001 : ----------------------------------------------------------------
RUN-1001 :       Parameters       |  Settings  |  Default Values  |  Note  
RUN-1001 : ----------------------------------------------------------------
RUN-1001 :   default_reg_initial  |    auto    |       auto       |        
RUN-1001 :    hdl_warning_level   |   normal   |      normal      |        
RUN-1001 : ----------------------------------------------------------------
RUN-1002 : start command "elaborate -top design_top_wrapper"
HDL-1007 : port 'O_csi_hs' remains unconnected for this instance in ../user_source/hdl_source/design_top_wrapper.v(656)
HDL-1007 : port 'IO_ddc_sda' remains unconnected for this instance in ../user_source/hdl_source/design_top_wrapper.v(952)
HDL-1007 : elaborate module design_top_wrapper in ../user_source/hdl_source/design_top_wrapper.v(3)
HDL-1007 : elaborate module mode_selector in ../user_source/hdl_source/ip/control/mode_selector.v(35)
HDL-1007 : elaborate module PLL in ../user_source/ip_source/PLL/PLL.v(22)
HDL-1007 : elaborate module PH1P_LOGIC_BUFG in D:\Anlogic\TD_6.2.1_Engineer_6.2.168.116\arch/ph1p_macro.v(8085)
HDL-1007 : elaborate module ph1p_phy_pll_wrapper_25a56e5ce2f9(FBKCLK_INT="CLKC0_EXT",FIN="50.000000000",FBCLK_DIV=2,CLKC0_ENABLE="ENABLE",CLKC0_DIV=13,CLKC0_CPHASE=12,CLKC0_DUTY_INT=7,CLKC1_ENABLE="ENABLE",CLKC1_DIV=54,CLKC1_CPHASE=53,CLKC1_DUTY_INT=27,CLKC4_ENABLE="ENABLE",CLKC4_DIV=25,CLKC4_CPHASE=24,CLKC4_DUTY_INT=13,CLKC5_ENABLE="ENABLE",CLKC5_DIV=5,CLKC5_CPHASE=4,CLKC5_DUTY_INT=3,PLL_FEED_TYPE="EXTERNAL",PLL_FASTLOOP="ENABLE",LPF_RES=0,LPF_CAP=5,ICP_CUR=29) in ../user_source/ip_source/PLL/RTL/ph1p_phy_pll_wrapper_25a56e5ce2f9.v(2)
HDL-1007 : elaborate module PH1P_PHY_PLL_V2(FBKCLK_INT="CLKC0_EXT",FIN="50.000000000",FBCLK_DIV=2,CLKC0_CPHASE=12,CLKC1_CPHASE=53,CLKC4_CPHASE=24,CLKC5_CPHASE=4,CLKC0_DIV=13,CLKC1_DIV=54,CLKC4_DIV=25,CLKC5_DIV=5,CLKC0_DUTY_INT=7,CLKC1_DUTY_INT=27,CLKC4_DUTY_INT=13,CLKC5_DUTY_INT=3,CLKC0_ENABLE="ENABLE",CLKC1_ENABLE="ENABLE",CLKC4_ENABLE="ENABLE",CLKC5_ENABLE="ENABLE",PLL_FEED_TYPE="EXTERNAL",PLL_FASTLOOP="ENABLE",LPF_RES=0,LPF_CAP=5,ICP_CUR=29) in D:\Anlogic\TD_6.2.1_Engineer_6.2.168.116\arch/ph1p_macro.v(1091)
HDL-1007 : elaborate module ae_set in ../user_source/hdl_source/ip/camera/config/uiisp_beta/ae_set.v(33)
HDL-1007 : port 'O_iic_bus_error' remains unconnected for this instance in ../user_source/hdl_source/ip/camera/config/uics500_cfg/uicfgcs500.v(123)
HDL-1007 : port 'IO_iic_sda_dg' remains unconnected for this instance in ../user_source/hdl_source/ip/camera/config/uics500_cfg/uicfgcs500.v(123)
HDL-1007 : elaborate module uicfgcs500(CLK_DIV=239) in ../user_source/hdl_source/ip/camera/config/uics500_cfg/uicfgcs500.v(37)
HDL-1007 : elaborate module uii2c(WMEN_LEN=4,RMEN_LEN=1,CLK_DIV=239) in ../user_source/hdl_source/ip/camera/config/uics500_cfg/uii2c.v(41)
HDL-1007 : elaborate module uics500reg in ../user_source/hdl_source/ip/camera/config/uics500_cfg/uics500reg.v(35)
HDL-5007 WARNING: actual bit length 24 differs from formal bit length 32 for port 'REG_DATA' in ../user_source/hdl_source/ip/camera/config/uics500_cfg/uicfgcs500.v(150)
HDL-1007 : elaborate module SC500GainTbl in ../user_source/hdl_source/ip/camera/config/uics500_cfg/SC500GainTbl.v(6)
HDL-5007 WARNING: actual bit length 32 differs from formal bit length 7 for port 'I' in ../user_source/hdl_source/ip/camera/config/uics500_cfg/uicfgcs500.v(154)
HDL-1007 : elaborate module uics500regAE in ../user_source/hdl_source/ip/camera/config/uics500_cfg/uics500regAE.v(33)
HDL-5007 WARNING: actual bit length 24 differs from formal bit length 32 for port 'REG_DATA' in ../user_source/hdl_source/ip/camera/config/uics500_cfg/uicfgcs500.v(160)
HDL-1007 : elaborate module mipi_dphy_rx_ph1p_mipiio_wrapper(HS_VGA_GAIN="8dB",LANE_NUM=2) in ../user_source/hdl_source/ip/camera/mipi/mipi_dphy_rx/mipi_dphy_rx_ph1p_mipiio_wrapper.sv(4)
HDL-1007 : elaborate module channel_aligner_wrapper(CH_NUM=2) in ../user_source/hdl_source/ip/camera/mipi/mipi_dphy_rx/channel_aligner_wrapper.enc.sv(3)
HDL-1007 : elaborate module channel_aligner in ../user_source/hdl_source/ip/camera/mipi/mipi_dphy_rx/channel_aligner.enc.v(3)
HDL-1007 : elaborate module byte_aligner_wrapper(LANE_NUM=2) in ../user_source/hdl_source/ip/camera/mipi/mipi_dphy_rx/byte_aligner_wrapper.enc.sv(4)
HDL-1007 : elaborate module byte_aligner in ../user_source/hdl_source/ip/camera/mipi/mipi_dphy_rx/byte_aligner.enc.v(3)
HDL-1007 : elaborate module ph1p_mipiio_rx_wrapper(HS_VGA_GAIN="8dB",LANE_NUM=2) in ../user_source/hdl_source/ip/camera/mipi/mipi_dphy_rx/ph1p_mipiio_rx_wrapper.v(4)
HDL-1007 : elaborate module hs_detect in ../user_source/hdl_source/ip/camera/mipi/mipi_dphy_rx/hs_detect.enc.v(3)
HDL-1007 : elaborate module PH1P_LOGIC_DPHY_MIPI_RX(CK_HS_VGA_GAIN="8dB",L0_HS_SLAVE_DESER_CLK_OFFSET="0ps",L0_HS_VGA_GAIN="8dB",L1_HS_SLAVE_DESER_CLK_OFFSET="0ps",L1_HS_VGA_GAIN="8dB",L2_HS_SLAVE_DESER_CLK_OFFSET="0ps",L2_HS_VGA_GAIN="8dB",L3_HS_SLAVE_DESER_CLK_OFFSET="0ps",L3_HS_VGA_GAIN="8dB") in D:\Anlogic\TD_6.2.1_Engineer_6.2.168.116\arch/ph1p_macro.v(2017)
HDL-5007 WARNING: actual bit length 4 differs from formal bit length 2 for port 'I_lane_invert' in ../user_source/hdl_source/design_top_wrapper.v(624)
HDL-1007 : elaborate module csi_unpacket_2lane in ../user_source/hdl_source/ip/camera/mipi/csi_unpacket_2lane.v(36)
HDL-1007 : elaborate module raw10_unpacket_2lane in ../user_source/hdl_source/ip/camera/mipi/raw10_unpacket_2lane.v(33)
HDL-1007 : elaborate module uial2axis(IMG_WIDTH=1024,IMG_HEIGHT=600,INPUT_DATA_WIDTH=40) in ../user_source/hdl_source/ip/camera/mipi/uial2axis.v(10)
HDL-1007 : elaborate module image_correction in ../user_source/hdl_source/ip/image/image_correction.v(2)
HDL-1007 : elaborate module isp_top in ../user_source/hdl_source/ip/image/isp_top.v(1)
HDL-1007 : elaborate module demosaic(IMG_HEIGHT=600,IMG_WIDTH=1024) in ../user_source/hdl_source/ip/image/demosaic_4x_2_0/demosaic.v(20)
HDL-1007 : elaborate module raw_matrix_3x3_buffer(IMG_HEIGHT=600,IMG_WIDTH=1024) in ../user_source/hdl_source/ip/image/demosaic_4x_2_0/raw_matrix_3x3_buffer.v(21)
HDL-1007 : elaborate module mipi_to_raw_converter in ../user_source/hdl_source/ip/image/demosaic_4x_2_0/mipi_to_raw_converter.v(20)
HDL-5007 WARNING: actual bit length 32 differs from formal bit length 1 for port 'O_raw_tready' in ../user_source/hdl_source/ip/image/demosaic_4x_2_0/raw_matrix_3x3_buffer.v(149)
HDL-1007 : port 'doa' remains unconnected for this instance in ../user_source/hdl_source/ip/image/demosaic_4x_2_0/zhenghe.v(167)
HDL-1007 : elaborate module zhenghe(IMG_WIDTH=1024,IMG_HEIGHT=600,DATA_WIDTH=32) in ../user_source/hdl_source/ip/image/demosaic_4x_2_0/zhenghe.v(21)
HDL-1007 : elaborate module blk_mem_gen_zhenghe in ../user_source/hdl_source/ip/image/demosaic_4x_2_0/blk_mem_gen_zhenghe/blk_mem_gen_zhenghe.v(10)
HDL-1007 : elaborate module ram_d32970204f32(DATA_WIDTH_A=32,ADDR_WIDTH_A=11,DATA_DEPTH_A=2048,DATA_WIDTH_B=32,ADDR_WIDTH_B=11,DATA_DEPTH_B=2048,REGMODE_B="NOREG",WRITEMODE_B="READBEFOREWRITE") in ../user_source/hdl_source/ip/image/demosaic_4x_2_0/blk_mem_gen_zhenghe/RTL/ram_d32970204f32.v(4)
HDL-1007 : elaborate module PH1P_LOGIC_ERAM(DATA_WIDTH_A=32,DATA_WIDTH_B=32,ADDR_WIDTH_A=11,ADDR_WIDTH_B=11,DATA_DEPTH_A=2048,DATA_DEPTH_B=2048,WRITEMODE_B="READBEFOREWRITE",OREGSET_A="RESET",OREGSET_B="RESET",SSROVERCE="DISABLE",ASYNC_RESET_RELEASE_A="ASYNC",ASYNC_RESET_RELEASE_B="ASYNC",IMPLEMENT="20K(FAST)") in D:\Anlogic\TD_6.2.1_Engineer_6.2.168.116\arch/ph1p_macro.v(22)
HDL-5323 WARNING: input port 'dib[31]' remains unconnected for this instance in ../user_source/hdl_source/ip/image/demosaic_4x_2_0/zhenghe.v(167)
HDL-1007 : port 'doa' remains unconnected for this instance in ../user_source/hdl_source/ip/image/demosaic_4x_2_0/line_buffer_demosaic.v(98)
HDL-1007 : elaborate module line_buffer_demosaic(IMG_HEIGHT=600,IMG_WIDTH=1024) in ../user_source/hdl_source/ip/image/demosaic_4x_2_0/line_buffer_demosaic.v(20)
HDL-1007 : elaborate module blk_mem_gen_demosaic in ../user_source/hdl_source/ip/image/demosaic_4x_2_0/blk_mem_gen_demosaic/blk_mem_gen_demosaic.v(10)
HDL-1007 : elaborate module ram_c36c2ca3b3a7(DATA_WIDTH_A=33,ADDR_WIDTH_A=11,DATA_DEPTH_A=2048,DATA_WIDTH_B=33,ADDR_WIDTH_B=11,DATA_DEPTH_B=2048,REGMODE_B="NOREG",WRITEMODE_B="READBEFOREWRITE") in ../user_source/hdl_source/ip/image/demosaic_4x_2_0/blk_mem_gen_demosaic/RTL/ram_c36c2ca3b3a7.v(4)
HDL-1007 : elaborate module PH1P_LOGIC_ERAM(DATA_WIDTH_A=33,DATA_WIDTH_B=33,ADDR_WIDTH_A=11,ADDR_WIDTH_B=11,DATA_DEPTH_A=2048,DATA_DEPTH_B=2048,WRITEMODE_B="READBEFOREWRITE",OREGSET_A="RESET",OREGSET_B="RESET",SSROVERCE="DISABLE",ASYNC_RESET_RELEASE_A="ASYNC",ASYNC_RESET_RELEASE_B="ASYNC",IMPLEMENT="20K(FAST)") in D:\Anlogic\TD_6.2.1_Engineer_6.2.168.116\arch/ph1p_macro.v(22)
HDL-5323 WARNING: input port 'dib[32]' remains unconnected for this instance in ../user_source/hdl_source/ip/image/demosaic_4x_2_0/line_buffer_demosaic.v(98)
HDL-1007 : elaborate module bilinear_interpolation in ../user_source/hdl_source/ip/image/demosaic_4x_2_0/bilinear_interpolation.v(22)
HDL-1007 : elaborate module data128_96 in ../user_source/hdl_source/ip/image/data128_96/data128_96.v(10)
HDL-1007 : port 'remainder' remains unconnected for this instance in ../user_source/hdl_source/ip/image/awb.v(165)
HDL-1007 : port 'remainder' remains unconnected for this instance in ../user_source/hdl_source/ip/image/awb.v(175)
HDL-1007 : elaborate module awb(IMG_HEIGHT=600,IMG_WIDTH=1024) in ../user_source/hdl_source/ip/image/awb.v(20)
HDL-1007 : elaborate module divider in ../user_source/ip_source/divider/divider_gate.v(5)
HDL-1007 : elaborate module AL_DFF_X in D:\Anlogic\TD_6.2.1_Engineer_6.2.168.116\arch/al_lmacro.v(277)
HDL-1007 : elaborate module AL_MAP_LUT5(INIT=32'b10000000100000000000000010000000,EQN="(C*B*A*~(~E*D))") in D:\Anlogic\TD_6.2.1_Engineer_6.2.168.116\arch/al_lmacro.v(13)
HDL-1007 : elaborate module AL_MAP_LUT6(INIT=64'b01,EQN="(~F*~E*~D*~C*~B*~A)") in D:\Anlogic\TD_6.2.1_Engineer_6.2.168.116\arch/al_lmacro.v(2)
HDL-1007 : elaborate module AL_MAP_LUT6(INIT=64'b01000,EQN="(~F*~E*~D*~C*B*A)") in D:\Anlogic\TD_6.2.1_Engineer_6.2.168.116\arch/al_lmacro.v(2)
HDL-1007 : elaborate module AL_MAP_LUT5(INIT=32'b01111111111111110000000000000000,EQN="(E*~(D*C*B*A))") in D:\Anlogic\TD_6.2.1_Engineer_6.2.168.116\arch/al_lmacro.v(13)
HDL-1007 : elaborate module AL_MAP_LUT2(INIT=4'b010,EQN="(~B*A)") in D:\Anlogic\TD_6.2.1_Engineer_6.2.168.116\arch/al_lmacro.v(48)
HDL-1007 : elaborate module AL_MAP_LUT3(INIT=8'b010,EQN="(~C*~B*A)") in D:\Anlogic\TD_6.2.1_Engineer_6.2.168.116\arch/al_lmacro.v(36)
HDL-1007 : elaborate module AL_MAP_ADDER(ALUTYPE="SUB_CARRY") in D:\Anlogic\TD_6.2.1_Engineer_6.2.168.116\arch/al_lmacro.v(72)
HDL-1007 : elaborate module AL_MAP_ADDER(ALUTYPE="SUB") in D:\Anlogic\TD_6.2.1_Engineer_6.2.168.116\arch/al_lmacro.v(72)
HDL-1007 : elaborate module AL_MAP_LUT3(INIT=8'b11011000,EQN="(C*~(B)*~(A)+C*B*~(A)+~(C)*B*A+C*B*A)") in D:\Anlogic\TD_6.2.1_Engineer_6.2.168.116\arch/al_lmacro.v(36)
HDL-1007 : elaborate module AL_MAP_LUT4(INIT=16'b01,EQN="(~D*~C*~B*~A)") in D:\Anlogic\TD_6.2.1_Engineer_6.2.168.116\arch/al_lmacro.v(24)
HDL-1007 : elaborate module AL_MAP_LUT4(INIT=16'b1000000000000000,EQN="(D*C*B*A)") in D:\Anlogic\TD_6.2.1_Engineer_6.2.168.116\arch/al_lmacro.v(24)
HDL-1007 : elaborate module AL_MAP_LUT6(INIT=64'b010000000,EQN="(~F*~E*~D*C*B*A)") in D:\Anlogic\TD_6.2.1_Engineer_6.2.168.116\arch/al_lmacro.v(2)
HDL-1007 : elaborate module AL_MAP_LUT5(INIT=32'b010000000,EQN="(~E*~D*C*B*A)") in D:\Anlogic\TD_6.2.1_Engineer_6.2.168.116\arch/al_lmacro.v(13)
HDL-1007 : elaborate module AL_MAP_LUT4(INIT=16'b010000000,EQN="(~D*C*B*A)") in D:\Anlogic\TD_6.2.1_Engineer_6.2.168.116\arch/al_lmacro.v(24)
HDL-1007 : elaborate module AL_MAP_LUT3(INIT=8'b10000000,EQN="(C*B*A)") in D:\Anlogic\TD_6.2.1_Engineer_6.2.168.116\arch/al_lmacro.v(36)
HDL-1007 : elaborate module AL_MAP_LUT5(INIT=32'b01,EQN="(~E*~D*~C*~B*~A)") in D:\Anlogic\TD_6.2.1_Engineer_6.2.168.116\arch/al_lmacro.v(13)
HDL-1007 : elaborate module AL_MAP_LUT5(INIT=32'b01000,EQN="(~E*~D*~C*B*A)") in D:\Anlogic\TD_6.2.1_Engineer_6.2.168.116\arch/al_lmacro.v(13)
HDL-1007 : elaborate module AL_MAP_LUT4(INIT=16'b01000,EQN="(~D*~C*B*A)") in D:\Anlogic\TD_6.2.1_Engineer_6.2.168.116\arch/al_lmacro.v(24)
HDL-1007 : elaborate module AL_MAP_LUT3(INIT=8'b01000,EQN="(~C*B*A)") in D:\Anlogic\TD_6.2.1_Engineer_6.2.168.116\arch/al_lmacro.v(36)
HDL-1007 : elaborate module AL_MAP_LUT6(INIT=64'b1000100010001000000010001000100000000000100010000000000000001000,EQN="(B*A*(~(D)*~((~E*C))*~(F)+~(D)*~((~E*C))*F+D*~((~E*C))*F+~(D)*(~E*C)*F))") in D:\Anlogic\TD_6.2.1_Engineer_6.2.168.116\arch/al_lmacro.v(2)
HDL-1007 : elaborate module AL_MAP_LUT6(INIT=64'b0111111101111111000000001000000011111111011111110000000000000000,EQN="(~((C*B*A))*~(D)*E*~(F)+~((C*B*A))*D*E*~(F)+(C*B*A)*D*E*~(F)+(C*B*A)*~(D)*~(E)*F+~((C*B*A))*~(D)*E*F+~((C*B*A))*D*E*F)") in D:\Anlogic\TD_6.2.1_Engineer_6.2.168.116\arch/al_lmacro.v(2)
HDL-1007 : elaborate module AL_MAP_LUT6(INIT=64'b0111011111111111111101110111111100000000000000000000000000000000,EQN="(F*~(B*A*(D@(~E*C))))") in D:\Anlogic\TD_6.2.1_Engineer_6.2.168.116\arch/al_lmacro.v(2)
HDL-1007 : elaborate module AL_MAP_LUT2(INIT=4'b1000,EQN="(B*A)") in D:\Anlogic\TD_6.2.1_Engineer_6.2.168.116\arch/al_lmacro.v(48)
HDL-1007 : elaborate module AL_MAP_LUT6(INIT=64'b010,EQN="(~F*~E*~D*~C*~B*A)") in D:\Anlogic\TD_6.2.1_Engineer_6.2.168.116\arch/al_lmacro.v(2)
HDL-1007 : elaborate module AL_MAP_LUT5(INIT=32'b010,EQN="(~E*~D*~C*~B*A)") in D:\Anlogic\TD_6.2.1_Engineer_6.2.168.116\arch/al_lmacro.v(13)
HDL-1007 : elaborate module AL_MAP_LUT4(INIT=16'b010,EQN="(~D*~C*~B*A)") in D:\Anlogic\TD_6.2.1_Engineer_6.2.168.116\arch/al_lmacro.v(24)
HDL-1007 : elaborate module AL_MAP_LUT3(INIT=8'b01,EQN="(~C*~B*~A)") in D:\Anlogic\TD_6.2.1_Engineer_6.2.168.116\arch/al_lmacro.v(36)
HDL-1007 : elaborate module AL_MAP_LUT2(INIT=4'b0100,EQN="(B*~A)") in D:\Anlogic\TD_6.2.1_Engineer_6.2.168.116\arch/al_lmacro.v(48)
HDL-1007 : elaborate module AL_MAP_LUT2(INIT=4'b01,EQN="(~B*~A)") in D:\Anlogic\TD_6.2.1_Engineer_6.2.168.116\arch/al_lmacro.v(48)
HDL-1007 : elaborate module AL_MAP_LUT6(INIT=64'b1000000000000000000000000000000000000000000000000000000000000000,EQN="(F*E*D*C*B*A)") in D:\Anlogic\TD_6.2.1_Engineer_6.2.168.116\arch/al_lmacro.v(2)
HDL-1007 : elaborate module AL_MAP_LUT4(INIT=16'b1011111101000000,EQN="(D@(C*B*~A))") in D:\Anlogic\TD_6.2.1_Engineer_6.2.168.116\arch/al_lmacro.v(24)
HDL-1007 : elaborate module AL_MAP_LUT5(INIT=32'b10000000111000001111100011111110,EQN="(A*~(B)*~(C)*~(D)*~(E)+~(A)*B*~(C)*~(D)*~(E)+A*B*~(C)*~(D)*~(E)+~(A)*~(B)*C*~(D)*~(E)+A*~(B)*C*~(D)*~(E)+~(A)*B*C*~(D)*~(E)+A*B*C*~(D)*~(E)+A*B*~(C)*D*~(E)+~(A)*~(B)*C*D*~(E)+A*~(B)*C*D*~(E)+~(A)*B*C*D*~(E)+A*B*C*D*~(E)+A*~(B)*C*~(D)*E+~(A)*B*C*~(D)*E+A*B*C*~(D)*E+A*B*C*D*E)") in D:\Anlogic\TD_6.2.1_Engineer_6.2.168.116\arch/al_lmacro.v(13)
HDL-1007 : elaborate module AL_MAP_LUT5(INIT=32'b01000000000000001000000000000000,EQN="(D*C*B*(E@A))") in D:\Anlogic\TD_6.2.1_Engineer_6.2.168.116\arch/al_lmacro.v(13)
HDL-1007 : elaborate module AL_MAP_LUT6(INIT=64'b1011111111111111111111111111111101000000000000000000000000000000,EQN="(F@(E*D*C*B*~A))") in D:\Anlogic\TD_6.2.1_Engineer_6.2.168.116\arch/al_lmacro.v(2)
HDL-1007 : elaborate module AL_MAP_LUT6(INIT=64'b1101010101111111111111010101011100000000000000000000000000000000,EQN="(F*~(A*~(D@(~(B)*~(C)*~(E)+~(B)*~(C)*E+B*~(C)*E+~(B)*C*E))))") in D:\Anlogic\TD_6.2.1_Engineer_6.2.168.116\arch/al_lmacro.v(2)
HDL-1007 : elaborate module AL_MAP_LUT3(INIT=8'b10111000,EQN="(C*~(A)*~(B)+C*A*~(B)+~(C)*A*B+C*A*B)") in D:\Anlogic\TD_6.2.1_Engineer_6.2.168.116\arch/al_lmacro.v(36)
HDL-1007 : elaborate module AL_MAP_LUT3(INIT=8'b01000000,EQN="(C*B*~A)") in D:\Anlogic\TD_6.2.1_Engineer_6.2.168.116\arch/al_lmacro.v(36)
HDL-1007 : elaborate module AL_MAP_LUT6(INIT=64'b1111111101111111001111110001111100001111000001110000001100000001,EQN="(~(B)*~(C)*~((~D*A))*~(E)*~(F)+~(B)*~(C)*~((~D*A))*E*~(F)+B*~(C)*~((~D*A))*E*~(F)+~(B)*~(C)*(~D*A)*E*~(F)+~(B)*~(C)*~((~D*A))*~(E)*F+B*~(C)*~((~D*A))*~(E)*F+~(B)*C*~((~D*A))*~(E)*F+~(B)*~(C)*(~D*A)*~(E)*F+B*~(C)*(~D*A)*~(E)*F+~(B)*~(C)*~((~D*A))*E*F+B*~(C)*~((~D*A))*E*F+~(B)*C*~((~D*A))*E*F+B*C*~((~D*A))*E*F+~(B)*~(C)*(~D*A)*E*F+B*~(C)*(~D*A)*E*F+~(B)*C*(~D*A)*E*F)") in D:\Anlogic\TD_6.2.1_Engineer_6.2.168.116\arch/al_lmacro.v(2)
HDL-1007 : elaborate module AL_MAP_LUT5(INIT=32'b10111111111111110100000000000000,EQN="(E@(D*C*B*~A))") in D:\Anlogic\TD_6.2.1_Engineer_6.2.168.116\arch/al_lmacro.v(13)
HDL-1007 : elaborate module AL_MAP_LUT3(INIT=8'b01001101,EQN="(~(A)*~(B)*~(C)+~(A)*B*~(C)+A*B*~(C)+~(A)*B*C)") in D:\Anlogic\TD_6.2.1_Engineer_6.2.168.116\arch/al_lmacro.v(36)
HDL-1007 : elaborate module AL_MAP_LUT5(INIT=32'b10001000000000000000100010000000,EQN="(B*A*(D@(~E*C)))") in D:\Anlogic\TD_6.2.1_Engineer_6.2.168.116\arch/al_lmacro.v(13)
HDL-1007 : elaborate module AL_MAP_LUT5(INIT=32'b11110000011110000011110000011110,EQN="(C@(B*~((~D*A))*~(E)+~(B)*(~D*A)*~(E)+B*(~D*A)*~(E)+B*(~D*A)*E))") in D:\Anlogic\TD_6.2.1_Engineer_6.2.168.116\arch/al_lmacro.v(13)
HDL-1007 : elaborate module AL_MAP_LUT5(INIT=32'b01111111111101110000000000000000,EQN="(E*~(B*A*~(D@C)))") in D:\Anlogic\TD_6.2.1_Engineer_6.2.168.116\arch/al_lmacro.v(13)
HDL-1007 : elaborate module AL_MAP_LUT5(INIT=32'b01000000110100001111010011111101,EQN="(~(A)*~(B)*~(C)*~(D)*~(E)+~(A)*B*~(C)*~(D)*~(E)+A*B*~(C)*~(D)*~(E)+~(A)*~(B)*C*~(D)*~(E)+A*~(B)*C*~(D)*~(E)+~(A)*B*C*~(D)*~(E)+A*B*C*~(D)*~(E)+~(A)*B*~(C)*D*~(E)+~(A)*~(B)*C*D*~(E)+A*~(B)*C*D*~(E)+~(A)*B*C*D*~(E)+A*B*C*D*~(E)+~(A)*~(B)*C*~(D)*E+~(A)*B*C*~(D)*E+A*B*C*~(D)*E+~(A)*B*C*D*E)") in D:\Anlogic\TD_6.2.1_Engineer_6.2.168.116\arch/al_lmacro.v(13)
HDL-1007 : elaborate module AL_MAP_LUT5(INIT=32'b10000000000000000000000000000000,EQN="(E*D*C*B*A)") in D:\Anlogic\TD_6.2.1_Engineer_6.2.168.116\arch/al_lmacro.v(13)
HDL-1007 : elaborate module AL_MAP_LUT5(INIT=32'b10111111111110110100000000000100,EQN="(E@(B*~A*~(D@C)))") in D:\Anlogic\TD_6.2.1_Engineer_6.2.168.116\arch/al_lmacro.v(13)
HDL-1007 : elaborate module AL_MAP_LUT6(INIT=64'b0111010111011111111101110101110100000000000000000000000000000000,EQN="(F*~(A*~(D@(B*~(C)*~(E)+~(B)*~(C)*E+B*~(C)*E+B*C*E))))") in D:\Anlogic\TD_6.2.1_Engineer_6.2.168.116\arch/al_lmacro.v(2)
HDL-1007 : elaborate module AL_MAP_LUT6(INIT=64'b01000000000000000,EQN="(~F*~E*D*C*B*A)") in D:\Anlogic\TD_6.2.1_Engineer_6.2.168.116\arch/al_lmacro.v(2)
HDL-1007 : elaborate module AL_MAP_LUT5(INIT=32'b01000000000000000,EQN="(~E*D*C*B*A)") in D:\Anlogic\TD_6.2.1_Engineer_6.2.168.116\arch/al_lmacro.v(13)
HDL-5317 WARNING: input port 'b' is not connected on this instance in ../user_source/ip_source/divider/divider_gate.v(2727)
HDL-5317 WARNING: input port 'a' is not connected on this instance in ../user_source/ip_source/divider/divider_gate.v(2809)
HDL-5317 WARNING: input port 'b' is not connected on this instance in ../user_source/ip_source/divider/divider_gate.v(3781)
HDL-5317 WARNING: input port 'a' is not connected on this instance in ../user_source/ip_source/divider/divider_gate.v(3870)
HDL-5317 WARNING: input port 'b' is not connected on this instance in ../user_source/ip_source/divider/divider_gate.v(4852)
HDL-5317 WARNING: input port 'a' is not connected on this instance in ../user_source/ip_source/divider/divider_gate.v(4948)
HDL-5317 WARNING: input port 'b' is not connected on this instance in ../user_source/ip_source/divider/divider_gate.v(5946)
HDL-5317 WARNING: input port 'a' is not connected on this instance in ../user_source/ip_source/divider/divider_gate.v(6049)
HDL-5317 WARNING: input port 'b' is not connected on this instance in ../user_source/ip_source/divider/divider_gate.v(7063)
HDL-5317 WARNING: input port 'a' is not connected on this instance in ../user_source/ip_source/divider/divider_gate.v(7173)
HDL-5317 Similar messages will be suppressed.
HDL-1007 : port 'doa' remains unconnected for this instance in ../user_source/hdl_source/ip/image/signal_delay.v(120)
HDL-1007 : elaborate module signal_delay(IMG_HEIGHT=600,IMG_WIDTH=1024) in ../user_source/hdl_source/ip/image/signal_delay.v(18)
HDL-1007 : elaborate module blk_mem_gen_awb_delay_signal in ../user_source/ip_source/blk_mem_gen_awb_delay_signal/blk_mem_gen_awb_delay_signal.v(10)
HDL-1007 : elaborate module ram_f84573da5ab5(DATA_WIDTH_A=96,ADDR_WIDTH_A=11,DATA_DEPTH_A=2048,DATA_WIDTH_B=96,ADDR_WIDTH_B=11,DATA_DEPTH_B=2048,REGMODE_B="NOREG",WRITEMODE_B="READBEFOREWRITE") in ../user_source/ip_source/blk_mem_gen_awb_delay_signal/ram_f84573da5ab5.v(3)
HDL-1007 : elaborate module PH1P_LOGIC_ERAM(DATA_WIDTH_A=96,DATA_WIDTH_B=96,ADDR_WIDTH_A=11,ADDR_WIDTH_B=11,DATA_DEPTH_A=2048,DATA_DEPTH_B=2048,WRITEMODE_B="READBEFOREWRITE",OREGSET_A="RESET",OREGSET_B="RESET",SSROVERCE="DISABLE",ASYNC_RESET_RELEASE_A="ASYNC",ASYNC_RESET_RELEASE_B="ASYNC",IMPLEMENT="20K(FAST)") in D:\Anlogic\TD_6.2.1_Engineer_6.2.168.116\arch/ph1p_macro.v(22)
HDL-5323 WARNING: input port 'dib[95]' remains unconnected for this instance in ../user_source/hdl_source/ip/image/signal_delay.v(120)
HDL-1007 : elaborate module image_process_stream_96 in ../user_source/hdl_source/ip/image/image_process_stream_96.v(41)
HDL-1007 : extracting RAM for identifier 'gray_line_a' in ../user_source/hdl_source/ip/image/image_process_stream_96.v(86)
HDL-1007 : extracting RAM for identifier 'gray_line_b' in ../user_source/hdl_source/ip/image/image_process_stream_96.v(87)
HDL-1007 : extracting RAM for identifier 'bin_line_a' in ../user_source/hdl_source/ip/image/image_process_stream_96.v(89)
HDL-1007 : extracting RAM for identifier 'bin_line_b' in ../user_source/hdl_source/ip/image/image_process_stream_96.v(90)
HDL-1007 : elaborate module cnn_input_sampler_96 in ../user_source/hdl_source/ip/image/cnn/cnn_input_sampler_96.v(13)
HDL-1007 : elaborate module cnn_input_bram in ../user_source/hdl_source/ip/image/cnn/cnn_input_bram.v(5)
HDL-1007 : elaborate module PH1P_LOGIC_ERAM(DATA_WIDTH_A=8,DATA_WIDTH_B=8,ADDR_WIDTH_A=12,ADDR_WIDTH_B=12,DATA_DEPTH_A=4096,DATA_DEPTH_B=4096,WRITEMODE_B="READBEFOREWRITE",OREGSET_A="RESET",OREGSET_B="RESET",SSROVERCE="DISABLE",ASYNC_RESET_RELEASE_A="ASYNC",ASYNC_RESET_RELEASE_B="ASYNC",IMPLEMENT="20K(FAST)") in D:\Anlogic\TD_6.2.1_Engineer_6.2.168.116\arch/ph1p_macro.v(22)
HDL-1007 : elaborate module cnn_core in ../user_source/hdl_source/ip/image/cnn/cnn_core.v(43)
HDL-1007 : elaborate module cnn_feat_bram in ../user_source/hdl_source/ip/image/cnn/cnn_feat_bram.v(5)
HDL-1007 : elaborate module PH1P_LOGIC_ERAM(DATA_WIDTH_A=64,DATA_WIDTH_B=64,ADDR_WIDTH_B=10,DATA_DEPTH_A=1024,DATA_DEPTH_B=1024,WRITEMODE_B="READBEFOREWRITE",OREGSET_A="RESET",OREGSET_B="RESET",SSROVERCE="DISABLE",ASYNC_RESET_RELEASE_A="ASYNC",ASYNC_RESET_RELEASE_B="ASYNC",IMPLEMENT="20K(FAST)") in D:\Anlogic\TD_6.2.1_Engineer_6.2.168.116\arch/ph1p_macro.v(22)
HDL-1007 : elaborate module cnn_feat_bram(DEPTH=512) in ../user_source/hdl_source/ip/image/cnn/cnn_feat_bram.v(5)
HDL-1007 : elaborate module PH1P_LOGIC_ERAM(DATA_WIDTH_A=64,DATA_WIDTH_B=64,ADDR_WIDTH_A=9,ADDR_WIDTH_B=9,DATA_DEPTH_A=512,DATA_DEPTH_B=512,WRITEMODE_B="READBEFOREWRITE",OREGSET_A="RESET",OREGSET_B="RESET",SSROVERCE="DISABLE",ASYNC_RESET_RELEASE_A="ASYNC",ASYNC_RESET_RELEASE_B="ASYNC",IMPLEMENT="20K(FAST)") in D:\Anlogic\TD_6.2.1_Engineer_6.2.168.116\arch/ph1p_macro.v(22)
HDL-1007 : elaborate module cnn_weight_rom(DEPTH=17321) in ../user_source/hdl_source/ip/image/cnn/cnn_weight_rom.v(104)
HDL-1007 : elaborate module cnn_weight_bank(INIT_FILE="../../../../ip_source/cnn/cnn_weight_bank0.bin") in ../user_source/hdl_source/ip/image/cnn/cnn_weight_rom.v(50)
HDL-1007 : elaborate module PH1P_LOGIC_ERAM(DATA_WIDTH_A=64,DATA_WIDTH_B=64,ADDR_WIDTH_B=10,DATA_DEPTH_A=1024,DATA_DEPTH_B=1024,MODE="SP",OREGSET_A="RESET",OREGSET_B="RESET",SSROVERCE="DISABLE",ASYNC_RESET_RELEASE_A="ASYNC",ASYNC_RESET_RELEASE_B="ASYNC",INIT_FILE="../../../../ip_source/cnn/cnn_weight_bank0.bin",IMPLEMENT="20K(FAST)") in D:\Anlogic\TD_6.2.1_Engineer_6.2.168.116\arch/ph1p_macro.v(22)
HDL-1007 : elaborate module cnn_weight_bank(INIT_FILE="../../../../ip_source/cnn/cnn_weight_bank1.bin") in ../user_source/hdl_source/ip/image/cnn/cnn_weight_rom.v(50)
HDL-1007 : elaborate module PH1P_LOGIC_ERAM(DATA_WIDTH_A=64,DATA_WIDTH_B=64,ADDR_WIDTH_B=10,DATA_DEPTH_A=1024,DATA_DEPTH_B=1024,MODE="SP",OREGSET_A="RESET",OREGSET_B="RESET",SSROVERCE="DISABLE",ASYNC_RESET_RELEASE_A="ASYNC",ASYNC_RESET_RELEASE_B="ASYNC",INIT_FILE="../../../../ip_source/cnn/cnn_weight_bank1.bin",IMPLEMENT="20K(FAST)") in D:\Anlogic\TD_6.2.1_Engineer_6.2.168.116\arch/ph1p_macro.v(22)
HDL-1007 : elaborate module cnn_weight_bank(INIT_FILE="../../../../ip_source/cnn/cnn_weight_bank2.bin") in ../user_source/hdl_source/ip/image/cnn/cnn_weight_rom.v(50)
HDL-1007 : elaborate module PH1P_LOGIC_ERAM(DATA_WIDTH_A=64,DATA_WIDTH_B=64,ADDR_WIDTH_B=10,DATA_DEPTH_A=1024,DATA_DEPTH_B=1024,MODE="SP",OREGSET_A="RESET",OREGSET_B="RESET",SSROVERCE="DISABLE",ASYNC_RESET_RELEASE_A="ASYNC",ASYNC_RESET_RELEASE_B="ASYNC",INIT_FILE="../../../../ip_source/cnn/cnn_weight_bank2.bin",IMPLEMENT="20K(FAST)") in D:\Anlogic\TD_6.2.1_Engineer_6.2.168.116\arch/ph1p_macro.v(22)
HDL-1007 : elaborate module cnn_weight_bank(INIT_FILE="../../../../ip_source/cnn/cnn_weight_bank3.bin") in ../user_source/hdl_source/ip/image/cnn/cnn_weight_rom.v(50)
HDL-1007 : elaborate module PH1P_LOGIC_ERAM(DATA_WIDTH_A=64,DATA_WIDTH_B=64,ADDR_WIDTH_B=10,DATA_DEPTH_A=1024,DATA_DEPTH_B=1024,MODE="SP",OREGSET_A="RESET",OREGSET_B="RESET",SSROVERCE="DISABLE",ASYNC_RESET_RELEASE_A="ASYNC",ASYNC_RESET_RELEASE_B="ASYNC",INIT_FILE="../../../../ip_source/cnn/cnn_weight_bank3.bin",IMPLEMENT="20K(FAST)") in D:\Anlogic\TD_6.2.1_Engineer_6.2.168.116\arch/ph1p_macro.v(22)
HDL-1007 : elaborate module cnn_weight_bank(INIT_FILE="../../../../ip_source/cnn/cnn_weight_bank4.bin") in ../user_source/hdl_source/ip/image/cnn/cnn_weight_rom.v(50)
HDL-1007 : elaborate module PH1P_LOGIC_ERAM(DATA_WIDTH_A=64,DATA_WIDTH_B=64,ADDR_WIDTH_B=10,DATA_DEPTH_A=1024,DATA_DEPTH_B=1024,MODE="SP",OREGSET_A="RESET",OREGSET_B="RESET",SSROVERCE="DISABLE",ASYNC_RESET_RELEASE_A="ASYNC",ASYNC_RESET_RELEASE_B="ASYNC",INIT_FILE="../../../../ip_source/cnn/cnn_weight_bank4.bin",IMPLEMENT="20K(FAST)") in D:\Anlogic\TD_6.2.1_Engineer_6.2.168.116\arch/ph1p_macro.v(22)
HDL-1007 : elaborate module cnn_weight_bank(INIT_FILE="../../../../ip_source/cnn/cnn_weight_bank5.bin") in ../user_source/hdl_source/ip/image/cnn/cnn_weight_rom.v(50)
HDL-1007 : elaborate module PH1P_LOGIC_ERAM(DATA_WIDTH_A=64,DATA_WIDTH_B=64,ADDR_WIDTH_B=10,DATA_DEPTH_A=1024,DATA_DEPTH_B=1024,MODE="SP",OREGSET_A="RESET",OREGSET_B="RESET",SSROVERCE="DISABLE",ASYNC_RESET_RELEASE_A="ASYNC",ASYNC_RESET_RELEASE_B="ASYNC",INIT_FILE="../../../../ip_source/cnn/cnn_weight_bank5.bin",IMPLEMENT="20K(FAST)") in D:\Anlogic\TD_6.2.1_Engineer_6.2.168.116\arch/ph1p_macro.v(22)
HDL-1007 : elaborate module cnn_weight_bank(INIT_FILE="../../../../ip_source/cnn/cnn_weight_bank6.bin") in ../user_source/hdl_source/ip/image/cnn/cnn_weight_rom.v(50)
HDL-1007 : elaborate module PH1P_LOGIC_ERAM(DATA_WIDTH_A=64,DATA_WIDTH_B=64,ADDR_WIDTH_B=10,DATA_DEPTH_A=1024,DATA_DEPTH_B=1024,MODE="SP",OREGSET_A="RESET",OREGSET_B="RESET",SSROVERCE="DISABLE",ASYNC_RESET_RELEASE_A="ASYNC",ASYNC_RESET_RELEASE_B="ASYNC",INIT_FILE="../../../../ip_source/cnn/cnn_weight_bank6.bin",IMPLEMENT="20K(FAST)") in D:\Anlogic\TD_6.2.1_Engineer_6.2.168.116\arch/ph1p_macro.v(22)
HDL-1007 : elaborate module cnn_weight_bank(INIT_FILE="../../../../ip_source/cnn/cnn_weight_bank7.bin") in ../user_source/hdl_source/ip/image/cnn/cnn_weight_rom.v(50)
HDL-1007 : elaborate module PH1P_LOGIC_ERAM(DATA_WIDTH_A=64,DATA_WIDTH_B=64,ADDR_WIDTH_B=10,DATA_DEPTH_A=1024,DATA_DEPTH_B=1024,MODE="SP",OREGSET_A="RESET",OREGSET_B="RESET",SSROVERCE="DISABLE",ASYNC_RESET_RELEASE_A="ASYNC",ASYNC_RESET_RELEASE_B="ASYNC",INIT_FILE="../../../../ip_source/cnn/cnn_weight_bank7.bin",IMPLEMENT="20K(FAST)") in D:\Anlogic\TD_6.2.1_Engineer_6.2.168.116\arch/ph1p_macro.v(22)
HDL-1007 : elaborate module cnn_weight_bank(INIT_FILE="../../../../ip_source/cnn/cnn_weight_bank8.bin") in ../user_source/hdl_source/ip/image/cnn/cnn_weight_rom.v(50)
HDL-1007 : elaborate module PH1P_LOGIC_ERAM(DATA_WIDTH_A=64,DATA_WIDTH_B=64,ADDR_WIDTH_B=10,DATA_DEPTH_A=1024,DATA_DEPTH_B=1024,MODE="SP",OREGSET_A="RESET",OREGSET_B="RESET",SSROVERCE="DISABLE",ASYNC_RESET_RELEASE_A="ASYNC",ASYNC_RESET_RELEASE_B="ASYNC",INIT_FILE="../../../../ip_source/cnn/cnn_weight_bank8.bin",IMPLEMENT="20K(FAST)") in D:\Anlogic\TD_6.2.1_Engineer_6.2.168.116\arch/ph1p_macro.v(22)
HDL-1007 : elaborate module cnn_weight_bank(INIT_FILE="../../../../ip_source/cnn/cnn_weight_bank9.bin") in ../user_source/hdl_source/ip/image/cnn/cnn_weight_rom.v(50)
HDL-1007 : elaborate module PH1P_LOGIC_ERAM(DATA_WIDTH_A=64,DATA_WIDTH_B=64,ADDR_WIDTH_B=10,DATA_DEPTH_A=1024,DATA_DEPTH_B=1024,MODE="SP",OREGSET_A="RESET",OREGSET_B="RESET",SSROVERCE="DISABLE",ASYNC_RESET_RELEASE_A="ASYNC",ASYNC_RESET_RELEASE_B="ASYNC",INIT_FILE="../../../../ip_source/cnn/cnn_weight_bank9.bin",IMPLEMENT="20K(FAST)") in D:\Anlogic\TD_6.2.1_Engineer_6.2.168.116\arch/ph1p_macro.v(22)
HDL-1007 : elaborate module cnn_weight_bank(INIT_FILE="../../../../ip_source/cnn/cnn_weight_bank10.bin") in ../user_source/hdl_source/ip/image/cnn/cnn_weight_rom.v(50)
HDL-1007 : elaborate module PH1P_LOGIC_ERAM(DATA_WIDTH_A=64,DATA_WIDTH_B=64,ADDR_WIDTH_B=10,DATA_DEPTH_A=1024,DATA_DEPTH_B=1024,MODE="SP",OREGSET_A="RESET",OREGSET_B="RESET",SSROVERCE="DISABLE",ASYNC_RESET_RELEASE_A="ASYNC",ASYNC_RESET_RELEASE_B="ASYNC",INIT_FILE="../../../../ip_source/cnn/cnn_weight_bank10.bin",IMPLEMENT="20K(FAST)") in D:\Anlogic\TD_6.2.1_Engineer_6.2.168.116\arch/ph1p_macro.v(22)
HDL-1007 : elaborate module cnn_weight_bank(INIT_FILE="../../../../ip_source/cnn/cnn_weight_bank11.bin") in ../user_source/hdl_source/ip/image/cnn/cnn_weight_rom.v(50)
HDL-1007 : elaborate module PH1P_LOGIC_ERAM(DATA_WIDTH_A=64,DATA_WIDTH_B=64,ADDR_WIDTH_B=10,DATA_DEPTH_A=1024,DATA_DEPTH_B=1024,MODE="SP",OREGSET_A="RESET",OREGSET_B="RESET",SSROVERCE="DISABLE",ASYNC_RESET_RELEASE_A="ASYNC",ASYNC_RESET_RELEASE_B="ASYNC",INIT_FILE="../../../../ip_source/cnn/cnn_weight_bank11.bin",IMPLEMENT="20K(FAST)") in D:\Anlogic\TD_6.2.1_Engineer_6.2.168.116\arch/ph1p_macro.v(22)
HDL-1007 : elaborate module cnn_weight_bank(INIT_FILE="../../../../ip_source/cnn/cnn_weight_bank12.bin") in ../user_source/hdl_source/ip/image/cnn/cnn_weight_rom.v(50)
HDL-1007 : elaborate module PH1P_LOGIC_ERAM(DATA_WIDTH_A=64,DATA_WIDTH_B=64,ADDR_WIDTH_B=10,DATA_DEPTH_A=1024,DATA_DEPTH_B=1024,MODE="SP",OREGSET_A="RESET",OREGSET_B="RESET",SSROVERCE="DISABLE",ASYNC_RESET_RELEASE_A="ASYNC",ASYNC_RESET_RELEASE_B="ASYNC",INIT_FILE="../../../../ip_source/cnn/cnn_weight_bank12.bin",IMPLEMENT="20K(FAST)") in D:\Anlogic\TD_6.2.1_Engineer_6.2.168.116\arch/ph1p_macro.v(22)
HDL-1007 : elaborate module cnn_weight_bank(INIT_FILE="../../../../ip_source/cnn/cnn_weight_bank13.bin") in ../user_source/hdl_source/ip/image/cnn/cnn_weight_rom.v(50)
HDL-1007 : elaborate module PH1P_LOGIC_ERAM(DATA_WIDTH_A=64,DATA_WIDTH_B=64,ADDR_WIDTH_B=10,DATA_DEPTH_A=1024,DATA_DEPTH_B=1024,MODE="SP",OREGSET_A="RESET",OREGSET_B="RESET",SSROVERCE="DISABLE",ASYNC_RESET_RELEASE_A="ASYNC",ASYNC_RESET_RELEASE_B="ASYNC",INIT_FILE="../../../../ip_source/cnn/cnn_weight_bank13.bin",IMPLEMENT="20K(FAST)") in D:\Anlogic\TD_6.2.1_Engineer_6.2.168.116\arch/ph1p_macro.v(22)
HDL-1007 : elaborate module cnn_weight_bank(INIT_FILE="../../../../ip_source/cnn/cnn_weight_bank14.bin") in ../user_source/hdl_source/ip/image/cnn/cnn_weight_rom.v(50)
HDL-1007 : elaborate module PH1P_LOGIC_ERAM(DATA_WIDTH_A=64,DATA_WIDTH_B=64,ADDR_WIDTH_B=10,DATA_DEPTH_A=1024,DATA_DEPTH_B=1024,MODE="SP",OREGSET_A="RESET",OREGSET_B="RESET",SSROVERCE="DISABLE",ASYNC_RESET_RELEASE_A="ASYNC",ASYNC_RESET_RELEASE_B="ASYNC",INIT_FILE="../../../../ip_source/cnn/cnn_weight_bank14.bin",IMPLEMENT="20K(FAST)") in D:\Anlogic\TD_6.2.1_Engineer_6.2.168.116\arch/ph1p_macro.v(22)
HDL-1007 : elaborate module cnn_weight_bank(INIT_FILE="../../../../ip_source/cnn/cnn_weight_bank15.bin") in ../user_source/hdl_source/ip/image/cnn/cnn_weight_rom.v(50)
HDL-1007 : elaborate module PH1P_LOGIC_ERAM(DATA_WIDTH_A=64,DATA_WIDTH_B=64,ADDR_WIDTH_B=10,DATA_DEPTH_A=1024,DATA_DEPTH_B=1024,MODE="SP",OREGSET_A="RESET",OREGSET_B="RESET",SSROVERCE="DISABLE",ASYNC_RESET_RELEASE_A="ASYNC",ASYNC_RESET_RELEASE_B="ASYNC",INIT_FILE="../../../../ip_source/cnn/cnn_weight_bank15.bin",IMPLEMENT="20K(FAST)") in D:\Anlogic\TD_6.2.1_Engineer_6.2.168.116\arch/ph1p_macro.v(22)
HDL-1007 : elaborate module cnn_weight_bank(INIT_FILE="../../../../ip_source/cnn/cnn_weight_bank16.bin") in ../user_source/hdl_source/ip/image/cnn/cnn_weight_rom.v(50)
HDL-1007 : elaborate module PH1P_LOGIC_ERAM(DATA_WIDTH_A=64,DATA_WIDTH_B=64,ADDR_WIDTH_B=10,DATA_DEPTH_A=1024,DATA_DEPTH_B=1024,MODE="SP",OREGSET_A="RESET",OREGSET_B="RESET",SSROVERCE="DISABLE",ASYNC_RESET_RELEASE_A="ASYNC",ASYNC_RESET_RELEASE_B="ASYNC",INIT_FILE="../../../../ip_source/cnn/cnn_weight_bank16.bin",IMPLEMENT="20K(FAST)") in D:\Anlogic\TD_6.2.1_Engineer_6.2.168.116\arch/ph1p_macro.v(22)
HDL-1007 : elaborate module data_96bit_to_128bit in ../user_source/hdl_source/ip/image/data96_128/data96_128.v(40)
HDL-1007 : elaborate module video_in in ../user_source/hdl_source/ip/video/video_in.v(3)
HDL-1007 : elaborate module w128_d512_fifo in ../user_source/ip_source/w128_d512_fifo/w128_d512_fifo.v(2)
HDL-1007 : port 'doa' remains unconnected for this instance in ../user_source/ip_source/w128_d512_fifo/soft_fifo_al_4057d6b76aa6.v(216)
HDL-1007 : port 'dib' remains unconnected for this instance in ../user_source/ip_source/w128_d512_fifo/soft_fifo_al_4057d6b76aa6.v(216)
HDL-1007 : elaborate module soft_fifo_al_4057d6b76aa6(DATA_WIDTH_W=128,DATA_WIDTH_R=128,ADDR_WIDTH_W=9,ADDR_WIDTH_R=9,AL_FULL_NUM=253,AL_EMPTY_NUM=2,SHOW_AHEAD_EN=0) in ../user_source/ip_source/w128_d512_fifo/soft_fifo_al_4057d6b76aa6.v(3)
HDL-1007 : elaborate module fifo_cross_domain_addr_process_al_4057d6b76aa6 in ../user_source/ip_source/w128_d512_fifo/soft_fifo_al_4057d6b76aa6.v(240)
HDL-1007 : elaborate module ram_infer_4057d6b76aa6(DATAWIDTH_A=128,ADDRWIDTH_A=9,DATAWIDTH_B=128,ADDRWIDTH_B=9) in ../user_source/ip_source/w128_d512_fifo/soft_fifo_al_4057d6b76aa6.v(323)
HDL-1007 : extracting RAM for identifier 'memory' in ../user_source/ip_source/w128_d512_fifo/soft_fifo_al_4057d6b76aa6.v(388)
HDL-5007 WARNING: actual bit length 32 differs from formal bit length 1 for port 'ceb' in ../user_source/ip_source/w128_d512_fifo/soft_fifo_al_4057d6b76aa6.v(230)
HDL-5007 WARNING: actual bit length 32 differs from formal bit length 9 for port 'addrb' in ../user_source/ip_source/w128_d512_fifo/soft_fifo_al_4057d6b76aa6.v(233)
HDL-5317 WARNING: input port 'dib[127]' is not connected on this instance in ../user_source/ip_source/w128_d512_fifo/soft_fifo_al_4057d6b76aa6.v(221)
HDL-1007 : elaborate module video_out in ../user_source/hdl_source/ip/video/video_out.v(4)
HDL-1007 : elaborate module mc_to_user_interface in ../user_source/hdl_source/ip/memory/mc_to_user_interface.v(3)
HDL-1007 : elaborate module w155_d512_fifo in ../user_source/ip_source/w155_d512_fifo/w155_d512_fifo.v(2)
HDL-1007 : port 'doa' remains unconnected for this instance in ../user_source/ip_source/w155_d512_fifo/soft_fifo_al_f58e8b3e1f3d.v(194)
HDL-1007 : port 'dib' remains unconnected for this instance in ../user_source/ip_source/w155_d512_fifo/soft_fifo_al_f58e8b3e1f3d.v(194)
HDL-1007 : elaborate module soft_fifo_al_f58e8b3e1f3d(DATA_WIDTH_W=155,DATA_WIDTH_R=155,ADDR_WIDTH_W=9,ADDR_WIDTH_R=9,AL_FULL_NUM=500,AL_EMPTY_NUM=2,SHOW_AHEAD_EN=1) in ../user_source/ip_source/w155_d512_fifo/soft_fifo_al_f58e8b3e1f3d.v(3)
HDL-1007 : elaborate module ram_infer_f58e8b3e1f3d(DATAWIDTH_A=155,ADDRWIDTH_A=9,DATAWIDTH_B=155,ADDRWIDTH_B=9) in ../user_source/ip_source/w155_d512_fifo/soft_fifo_al_f58e8b3e1f3d.v(220)
HDL-1007 : extracting RAM for identifier 'memory' in ../user_source/ip_source/w155_d512_fifo/soft_fifo_al_f58e8b3e1f3d.v(285)
HDL-5007 WARNING: actual bit length 32 differs from formal bit length 1 for port 'cea' in ../user_source/ip_source/w155_d512_fifo/soft_fifo_al_f58e8b3e1f3d.v(203)
HDL-5007 WARNING: actual bit length 32 differs from formal bit length 1 for port 'ocea' in ../user_source/ip_source/w155_d512_fifo/soft_fifo_al_f58e8b3e1f3d.v(205)
HDL-5007 WARNING: actual bit length 32 differs from formal bit length 1 for port 'ceb' in ../user_source/ip_source/w155_d512_fifo/soft_fifo_al_f58e8b3e1f3d.v(210)
HDL-5007 WARNING: actual bit length 32 differs from formal bit length 1 for port 'web' in ../user_source/ip_source/w155_d512_fifo/soft_fifo_al_f58e8b3e1f3d.v(211)
HDL-5007 WARNING: actual bit length 32 differs from formal bit length 9 for port 'addrb' in ../user_source/ip_source/w155_d512_fifo/soft_fifo_al_f58e8b3e1f3d.v(213)
HDL-5317 WARNING: input port 'dib[154]' is not connected on this instance in ../user_source/ip_source/w155_d512_fifo/soft_fifo_al_f58e8b3e1f3d.v(201)
HDL-5007 WARNING: actual bit length 16 differs from formal bit length 32 for port 'O_mc_app_wdf_mask' in ../user_source/hdl_source/design_top_wrapper.v(848)
HDL-1007 : port 'apb_pready' remains unconnected for this instance in ../user_source/hdl_source/ip/memory/ph1p35_ddr/ph1p35_324_ddr_wrapper.v(78)
HDL-1007 : port 'apb_prdata' remains unconnected for this instance in ../user_source/hdl_source/ip/memory/ph1p35_ddr/ph1p35_324_ddr_wrapper.v(78)
HDL-1007 : port 'cfg_rst_n' remains unconnected for this instance in ../user_source/hdl_source/ip/memory/ph1p35_ddr/ph1p35_324_ddr_wrapper.v(78)
HDL-1007 : elaborate module ph1p35_324_ddr_wrapper in ../user_source/hdl_source/ip/memory/ph1p35_ddr/ph1p35_324_ddr_wrapper.v(2)
HDL-1007 : elaborate module ddr2 in ../user_source/hdl_source/ip/memory/ph1p35_ddr/ddr2/ddr2.v(10)
HDL-1007 : elaborate module ph1p_ddrmc_wrapper_63f4ac254419(HOST_AC_DRV="75",HOST_DX_DRV="75",HOST_DX_ODT="75",DRAM_DRV="0",DRAM_ODT="75",CL=7,CAL_EN=0,PLL0_REFCLK_FREQ=100.0,PLL0_REFCLK_DIV=3,PLL0_FBKCLK_DIV=32,PLL0_CLK2_DIV=2,PLL0_CLK3_DIV=21,PLL1_REFCLK_FREQ=133.3,PLL1_REFCLK_DIV=4,MC_ADDR_MAP="ROW_COL_BANK",MC_REORDER="NORMAL",MC_ADDR_WIDTH=25,MC_DATA_WIDTH=128,MC_MASK_WIDTH=16,AXI_ADDR_WIDTH=26,AXI_DATA_WIDTH=128,AXI_MASK_WIDTH=16) in ../user_source/hdl_source/ip/memory/ph1p35_ddr/ddr2/ph1p_ddrmc_wrapper_63f4ac254419.v(14)
HDL-1007 : port 'dhi_cmd_err' remains unconnected for this instance in ../user_source/hdl_source/ip/memory/ph1p35_ddr/ddr2/src/rtl/top/ph1p_ddrmc_top.v(163)
HDL-1007 : elaborate module ph1p_ddrmc_top(HOST_AC_DRV="75",HOST_DX_DRV="75",HOST_DX_ODT="75",DRAM_DRV="0",DRAM_ODT="75",CL=7,CAL_EN=0,PLL0_REFCLK_FREQ=100.0,PLL0_REFCLK_DIV=3,PLL0_FBKCLK_DIV=32,PLL0_CLK2_DIV=2,PLL0_CLK3_DIV=21,PLL1_REFCLK_FREQ=133.3,PLL1_REFCLK_DIV=4,MC_ADDR_MAP="ROW_COL_BANK",MC_REORDER="NORMAL",MC_ADDR_WIDTH=25,MC_DATA_WIDTH=128,MC_MASK_WIDTH=16) in ../user_source/hdl_source/ip/memory/ph1p35_ddr/ddr2/src/rtl/top/ph1p_ddrmc_top.v(8)
HDL-1007 : port 'dly_cur_wdq' remains unconnected for this instance in ../user_source/hdl_source/ip/memory/ph1p35_ddr/ddr2/src/rtl/phy/ph1p_ddrphy_wrapper.v(478)
HDL-1007 : port 'dly_cur_rdqsp' remains unconnected for this instance in ../user_source/hdl_source/ip/memory/ph1p35_ddr/ddr2/src/rtl/phy/ph1p_ddrphy_wrapper.v(478)
HDL-1007 : port 'dly_cur_rdqsn' remains unconnected for this instance in ../user_source/hdl_source/ip/memory/ph1p35_ddr/ddr2/src/rtl/phy/ph1p_ddrphy_wrapper.v(478)
HDL-1007 : elaborate module ph1p_ddrphy_wrapper(tCK=1876,DX_NUM=2,BG_WIDTH=0,BA_WIDTH=2,ROW_WIDTH=13,ADR_WIDTH=13,HOST_AC_DRV="75",HOST_DX_DRV="75",HOST_DX_ODT="75",DRAM_DRV="0",DRAM_ODT="75",CWL=6,CL=7,WDM=1,CAL_EN=0,PLL0_REFCLK_FREQ=100.0,PLL0_REFCLK_DIV=3,PLL0_FBKCLK_DIV=32,PLL0_CLK2_DIV=2,PLL0_CLK3_DIV=21,PLL1_REFCLK_FREQ=133.3,PLL1_REFCLK_DIV=4) in ../user_source/hdl_source/ip/memory/ph1p35_ddr/ddr2/src/rtl/phy/ph1p_ddrphy_wrapper.v(4)
HDL-1007 : elaborate module ph1p_ddrphy_dram_init(tCK=1876,CL=7,RTT_NOM="75") in ../user_source/hdl_source/ip/memory/ph1p35_ddr/ddr2/src/rtl/init/ph1p_ddrphy_dram_init_ddr2.v(4)
HDL-1007 : port 'rst_sync' remains unconnected for this instance in ../user_source/hdl_source/ip/memory/ph1p35_ddr/ddr2/src/rtl/phy/ph1p_ddrphy_top.v(337)
HDL-1007 : port 'dhi_bg' remains unconnected for this instance in ../user_source/hdl_source/ip/memory/ph1p35_ddr/ddr2/src/rtl/phy/ph1p_ddrphy_top.v(644)
HDL-1007 : elaborate module ph1p_ddrphy_top(DX_NUM=2,BG_WIDTH=0,BA_WIDTH=2,ROW_WIDTH=13,ADR_WIDTH=13,AC_DRV="75",DX_DRV="75",DX_ODT="75",CWL=6,CL=7,PLL0_REFCLK_FREQ=100.0,PLL0_REFCLK_DIV=3,PLL0_FBKCLK_DIV=32,PLL0_CLK2_DIV=2,PLL0_CLK3_DIV=21,PLL1_REFCLK_FREQ=133.3,PLL1_REFCLK_DIV=4,DDRPHY_ROM_LEN=45,DDRPHY_ROM_INIT="ddrphy_cfg_rom.txt") in ../user_source/hdl_source/ip/memory/ph1p35_ddr/ddr2/src/rtl/phy/ph1p_ddrphy_top.v(3)
HDL-1007 : elaborate module ph1p_ddrphy_clk_top(PLL0_REFCLK_FREQ=100.0,PLL0_REFCLK_DIV=3,PLL0_FBKCLK_DIV=32,PLL0_CLK2_DIV=2,PLL0_CLK3_DIV=21,PLL1_REFCLK_FREQ=133.3,PLL1_REFCLK_DIV=4) in ../user_source/hdl_source/ip/memory/ph1p35_ddr/ddr2/src/rtl/clk/ph1p_ddrphy_clk_top.v(4)
HDL-1007 : port 'clkcb' remains unconnected for this instance in ../user_source/hdl_source/ip/memory/ph1p35_ddr/ddr2/src/rtl/clk/ph1p_ddrphy_pll0.v(85)
HDL-1007 : elaborate module ph1p_ddrphy_pll0(REFCLK_FREQ=100.0,FBKCLK_DIV=32,CLK2_DIV=2,CLK3_DIV=21) in ../user_source/hdl_source/ip/memory/ph1p35_ddr/ddr2/src/rtl/clk/ph1p_ddrphy_pll0.v(9)
HDL-1007 : elaborate module PH1P_PHY_PLL_V2(FBKCLK="VCO_PHASE0",FIN=100.0,REFCLK_DIV=3,FBCLK_DIV=32,CLKC0_CPHASE=7,CLKC1_CPHASE=7,CLKC2_CPHASE=1,CLKC3_CPHASE=20,CLKC0_DIV=8,CLKC1_DIV=8,CLKC2_DIV=2,CLKC3_DIV=21,CLKC0_DUTY_INT=4,CLKC1_DUTY_INT=4,CLKC3_DUTY_INT=11,CLKC0_ENABLE="ENABLE",CLKC1_ENABLE="ENABLE",CLKC2_ENABLE="ENABLE",CLKC3_ENABLE="ENABLE",LPF_CAP=0,ICP_CUR=0,FEEDBK_MODE="NOCOMP") in D:\Anlogic\TD_6.2.1_Engineer_6.2.168.116\arch/ph1p_macro.v(1091)
HDL-1007 : port 'clkcb' remains unconnected for this instance in ../user_source/hdl_source/ip/memory/ph1p35_ddr/ddr2/src/rtl/clk/ph1p_ddrphy_pll1.v(75)
HDL-1007 : elaborate module ph1p_ddrphy_pll1(REFCLK_FREQ=133.3,REFCLK_DIV=4) in ../user_source/hdl_source/ip/memory/ph1p35_ddr/ddr2/src/rtl/clk/ph1p_ddrphy_pll1.v(6)
HDL-1007 : elaborate module PH1P_PHY_PLL_V2(FBKCLK_INT="CLKC0_EXT",FIN=133.3,REFCLK_DIV=4,FBCLK_DIV=4,CLKC0_CPHASE=11,CLKC0_DIV=12,CLKC0_DUTY_INT=6,CLKC0_ENABLE="ENABLE",PLL_FEED_TYPE="EXTERNAL",PLL_FASTLOOP="ENABLE",LPF_RES=0,LPF_CAP=25,ICP_CUR=29) in D:\Anlogic\TD_6.2.1_Engineer_6.2.168.116\arch/ph1p_macro.v(1091)
HDL-1007 : elaborate module PH1P_PHY_MLCLK in D:\Anlogic\TD_6.2.1_Engineer_6.2.168.116\arch/ph1p_macro.v(3220)
HDL-1007 : elaborate module PH1P_PHY_IOCLK in D:\Anlogic\TD_6.2.1_Engineer_6.2.168.116\arch/ph1p_macro.v(896)
HDL-1007 : elaborate module ph1p_ddrphy_sync_rst_gen in ../user_source/hdl_source/ip/memory/ph1p35_ddr/ddr2/src/rtl/misc/ph1p_ddrphy_sync_rst_gen.v(3)
HDL-1007 : elaborate module ph1p_ddrphy_init(ROM_LEN=45,ROM_INIT="ddrphy_cfg_rom.txt") in ../user_source/hdl_source/ip/memory/ph1p35_ddr/ddr2/src/rtl/phy/ph1p_ddrphy_init.v(4)
HDL-1007 : extracting RAM for identifier 'rom_w52' in ../user_source/hdl_source/ip/memory/ph1p35_ddr/ddr2/src/rtl/phy/ph1p_ddrphy_init.v(36)
HDL-1007 : readmemh: reading from file 'ddrphy_cfg_rom.txt' in ../user_source/hdl_source/ip/memory/ph1p35_ddr/ddr2/src/rtl/phy/ph1p_ddrphy_init.v(53)
HDL-5314 WARNING: net 'rom_w52' does not have a driver in ../user_source/hdl_source/ip/memory/ph1p35_ddr/ddr2/src/rtl/phy/ph1p_ddrphy_init.v(36)
HDL-1007 : elaborate module ph1p_ddrphy_mdl_cal_wrapper in ../user_source/hdl_source/ip/memory/ph1p35_ddr/ddr2/src/rtl/phy/ph1p_ddrphy_mdl_cal_wrapper.v(3)
HDL-1007 : elaborate module ph1p_ddrphy_mdl_cal in ../user_source/hdl_source/ip/memory/ph1p35_ddr/ddr2/src/rtl/phy/ph1p_ddrphy_mdl_cal.v(12)
HDL-1007 : elaborate module ph1p_ddrphy_fast_init_wrapper in ../user_source/hdl_source/ip/memory/ph1p35_ddr/ddr2/src/rtl/phy/ph1p_ddrphy_fast_init_wrapper.v(8)
HDL-1007 : elaborate module ph1p_ddrphy_fast_init in ../user_source/hdl_source/ip/memory/ph1p35_ddr/ddr2/src/rtl/phy/ph1p_ddrphy_fast_init.v(12)
HDL-5314 WARNING: net 'usr_vld[8]' does not have a driver in ../user_source/hdl_source/ip/memory/ph1p35_ddr/ddr2/src/rtl/phy/ph1p_ddrphy_fast_init_wrapper.v(132)
HDL-5314 WARNING: net 'init_gate[80]' does not have a driver in ../user_source/hdl_source/ip/memory/ph1p35_ddr/ddr2/src/rtl/phy/ph1p_ddrphy_fast_init_wrapper.v(134)
HDL-5314 WARNING: net 'init_wdqs[80]' does not have a driver in ../user_source/hdl_source/ip/memory/ph1p35_ddr/ddr2/src/rtl/phy/ph1p_ddrphy_fast_init_wrapper.v(135)
HDL-5314 WARNING: net 'init_wdq[80]' does not have a driver in ../user_source/hdl_source/ip/memory/ph1p35_ddr/ddr2/src/rtl/phy/ph1p_ddrphy_fast_init_wrapper.v(136)
HDL-5314 WARNING: net 'init_rdqsp[80]' does not have a driver in ../user_source/hdl_source/ip/memory/ph1p35_ddr/ddr2/src/rtl/phy/ph1p_ddrphy_fast_init_wrapper.v(137)
HDL-5314 WARNING: net 'init_rdqsn[80]' does not have a driver in ../user_source/hdl_source/ip/memory/ph1p35_ddr/ddr2/src/rtl/phy/ph1p_ddrphy_fast_init_wrapper.v(138)
HDL-5314 WARNING: net 'init_wsl[35]' does not have a driver in ../user_source/hdl_source/ip/memory/ph1p35_ddr/ddr2/src/rtl/phy/ph1p_ddrphy_fast_init_wrapper.v(139)
HDL-5314 WARNING: net 'init_rsl[35]' does not have a driver in ../user_source/hdl_source/ip/memory/ph1p35_ddr/ddr2/src/rtl/phy/ph1p_ddrphy_fast_init_wrapper.v(140)
HDL-1007 : elaborate module ph1p_ddrphy_dcu_wrapper in ../user_source/hdl_source/ip/memory/ph1p35_ddr/ddr2/src/rtl/phy/ph1p_ddrphy_dcu_wrapper.v(4)
HDL-1007 : elaborate module ph1p_ddrphy_dcu in ../user_source/hdl_source/ip/memory/ph1p35_ddr/ddr2/src/rtl/phy/ph1p_ddrphy_dcu.v(14)
HDL-5314 WARNING: net 'lcdl_mdl_r[8]' does not have a driver in ../user_source/hdl_source/ip/memory/ph1p35_ddr/ddr2/src/rtl/phy/ph1p_ddrphy_dcu.v(94)
HDL-1007 : elaborate module ph1p_ddrphy_cmd_wrapper(ROW_WIDTH=13,ADR_WIDTH=13,BA_WIDTH=2,CWL=6,CL=7) in ../user_source/hdl_source/ip/memory/ph1p35_ddr/ddr2/src/rtl/phy/ph1p_ddrphy_cmd_wrapper.v(3)
HDL-1007 : elaborate module ph1p_ddrphy_cmd_execution(ADR_WIDTH=13,ROW_WIDTH=13,BA_WIDTH=2) in ../user_source/hdl_source/ip/memory/ph1p35_ddr/ddr2/src/rtl/phy/ph1p_ddrphy_cmd_execution.v(3)
HDL-1007 : elaborate module ph1p_ddrphy_cmd_decode(ROW_WIDTH=13,ADR_WIDTH=13,BA_WIDTH=2) in ../user_source/hdl_source/ip/memory/ph1p35_ddr/ddr2/src/rtl/phy/ph1p_ddrphy_cmd_decode.v(3)
HDL-1007 : elaborate module ph1p_ddrphy_wphase_ctl(CWL=6) in ../user_source/hdl_source/ip/memory/ph1p35_ddr/ddr2/src/rtl/phy/ph1p_ddrphy_wphase_ctl.v(6)
HDL-1007 : elaborate module ph1p_ddrphy_rphase_ctl(CL=7) in ../user_source/hdl_source/ip/memory/ph1p35_ddr/ddr2/src/rtl/phy/ph1p_ddrphy_rphase_ctl.v(6)
HDL-5007 WARNING: actual bit length 1 differs from formal bit length 2 for port 'dhi_wdata_en' in ../user_source/hdl_source/ip/memory/ph1p35_ddr/ddr2/src/rtl/phy/ph1p_ddrphy_top.v(605)
HDL-1007 : elaborate module ph1p_ddrphy(DX_NUM=2,BA_WIDTH=2,ADR_WIDTH=13,AC_DRV="75",DX_DRV="75",DX_ODT="75") in ../user_source/hdl_source/ip/memory/ph1p35_ddr/ddr2/src/rtl/phy/ph1p_ddrphy.v(3)
HDL-1007 : elaborate module PH1P_PHY_DDRPHY_BANKREF(VCCIO="1V50",BYTE0_MODE="IN",BYTE1_MODE="IN",BYTE2_MODE="IN",BYTE3_MODE="IN") in D:\Anlogic\TD_6.2.1_Engineer_6.2.168.116\arch/ph1p_macro.v(1659)
HDL-1007 : port 'dx_rfifo_empty' remains unconnected for this instance in ../user_source/hdl_source/ip/memory/ph1p35_ddr/ddr2/src/rtl/phy/ph1p_ddrphy_byte_wrapper.v(165)
HDL-1007 : port 'phy_osc_en' remains unconnected for this instance in ../user_source/hdl_source/ip/memory/ph1p35_ddr/ddr2/src/rtl/phy/ph1p_ddrphy_byte_wrapper.v(165)
HDL-1007 : port 'phy_test_mode' remains unconnected for this instance in ../user_source/hdl_source/ip/memory/ph1p35_ddr/ddr2/src/rtl/phy/ph1p_ddrphy_byte_wrapper.v(165)
HDL-1007 : port 'phy_lb_en' remains unconnected for this instance in ../user_source/hdl_source/ip/memory/ph1p35_ddr/ddr2/src/rtl/phy/ph1p_ddrphy_byte_wrapper.v(165)
HDL-1007 : port 'phy_lb_ck_sel' remains unconnected for this instance in ../user_source/hdl_source/ip/memory/ph1p35_ddr/ddr2/src/rtl/phy/ph1p_ddrphy_byte_wrapper.v(165)
HDL-1007 : elaborate module ph1p_ddrphy_byte_wrapper(BYTE_TYPE="AC",PAD_TYPE=52'b1111000000000000000011111111111100001111111111111111) in ../user_source/hdl_source/ip/memory/ph1p35_ddr/ddr2/src/rtl/phy/ph1p_ddrphy_byte_wrapper.v(11)
HDL-1007 : elaborate module PH1P_PHY_DDRPHY_BYTE(BYTE_TYPE="AC",DCC_EN="ENABLE") in D:\Anlogic\TD_6.2.1_Engineer_6.2.168.116\arch/ph1p_macro.v(7044)
HDL-1007 : elaborate module PH1P_PHY_DDRPHY_PAD_V2(DISABLE_GSR="ENABLE",MODE="OUT",DRV="48",ODT="60") in D:\Anlogic\TD_6.2.1_Engineer_6.2.168.116\arch/ph1p_macro.v(7464)
HDL-5314 WARNING: net 'phy_rdata[103]' does not have a driver in ../user_source/hdl_source/ip/memory/ph1p35_ddr/ddr2/src/rtl/phy/ph1p_ddrphy_byte_wrapper.v(152)
HDL-5314 WARNING: net 'phy_rdqs[7]' does not have a driver in ../user_source/hdl_source/ip/memory/ph1p35_ddr/ddr2/src/rtl/phy/ph1p_ddrphy_byte_wrapper.v(157)
HDL-5317 WARNING: input port 'dl_in' is not connected on this instance in ../user_source/hdl_source/ip/memory/ph1p35_ddr/ddr2/src/rtl/phy/ph1p_ddrphy_byte_wrapper.v(390)
HDL-1007 : elaborate module ph1p_ddrphy_byte_wrapper(BYTE_TYPE="AC",PAD_TYPE=52'b1111111111110000000011111111000000001111111100000000) in ../user_source/hdl_source/ip/memory/ph1p35_ddr/ddr2/src/rtl/phy/ph1p_ddrphy_byte_wrapper.v(11)
HDL-5314 WARNING: net 'phy_rdata[103]' does not have a driver in ../user_source/hdl_source/ip/memory/ph1p35_ddr/ddr2/src/rtl/phy/ph1p_ddrphy_byte_wrapper.v(152)
HDL-5314 WARNING: net 'phy_rdqs[7]' does not have a driver in ../user_source/hdl_source/ip/memory/ph1p35_ddr/ddr2/src/rtl/phy/ph1p_ddrphy_byte_wrapper.v(157)
HDL-5317 WARNING: input port 'dl_in' is not connected on this instance in ../user_source/hdl_source/ip/memory/ph1p35_ddr/ddr2/src/rtl/phy/ph1p_ddrphy_byte_wrapper.v(390)
HDL-1007 : elaborate module ph1p_ddrphy_byte_wrapper(BYTE_TYPE="AC",PAD_TYPE=52'b1111111111110000000000000000000000001111111111111111) in ../user_source/hdl_source/ip/memory/ph1p35_ddr/ddr2/src/rtl/phy/ph1p_ddrphy_byte_wrapper.v(11)
HDL-5314 WARNING: net 'phy_rdata[103]' does not have a driver in ../user_source/hdl_source/ip/memory/ph1p35_ddr/ddr2/src/rtl/phy/ph1p_ddrphy_byte_wrapper.v(152)
HDL-5317 WARNING: input port 'dl_in' is not connected on this instance in ../user_source/hdl_source/ip/memory/ph1p35_ddr/ddr2/src/rtl/phy/ph1p_ddrphy_byte_wrapper.v(390)
HDL-1007 : elaborate module ph1p_ddrphy_byte_wrapper(PAD_TYPE=52'b1111011001100110011001010100011001100110011011110110,AC_DRV="75",DX_DRV="75",DX_ODT="75") in ../user_source/hdl_source/ip/memory/ph1p35_ddr/ddr2/src/rtl/phy/ph1p_ddrphy_byte_wrapper.v(11)
HDL-1007 : elaborate module PH1P_PHY_DDRPHY_BYTE(DCC_EN="ENABLE") in D:\Anlogic\TD_6.2.1_Engineer_6.2.168.116\arch/ph1p_macro.v(7044)
HDL-1007 : elaborate module PH1P_PHY_DDRPHY_PAD_V2(DDR_SIGNAL_TYPE="DQ",OCLK_SEL="CLK_WDQ",DISABLE_GSR="ENABLE",MODE="BI",DRV="75",ODT="75") in D:\Anlogic\TD_6.2.1_Engineer_6.2.168.116\arch/ph1p_macro.v(7464)
HDL-1007 : elaborate module PH1P_PHY_DDRPHY_PAD_V2(DDR_SIGNAL_TYPE="DQSP",OCLK_SEL="CLK_WL",DISABLE_GSR="ENABLE",MODE="BI",DRV="75",ODT="75") in D:\Anlogic\TD_6.2.1_Engineer_6.2.168.116\arch/ph1p_macro.v(7464)
HDL-1007 : elaborate module PH1P_PHY_DDRPHY_PAD_V2(DDR_SIGNAL_TYPE="DQSN",OCLK_SEL="CLK_WL",DISABLE_GSR="ENABLE",MODE="BI",DRV="75",ODT="75") in D:\Anlogic\TD_6.2.1_Engineer_6.2.168.116\arch/ph1p_macro.v(7464)
HDL-5314 WARNING: net 'phy_rdata[103]' does not have a driver in ../user_source/hdl_source/ip/memory/ph1p35_ddr/ddr2/src/rtl/phy/ph1p_ddrphy_byte_wrapper.v(152)
HDL-5317 WARNING: input port 'dl_in' is not connected on this instance in ../user_source/hdl_source/ip/memory/ph1p35_ddr/ddr2/src/rtl/phy/ph1p_ddrphy_byte_wrapper.v(390)
HDL-5007 WARNING: actual bit length 2 differs from formal bit length 1 for port 'dx_rfifo_en' in ../user_source/hdl_source/ip/memory/ph1p35_ddr/ddr2/src/rtl/phy/ph1p_ddrphy.v(620)
HDL-1007 : elaborate module ph1p_ddrphy_byte_wrapper(PAD_TYPE=52'b1111011001100110011001010100111101100110011001100110,AC_DRV="75",DX_DRV="75",DX_ODT="75") in ../user_source/hdl_source/ip/memory/ph1p35_ddr/ddr2/src/rtl/phy/ph1p_ddrphy_byte_wrapper.v(11)
HDL-5314 WARNING: net 'phy_rdata[103]' does not have a driver in ../user_source/hdl_source/ip/memory/ph1p35_ddr/ddr2/src/rtl/phy/ph1p_ddrphy_byte_wrapper.v(152)
HDL-5317 WARNING: input port 'dl_in' is not connected on this instance in ../user_source/hdl_source/ip/memory/ph1p35_ddr/ddr2/src/rtl/phy/ph1p_ddrphy_byte_wrapper.v(390)
HDL-5007 WARNING: actual bit length 2 differs from formal bit length 1 for port 'dx_rfifo_en' in ../user_source/hdl_source/ip/memory/ph1p35_ddr/ddr2/src/rtl/phy/ph1p_ddrphy.v(620)
HDL-5314 WARNING: net 'dx2_wdata[103]' does not have a driver in ../user_source/hdl_source/ip/memory/ph1p35_ddr/ddr2/src/rtl/phy/ph1p_ddrphy.v(187)
HDL-5314 WARNING: net 'dx3_wdata[103]' does not have a driver in ../user_source/hdl_source/ip/memory/ph1p35_ddr/ddr2/src/rtl/phy/ph1p_ddrphy.v(188)
HDL-5314 WARNING: net 'dx4_wdata[103]' does not have a driver in ../user_source/hdl_source/ip/memory/ph1p35_ddr/ddr2/src/rtl/phy/ph1p_ddrphy.v(189)
HDL-5314 Similar messages will be suppressed.
HDL-5317 WARNING: input port 'i_scan_clk' is not connected on this instance in ../user_source/hdl_source/ip/memory/ph1p35_ddr/ddr2/src/rtl/phy/ph1p_ddrphy.v(438)
HDL-5323 WARNING: input port 'dqs_pupd_en' remains unconnected for this instance in ../user_source/hdl_source/ip/memory/ph1p35_ddr/ddr2/src/rtl/phy/ph1p_ddrphy.v(528)
HDL-5317 WARNING: input port 'dly_full[1]' is not connected on this instance in ../user_source/hdl_source/ip/memory/ph1p35_ddr/ddr2/src/rtl/phy/ph1p_ddrphy_top.v(457)
HDL-5323 WARNING: input port 'dhi_bg[11]' remains unconnected for this instance in ../user_source/hdl_source/ip/memory/ph1p35_ddr/ddr2/src/rtl/phy/ph1p_ddrphy_top.v(658)
HDL-1007 : elaborate module alc_phy2mc_fifo_ctrl(DX_NUM=2) in ../user_source/hdl_source/ip/memory/ph1p35_ddr/ddr2/src/rtl/mc/alc_phy2mc_fifo_ctrl.v(4)
HDL-1007 : elaborate module ph1p_ddr_fifo_dram_sync(DW=64) in ../user_source/hdl_source/ip/memory/ph1p35_ddr/ddr2/src/rtl/misc/ph1p_ddr_fifo_dram_sync.v(9)
HDL-1007 : extracting RAM for identifier 'data' in ../user_source/hdl_source/ip/memory/ph1p35_ddr/ddr2/src/rtl/misc/ph1p_ddr_fifo_dram_sync.v(31)
HDL-5007 WARNING: delay control is not supported for synthesis in ../user_source/hdl_source/ip/memory/ph1p35_ddr/ddr2/src/rtl/misc/ph1p_ddr_fifo_dram_sync.v(49)
HDL-5007 WARNING: delay control is not supported for synthesis in ../user_source/hdl_source/ip/memory/ph1p35_ddr/ddr2/src/rtl/misc/ph1p_ddr_fifo_dram_sync.v(51)
HDL-5007 WARNING: delay control is not supported for synthesis in ../user_source/hdl_source/ip/memory/ph1p35_ddr/ddr2/src/rtl/misc/ph1p_ddr_fifo_dram_sync.v(58)
HDL-5007 WARNING: delay control is not supported for synthesis in ../user_source/hdl_source/ip/memory/ph1p35_ddr/ddr2/src/rtl/misc/ph1p_ddr_fifo_dram_sync.v(60)
HDL-5007 WARNING: delay control is not supported for synthesis in ../user_source/hdl_source/ip/memory/ph1p35_ddr/ddr2/src/rtl/misc/ph1p_ddr_fifo_dram_sync.v(67)
HDL-5007 WARNING: delay control is not supported for synthesis in ../user_source/hdl_source/ip/memory/ph1p35_ddr/ddr2/src/rtl/misc/ph1p_ddr_fifo_dram_sync.v(74)
HDL-5007 WARNING: delay control is not supported for synthesis in ../user_source/hdl_source/ip/memory/ph1p35_ddr/ddr2/src/rtl/misc/ph1p_ddr_fifo_dram_sync.v(75)
HDL-5007 WARNING: delay control is not supported for synthesis in ../user_source/hdl_source/ip/memory/ph1p35_ddr/ddr2/src/rtl/misc/ph1p_ddr_fifo_dram_sync.v(76)
HDL-5007 WARNING: delay control is not supported for synthesis in ../user_source/hdl_source/ip/memory/ph1p35_ddr/ddr2/src/rtl/misc/ph1p_ddr_fifo_dram_sync.v(78)
HDL-5007 WARNING: delay control is not supported for synthesis in ../user_source/hdl_source/ip/memory/ph1p35_ddr/ddr2/src/rtl/misc/ph1p_ddr_fifo_dram_sync.v(79)
HDL-5007 Similar messages will be suppressed.
HDL-1007 : elaborate module alc_mc_top(DRAM_TYPE="DDR2",ECC="OFF",REORDER="NORMAL",CWL=6,BA_WIDTH=2) in ../user_source/hdl_source/ip/memory/ph1p35_ddr/ddr2/src/rtl/mc/alc_mc_top_all.enc.sv(7)
HDL-1007 : elaborate module ph1p_ddr_fifo_dram_sync(DW=4,AW=3) in ../user_source/hdl_source/ip/memory/ph1p35_ddr/ddr2/src/rtl/misc/ph1p_ddr_fifo_dram_sync.v(9)
HDL-1007 : extracting RAM for identifier 'data' in ../user_source/hdl_source/ip/memory/ph1p35_ddr/ddr2/src/rtl/misc/ph1p_ddr_fifo_dram_sync.v(31)
HDL-5007 WARNING: delay control is not supported for synthesis in ../user_source/hdl_source/ip/memory/ph1p35_ddr/ddr2/src/rtl/misc/ph1p_ddr_fifo_dram_sync.v(49)
HDL-5007 WARNING: delay control is not supported for synthesis in ../user_source/hdl_source/ip/memory/ph1p35_ddr/ddr2/src/rtl/misc/ph1p_ddr_fifo_dram_sync.v(51)
HDL-5007 WARNING: delay control is not supported for synthesis in ../user_source/hdl_source/ip/memory/ph1p35_ddr/ddr2/src/rtl/misc/ph1p_ddr_fifo_dram_sync.v(58)
HDL-5007 WARNING: delay control is not supported for synthesis in ../user_source/hdl_source/ip/memory/ph1p35_ddr/ddr2/src/rtl/misc/ph1p_ddr_fifo_dram_sync.v(60)
HDL-5007 WARNING: delay control is not supported for synthesis in ../user_source/hdl_source/ip/memory/ph1p35_ddr/ddr2/src/rtl/misc/ph1p_ddr_fifo_dram_sync.v(67)
HDL-5007 WARNING: delay control is not supported for synthesis in ../user_source/hdl_source/ip/memory/ph1p35_ddr/ddr2/src/rtl/misc/ph1p_ddr_fifo_dram_sync.v(74)
HDL-5007 WARNING: delay control is not supported for synthesis in ../user_source/hdl_source/ip/memory/ph1p35_ddr/ddr2/src/rtl/misc/ph1p_ddr_fifo_dram_sync.v(75)
HDL-5007 WARNING: delay control is not supported for synthesis in ../user_source/hdl_source/ip/memory/ph1p35_ddr/ddr2/src/rtl/misc/ph1p_ddr_fifo_dram_sync.v(76)
HDL-5007 WARNING: delay control is not supported for synthesis in ../user_source/hdl_source/ip/memory/ph1p35_ddr/ddr2/src/rtl/misc/ph1p_ddr_fifo_dram_sync.v(78)
HDL-5007 Similar messages will be suppressed.
HDL-1007 : elaborate module ph1p_ddr_fifo_dram_sync(DW=5,AW=5) in ../user_source/hdl_source/ip/memory/ph1p35_ddr/ddr2/src/rtl/misc/ph1p_ddr_fifo_dram_sync.v(9)
HDL-1007 : extracting RAM for identifier 'data' in ../user_source/hdl_source/ip/memory/ph1p35_ddr/ddr2/src/rtl/misc/ph1p_ddr_fifo_dram_sync.v(31)
HDL-1007 : elaborate module ** in ../user_source/hdl_source/ip/memory/ph1p35_ddr/ddr2/src/rtl/mc/alc_mc_top_all.enc.sv(4317)
HDL-1007 : elaborate module ** in ../user_source/hdl_source/ip/memory/ph1p35_ddr/ddr2/src/rtl/mc/alc_mc_top_all.enc.sv(2687)
HDL-1007 : extracting RAM for identifier '**' in ../user_source/hdl_source/ip/memory/ph1p35_ddr/ddr2/src/rtl/mc/alc_mc_top_all.enc.sv(2701)
HDL-1007 : elaborate module ** in ../user_source/hdl_source/ip/memory/ph1p35_ddr/ddr2/src/rtl/mc/alc_mc_top_all.enc.sv(2687)
HDL-1007 : extracting RAM for identifier '**' in ../user_source/hdl_source/ip/memory/ph1p35_ddr/ddr2/src/rtl/mc/alc_mc_top_all.enc.sv(2701)
HDL-1007 : elaborate module ** in ../user_source/hdl_source/ip/memory/ph1p35_ddr/ddr2/src/rtl/mc/alc_mc_top_all.enc.sv(2687)
HDL-1007 : extracting RAM for identifier '**' in ../user_source/hdl_source/ip/memory/ph1p35_ddr/ddr2/src/rtl/mc/alc_mc_top_all.enc.sv(2701)
HDL-1007 : elaborate module ** in ../user_source/hdl_source/ip/memory/ph1p35_ddr/ddr2/src/rtl/mc/alc_mc_top_all.enc.sv(3845)
HDL-1007 : elaborate module ** in ../user_source/hdl_source/ip/memory/ph1p35_ddr/ddr2/src/rtl/mc/alc_mc_top_all.enc.sv(2687)
HDL-1007 : extracting RAM for identifier '**' in ../user_source/hdl_source/ip/memory/ph1p35_ddr/ddr2/src/rtl/mc/alc_mc_top_all.enc.sv(2701)
HDL-1007 : elaborate module ** in ../user_source/hdl_source/ip/memory/ph1p35_ddr/ddr2/src/rtl/mc/alc_mc_top_all.enc.sv(2687)
HDL-1007 : extracting RAM for identifier '**' in ../user_source/hdl_source/ip/memory/ph1p35_ddr/ddr2/src/rtl/mc/alc_mc_top_all.enc.sv(2701)
HDL-5007 WARNING: actual bit length ** differs from formal bit length *** for port '**' in ../user_source/hdl_source/ip/memory/ph1p35_ddr/ddr2/src/rtl/mc/alc_mc_top_all.enc.sv(4019)
HDL-5007 WARNING: actual bit length ** differs from formal bit length *** for port '**' in ../user_source/hdl_source/ip/memory/ph1p35_ddr/ddr2/src/rtl/mc/alc_mc_top_all.enc.sv(4019)
HDL-5007 WARNING: actual bit length ** differs from formal bit length *** for port '**' in ../user_source/hdl_source/ip/memory/ph1p35_ddr/ddr2/src/rtl/mc/alc_mc_top_all.enc.sv(177)
HDL-1007 : elaborate module ** in ../user_source/hdl_source/ip/memory/ph1p35_ddr/ddr2/src/rtl/mc/alc_mc_top_all.enc.sv(2019)
HDL-1007 : elaborate module ** in ../user_source/hdl_source/ip/memory/ph1p35_ddr/ddr2/src/rtl/mc/alc_mc_top_all.enc.sv(2728)
HDL-1007 : extracting RAM for identifier '**' in ../user_source/hdl_source/ip/memory/ph1p35_ddr/ddr2/src/rtl/mc/alc_mc_top_all.enc.sv(2822)
HDL-1007 : elaborate module ** in ../user_source/hdl_source/ip/memory/ph1p35_ddr/ddr2/src/rtl/mc/alc_mc_top_all.enc.sv(1189)
HDL-1007 : elaborate module ** in ../user_source/hdl_source/ip/memory/ph1p35_ddr/ddr2/src/rtl/mc/alc_mc_top_all.enc.sv(1826)
HDL-1007 : elaborate module ** in ../user_source/hdl_source/ip/memory/ph1p35_ddr/ddr2/src/rtl/mc/alc_mc_top_all.enc.sv(4665)
HDL-1007 : elaborate module ** in ../user_source/hdl_source/ip/memory/ph1p35_ddr/ddr2/src/rtl/mc/alc_mc_top_all.enc.sv(946)
HDL-1007 : elaborate module ** in ../user_source/hdl_source/ip/memory/ph1p35_ddr/ddr2/src/rtl/mc/alc_mc_top_all.enc.sv(787)
HDL-1007 : elaborate module ** in ../user_source/hdl_source/ip/memory/ph1p35_ddr/ddr2/src/rtl/mc/alc_mc_top_all.enc.sv(1068)
HDL-1007 : elaborate module ** in ../user_source/hdl_source/ip/memory/ph1p35_ddr/ddr2/src/rtl/mc/alc_mc_top_all.enc.sv(1493)
HDL-1007 : elaborate module ** in ../user_source/hdl_source/ip/memory/ph1p35_ddr/ddr2/src/rtl/mc/alc_mc_top_all.enc.sv(1424)
HDL-1007 : elaborate module ** in ../user_source/hdl_source/ip/memory/ph1p35_ddr/ddr2/src/rtl/mc/alc_mc_top_all.enc.sv(1583)
HDL-1007 : elaborate module ** in ../user_source/hdl_source/ip/memory/ph1p35_ddr/ddr2/src/rtl/mc/alc_mc_top_all.enc.sv(1724)
HDL-1007 : elaborate module ** in ../user_source/hdl_source/ip/memory/ph1p35_ddr/ddr2/src/rtl/mc/alc_mc_top_all.enc.sv(2280)
HDL-1007 : elaborate module ** in ../user_source/hdl_source/ip/memory/ph1p35_ddr/ddr2/src/rtl/mc/alc_mc_top_all.enc.sv(2320)
HDL-5369 WARNING: latch inferred for net '**' in ../user_source/hdl_source/ip/memory/ph1p35_ddr/ddr2/src/rtl/mc/alc_mc_top_all.enc.sv(2464)
HDL-1007 : elaborate module ** in ../user_source/hdl_source/ip/memory/ph1p35_ddr/ddr2/src/rtl/mc/alc_mc_top_all.enc.sv(4116)
HDL-1007 : elaborate module ** in ../user_source/hdl_source/ip/memory/ph1p35_ddr/ddr2/src/rtl/mc/alc_mc_top_all.enc.sv(3500)
HDL-5323 WARNING: input port 'apb_psel' remains unconnected for this instance in ../user_source/hdl_source/ip/memory/ph1p35_ddr/ph1p35_324_ddr_wrapper.v(78)
HDL-1007 : elaborate module uivtc(H_ActiveSize=1024,H_FrameSize=1344,H_SyncStart=1184,H_SyncEnd=1208,V_ActiveSize=600,V_FrameSize=635,V_SyncStart=612,V_SyncEnd=614) in ../user_source/hdl_source/ip/video/vtc/uivtc.v(42)
HDL-1007 : elaborate module cnn_result_cdc in ../user_source/hdl_source/ip/image/cnn/cnn_result_cdc.v(5)
HDL-1007 : elaborate module hdmi_mixer(H_OFFSET=0,V_OFFSET=0) in ../user_source/hdl_source/ip/video/osd/hdmi_mixer.v(1)
HDL-1007 : elaborate module anlogic_logo_rom in ../user_source/hdl_source/ip/video/osd/anlogic_logo_rom.v(1)
HDL-1007 : elaborate module osd_char_lib in ../user_source/hdl_source/ip/video/osd/osd_char_lib.v(1)
HDL-1007 : elaborate module hdmi_tx in ../user_source/hdl_source/ip/display/hdmi/hdmi_tx.v(3)
HDL-1007 : elaborate module I2S_receiver in ../user_source/hdl_source/ip/audio/I2S_receiver.v(3)
HDL-1007 : elaborate module audio_arc_calculate in ../user_source/hdl_source/ip/audio/audio_arc_calculate.v(4)
HDL-1007 : elaborate module key_remove_shakes in ../user_source/hdl_source/ip/control/key_remove_shakes.v(12)
HDL-1007 : elaborate module hdmi_1_4b_transmitter_core_wrapper(DEVICE="PH1P",HTOTAL=1344,HSA=24,HFP=160,HBP=136,HACTIVE=1024,VTOTAL=635,VSA=2,VFP=12,VBP=21,VACTIVE=600,VIDEO_TPG="Disable",VIDEO_VIC=0) in ../user_source/hdl_source/ip/display/hdmi/hdmi_1_4b_transmitter_core_wrapper.enc.v(2)
HDL-1007 : elaborate module ** in ../user_source/hdl_source/ip/display/hdmi/hdmi_1_4b_transmitter_core_wrapper.enc.v(91)
HDL-1007 : elaborate module ** in ../user_source/hdl_source/ip/display/hdmi/hdmi_1_4b_transmitter_core_wrapper.enc.v(137)
HDL-1007 : elaborate module ** in ../user_source/hdl_source/ip/display/hdmi/hdmi_1_4b_transmitter_core_wrapper.enc.v(208)
HDL-1007 : elaborate module ** in ../user_source/hdl_source/ip/display/hdmi/hdmi_1_4b_transmitter_core_wrapper.enc.v(285)
HDL-1007 : elaborate module ** in ../user_source/hdl_source/ip/display/hdmi/hdmi_1_4b_transmitter_core_wrapper.enc.v(396)
HDL-1007 : elaborate module ** in ../user_source/hdl_source/ip/display/hdmi/hdmi_1_4b_transmitter_core_wrapper.enc.v(803)
HDL-1007 : elaborate module PH1P_LOGIC_RAMFIFO(DATA_WIDTH=11,ADDR_WIDTH=10) in D:\Anlogic\TD_6.2.1_Engineer_6.2.168.116\arch/ph1p_macro.v(327)
HDL-1007 : elaborate module ** in ../user_source/hdl_source/ip/display/hdmi/hdmi_1_4b_transmitter_core_wrapper.enc.v(1338)
HDL-1007 : elaborate module ** in ../user_source/hdl_source/ip/display/hdmi/hdmi_1_4b_transmitter_core_wrapper.enc.v(1480)
HDL-1007 : elaborate module PH1P_LOGIC_RAMFIFO(DATA_WIDTH=9,ADDR_WIDTH=10) in D:\Anlogic\TD_6.2.1_Engineer_6.2.168.116\arch/ph1p_macro.v(327)
HDL-1007 : elaborate module ** in ../user_source/hdl_source/ip/display/hdmi/hdmi_1_4b_transmitter_core_wrapper.enc.v(2012)
HDL-1007 : port '**' remains unconnected for this instance in ../user_source/hdl_source/ip/display/hdmi/hdmi_1_4b_transmitter_core_wrapper.enc.v(2733)
HDL-1007 : elaborate module ** in ../user_source/hdl_source/ip/display/hdmi/hdmi_1_4b_transmitter_core_wrapper.enc.v(2403)
HDL-1007 : elaborate module ** in ../user_source/hdl_source/ip/display/hdmi/hdmi_1_4b_transmitter_core_wrapper.enc.v(2842)
HDL-1007 : elaborate module ** in ../user_source/hdl_source/ip/display/hdmi/hdmi_1_4b_transmitter_core_wrapper.enc.v(2939)
HDL-1007 : elaborate module ** in ../user_source/hdl_source/ip/display/hdmi/hdmi_1_4b_transmitter_core_wrapper.enc.v(3138)
HDL-1007 : elaborate module ** in ../user_source/hdl_source/ip/display/hdmi/hdmi_1_4b_transmitter_core_wrapper.enc.v(3177)
HDL-1007 : elaborate module ** in ../user_source/hdl_source/ip/display/hdmi/hdmi_1_4b_transmitter_core_wrapper.enc.v(3511)
HDL-1007 : elaborate module ** in ../user_source/hdl_source/ip/display/hdmi/hdmi_1_4b_transmitter_core_wrapper.enc.v(3666)
HDL-1007 : elaborate module ** in ../user_source/hdl_source/ip/display/hdmi/hdmi_1_4b_transmitter_core_wrapper.enc.v(3730)
HDL-1007 : elaborate module ** in ../user_source/hdl_source/ip/display/hdmi/hdmi_1_4b_transmitter_core_wrapper.enc.v(3860)
HDL-5007 WARNING: actual bit length ** differs from formal bit length *** for port '**' in ../user_source/hdl_source/ip/display/hdmi/hdmi_1_4b_transmitter_core_wrapper.enc.v(3307)
HDL-1007 : elaborate module ** in ../user_source/hdl_source/ip/display/hdmi/hdmi_1_4b_transmitter_core_wrapper.enc.v(3949)
HDL-5007 Similar messages will be suppressed.
HDL-1007 : elaborate module ** in ../user_source/hdl_source/ip/display/hdmi/hdmi_1_4b_transmitter_core_wrapper.enc.v(4034)
HDL-1007 : elaborate module ** in ../user_source/hdl_source/ip/display/hdmi/hdmi_1_4b_transmitter_core_wrapper.enc.v(4127)
HDL-1007 : elaborate module ** in ../user_source/hdl_source/ip/display/hdmi/hdmi_1_4b_transmitter_core_wrapper.enc.v(4285)
HDL-1007 : elaborate module ** in ../user_source/hdl_source/ip/display/hdmi/hdmi_1_4b_transmitter_core_wrapper.enc.v(4586)
HDL-1007 : elaborate module PH1P_LOGIC_RAMFIFO(DATA_WIDTH=96,ADDR_WIDTH=10) in D:\Anlogic\TD_6.2.1_Engineer_6.2.168.116\arch/ph1p_macro.v(327)
HDL-1007 : elaborate module ** in ../user_source/hdl_source/ip/display/hdmi/hdmi_1_4b_transmitter_core_wrapper.enc.v(5534)
HDL-1007 : elaborate module ** in ../user_source/hdl_source/ip/display/hdmi/hdmi_1_4b_transmitter_core_wrapper.enc.v(5657)
HDL-1007 : elaborate module PH1P_LOGIC_RAMFIFO(DATA_WIDTH=24,ADDR_WIDTH=10) in D:\Anlogic\TD_6.2.1_Engineer_6.2.168.116\arch/ph1p_macro.v(327)
HDL-1007 : elaborate module ** in ../user_source/hdl_source/ip/display/hdmi/hdmi_1_4b_transmitter_core_wrapper.enc.v(6273)
HDL-1007 : elaborate module ** in ../user_source/hdl_source/ip/display/hdmi/hdmi_1_4b_transmitter_core_wrapper.enc.v(6501)
HDL-1007 : elaborate module ** in ../user_source/hdl_source/ip/display/hdmi/hdmi_1_4b_transmitter_core_wrapper.enc.v(6575)
HDL-1007 : elaborate module ** in ../user_source/hdl_source/ip/display/hdmi/hdmi_1_4b_transmitter_core_wrapper.enc.v(6924)
HDL-1007 : elaborate module ** in ../user_source/hdl_source/ip/display/hdmi/hdmi_1_4b_transmitter_core_wrapper.enc.v(6994)
HDL-1007 : elaborate module ** in ../user_source/hdl_source/ip/display/hdmi/hdmi_1_4b_transmitter_core_wrapper.enc.v(6994)
HDL-1007 : elaborate module ** in ../user_source/hdl_source/ip/display/hdmi/hdmi_1_4b_transmitter_core_wrapper.enc.v(6994)
HDL-1007 : elaborate module hdmi_phy_wrapper(DEVICE="PH1P") in ../user_source/hdl_source/ip/display/hdmi/hdmi_phy_warpper.v(3)
HDL-1007 : elaborate module lane_lvds_10_1(DEVICE="PH1P") in ../user_source/hdl_source/ip/display/hdmi/lane_lvds_10_1.v(4)
HDL-1007 : elaborate module PH1P_LOGIC_ODDR in D:\Anlogic\TD_6.2.1_Engineer_6.2.168.116\arch/ph1p_macro.v(8343)
HDL-5317 WARNING: input port 'I_camera_black_level[9]' is not connected on this instance in ../user_source/hdl_source/design_top_wrapper.v(670)
HDL-5001 WARNING: Contains anonymous inst(s) and/or net(s) that have not been renamed
HDL-5001 WARNING: Contains anonymous inst(s) and/or net(s) that have not been renamed
HDL-5001 WARNING: Contains anonymous inst(s) and/or net(s) that have not been renamed
HDL-5001 WARNING: Contains anonymous inst(s) and/or net(s) that have not been renamed
HDL-5001 WARNING: Contains anonymous inst(s) and/or net(s) that have not been renamed
HDL-1200 : Current top model is design_top_wrapper
HDL-5106 WARNING: Initial value omitted on non-DFF net "scl_r" in ../user_source/hdl_source/ip/camera/config/uics500_cfg/uii2c.v(127) 
HDL-5106 WARNING: Initial value omitted on non-DFF net "sda_o" in ../user_source/hdl_source/ip/camera/config/uics500_cfg/uii2c.v(135) 
HDL-1100 : Inferred 16 RAMs.
RUN-1003 : finish command "elaborate -top design_top_wrapper" in  2.251806s wall, 2.125000s user + 0.093750s system = 2.218750s CPU (98.5%)

RUN-1004 : used memory is 1112 MB, reserved memory is 1112 MB, peak memory is 1113 MB
RUN-1002 : start command "read_adc ../user_source/constraints_source/pin.adc"
RUN-1002 : start command "set_pin_assignment  I_sys_clk   LOCATION = C4; IOSTANDARD  = LVCMOS33; PULLTYPE = PULLUP; "
RUN-1002 : start command "set_pin_assignment  I_rst_n   LOCATION = R10; IOSTANDARD = LVCMOS33; PULLTYPE = PULLUP; "
RUN-1002 : start command "set_pin_assignment  O_cam_scl   LOCATION = K3; IOSTANDARD  = LVCMOS33; DRIVESTRENGTH = 8; PULLTYPE = PULLUP; "
RUN-1002 : start command "set_pin_assignment  IO_cam_sda   LOCATION = J3; IOSTANDARD  = LVCMOS33; DRIVESTRENGTH = 8; PULLTYPE = PULLUP; "
RUN-1002 : start command "set_pin_assignment  O_cam_24m   LOCATION = L3; IOSTANDARD  = LVCMOS33; DRIVESTRENGTH = 8; PULLTYPE = PULLUP; "
RUN-1002 : start command "set_pin_assignment  O_cam_rst   LOCATION = L2; IOSTANDARD  = LVCMOS33; DRIVESTRENGTH = 8; PULLTYPE = PULLUP; "
RUN-1002 : start command "set_pin_assignment  I_button[0]   LOCATION = N2;  IOSTANDARD = LVCMOS33; DRIVESTRENGTH = 8; PULLTYPE = PULLUP; "
RUN-1002 : start command "set_pin_assignment  I_button[1]   LOCATION = J14; IOSTANDARD = LVCMOS33; DRIVESTRENGTH = 8; PULLTYPE = PULLUP; "
RUN-1002 : start command "set_pin_assignment  O_screen_pwm   LOCATION = R11; IOSTANDARD = LVCMOS33; DRIVESTRENGTH = 8; PULLTYPE = PULLDOWN; "
RUN-1002 : start command "set_pin_assignment  O_tmds_ch0_p   LOCATION = G16; IOSTANDARD = TMDS33; PULLTYPE = NONE; "
RUN-1002 : start command "set_pin_assignment  O_tmds_ch1_p   LOCATION = F17; IOSTANDARD = TMDS33; PULLTYPE = NONE; "
RUN-1002 : start command "set_pin_assignment  O_tmds_ch2_p   LOCATION = H14; IOSTANDARD = TMDS33; PULLTYPE = NONE; "
RUN-1002 : start command "set_pin_assignment  O_tmds_clk_p   LOCATION = C17; IOSTANDARD = TMDS33; PULLTYPE = NONE; "
RUN-1001 : Starting of IO setups legality check.
RUN-1002 : start command "read_ip_adc -ip ddr2 -file ../user_source/hdl_source/ip/memory/ph1p35_ddr/ddr2/src/adc/ddr2.adc"
RUN-1002 : start command "set_ippin_assignment ddr2  ddr_ck_p      LOCATION = X0Y44Z2; IOSTANDARD = DIFF_SSTL15; #pl44c"
RUN-1002 : start command "set_ippin_assignment ddr2  ddr_ck_n      LOCATION = X0Y44Z3; IOSTANDARD = DIFF_SSTL15; #pl44d"
RUN-1002 : start command "set_ippin_assignment ddr2  ddr_cke[0]    LOCATION = X0Y44Z1; IOSTANDARD = SSTL15; #pl44b"
RUN-1002 : start command "set_ippin_assignment ddr2  ddr_cs_n[0]   LOCATION = X0Y53Z0; IOSTANDARD = SSTL15; #pl53a"
RUN-1002 : start command "set_ippin_assignment ddr2  ddr_odt[0]    LOCATION = X0Y47Z0; IOSTANDARD = SSTL15; #pl47a"
RUN-1002 : start command "set_ippin_assignment ddr2  ddr_we_n      LOCATION = X0Y47Z1; IOSTANDARD = SSTL15; #pl47b"
RUN-1002 : start command "set_ippin_assignment ddr2  ddr_cas_n     LOCATION = X0Y56Z0; IOSTANDARD = SSTL15; #pl56a"
RUN-1002 : start command "set_ippin_assignment ddr2  ddr_ras_n     LOCATION = X0Y44Z0; IOSTANDARD = SSTL15; #pl44a"
RUN-1002 : start command "set_ippin_assignment ddr2  ddr_ba[0]     LOCATION = X0Y50Z0; IOSTANDARD = SSTL15; #pl50a"
RUN-1002 : start command "set_ippin_assignment ddr2  ddr_ba[1]     LOCATION = X0Y61Z0; IOSTANDARD = SSTL15; #pl61a"
RUN-1002 : start command "set_ippin_assignment ddr2  ddr_addr[0]   LOCATION = X0Y64Z0; IOSTANDARD = SSTL15; #pl64a"
RUN-1002 : start command "set_ippin_assignment ddr2  ddr_addr[1]   LOCATION = X0Y73Z0; IOSTANDARD = SSTL15; #pl73a"
RUN-1002 : start command "set_ippin_assignment ddr2  ddr_addr[2]   LOCATION = X0Y67Z0; IOSTANDARD = SSTL15; #pl67a"
RUN-1002 : start command "set_ippin_assignment ddr2  ddr_addr[3]   LOCATION = X0Y50Z1; IOSTANDARD = SSTL15; #pl50b"
RUN-1002 : start command "set_ippin_assignment ddr2  ddr_addr[4]   LOCATION = X0Y76Z0; IOSTANDARD = SSTL15; #pl76a"
RUN-1002 : start command "set_ippin_assignment ddr2  ddr_addr[5]   LOCATION = X0Y53Z1; IOSTANDARD = SSTL15; #pl53b"
RUN-1002 : start command "set_ippin_assignment ddr2  ddr_addr[6]   LOCATION = X0Y76Z1; IOSTANDARD = SSTL15; #pl76b"
RUN-1002 : start command "set_ippin_assignment ddr2  ddr_addr[7]   LOCATION = X0Y56Z1; IOSTANDARD = SSTL15; #pl56b"
RUN-1002 : start command "set_ippin_assignment ddr2  ddr_addr[8]   LOCATION = X0Y76Z2; IOSTANDARD = SSTL15; #pl76c"
RUN-1002 : start command "set_ippin_assignment ddr2  ddr_addr[9]   LOCATION = X0Y61Z1; IOSTANDARD = SSTL15; #pl61b"
RUN-1002 : start command "set_ippin_assignment ddr2  ddr_addr[10]  LOCATION = X0Y67Z1; IOSTANDARD = SSTL15; #pl67b"
RUN-1002 : start command "set_ippin_assignment ddr2  ddr_addr[11]  LOCATION = X0Y76Z3; IOSTANDARD = SSTL15; #pl76d"
RUN-1002 : start command "set_ippin_assignment ddr2  ddr_addr[12]  LOCATION = X0Y64Z1; IOSTANDARD = SSTL15; #pl64b"
RUN-1002 : start command "set_ippin_assignment ddr2  ddr_dqs_p[0]    LOCATION = X0Y33Z2; IOSTANDARD = DIFF_SSTL15; #pl33c"
RUN-1002 : start command "set_ippin_assignment ddr2  ddr_dqs_n[0]    LOCATION = X0Y33Z3; IOSTANDARD = DIFF_SSTL15; #pl33d"
RUN-1002 : start command "set_ippin_assignment ddr2  ddr_dm[0]       LOCATION = X0Y30Z2; IOSTANDARD = SSTL15; #pl30c"
RUN-1002 : start command "set_ippin_assignment ddr2  ddr_dq[0]       LOCATION = X0Y33Z0; IOSTANDARD = SSTL15; #pl33a"
RUN-1002 : start command "set_ippin_assignment ddr2  ddr_dq[1]       LOCATION = X0Y30Z3; IOSTANDARD = SSTL15; #pl30d"
RUN-1002 : start command "set_ippin_assignment ddr2  ddr_dq[2]       LOCATION = X0Y36Z0; IOSTANDARD = SSTL15; #pl36a"
RUN-1002 : start command "set_ippin_assignment ddr2  ddr_dq[3]       LOCATION = X0Y36Z1; IOSTANDARD = SSTL15; #pl36b"
RUN-1002 : start command "set_ippin_assignment ddr2  ddr_dq[4]       LOCATION = X0Y36Z3; IOSTANDARD = SSTL15; #pl36d"
RUN-1002 : start command "set_ippin_assignment ddr2  ddr_dq[5]       LOCATION = X0Y36Z2; IOSTANDARD = SSTL15; #pl36c"
RUN-1002 : start command "set_ippin_assignment ddr2  ddr_dq[6]       LOCATION = X0Y30Z0; IOSTANDARD = SSTL15; #pl30a"
RUN-1002 : start command "set_ippin_assignment ddr2  ddr_dq[7]       LOCATION = X0Y33Z1; IOSTANDARD = SSTL15; #pl33b"
RUN-1002 : start command "set_ippin_assignment ddr2  ddr_dqs_p[1]    LOCATION = X0Y13Z2; IOSTANDARD = DIFF_SSTL15; #pl13c"
RUN-1002 : start command "set_ippin_assignment ddr2  ddr_dqs_n[1]    LOCATION = X0Y13Z3; IOSTANDARD = DIFF_SSTL15; #pl13d"
RUN-1002 : start command "set_ippin_assignment ddr2  ddr_dm[1]       LOCATION = X0Y16Z0; IOSTANDARD = SSTL15; #pl16a"
RUN-1002 : start command "set_ippin_assignment ddr2  ddr_dq[8]       LOCATION = X0Y16Z1; IOSTANDARD = SSTL15; #pl16b"
RUN-1002 : start command "set_ippin_assignment ddr2  ddr_dq[9]       LOCATION = X0Y16Z3; IOSTANDARD = SSTL15; #pl16d"
RUN-1002 : start command "set_ippin_assignment ddr2  ddr_dq[10]      LOCATION = X0Y10Z0; IOSTANDARD = SSTL15; #pl10a"
RUN-1002 : start command "set_ippin_assignment ddr2  ddr_dq[11]      LOCATION = X0Y10Z2; IOSTANDARD = SSTL15; #pl10c"
RUN-1002 : start command "set_ippin_assignment ddr2  ddr_dq[12]      LOCATION = X0Y10Z3; IOSTANDARD = SSTL15; #pl10d"
RUN-1002 : start command "set_ippin_assignment ddr2  ddr_dq[13]      LOCATION = X0Y10Z1; IOSTANDARD = SSTL15; #pl10b"
RUN-1002 : start command "set_ippin_assignment ddr2  ddr_dq[14]      LOCATION = X0Y16Z2; IOSTANDARD = SSTL15; #pl16c"
RUN-1002 : start command "set_ippin_assignment ddr2  ddr_dq[15]      LOCATION = X0Y13Z0; IOSTANDARD = SSTL15; #pl13a"
RUN-1002 : start command "set_ipinst_assignment ddr2 ph1p_ddrmc_wrapper/ph1p_ddrmc_top/u_ddr_phy/u_ddrphy_top/u_ddrphy_clk/u_mlclk_1  LOCATION = X0Y59Z0"
RUN-1002 : start command "set_ipinst_assignment ddr2 ph1p_ddrmc_wrapper/ph1p_ddrmc_top/u_ddr_phy/u_ddrphy_top/u_ddrphy_clk/u_mlclk_2  LOCATION = X0Y59Z1"
RUN-1002 : start command "set_ipinst_assignment ddr2 ph1p_ddrmc_wrapper/ph1p_ddrmc_top/u_ddr_phy/u_ddrphy_top/u_ddrphy_clk/u_pll0/u_pll_inst  LOCATION = X0Y40Z0"
RUN-1002 : start command "set_ipinst_assignment ddr2 ph1p_ddrmc_wrapper/ph1p_ddrmc_top/u_ddr_phy/u_ddrphy_top/u_ddrphy_clk/u_pll1/u_pll_inst  LOCATION = X0Y79Z0"
RUN-1002 : start command "set_ipinst_assignment ddr2 ph1p_ddrmc_wrapper/ph1p_ddrmc_top/u_ddr_phy/u_ddrphy_top/u_ddrphy_clk/ioclk[0]$u_ioclk_0  LOCATION = X0Y59Z0;"
RUN-1002 : start command "set_ipinst_assignment ddr2 ph1p_ddrmc_wrapper/ph1p_ddrmc_top/u_ddr_phy/u_ddrphy_top/u_ddrphy_clk/ioclk[0]$u_ioclk_1  LOCATION = X0Y59Z1;"
RUN-1002 : start command "set_ipinst_assignment ddr2 ph1p_ddrmc_wrapper/ph1p_ddrmc_top/u_ddr_phy/u_ddrphy_top/u_ddrphy_clk/ioclk[1]$u_ioclk_0  LOCATION = X0Y19Z0;"
RUN-1002 : start command "set_ipinst_assignment ddr2 ph1p_ddrmc_wrapper/ph1p_ddrmc_top/u_ddr_phy/u_ddrphy_top/u_ddrphy_clk/ioclk[1]$u_ioclk_1  LOCATION = X0Y19Z1;"
RUN-1002 : start command "set_ipinst_assignment ddr2 ph1p_ddrmc_wrapper/ph1p_ddrmc_top/u_ddr_phy/u_ddrphy_top/u_ddrphy/ac_byte[0]$ac_byte_used$u_ddrphy_ac_byte_wrapper/u_ddrphy_byte LOCATION = X0Y70Z0"
RUN-1002 : start command "set_ipinst_assignment ddr2 ph1p_ddrmc_wrapper/ph1p_ddrmc_top/u_ddr_phy/u_ddrphy_top/u_ddrphy/ac_byte[1]$ac_byte_used$u_ddrphy_ac_byte_wrapper/u_ddrphy_byte LOCATION = X0Y60Z0"
RUN-1002 : start command "set_ipinst_assignment ddr2 ph1p_ddrmc_wrapper/ph1p_ddrmc_top/u_ddr_phy/u_ddrphy_top/u_ddrphy/ac_byte[2]$ac_byte_used$u_ddrphy_ac_byte_wrapper/u_ddrphy_byte LOCATION = X0Y50Z0"
RUN-1002 : start command "set_ipinst_assignment ddr2 ph1p_ddrmc_wrapper/ph1p_ddrmc_top/u_ddr_phy/u_ddrphy_top/u_ddrphy/ac_byte[3]$ac_byte_used$u_ddrphy_ac_byte_wrapper/u_ddrphy_byte LOCATION = X0Y40Z0"
RUN-1002 : start command "set_ipinst_assignment ddr2 ph1p_ddrmc_wrapper/ph1p_ddrmc_top/u_ddr_phy/u_ddrphy_top/u_ddrphy/dx_byte[0]$dx_byte_used$u_ddrphy_dx_byte_wrapper/u_ddrphy_byte LOCATION = X0Y30Z0"
RUN-1002 : start command "set_ipinst_assignment ddr2 ph1p_ddrmc_wrapper/ph1p_ddrmc_top/u_ddr_phy/u_ddrphy_top/u_ddrphy/dx_byte[1]$dx_byte_used$u_ddrphy_dx_byte_wrapper/u_ddrphy_byte LOCATION = X0Y10Z0"
RUN-1002 : start command "set_ipinst_assignment ddr2 ph1p_ddrmc_wrapper/ph1p_ddrmc_top/u_ddr_phy/u_ddrphy_top/u_ddrphy/bkref[0]$u_ddrphy_bankref  LOCATION = X0Y19Z0;"
RUN-1002 : start command "set_ipinst_assignment ddr2 ph1p_ddrmc_wrapper/ph1p_ddrmc_top/u_ddr_phy/u_ddrphy_top/u_ddrphy/bkref[1]$u_ddrphy_bankref  LOCATION = X0Y59Z0;"
RUN-1001 : Starting of IO setups legality check.
RUN-1003 : finish command "read_ip_adc -ip ddr2 -file ../user_source/hdl_source/ip/memory/ph1p35_ddr/ddr2/src/adc/ddr2.adc" in  2.940103s wall, 2.890625s user + 0.031250s system = 2.921875s CPU (99.4%)

RUN-1004 : used memory is 1106 MB, reserved memory is 1106 MB, peak memory is 1113 MB
RUN-1002 : start command "read_sdc camera_to_dsi_display.sdc"
RUN-1002 : start command "read_sdc -ip ddr2 ../user_source/hdl_source/ip/memory/ph1p35_ddr/ddr2/src/sdc/ddr2.sdc"
RUN-1002 : start command "read_sdc -ip w128_d512_fifo ../user_source/ip_source/w128_d512_fifo/w128_d512_fifo.tcl"
RUN-1002 : start command "export_db camera_to_dsi_display_elaborate.db"
RUN-1001 : Exported flow parameters
RUN-1001 : Exported /
RUN-1001 : Exported libs
RUN-1001 : Exported entities
RUN-1001 : Exported ports
RUN-1001 : Exported pins
RUN-1001 : Exported instances
RUN-1001 : Exported nets
RUN-1001 : Exported buses
RUN-1001 : Exported models
RUN-1001 : Exported packer
RUN-1001 : Exported congestions
RUN-1001 : Exported violations
RUN-1001 : Exported ATMR Setting
RUN-1001 : Exported timing constraints
RUN-1001 : Exported IO constraints
RUN-1001 : Exported Inst constraints
RUN-1001 : Exported ChipWatcher
RUN-1002 : start command "commit_param -step rtl"
RUN-1001 : Print Global Property
RUN-1001 : -------------------------------------------------------------
RUN-1001 :     Parameters    |   Settings   |  Default Values  |  Note  
RUN-1001 : -------------------------------------------------------------
RUN-1001 :    enable_seed    |     off      |       off        |        
RUN-1001 :    hfn_to_clock   |  1000000000  |    1000000000    |        
RUN-1001 :      message      |   standard   |     standard     |        
RUN-1001 :    qor_monitor    |      on      |        on        |        
RUN-1001 :   speedup_effort  |      0       |        0         |        
RUN-1001 :    syn_ip_flow    |     off      |       off        |        
RUN-1001 :       thread      |     auto     |       auto       |        
RUN-1001 : -------------------------------------------------------------
RUN-1001 : Print Rtl Property
RUN-1001 : -------------------------------------------------------------------
RUN-1001 :         Parameters        |  Settings  |  Default Values  |  Note  
RUN-1001 : -------------------------------------------------------------------
RUN-1001 :        fix_undriven       |     0      |        0         |        
RUN-1001 :   gated_clock_conversion  |    off     |       off        |        
RUN-1001 :         infer_fsm         |    auto    |       auto       |        
RUN-1001 :         infer_rom         |     on     |        on        |        
RUN-1001 :       infer_shifter       |     on     |        on        |        
RUN-1001 :       keep_hierarchy      |    auto    |       auto       |        
RUN-1001 :        merge_equal        |     on     |        on        |        
RUN-1001 :      min_control_set      |     8      |        8         |        
RUN-1001 :       min_ripple_len      |    auto    |       auto       |        
RUN-1001 :          seq_syn          |     on     |        on        |        
RUN-1001 : -------------------------------------------------------------------
RUN-1002 : start command "insert_debugger"
RUN-1002 : start command "optimize_rtl"
RUN-1001 : Open license file D:/Anlogic/TD_6.2.1_Engineer_6.2.168.116/license/Anlogic.lic
SYN-1001 : Stage 1 | Optimize RTL
SYN-1001 : Stage 1.1 | Check Design Sanity
SYN-5065 WARNING: Register "genCA$op" in ../user_source/hdl_source/ip/memory/ph1p35_ddr/ddr2/src/rtl/mc/alc_mc_top_all.enc.sv(0) is described with both an asynchronous reset and an asynchronous set. It may have an uncertainty of the timing. Please conside rewriting code.
SYN-1001 : End Stage 1.1 | Check Design Sanity; Time: 0.023478s wall, 0.000000s user + 0.015625s system = 0.015625s CPU (66.6%); Memory(MB): used = 809, reserved = 872, peak = 1113;

SYN-1079 : finish stage Check Design Sanity. Total instances: 84486, Total nets: 196151.

SYN-1001 : Stage 1.2 | Initialize Design
SYN-1001 : End Stage 1.2 | Initialize Design; Time: 2.600290s wall, 2.593750s user + 0.015625s system = 2.609375s CPU (100.3%); Memory(MB): used = 809, reserved = 872, peak = 1113;

SYN-1079 : finish stage Initialize Design. Total instances: 35243, Total nets: 129249.

SYN-1001 : Stage 1.3 | Flatten Module
SYN-1011 : Flatten model design_top_wrapper
SYN-1050 : Instances selected by 'keep_hierarchy':
RUN-1001 : ------------------------------------------------------------------------------------------------------------
RUN-1001 :           instance           |  keep_hierarchy  |         down_module         |         file(line)          
RUN-1001 : ------------------------------------------------------------------------------------------------------------
RUN-1001 :  u_video_in/U_w128_d512_...  |       true       | soft_fifo_al_4057d6b76a...  | ../user_source/ip_sourc...  
RUN-1001 :  u_mc_to_user_interface/...  |       true       | soft_fifo_al_f58e8b3e1f...  | ../user_source/ip_sourc...  
RUN-1001 : ------------------------------------------------------------------------------------------------------------
SYN-1001 : End Stage 1.3 | Flatten Module; Time: 0.727105s wall, 0.703125s user + 0.000000s system = 0.703125s CPU (96.7%); Memory(MB): used = 826, reserved = 889, peak = 1113;

SYN-1079 : finish stage Flatten Module. Total instances: 47666, Total nets: 127682.

SYN-1001 : Stage 1.4 | Uniform Instance
SYN-5013 WARNING: Undriven net: model "design_top_wrapper" / net "u_hdmi_tx/u_key_remove_shakes/I_rst_n" in ../user_source/hdl_source/ip/control/key_remove_shakes.v(14)
		the net's pin: pin "I" in ../user_source/hdl_source/ip/control/key_remove_shakes.v(46)
SYN-5013 WARNING: Undriven net: model "design_top_wrapper" / net "u_isp_top/u_awb/signal_delay_d/rd_en_syn_3" in ../user_source/hdl_source/ip/image/signal_delay.v(34)
		the net's pin: pin "i" in ../user_source/hdl_source/ip/image/signal_delay.v(34)
SYN-5013 WARNING: Undriven net: model "design_top_wrapper" / net "u_isp_top/u_awb/signal_delay_d/blk_mem_gen_awb_delay_signal_d/ram_f84573da5ab5_Inst/dib[95]" in ../user_source/ip_source/blk_mem_gen_awb_delay_signal/ram_f84573da5ab5.v(30)
		the net's pin: pin "dib[95]" in ../user_source/ip_source/blk_mem_gen_awb_delay_signal/ram_f84573da5ab5.v(60)
SYN-5013 WARNING: Undriven net: model "design_top_wrapper" / net "u_isp_top/u_awb/signal_delay_d/blk_mem_gen_awb_delay_signal_d/ram_f84573da5ab5_Inst/dib[94]" in ../user_source/ip_source/blk_mem_gen_awb_delay_signal/ram_f84573da5ab5.v(30)
		the net's pin: pin "dib[94]" in ../user_source/ip_source/blk_mem_gen_awb_delay_signal/ram_f84573da5ab5.v(60)
SYN-5013 WARNING: Undriven net: model "design_top_wrapper" / net "u_isp_top/u_awb/signal_delay_d/blk_mem_gen_awb_delay_signal_d/ram_f84573da5ab5_Inst/dib[93]" in ../user_source/ip_source/blk_mem_gen_awb_delay_signal/ram_f84573da5ab5.v(30)
		the net's pin: pin "dib[93]" in ../user_source/ip_source/blk_mem_gen_awb_delay_signal/ram_f84573da5ab5.v(60)
SYN-5013 WARNING: Undriven net: model "design_top_wrapper" / net "u_isp_top/u_awb/signal_delay_d/blk_mem_gen_awb_delay_signal_d/ram_f84573da5ab5_Inst/dib[92]" in ../user_source/ip_source/blk_mem_gen_awb_delay_signal/ram_f84573da5ab5.v(30)
		the net's pin: pin "dib[92]" in ../user_source/ip_source/blk_mem_gen_awb_delay_signal/ram_f84573da5ab5.v(60)
SYN-5013 WARNING: Undriven net: model "design_top_wrapper" / net "u_isp_top/u_awb/signal_delay_d/blk_mem_gen_awb_delay_signal_d/ram_f84573da5ab5_Inst/dib[91]" in ../user_source/ip_source/blk_mem_gen_awb_delay_signal/ram_f84573da5ab5.v(30)
		the net's pin: pin "dib[91]" in ../user_source/ip_source/blk_mem_gen_awb_delay_signal/ram_f84573da5ab5.v(60)
SYN-5013 WARNING: Undriven net: model "design_top_wrapper" / net "u_isp_top/u_awb/signal_delay_d/blk_mem_gen_awb_delay_signal_d/ram_f84573da5ab5_Inst/dib[90]" in ../user_source/ip_source/blk_mem_gen_awb_delay_signal/ram_f84573da5ab5.v(30)
		the net's pin: pin "dib[90]" in ../user_source/ip_source/blk_mem_gen_awb_delay_signal/ram_f84573da5ab5.v(60)
SYN-5013 WARNING: Undriven net: model "design_top_wrapper" / net "u_isp_top/u_awb/signal_delay_d/blk_mem_gen_awb_delay_signal_d/ram_f84573da5ab5_Inst/dib[89]" in ../user_source/ip_source/blk_mem_gen_awb_delay_signal/ram_f84573da5ab5.v(30)
		the net's pin: pin "dib[89]" in ../user_source/ip_source/blk_mem_gen_awb_delay_signal/ram_f84573da5ab5.v(60)
SYN-5013 WARNING: Undriven net: model "design_top_wrapper" / net "u_isp_top/u_awb/signal_delay_d/blk_mem_gen_awb_delay_signal_d/ram_f84573da5ab5_Inst/dib[88]" in ../user_source/ip_source/blk_mem_gen_awb_delay_signal/ram_f84573da5ab5.v(30)
		the net's pin: pin "dib[88]" in ../user_source/ip_source/blk_mem_gen_awb_delay_signal/ram_f84573da5ab5.v(60)
SYN-5013 Similar messages will be suppressed.
SYN-5025 WARNING: Using 0 for all undriven pins and nets
SYN-1001 : End Stage 1.4 | Uniform Instance; Time: 0.317089s wall, 0.312500s user + 0.000000s system = 0.312500s CPU (98.6%); Memory(MB): used = 728, reserved = 800, peak = 1113;

SYN-1079 : finish stage Uniform Instance. Total instances: 45318, Total nets: 124531.

SYN-1001 : Stage 1.5 | Optimize Design
SYN-1066 : Inferred FSM for state register 'u_isp_top/u_cnn_core/state_reg' in module 'design_top_wrapper'
---------------------------------------------------------------------
     Previous Encoding                              New Encoding
---------------------------------------------------------------------
                000000     0000000000000000000000000000000000001
                000001     0000000000000000000000000000000000010
                000010     0000000000000000000000000000000000100
                001011     0000000000000000000000000000000001000
                001100     0000000000000000000000000000000010000
                001101     0000000000000000000000000000000100000
                001110     0000000000000000000000000000001000000
                001111     0000000000000000000000000000010000000
                010000     0000000000000000000000000000100000000
                010001     0000000000000000000000000001000000000
                100100     0000000000000000000000000010000000000
                010010     0000000000000000000000000100000000000
                010011     0000000000000000000000001000000000000
                011100     0000000000000000000000010000000000000
                010100     0000000000000000000000100000000000000
                000011     0000000000000000000001000000000000000
                011101     0000000000000000000010000000000000000
                010101     0000000000000000000100000000000000000
                000100     0000000000000000001000000000000000000
                011110     0000000000000000010000000000000000000
                010110     0000000000000000100000000000000000000
                000101     0000000000000001000000000000000000000
                011111     0000000000000010000000000000000000000
                010111     0000000000000100000000000000000000000
                000110     0000000000001000000000000000000000000
                100000     0000000000010000000000000000000000000
                011000     0000000000100000000000000000000000000
                000111     0000000001000000000000000000000000000
                100001     0000000010000000000000000000000000000
                011001     0000000100000000000000000000000000000
                001000     0000001000000000000000000000000000000
                100010     0000010000000000000000000000000000000
                011010     0000100000000000000000000000000000000
                001001     0001000000000000000000000000000000000
                011011     0010000000000000000000000000000000000
                100011     0100000000000000000000000000000000000
                001010     1000000000000000000000000000000000000
---------------------------------------------------------------------
SYN-1067 : encoded FSM with state register 'u_isp_top/u_cnn_core/state_reg' using encoding 'one_hot' in model 'design_top_wrapper'
SYN-1066 : Inferred FSM for state register 'u_mipi_dphy_rx_ph1p_mipiio_wrapper/u_ph1p_mipiio_rx_wrapper/u_lane0_hs_detect/S_lp_state_reg' in module 'design_top_wrapper'
--------------------------------------------
     Previous Encoding     New Encoding
--------------------------------------------
                   000            00001
                   001            00010
                   010            00100
                   011            01000
                   100            10000
--------------------------------------------
SYN-1067 : encoded FSM with state register 'u_mipi_dphy_rx_ph1p_mipiio_wrapper/u_ph1p_mipiio_rx_wrapper/u_lane0_hs_detect/S_lp_state_reg' using encoding 'one_hot' in model 'design_top_wrapper'
SYN-1066 : Inferred FSM for state register 'u_ph1p35_324_ddr_wrapper/u_ddr2/ph1p_ddrmc_wrapper/ph1p_ddrmc_top/u_alc_mc_top/page_ctrl[0]$u_page_ctrl/gr_cas_state_reg' in module 'design_top_wrapper'
--------------------------------------------
     Previous Encoding     New Encoding
--------------------------------------------
                    01               01
                    10               10
--------------------------------------------
SYN-1067 : encoded FSM with state register 'u_ph1p35_324_ddr_wrapper/u_ddr2/ph1p_ddrmc_wrapper/ph1p_ddrmc_top/u_alc_mc_top/page_ctrl[0]$u_page_ctrl/gr_cas_state_reg' using encoding 'one_hot' in model 'design_top_wrapper'
SYN-1066 : Inferred FSM for state register 'u_ph1p35_324_ddr_wrapper/u_ddr2/ph1p_ddrmc_wrapper/ph1p_ddrmc_top/u_alc_mc_top/page_ctrl[1]$u_page_ctrl/gr_cas_state_reg' in module 'design_top_wrapper'
--------------------------------------------
     Previous Encoding     New Encoding
--------------------------------------------
                    01               01
                    10               10
--------------------------------------------
SYN-1067 : encoded FSM with state register 'u_ph1p35_324_ddr_wrapper/u_ddr2/ph1p_ddrmc_wrapper/ph1p_ddrmc_top/u_alc_mc_top/page_ctrl[1]$u_page_ctrl/gr_cas_state_reg' using encoding 'one_hot' in model 'design_top_wrapper'
SYN-1066 : Inferred FSM for state register 'u_ph1p35_324_ddr_wrapper/u_ddr2/ph1p_ddrmc_wrapper/ph1p_ddrmc_top/u_alc_mc_top/page_ctrl[2]$u_page_ctrl/gr_cas_state_reg' in module 'design_top_wrapper'
--------------------------------------------
     Previous Encoding     New Encoding
--------------------------------------------
                    01               01
                    10               10
--------------------------------------------
SYN-1067 : encoded FSM with state register 'u_ph1p35_324_ddr_wrapper/u_ddr2/ph1p_ddrmc_wrapper/ph1p_ddrmc_top/u_alc_mc_top/page_ctrl[2]$u_page_ctrl/gr_cas_state_reg' using encoding 'one_hot' in model 'design_top_wrapper'
SYN-1066 : Inferred FSM for state register 'u_ph1p35_324_ddr_wrapper/u_ddr2/ph1p_ddrmc_wrapper/ph1p_ddrmc_top/u_alc_mc_top/page_ctrl[3]$u_page_ctrl/gr_cas_state_reg' in module 'design_top_wrapper'
--------------------------------------------
     Previous Encoding     New Encoding
--------------------------------------------
                    01               01
                    10               10
--------------------------------------------
SYN-1067 : encoded FSM with state register 'u_ph1p35_324_ddr_wrapper/u_ddr2/ph1p_ddrmc_wrapper/ph1p_ddrmc_top/u_alc_mc_top/page_ctrl[3]$u_page_ctrl/gr_cas_state_reg' using encoding 'one_hot' in model 'design_top_wrapper'
SYN-1066 : Inferred FSM for state register 'u_ph1p35_324_ddr_wrapper/u_ddr2/ph1p_ddrmc_wrapper/ph1p_ddrmc_top/u_alc_mc_top/u_ref_ctrl/ref_cst_reg' in module 'design_top_wrapper'
--------------------------------------------
     Previous Encoding     New Encoding
--------------------------------------------
             000000001        000000001
             000000010        000000010
             000000100        000000100
             000001000        000001000
             000010000        000010000
             000100000        000100000
             001000000        001000000
             010000000        010000000
             100000000        100000000
--------------------------------------------
SYN-1067 : encoded FSM with state register 'u_ph1p35_324_ddr_wrapper/u_ddr2/ph1p_ddrmc_wrapper/ph1p_ddrmc_top/u_alc_mc_top/u_ref_ctrl/ref_cst_reg' using encoding 'one_hot' in model 'design_top_wrapper'
SYN-1066 : Inferred FSM for state register 'u_ph1p35_324_ddr_wrapper/u_ddr2/ph1p_ddrmc_wrapper/ph1p_ddrmc_top/u_ddr_phy/u_ddrphy_top/u_ddrphy_mdl_cal_wrapper/mdl_cal[0]$u_ddrphy_mdl_cal/lcdl_cal_state_reg' in module 'design_top_wrapper'
--------------------------------------------
     Previous Encoding     New Encoding
--------------------------------------------
                  0000      00000000001
                  0001      00000000010
                  0010      00000000100
                  0011      00000001000
                  0100      00000010000
                  0101      00000100000
                  0110      00001000000
                  0111      00010000000
                  1000      00100000000
                  1010      01000000000
                  1001      10000000000
--------------------------------------------
SYN-1067 : encoded FSM with state register 'u_ph1p35_324_ddr_wrapper/u_ddr2/ph1p_ddrmc_wrapper/ph1p_ddrmc_top/u_ddr_phy/u_ddrphy_top/u_ddrphy_mdl_cal_wrapper/mdl_cal[0]$u_ddrphy_mdl_cal/lcdl_cal_state_reg' using encoding 'one_hot' in model 'design_top_wrapper'
SYN-1066 : Inferred FSM for state register 'u_ph1p35_324_ddr_wrapper/u_ddr2/ph1p_ddrmc_wrapper/ph1p_ddrmc_top/u_ddr_phy/u_ddrphy_top/u_ddrphy_mdl_cal_wrapper/mdl_cal[1]$u_ddrphy_mdl_cal/lcdl_cal_state_reg' in module 'design_top_wrapper'
--------------------------------------------
     Previous Encoding     New Encoding
--------------------------------------------
                  0000      00000000001
                  0001      00000000010
                  0010      00000000100
                  0011      00000001000
                  0100      00000010000
                  0101      00000100000
                  0110      00001000000
                  0111      00010000000
                  1000      00100000000
                  1010      01000000000
                  1001      10000000000
--------------------------------------------
SYN-1067 : encoded FSM with state register 'u_ph1p35_324_ddr_wrapper/u_ddr2/ph1p_ddrmc_wrapper/ph1p_ddrmc_top/u_ddr_phy/u_ddrphy_top/u_ddrphy_mdl_cal_wrapper/mdl_cal[1]$u_ddrphy_mdl_cal/lcdl_cal_state_reg' using encoding 'one_hot' in model 'design_top_wrapper'
SYN-1066 : Inferred FSM for state register 'u_uicfgcs500/TS_S_reg' in module 'design_top_wrapper'
--------------------------------------------
     Previous Encoding     New Encoding
--------------------------------------------
                    00             0001
                    01             0010
                    10             0100
                    11             1000
--------------------------------------------
SYN-1067 : encoded FSM with state register 'u_uicfgcs500/TS_S_reg' using encoding 'one_hot' in model 'design_top_wrapper'
SYN-1057 : Inferred 10 FSM(s)
SYN-1001 : Optimize 3 less-than instances
SYN-1001 : Optimize 3 less-than instances
SYN-1032 : 116719/2376 useful/useless nets, 44077/93 useful/useless insts
SYN-1001 : Bypass 1 mux instances
SYN-1021 : Optimized 19 onehot mux instances.
SYN-1068 : Optimized 1 binary mux instances.
SYN-1019 : Optimized 11 mux instances.
SYN-1021 : Optimized 4 onehot mux instances.
SYN-1021 : Optimized 4 onehot mux instances.
SYN-1021 : Optimized 27 onehot mux instances.
SYN-1001 : Optimize 45 less-than instances
SYN-1016 : Merged 17793 instances.
SYN-1035 : Inferred 1 ROM(s)
8.888000
15.000000
15.000000
19.230000
SYN-1016 : Merged 3221 instances.
SYN-1001 : End Stage 1.5 | Optimize Design; Time: 94.606877s wall, 92.671875s user + 0.921875s system = 93.593750s CPU (98.9%); Memory(MB): used = 1593, reserved = 1581, peak = 1593;

SYN-1079 : finish stage Optimize Design. Total instances: 96976, Total nets: 106693.

SYN-1001 : Stage 1.6 | Optimize Iteratively
SYN-1018 : Transformed 3 mux instances.
SYN-1019 : Optimized 63 mux instances.
SYN-1021 : Optimized 122 onehot mux instances.
SYN-1014 : Optimize round 1
SYN-1044 : Optimized 223 inv instances.
SYN-1017 : Remove 102 const input seq instances
SYN-1018 : Transformed 4 mux instances.
SYN-1019 : Optimized 409 mux instances.
SYN-1020 : Optimized 1582 distributor mux.
SYN-1001 : Optimize 81 less-than instances
SYN-1019 : Optimized 262 mux instances.
SYN-2595 : bram inst: u_isp_top/u_awb/signal_delay_d/blk_mem_gen_awb_delay_signal_d/ram_f84573da5ab5_Inst/username_inst is set to PDPW/SP from DP for resource saving
SYN-2595 : bram inst: u_isp_top/u_cnn_core/u_cnn_feat_bram_a/u_cnn_feat_bram is set to PDPW/SP from DP for resource saving
SYN-2595 : bram inst: u_isp_top/u_cnn_core/u_cnn_feat_bram_b/u_cnn_feat_bram is set to PDPW/SP from DP for resource saving
SYN-2595 : bram inst: u_isp_top/u_cnn_input_sampler_96/u_cnn_input_bank0/u_cnn_input_bram is set to PDPW/SP from DP for resource saving
SYN-2595 : bram inst: u_isp_top/u_cnn_input_sampler_96/u_cnn_input_bank1/u_cnn_input_bram is set to PDPW/SP from DP for resource saving
SYN-2595 : bram inst: u_isp_top/u_demosaic/raw_matrix_3x3_buffer_d/two_line_buffer[1]$line_buffer_demosaic_r1/blk_mem_gen_demosaic_r0/ram_c36c2ca3b3a7_Inst/username_inst is set to PDPW/SP from DP for resource saving
SYN-2595 : bram inst: u_isp_top/u_demosaic/raw_matrix_3x3_buffer_d/two_line_buffer[2]$line_buffer_demosaic_r1/blk_mem_gen_demosaic_r0/ram_c36c2ca3b3a7_Inst/username_inst is set to PDPW/SP from DP for resource saving
SYN-2595 : bram inst: u_isp_top/u_demosaic/raw_matrix_3x3_buffer_d/zhenghe_d/blk_mem_gen_zhenghe_d1/ram_d32970204f32_Inst/username_inst is set to PDPW/SP from DP for resource saving
SYN-2593 : bram inst: u_isp_top/u_demosaic/raw_matrix_3x3_buffer_d/two_line_buffer[2]$line_buffer_demosaic_r1/blk_mem_gen_demosaic_r0/ram_c36c2ca3b3a7_Inst/username_inst will be optimized to a new one with A-width 32 due to unused data out
SYN-2541 : Reading BRAM "u_isp_top/u_cnn_core/u_cnn_weight_rom/u_bank0/u_cnn_weight_bank" init file "..\user_source\ip_source\cnn\cnn_weight_bank0.bin"
SYN-2543 : Parsing BIN init file
SYN-2541 : Reading BRAM "u_isp_top/u_cnn_core/u_cnn_weight_rom/u_bank1/u_cnn_weight_bank" init file "..\user_source\ip_source\cnn\cnn_weight_bank1.bin"
SYN-2543 : Parsing BIN init file
SYN-2541 : Reading BRAM "u_isp_top/u_cnn_core/u_cnn_weight_rom/u_bank10/u_cnn_weight_bank" init file "..\user_source\ip_source\cnn\cnn_weight_bank10.bin"
SYN-2543 : Parsing BIN init file
SYN-2541 : Reading BRAM "u_isp_top/u_cnn_core/u_cnn_weight_rom/u_bank11/u_cnn_weight_bank" init file "..\user_source\ip_source\cnn\cnn_weight_bank11.bin"
SYN-2543 : Parsing BIN init file
SYN-2541 : Reading BRAM "u_isp_top/u_cnn_core/u_cnn_weight_rom/u_bank12/u_cnn_weight_bank" init file "..\user_source\ip_source\cnn\cnn_weight_bank12.bin"
SYN-2543 : Parsing BIN init file
SYN-2541 : Reading BRAM "u_isp_top/u_cnn_core/u_cnn_weight_rom/u_bank13/u_cnn_weight_bank" init file "..\user_source\ip_source\cnn\cnn_weight_bank13.bin"
SYN-2543 : Parsing BIN init file
SYN-2541 : Reading BRAM "u_isp_top/u_cnn_core/u_cnn_weight_rom/u_bank14/u_cnn_weight_bank" init file "..\user_source\ip_source\cnn\cnn_weight_bank14.bin"
SYN-2543 : Parsing BIN init file
SYN-2541 : Reading BRAM "u_isp_top/u_cnn_core/u_cnn_weight_rom/u_bank15/u_cnn_weight_bank" init file "..\user_source\ip_source\cnn\cnn_weight_bank15.bin"
SYN-2543 : Parsing BIN init file
SYN-2541 : Reading BRAM "u_isp_top/u_cnn_core/u_cnn_weight_rom/u_bank16/u_cnn_weight_bank" init file "..\user_source\ip_source\cnn\cnn_weight_bank16.bin"
SYN-2543 : Parsing BIN init file
SYN-2541 : Reading BRAM "u_isp_top/u_cnn_core/u_cnn_weight_rom/u_bank2/u_cnn_weight_bank" init file "..\user_source\ip_source\cnn\cnn_weight_bank2.bin"
SYN-2543 : Parsing BIN init file
SYN-2541 : Reading BRAM "u_isp_top/u_cnn_core/u_cnn_weight_rom/u_bank3/u_cnn_weight_bank" init file "..\user_source\ip_source\cnn\cnn_weight_bank3.bin"
SYN-2543 : Parsing BIN init file
SYN-2541 : Reading BRAM "u_isp_top/u_cnn_core/u_cnn_weight_rom/u_bank4/u_cnn_weight_bank" init file "..\user_source\ip_source\cnn\cnn_weight_bank4.bin"
SYN-2543 : Parsing BIN init file
SYN-2541 : Reading BRAM "u_isp_top/u_cnn_core/u_cnn_weight_rom/u_bank5/u_cnn_weight_bank" init file "..\user_source\ip_source\cnn\cnn_weight_bank5.bin"
SYN-2543 : Parsing BIN init file
SYN-2541 : Reading BRAM "u_isp_top/u_cnn_core/u_cnn_weight_rom/u_bank6/u_cnn_weight_bank" init file "..\user_source\ip_source\cnn\cnn_weight_bank6.bin"
SYN-2543 : Parsing BIN init file
SYN-2541 : Reading BRAM "u_isp_top/u_cnn_core/u_cnn_weight_rom/u_bank7/u_cnn_weight_bank" init file "..\user_source\ip_source\cnn\cnn_weight_bank7.bin"
SYN-2543 : Parsing BIN init file
SYN-2541 : Reading BRAM "u_isp_top/u_cnn_core/u_cnn_weight_rom/u_bank8/u_cnn_weight_bank" init file "..\user_source\ip_source\cnn\cnn_weight_bank8.bin"
SYN-2543 : Parsing BIN init file
SYN-2541 : Reading BRAM "u_isp_top/u_cnn_core/u_cnn_weight_rom/u_bank9/u_cnn_weight_bank" init file "..\user_source\ip_source\cnn\cnn_weight_bank9.bin"
SYN-2543 : Parsing BIN init file
SYN-1016 : Merged 3792 instances.
SYN-1015 : Optimize round 1, 74005 better
SYN-1014 : Optimize round 2
SYN-1044 : Optimized 24 inv instances.
SYN-1017 : Remove 39 const input seq instances
SYN-1019 : Optimized 565 mux instances.
SYN-1020 : Optimized 94 distributor mux.
SYN-1019 : Optimized 59 mux instances.
SYN-2541 : Reading BRAM "u_isp_top/u_cnn_core/u_cnn_weight_rom/u_bank0/u_cnn_weight_bank" init file "..\user_source\ip_source\cnn\cnn_weight_bank0.bin"
SYN-2543 : Parsing BIN init file
SYN-2541 : Reading BRAM "u_isp_top/u_cnn_core/u_cnn_weight_rom/u_bank1/u_cnn_weight_bank" init file "..\user_source\ip_source\cnn\cnn_weight_bank1.bin"
SYN-2543 : Parsing BIN init file
SYN-2541 : Reading BRAM "u_isp_top/u_cnn_core/u_cnn_weight_rom/u_bank10/u_cnn_weight_bank" init file "..\user_source\ip_source\cnn\cnn_weight_bank10.bin"
SYN-2543 : Parsing BIN init file
SYN-2541 : Reading BRAM "u_isp_top/u_cnn_core/u_cnn_weight_rom/u_bank11/u_cnn_weight_bank" init file "..\user_source\ip_source\cnn\cnn_weight_bank11.bin"
SYN-2543 : Parsing BIN init file
SYN-2541 : Reading BRAM "u_isp_top/u_cnn_core/u_cnn_weight_rom/u_bank12/u_cnn_weight_bank" init file "..\user_source\ip_source\cnn\cnn_weight_bank12.bin"
SYN-2543 : Parsing BIN init file
SYN-2541 : Reading BRAM "u_isp_top/u_cnn_core/u_cnn_weight_rom/u_bank13/u_cnn_weight_bank" init file "..\user_source\ip_source\cnn\cnn_weight_bank13.bin"
SYN-2543 : Parsing BIN init file
SYN-2541 : Reading BRAM "u_isp_top/u_cnn_core/u_cnn_weight_rom/u_bank14/u_cnn_weight_bank" init file "..\user_source\ip_source\cnn\cnn_weight_bank14.bin"
SYN-2543 : Parsing BIN init file
SYN-2541 : Reading BRAM "u_isp_top/u_cnn_core/u_cnn_weight_rom/u_bank15/u_cnn_weight_bank" init file "..\user_source\ip_source\cnn\cnn_weight_bank15.bin"
SYN-2543 : Parsing BIN init file
SYN-2541 : Reading BRAM "u_isp_top/u_cnn_core/u_cnn_weight_rom/u_bank16/u_cnn_weight_bank" init file "..\user_source\ip_source\cnn\cnn_weight_bank16.bin"
SYN-2543 : Parsing BIN init file
SYN-2541 : Reading BRAM "u_isp_top/u_cnn_core/u_cnn_weight_rom/u_bank2/u_cnn_weight_bank" init file "..\user_source\ip_source\cnn\cnn_weight_bank2.bin"
SYN-2543 : Parsing BIN init file
SYN-2541 : Reading BRAM "u_isp_top/u_cnn_core/u_cnn_weight_rom/u_bank3/u_cnn_weight_bank" init file "..\user_source\ip_source\cnn\cnn_weight_bank3.bin"
SYN-2543 : Parsing BIN init file
SYN-2541 : Reading BRAM "u_isp_top/u_cnn_core/u_cnn_weight_rom/u_bank4/u_cnn_weight_bank" init file "..\user_source\ip_source\cnn\cnn_weight_bank4.bin"
SYN-2543 : Parsing BIN init file
SYN-2541 : Reading BRAM "u_isp_top/u_cnn_core/u_cnn_weight_rom/u_bank5/u_cnn_weight_bank" init file "..\user_source\ip_source\cnn\cnn_weight_bank5.bin"
SYN-2543 : Parsing BIN init file
SYN-2541 : Reading BRAM "u_isp_top/u_cnn_core/u_cnn_weight_rom/u_bank6/u_cnn_weight_bank" init file "..\user_source\ip_source\cnn\cnn_weight_bank6.bin"
SYN-2543 : Parsing BIN init file
SYN-2541 : Reading BRAM "u_isp_top/u_cnn_core/u_cnn_weight_rom/u_bank7/u_cnn_weight_bank" init file "..\user_source\ip_source\cnn\cnn_weight_bank7.bin"
SYN-2543 : Parsing BIN init file
SYN-2541 : Reading BRAM "u_isp_top/u_cnn_core/u_cnn_weight_rom/u_bank8/u_cnn_weight_bank" init file "..\user_source\ip_source\cnn\cnn_weight_bank8.bin"
SYN-2543 : Parsing BIN init file
SYN-2541 : Reading BRAM "u_isp_top/u_cnn_core/u_cnn_weight_rom/u_bank9/u_cnn_weight_bank" init file "..\user_source\ip_source\cnn\cnn_weight_bank9.bin"
SYN-2543 : Parsing BIN init file
SYN-1016 : Merged 214 instances.
SYN-1015 : Optimize round 2, 1520 better
SYN-5011 WARNING: Undriven pin: model "design_top_wrapper" / inst "u_isp_top/u_demosaic/raw_matrix_3x3_buffer_d/two_line_buffer[2]$line_buffer_demosaic_r1/blk_mem_gen_demosaic_r0/ram_c36c2ca3b3a7_Inst/username_inst" in ../user_source/hdl_source/ip/image/demosaic_4x_2_0/blk_mem_gen_demosaic/RTL/ram_c36c2ca3b3a7.v(91) / pin "bea[0]"
SYN-5011 WARNING: Undriven pin: model "design_top_wrapper" / inst "u_isp_top/u_demosaic/raw_matrix_3x3_buffer_d/two_line_buffer[2]$line_buffer_demosaic_r1/blk_mem_gen_demosaic_r0/ram_c36c2ca3b3a7_Inst/username_inst" in ../user_source/hdl_source/ip/image/demosaic_4x_2_0/blk_mem_gen_demosaic/RTL/ram_c36c2ca3b3a7.v(91) / pin "beb[0]"
SYN-5025 WARNING: Using 0 for all undriven pins and nets
SYN-3010 : Optimized 488 DFF(s)
SYN-1014 : Optimize round 1
SYN-1017 : Remove 36 const input seq instances
SYN-1019 : Optimized 8 mux instances.
SYN-1020 : Optimized 51 distributor mux.
SYN-1019 : Optimized 12 mux instances.
SYN-2541 : Reading BRAM "u_isp_top/u_cnn_core/u_cnn_weight_rom/u_bank0/u_cnn_weight_bank" init file "..\user_source\ip_source\cnn\cnn_weight_bank0.bin"
SYN-2543 : Parsing BIN init file
SYN-2541 : Reading BRAM "u_isp_top/u_cnn_core/u_cnn_weight_rom/u_bank1/u_cnn_weight_bank" init file "..\user_source\ip_source\cnn\cnn_weight_bank1.bin"
SYN-2543 : Parsing BIN init file
SYN-2541 : Reading BRAM "u_isp_top/u_cnn_core/u_cnn_weight_rom/u_bank10/u_cnn_weight_bank" init file "..\user_source\ip_source\cnn\cnn_weight_bank10.bin"
SYN-2543 : Parsing BIN init file
SYN-2541 : Reading BRAM "u_isp_top/u_cnn_core/u_cnn_weight_rom/u_bank11/u_cnn_weight_bank" init file "..\user_source\ip_source\cnn\cnn_weight_bank11.bin"
SYN-2543 : Parsing BIN init file
SYN-2541 : Reading BRAM "u_isp_top/u_cnn_core/u_cnn_weight_rom/u_bank12/u_cnn_weight_bank" init file "..\user_source\ip_source\cnn\cnn_weight_bank12.bin"
SYN-2543 : Parsing BIN init file
SYN-2541 : Reading BRAM "u_isp_top/u_cnn_core/u_cnn_weight_rom/u_bank13/u_cnn_weight_bank" init file "..\user_source\ip_source\cnn\cnn_weight_bank13.bin"
SYN-2543 : Parsing BIN init file
SYN-2541 : Reading BRAM "u_isp_top/u_cnn_core/u_cnn_weight_rom/u_bank14/u_cnn_weight_bank" init file "..\user_source\ip_source\cnn\cnn_weight_bank14.bin"
SYN-2543 : Parsing BIN init file
SYN-2541 : Reading BRAM "u_isp_top/u_cnn_core/u_cnn_weight_rom/u_bank15/u_cnn_weight_bank" init file "..\user_source\ip_source\cnn\cnn_weight_bank15.bin"
SYN-2543 : Parsing BIN init file
SYN-2541 : Reading BRAM "u_isp_top/u_cnn_core/u_cnn_weight_rom/u_bank16/u_cnn_weight_bank" init file "..\user_source\ip_source\cnn\cnn_weight_bank16.bin"
SYN-2543 : Parsing BIN init file
SYN-2541 : Reading BRAM "u_isp_top/u_cnn_core/u_cnn_weight_rom/u_bank2/u_cnn_weight_bank" init file "..\user_source\ip_source\cnn\cnn_weight_bank2.bin"
SYN-2543 : Parsing BIN init file
SYN-2541 : Reading BRAM "u_isp_top/u_cnn_core/u_cnn_weight_rom/u_bank3/u_cnn_weight_bank" init file "..\user_source\ip_source\cnn\cnn_weight_bank3.bin"
SYN-2543 : Parsing BIN init file
SYN-2541 : Reading BRAM "u_isp_top/u_cnn_core/u_cnn_weight_rom/u_bank4/u_cnn_weight_bank" init file "..\user_source\ip_source\cnn\cnn_weight_bank4.bin"
SYN-2543 : Parsing BIN init file
SYN-2541 : Reading BRAM "u_isp_top/u_cnn_core/u_cnn_weight_rom/u_bank5/u_cnn_weight_bank" init file "..\user_source\ip_source\cnn\cnn_weight_bank5.bin"
SYN-2543 : Parsing BIN init file
SYN-2541 : Reading BRAM "u_isp_top/u_cnn_core/u_cnn_weight_rom/u_bank6/u_cnn_weight_bank" init file "..\user_source\ip_source\cnn\cnn_weight_bank6.bin"
SYN-2543 : Parsing BIN init file
SYN-2541 : Reading BRAM "u_isp_top/u_cnn_core/u_cnn_weight_rom/u_bank7/u_cnn_weight_bank" init file "..\user_source\ip_source\cnn\cnn_weight_bank7.bin"
SYN-2543 : Parsing BIN init file
SYN-2541 : Reading BRAM "u_isp_top/u_cnn_core/u_cnn_weight_rom/u_bank8/u_cnn_weight_bank" init file "..\user_source\ip_source\cnn\cnn_weight_bank8.bin"
SYN-2543 : Parsing BIN init file
SYN-2541 : Reading BRAM "u_isp_top/u_cnn_core/u_cnn_weight_rom/u_bank9/u_cnn_weight_bank" init file "..\user_source\ip_source\cnn\cnn_weight_bank9.bin"
SYN-2543 : Parsing BIN init file
SYN-2594 : bram inst: u_isp_top/u_demosaic/raw_matrix_3x3_buffer_d/two_line_buffer[1]$line_buffer_demosaic_r1/blk_mem_gen_demosaic_r0/ram_c36c2ca3b3a7_Inst/username_inst will be optimized to a new one with A-addr 8 due to const address
SYN-2594 : bram inst: u_isp_top/u_demosaic/raw_matrix_3x3_buffer_d/two_line_buffer[2]$line_buffer_demosaic_r1/blk_mem_gen_demosaic_r0/ram_c36c2ca3b3a7_Inst/username_inst will be optimized to a new one with A-addr 8 due to const address
SYN-2594 : bram inst: u_isp_top/u_demosaic/raw_matrix_3x3_buffer_d/zhenghe_d/blk_mem_gen_zhenghe_d1/ram_d32970204f32_Inst/username_inst will be optimized to a new one with A-addr 8 due to const address
SYN-1016 : Merged 257 instances.
SYN-1015 : Optimize round 1, 495 better
SYN-1014 : Optimize round 2
SYN-1044 : Optimized 3 inv instances.
SYN-1017 : Remove 3 const input seq instances
SYN-1019 : Optimized 7 mux instances.
SYN-1020 : Optimized 8 distributor mux.
SYN-2541 : Reading BRAM "u_isp_top/u_cnn_core/u_cnn_weight_rom/u_bank0/u_cnn_weight_bank" init file "..\user_source\ip_source\cnn\cnn_weight_bank0.bin"
SYN-2543 : Parsing BIN init file
SYN-2541 : Reading BRAM "u_isp_top/u_cnn_core/u_cnn_weight_rom/u_bank1/u_cnn_weight_bank" init file "..\user_source\ip_source\cnn\cnn_weight_bank1.bin"
SYN-2543 : Parsing BIN init file
SYN-2541 : Reading BRAM "u_isp_top/u_cnn_core/u_cnn_weight_rom/u_bank10/u_cnn_weight_bank" init file "..\user_source\ip_source\cnn\cnn_weight_bank10.bin"
SYN-2543 : Parsing BIN init file
SYN-2541 : Reading BRAM "u_isp_top/u_cnn_core/u_cnn_weight_rom/u_bank11/u_cnn_weight_bank" init file "..\user_source\ip_source\cnn\cnn_weight_bank11.bin"
SYN-2543 : Parsing BIN init file
SYN-2541 : Reading BRAM "u_isp_top/u_cnn_core/u_cnn_weight_rom/u_bank12/u_cnn_weight_bank" init file "..\user_source\ip_source\cnn\cnn_weight_bank12.bin"
SYN-2543 : Parsing BIN init file
SYN-2541 : Reading BRAM "u_isp_top/u_cnn_core/u_cnn_weight_rom/u_bank13/u_cnn_weight_bank" init file "..\user_source\ip_source\cnn\cnn_weight_bank13.bin"
SYN-2543 : Parsing BIN init file
SYN-2541 : Reading BRAM "u_isp_top/u_cnn_core/u_cnn_weight_rom/u_bank14/u_cnn_weight_bank" init file "..\user_source\ip_source\cnn\cnn_weight_bank14.bin"
SYN-2543 : Parsing BIN init file
SYN-2541 : Reading BRAM "u_isp_top/u_cnn_core/u_cnn_weight_rom/u_bank15/u_cnn_weight_bank" init file "..\user_source\ip_source\cnn\cnn_weight_bank15.bin"
SYN-2543 : Parsing BIN init file
SYN-2541 : Reading BRAM "u_isp_top/u_cnn_core/u_cnn_weight_rom/u_bank16/u_cnn_weight_bank" init file "..\user_source\ip_source\cnn\cnn_weight_bank16.bin"
SYN-2543 : Parsing BIN init file
SYN-2541 : Reading BRAM "u_isp_top/u_cnn_core/u_cnn_weight_rom/u_bank2/u_cnn_weight_bank" init file "..\user_source\ip_source\cnn\cnn_weight_bank2.bin"
SYN-2543 : Parsing BIN init file
SYN-2541 : Reading BRAM "u_isp_top/u_cnn_core/u_cnn_weight_rom/u_bank3/u_cnn_weight_bank" init file "..\user_source\ip_source\cnn\cnn_weight_bank3.bin"
SYN-2543 : Parsing BIN init file
SYN-2541 : Reading BRAM "u_isp_top/u_cnn_core/u_cnn_weight_rom/u_bank4/u_cnn_weight_bank" init file "..\user_source\ip_source\cnn\cnn_weight_bank4.bin"
SYN-2543 : Parsing BIN init file
SYN-2541 : Reading BRAM "u_isp_top/u_cnn_core/u_cnn_weight_rom/u_bank5/u_cnn_weight_bank" init file "..\user_source\ip_source\cnn\cnn_weight_bank5.bin"
SYN-2543 : Parsing BIN init file
SYN-2541 : Reading BRAM "u_isp_top/u_cnn_core/u_cnn_weight_rom/u_bank6/u_cnn_weight_bank" init file "..\user_source\ip_source\cnn\cnn_weight_bank6.bin"
SYN-2543 : Parsing BIN init file
SYN-2541 : Reading BRAM "u_isp_top/u_cnn_core/u_cnn_weight_rom/u_bank7/u_cnn_weight_bank" init file "..\user_source\ip_source\cnn\cnn_weight_bank7.bin"
SYN-2543 : Parsing BIN init file
SYN-2541 : Reading BRAM "u_isp_top/u_cnn_core/u_cnn_weight_rom/u_bank8/u_cnn_weight_bank" init file "..\user_source\ip_source\cnn\cnn_weight_bank8.bin"
SYN-2543 : Parsing BIN init file
SYN-2541 : Reading BRAM "u_isp_top/u_cnn_core/u_cnn_weight_rom/u_bank9/u_cnn_weight_bank" init file "..\user_source\ip_source\cnn\cnn_weight_bank9.bin"
SYN-2543 : Parsing BIN init file
SYN-1016 : Merged 12 instances.
SYN-1015 : Optimize round 2, 40 better
SYN-1014 : Optimize round 3
SYN-1044 : Optimized 1 inv instances.
SYN-1017 : Remove 4 const input seq instances
SYN-1019 : Optimized 3 mux instances.
SYN-1020 : Optimized 2 distributor mux.
SYN-2541 : Reading BRAM "u_isp_top/u_cnn_core/u_cnn_weight_rom/u_bank0/u_cnn_weight_bank" init file "..\user_source\ip_source\cnn\cnn_weight_bank0.bin"
SYN-2543 : Parsing BIN init file
SYN-2541 : Reading BRAM "u_isp_top/u_cnn_core/u_cnn_weight_rom/u_bank1/u_cnn_weight_bank" init file "..\user_source\ip_source\cnn\cnn_weight_bank1.bin"
SYN-2543 : Parsing BIN init file
SYN-2541 : Reading BRAM "u_isp_top/u_cnn_core/u_cnn_weight_rom/u_bank10/u_cnn_weight_bank" init file "..\user_source\ip_source\cnn\cnn_weight_bank10.bin"
SYN-2543 : Parsing BIN init file
SYN-2541 : Reading BRAM "u_isp_top/u_cnn_core/u_cnn_weight_rom/u_bank11/u_cnn_weight_bank" init file "..\user_source\ip_source\cnn\cnn_weight_bank11.bin"
SYN-2543 : Parsing BIN init file
SYN-2541 : Reading BRAM "u_isp_top/u_cnn_core/u_cnn_weight_rom/u_bank12/u_cnn_weight_bank" init file "..\user_source\ip_source\cnn\cnn_weight_bank12.bin"
SYN-2543 : Parsing BIN init file
SYN-2541 : Reading BRAM "u_isp_top/u_cnn_core/u_cnn_weight_rom/u_bank13/u_cnn_weight_bank" init file "..\user_source\ip_source\cnn\cnn_weight_bank13.bin"
SYN-2543 : Parsing BIN init file
SYN-2541 : Reading BRAM "u_isp_top/u_cnn_core/u_cnn_weight_rom/u_bank14/u_cnn_weight_bank" init file "..\user_source\ip_source\cnn\cnn_weight_bank14.bin"
SYN-2543 : Parsing BIN init file
SYN-2541 : Reading BRAM "u_isp_top/u_cnn_core/u_cnn_weight_rom/u_bank15/u_cnn_weight_bank" init file "..\user_source\ip_source\cnn\cnn_weight_bank15.bin"
SYN-2543 : Parsing BIN init file
SYN-2541 : Reading BRAM "u_isp_top/u_cnn_core/u_cnn_weight_rom/u_bank16/u_cnn_weight_bank" init file "..\user_source\ip_source\cnn\cnn_weight_bank16.bin"
SYN-2543 : Parsing BIN init file
SYN-2541 : Reading BRAM "u_isp_top/u_cnn_core/u_cnn_weight_rom/u_bank2/u_cnn_weight_bank" init file "..\user_source\ip_source\cnn\cnn_weight_bank2.bin"
SYN-2543 : Parsing BIN init file
SYN-2541 : Reading BRAM "u_isp_top/u_cnn_core/u_cnn_weight_rom/u_bank3/u_cnn_weight_bank" init file "..\user_source\ip_source\cnn\cnn_weight_bank3.bin"
SYN-2543 : Parsing BIN init file
SYN-2541 : Reading BRAM "u_isp_top/u_cnn_core/u_cnn_weight_rom/u_bank4/u_cnn_weight_bank" init file "..\user_source\ip_source\cnn\cnn_weight_bank4.bin"
SYN-2543 : Parsing BIN init file
SYN-2541 : Reading BRAM "u_isp_top/u_cnn_core/u_cnn_weight_rom/u_bank5/u_cnn_weight_bank" init file "..\user_source\ip_source\cnn\cnn_weight_bank5.bin"
SYN-2543 : Parsing BIN init file
SYN-2541 : Reading BRAM "u_isp_top/u_cnn_core/u_cnn_weight_rom/u_bank6/u_cnn_weight_bank" init file "..\user_source\ip_source\cnn\cnn_weight_bank6.bin"
SYN-2543 : Parsing BIN init file
SYN-2541 : Reading BRAM "u_isp_top/u_cnn_core/u_cnn_weight_rom/u_bank7/u_cnn_weight_bank" init file "..\user_source\ip_source\cnn\cnn_weight_bank7.bin"
SYN-2543 : Parsing BIN init file
SYN-2541 : Reading BRAM "u_isp_top/u_cnn_core/u_cnn_weight_rom/u_bank8/u_cnn_weight_bank" init file "..\user_source\ip_source\cnn\cnn_weight_bank8.bin"
SYN-2543 : Parsing BIN init file
SYN-2541 : Reading BRAM "u_isp_top/u_cnn_core/u_cnn_weight_rom/u_bank9/u_cnn_weight_bank" init file "..\user_source\ip_source\cnn\cnn_weight_bank9.bin"
SYN-2543 : Parsing BIN init file
SYN-1016 : Merged 6 instances.
SYN-1015 : Optimize round 3, 19 better
SYN-1014 : Optimize round 4
SYN-1017 : Remove 15 const input seq instances
SYN-1019 : Optimized 84 mux instances.
SYN-1020 : Optimized 1 distributor mux.
SYN-2541 : Reading BRAM "u_isp_top/u_cnn_core/u_cnn_weight_rom/u_bank0/u_cnn_weight_bank" init file "..\user_source\ip_source\cnn\cnn_weight_bank0.bin"
SYN-2543 : Parsing BIN init file
SYN-2541 : Reading BRAM "u_isp_top/u_cnn_core/u_cnn_weight_rom/u_bank1/u_cnn_weight_bank" init file "..\user_source\ip_source\cnn\cnn_weight_bank1.bin"
SYN-2543 : Parsing BIN init file
SYN-2541 : Reading BRAM "u_isp_top/u_cnn_core/u_cnn_weight_rom/u_bank10/u_cnn_weight_bank" init file "..\user_source\ip_source\cnn\cnn_weight_bank10.bin"
SYN-2543 : Parsing BIN init file
SYN-2541 : Reading BRAM "u_isp_top/u_cnn_core/u_cnn_weight_rom/u_bank11/u_cnn_weight_bank" init file "..\user_source\ip_source\cnn\cnn_weight_bank11.bin"
SYN-2543 : Parsing BIN init file
SYN-2541 : Reading BRAM "u_isp_top/u_cnn_core/u_cnn_weight_rom/u_bank12/u_cnn_weight_bank" init file "..\user_source\ip_source\cnn\cnn_weight_bank12.bin"
SYN-2543 : Parsing BIN init file
SYN-2541 : Reading BRAM "u_isp_top/u_cnn_core/u_cnn_weight_rom/u_bank13/u_cnn_weight_bank" init file "..\user_source\ip_source\cnn\cnn_weight_bank13.bin"
SYN-2543 : Parsing BIN init file
SYN-2541 : Reading BRAM "u_isp_top/u_cnn_core/u_cnn_weight_rom/u_bank14/u_cnn_weight_bank" init file "..\user_source\ip_source\cnn\cnn_weight_bank14.bin"
SYN-2543 : Parsing BIN init file
SYN-2541 : Reading BRAM "u_isp_top/u_cnn_core/u_cnn_weight_rom/u_bank15/u_cnn_weight_bank" init file "..\user_source\ip_source\cnn\cnn_weight_bank15.bin"
SYN-2543 : Parsing BIN init file
SYN-2541 : Reading BRAM "u_isp_top/u_cnn_core/u_cnn_weight_rom/u_bank16/u_cnn_weight_bank" init file "..\user_source\ip_source\cnn\cnn_weight_bank16.bin"
SYN-2543 : Parsing BIN init file
SYN-2541 : Reading BRAM "u_isp_top/u_cnn_core/u_cnn_weight_rom/u_bank2/u_cnn_weight_bank" init file "..\user_source\ip_source\cnn\cnn_weight_bank2.bin"
SYN-2543 : Parsing BIN init file
SYN-2541 : Reading BRAM "u_isp_top/u_cnn_core/u_cnn_weight_rom/u_bank3/u_cnn_weight_bank" init file "..\user_source\ip_source\cnn\cnn_weight_bank3.bin"
SYN-2543 : Parsing BIN init file
SYN-2541 : Reading BRAM "u_isp_top/u_cnn_core/u_cnn_weight_rom/u_bank4/u_cnn_weight_bank" init file "..\user_source\ip_source\cnn\cnn_weight_bank4.bin"
SYN-2543 : Parsing BIN init file
SYN-2541 : Reading BRAM "u_isp_top/u_cnn_core/u_cnn_weight_rom/u_bank5/u_cnn_weight_bank" init file "..\user_source\ip_source\cnn\cnn_weight_bank5.bin"
SYN-2543 : Parsing BIN init file
SYN-2541 : Reading BRAM "u_isp_top/u_cnn_core/u_cnn_weight_rom/u_bank6/u_cnn_weight_bank" init file "..\user_source\ip_source\cnn\cnn_weight_bank6.bin"
SYN-2543 : Parsing BIN init file
SYN-2541 : Reading BRAM "u_isp_top/u_cnn_core/u_cnn_weight_rom/u_bank7/u_cnn_weight_bank" init file "..\user_source\ip_source\cnn\cnn_weight_bank7.bin"
SYN-2543 : Parsing BIN init file
SYN-2541 : Reading BRAM "u_isp_top/u_cnn_core/u_cnn_weight_rom/u_bank8/u_cnn_weight_bank" init file "..\user_source\ip_source\cnn\cnn_weight_bank8.bin"
SYN-2543 : Parsing BIN init file
SYN-2541 : Reading BRAM "u_isp_top/u_cnn_core/u_cnn_weight_rom/u_bank9/u_cnn_weight_bank" init file "..\user_source\ip_source\cnn\cnn_weight_bank9.bin"
SYN-2543 : Parsing BIN init file
SYN-1016 : Merged 4 instances.
SYN-1015 : Optimize round 4, 111 better
SYN-1014 : Optimize round 5
SYN-1017 : Remove 12 const input seq instances
SYN-1019 : Optimized 15 mux instances.
SYN-2541 : Reading BRAM "u_isp_top/u_cnn_core/u_cnn_weight_rom/u_bank0/u_cnn_weight_bank" init file "..\user_source\ip_source\cnn\cnn_weight_bank0.bin"
SYN-2543 : Parsing BIN init file
SYN-2541 : Reading BRAM "u_isp_top/u_cnn_core/u_cnn_weight_rom/u_bank1/u_cnn_weight_bank" init file "..\user_source\ip_source\cnn\cnn_weight_bank1.bin"
SYN-2543 : Parsing BIN init file
SYN-2541 : Reading BRAM "u_isp_top/u_cnn_core/u_cnn_weight_rom/u_bank10/u_cnn_weight_bank" init file "..\user_source\ip_source\cnn\cnn_weight_bank10.bin"
SYN-2543 : Parsing BIN init file
SYN-2541 : Reading BRAM "u_isp_top/u_cnn_core/u_cnn_weight_rom/u_bank11/u_cnn_weight_bank" init file "..\user_source\ip_source\cnn\cnn_weight_bank11.bin"
SYN-2543 : Parsing BIN init file
SYN-2541 : Reading BRAM "u_isp_top/u_cnn_core/u_cnn_weight_rom/u_bank12/u_cnn_weight_bank" init file "..\user_source\ip_source\cnn\cnn_weight_bank12.bin"
SYN-2543 : Parsing BIN init file
SYN-2541 : Reading BRAM "u_isp_top/u_cnn_core/u_cnn_weight_rom/u_bank13/u_cnn_weight_bank" init file "..\user_source\ip_source\cnn\cnn_weight_bank13.bin"
SYN-2543 : Parsing BIN init file
SYN-2541 : Reading BRAM "u_isp_top/u_cnn_core/u_cnn_weight_rom/u_bank14/u_cnn_weight_bank" init file "..\user_source\ip_source\cnn\cnn_weight_bank14.bin"
SYN-2543 : Parsing BIN init file
SYN-2541 : Reading BRAM "u_isp_top/u_cnn_core/u_cnn_weight_rom/u_bank15/u_cnn_weight_bank" init file "..\user_source\ip_source\cnn\cnn_weight_bank15.bin"
SYN-2543 : Parsing BIN init file
SYN-2541 : Reading BRAM "u_isp_top/u_cnn_core/u_cnn_weight_rom/u_bank16/u_cnn_weight_bank" init file "..\user_source\ip_source\cnn\cnn_weight_bank16.bin"
SYN-2543 : Parsing BIN init file
SYN-2541 : Reading BRAM "u_isp_top/u_cnn_core/u_cnn_weight_rom/u_bank2/u_cnn_weight_bank" init file "..\user_source\ip_source\cnn\cnn_weight_bank2.bin"
SYN-2543 : Parsing BIN init file
SYN-2541 : Reading BRAM "u_isp_top/u_cnn_core/u_cnn_weight_rom/u_bank3/u_cnn_weight_bank" init file "..\user_source\ip_source\cnn\cnn_weight_bank3.bin"
SYN-2543 : Parsing BIN init file
SYN-2541 : Reading BRAM "u_isp_top/u_cnn_core/u_cnn_weight_rom/u_bank4/u_cnn_weight_bank" init file "..\user_source\ip_source\cnn\cnn_weight_bank4.bin"
SYN-2543 : Parsing BIN init file
SYN-2541 : Reading BRAM "u_isp_top/u_cnn_core/u_cnn_weight_rom/u_bank5/u_cnn_weight_bank" init file "..\user_source\ip_source\cnn\cnn_weight_bank5.bin"
SYN-2543 : Parsing BIN init file
SYN-2541 : Reading BRAM "u_isp_top/u_cnn_core/u_cnn_weight_rom/u_bank6/u_cnn_weight_bank" init file "..\user_source\ip_source\cnn\cnn_weight_bank6.bin"
SYN-2543 : Parsing BIN init file
SYN-2541 : Reading BRAM "u_isp_top/u_cnn_core/u_cnn_weight_rom/u_bank7/u_cnn_weight_bank" init file "..\user_source\ip_source\cnn\cnn_weight_bank7.bin"
SYN-2543 : Parsing BIN init file
SYN-2541 : Reading BRAM "u_isp_top/u_cnn_core/u_cnn_weight_rom/u_bank8/u_cnn_weight_bank" init file "..\user_source\ip_source\cnn\cnn_weight_bank8.bin"
SYN-2543 : Parsing BIN init file
SYN-2541 : Reading BRAM "u_isp_top/u_cnn_core/u_cnn_weight_rom/u_bank9/u_cnn_weight_bank" init file "..\user_source\ip_source\cnn\cnn_weight_bank9.bin"
SYN-2543 : Parsing BIN init file
SYN-1015 : Optimize round 5, 33 better
SYN-1014 : Optimize round 6
SYN-1017 : Remove 12 const input seq instances
SYN-1019 : Optimized 9 mux instances.
SYN-2541 : Reading BRAM "u_isp_top/u_cnn_core/u_cnn_weight_rom/u_bank0/u_cnn_weight_bank" init file "..\user_source\ip_source\cnn\cnn_weight_bank0.bin"
SYN-2543 : Parsing BIN init file
SYN-2541 : Reading BRAM "u_isp_top/u_cnn_core/u_cnn_weight_rom/u_bank1/u_cnn_weight_bank" init file "..\user_source\ip_source\cnn\cnn_weight_bank1.bin"
SYN-2543 : Parsing BIN init file
SYN-2541 : Reading BRAM "u_isp_top/u_cnn_core/u_cnn_weight_rom/u_bank10/u_cnn_weight_bank" init file "..\user_source\ip_source\cnn\cnn_weight_bank10.bin"
SYN-2543 : Parsing BIN init file
SYN-2541 : Reading BRAM "u_isp_top/u_cnn_core/u_cnn_weight_rom/u_bank11/u_cnn_weight_bank" init file "..\user_source\ip_source\cnn\cnn_weight_bank11.bin"
SYN-2543 : Parsing BIN init file
SYN-2541 : Reading BRAM "u_isp_top/u_cnn_core/u_cnn_weight_rom/u_bank12/u_cnn_weight_bank" init file "..\user_source\ip_source\cnn\cnn_weight_bank12.bin"
SYN-2543 : Parsing BIN init file
SYN-2541 : Reading BRAM "u_isp_top/u_cnn_core/u_cnn_weight_rom/u_bank13/u_cnn_weight_bank" init file "..\user_source\ip_source\cnn\cnn_weight_bank13.bin"
SYN-2543 : Parsing BIN init file
SYN-2541 : Reading BRAM "u_isp_top/u_cnn_core/u_cnn_weight_rom/u_bank14/u_cnn_weight_bank" init file "..\user_source\ip_source\cnn\cnn_weight_bank14.bin"
SYN-2543 : Parsing BIN init file
SYN-2541 : Reading BRAM "u_isp_top/u_cnn_core/u_cnn_weight_rom/u_bank15/u_cnn_weight_bank" init file "..\user_source\ip_source\cnn\cnn_weight_bank15.bin"
SYN-2543 : Parsing BIN init file
SYN-2541 : Reading BRAM "u_isp_top/u_cnn_core/u_cnn_weight_rom/u_bank16/u_cnn_weight_bank" init file "..\user_source\ip_source\cnn\cnn_weight_bank16.bin"
SYN-2543 : Parsing BIN init file
SYN-2541 : Reading BRAM "u_isp_top/u_cnn_core/u_cnn_weight_rom/u_bank2/u_cnn_weight_bank" init file "..\user_source\ip_source\cnn\cnn_weight_bank2.bin"
SYN-2543 : Parsing BIN init file
SYN-2541 : Reading BRAM "u_isp_top/u_cnn_core/u_cnn_weight_rom/u_bank3/u_cnn_weight_bank" init file "..\user_source\ip_source\cnn\cnn_weight_bank3.bin"
SYN-2543 : Parsing BIN init file
SYN-2541 : Reading BRAM "u_isp_top/u_cnn_core/u_cnn_weight_rom/u_bank4/u_cnn_weight_bank" init file "..\user_source\ip_source\cnn\cnn_weight_bank4.bin"
SYN-2543 : Parsing BIN init file
SYN-2541 : Reading BRAM "u_isp_top/u_cnn_core/u_cnn_weight_rom/u_bank5/u_cnn_weight_bank" init file "..\user_source\ip_source\cnn\cnn_weight_bank5.bin"
SYN-2543 : Parsing BIN init file
SYN-2541 : Reading BRAM "u_isp_top/u_cnn_core/u_cnn_weight_rom/u_bank6/u_cnn_weight_bank" init file "..\user_source\ip_source\cnn\cnn_weight_bank6.bin"
SYN-2543 : Parsing BIN init file
SYN-2541 : Reading BRAM "u_isp_top/u_cnn_core/u_cnn_weight_rom/u_bank7/u_cnn_weight_bank" init file "..\user_source\ip_source\cnn\cnn_weight_bank7.bin"
SYN-2543 : Parsing BIN init file
SYN-2541 : Reading BRAM "u_isp_top/u_cnn_core/u_cnn_weight_rom/u_bank8/u_cnn_weight_bank" init file "..\user_source\ip_source\cnn\cnn_weight_bank8.bin"
SYN-2543 : Parsing BIN init file
SYN-2541 : Reading BRAM "u_isp_top/u_cnn_core/u_cnn_weight_rom/u_bank9/u_cnn_weight_bank" init file "..\user_source\ip_source\cnn\cnn_weight_bank9.bin"
SYN-2543 : Parsing BIN init file
SYN-1016 : Merged 2 instances.
SYN-1015 : Optimize round 6, 26 better
SYN-1014 : Optimize round 7
SYN-1017 : Remove 16 const input seq instances
SYN-1019 : Optimized 18 mux instances.
SYN-2541 : Reading BRAM "u_isp_top/u_cnn_core/u_cnn_weight_rom/u_bank0/u_cnn_weight_bank" init file "..\user_source\ip_source\cnn\cnn_weight_bank0.bin"
SYN-2543 : Parsing BIN init file
SYN-2541 : Reading BRAM "u_isp_top/u_cnn_core/u_cnn_weight_rom/u_bank1/u_cnn_weight_bank" init file "..\user_source\ip_source\cnn\cnn_weight_bank1.bin"
SYN-2543 : Parsing BIN init file
SYN-2541 : Reading BRAM "u_isp_top/u_cnn_core/u_cnn_weight_rom/u_bank10/u_cnn_weight_bank" init file "..\user_source\ip_source\cnn\cnn_weight_bank10.bin"
SYN-2543 : Parsing BIN init file
SYN-2541 : Reading BRAM "u_isp_top/u_cnn_core/u_cnn_weight_rom/u_bank11/u_cnn_weight_bank" init file "..\user_source\ip_source\cnn\cnn_weight_bank11.bin"
SYN-2543 : Parsing BIN init file
SYN-2541 : Reading BRAM "u_isp_top/u_cnn_core/u_cnn_weight_rom/u_bank12/u_cnn_weight_bank" init file "..\user_source\ip_source\cnn\cnn_weight_bank12.bin"
SYN-2543 : Parsing BIN init file
SYN-2541 : Reading BRAM "u_isp_top/u_cnn_core/u_cnn_weight_rom/u_bank13/u_cnn_weight_bank" init file "..\user_source\ip_source\cnn\cnn_weight_bank13.bin"
SYN-2543 : Parsing BIN init file
SYN-2541 : Reading BRAM "u_isp_top/u_cnn_core/u_cnn_weight_rom/u_bank14/u_cnn_weight_bank" init file "..\user_source\ip_source\cnn\cnn_weight_bank14.bin"
SYN-2543 : Parsing BIN init file
SYN-2541 : Reading BRAM "u_isp_top/u_cnn_core/u_cnn_weight_rom/u_bank15/u_cnn_weight_bank" init file "..\user_source\ip_source\cnn\cnn_weight_bank15.bin"
SYN-2543 : Parsing BIN init file
SYN-2541 : Reading BRAM "u_isp_top/u_cnn_core/u_cnn_weight_rom/u_bank16/u_cnn_weight_bank" init file "..\user_source\ip_source\cnn\cnn_weight_bank16.bin"
SYN-2543 : Parsing BIN init file
SYN-2541 : Reading BRAM "u_isp_top/u_cnn_core/u_cnn_weight_rom/u_bank2/u_cnn_weight_bank" init file "..\user_source\ip_source\cnn\cnn_weight_bank2.bin"
SYN-2543 : Parsing BIN init file
SYN-2541 : Reading BRAM "u_isp_top/u_cnn_core/u_cnn_weight_rom/u_bank3/u_cnn_weight_bank" init file "..\user_source\ip_source\cnn\cnn_weight_bank3.bin"
SYN-2543 : Parsing BIN init file
SYN-2541 : Reading BRAM "u_isp_top/u_cnn_core/u_cnn_weight_rom/u_bank4/u_cnn_weight_bank" init file "..\user_source\ip_source\cnn\cnn_weight_bank4.bin"
SYN-2543 : Parsing BIN init file
SYN-2541 : Reading BRAM "u_isp_top/u_cnn_core/u_cnn_weight_rom/u_bank5/u_cnn_weight_bank" init file "..\user_source\ip_source\cnn\cnn_weight_bank5.bin"
SYN-2543 : Parsing BIN init file
SYN-2541 : Reading BRAM "u_isp_top/u_cnn_core/u_cnn_weight_rom/u_bank6/u_cnn_weight_bank" init file "..\user_source\ip_source\cnn\cnn_weight_bank6.bin"
SYN-2543 : Parsing BIN init file
SYN-2541 : Reading BRAM "u_isp_top/u_cnn_core/u_cnn_weight_rom/u_bank7/u_cnn_weight_bank" init file "..\user_source\ip_source\cnn\cnn_weight_bank7.bin"
SYN-2543 : Parsing BIN init file
SYN-2541 : Reading BRAM "u_isp_top/u_cnn_core/u_cnn_weight_rom/u_bank8/u_cnn_weight_bank" init file "..\user_source\ip_source\cnn\cnn_weight_bank8.bin"
SYN-2543 : Parsing BIN init file
SYN-2541 : Reading BRAM "u_isp_top/u_cnn_core/u_cnn_weight_rom/u_bank9/u_cnn_weight_bank" init file "..\user_source\ip_source\cnn\cnn_weight_bank9.bin"
SYN-2543 : Parsing BIN init file
SYN-1016 : Merged 2 instances.
SYN-1015 : Optimize round 7, 36 better
SYN-1014 : Optimize round 8
SYN-1017 : Remove 1 const input seq instances
SYN-2541 : Reading BRAM "u_isp_top/u_cnn_core/u_cnn_weight_rom/u_bank0/u_cnn_weight_bank" init file "..\user_source\ip_source\cnn\cnn_weight_bank0.bin"
SYN-2543 : Parsing BIN init file
SYN-2541 : Reading BRAM "u_isp_top/u_cnn_core/u_cnn_weight_rom/u_bank1/u_cnn_weight_bank" init file "..\user_source\ip_source\cnn\cnn_weight_bank1.bin"
SYN-2543 : Parsing BIN init file
SYN-2541 : Reading BRAM "u_isp_top/u_cnn_core/u_cnn_weight_rom/u_bank10/u_cnn_weight_bank" init file "..\user_source\ip_source\cnn\cnn_weight_bank10.bin"
SYN-2543 : Parsing BIN init file
SYN-2541 : Reading BRAM "u_isp_top/u_cnn_core/u_cnn_weight_rom/u_bank11/u_cnn_weight_bank" init file "..\user_source\ip_source\cnn\cnn_weight_bank11.bin"
SYN-2543 : Parsing BIN init file
SYN-2541 : Reading BRAM "u_isp_top/u_cnn_core/u_cnn_weight_rom/u_bank12/u_cnn_weight_bank" init file "..\user_source\ip_source\cnn\cnn_weight_bank12.bin"
SYN-2543 : Parsing BIN init file
SYN-2541 : Reading BRAM "u_isp_top/u_cnn_core/u_cnn_weight_rom/u_bank13/u_cnn_weight_bank" init file "..\user_source\ip_source\cnn\cnn_weight_bank13.bin"
SYN-2543 : Parsing BIN init file
SYN-2541 : Reading BRAM "u_isp_top/u_cnn_core/u_cnn_weight_rom/u_bank14/u_cnn_weight_bank" init file "..\user_source\ip_source\cnn\cnn_weight_bank14.bin"
SYN-2543 : Parsing BIN init file
SYN-2541 : Reading BRAM "u_isp_top/u_cnn_core/u_cnn_weight_rom/u_bank15/u_cnn_weight_bank" init file "..\user_source\ip_source\cnn\cnn_weight_bank15.bin"
SYN-2543 : Parsing BIN init file
SYN-2541 : Reading BRAM "u_isp_top/u_cnn_core/u_cnn_weight_rom/u_bank16/u_cnn_weight_bank" init file "..\user_source\ip_source\cnn\cnn_weight_bank16.bin"
SYN-2543 : Parsing BIN init file
SYN-2541 : Reading BRAM "u_isp_top/u_cnn_core/u_cnn_weight_rom/u_bank2/u_cnn_weight_bank" init file "..\user_source\ip_source\cnn\cnn_weight_bank2.bin"
SYN-2543 : Parsing BIN init file
SYN-2541 : Reading BRAM "u_isp_top/u_cnn_core/u_cnn_weight_rom/u_bank3/u_cnn_weight_bank" init file "..\user_source\ip_source\cnn\cnn_weight_bank3.bin"
SYN-2543 : Parsing BIN init file
SYN-2541 : Reading BRAM "u_isp_top/u_cnn_core/u_cnn_weight_rom/u_bank4/u_cnn_weight_bank" init file "..\user_source\ip_source\cnn\cnn_weight_bank4.bin"
SYN-2543 : Parsing BIN init file
SYN-2541 : Reading BRAM "u_isp_top/u_cnn_core/u_cnn_weight_rom/u_bank5/u_cnn_weight_bank" init file "..\user_source\ip_source\cnn\cnn_weight_bank5.bin"
SYN-2543 : Parsing BIN init file
SYN-2541 : Reading BRAM "u_isp_top/u_cnn_core/u_cnn_weight_rom/u_bank6/u_cnn_weight_bank" init file "..\user_source\ip_source\cnn\cnn_weight_bank6.bin"
SYN-2543 : Parsing BIN init file
SYN-2541 : Reading BRAM "u_isp_top/u_cnn_core/u_cnn_weight_rom/u_bank7/u_cnn_weight_bank" init file "..\user_source\ip_source\cnn\cnn_weight_bank7.bin"
SYN-2543 : Parsing BIN init file
SYN-2541 : Reading BRAM "u_isp_top/u_cnn_core/u_cnn_weight_rom/u_bank8/u_cnn_weight_bank" init file "..\user_source\ip_source\cnn\cnn_weight_bank8.bin"
SYN-2543 : Parsing BIN init file
SYN-2541 : Reading BRAM "u_isp_top/u_cnn_core/u_cnn_weight_rom/u_bank9/u_cnn_weight_bank" init file "..\user_source\ip_source\cnn\cnn_weight_bank9.bin"
SYN-2543 : Parsing BIN init file
SYN-1015 : Optimize round 8, 1 better
SYN-1001 : End Stage 1.6 | Optimize Iteratively; Time: 36.824873s wall, 36.125000s user + 0.312500s system = 36.437500s CPU (98.9%); Memory(MB): used = 1393, reserved = 1391, peak = 1609;

SYN-1079 : finish stage Optimize Iteratively. Total instances: 102227, Total nets: 111591.

SYN-1001 : Stage 1.7 | Check Design
SYN-1001 : End Stage 1.7 | Check Design; Time: 0.017968s wall, 0.015625s user + 0.000000s system = 0.015625s CPU (87.0%); Memory(MB): used = 1393, reserved = 1392, peak = 1609;

SYN-1079 : finish stage Check Design. Total instances: 102227, Total nets: 111591.

SYN-1001 : End Stage 1 | Optimize RTL; Time: 135.121902s wall, 132.453125s user + 1.265625s system = 133.718750s CPU (99.0%); Memory(MB): used = 1393, reserved = 1392, peak = 1609;

SYN-1079 : finish stage Optimize RTL. Total instances: 102227, Total nets: 111591.

RUN-1003 : finish command "optimize_rtl" in  135.129681s wall, 132.453125s user + 1.265625s system = 133.718750s CPU (99.0%)

RUN-1004 : used memory is 1393 MB, reserved memory is 1392 MB, peak memory is 1609 MB
RUN-1002 : start command "report_area -file camera_to_dsi_display_rtl.area"
RUN-1001 : standard
***Report Model: design_top_wrapper Device: PH1P35MDG324***

IO Statistics
#IO                        68
  #input                    2
  #output                  31
  #inout                   35

Gate Statistics
#Basic gates            81129
  #and                  29077
  #nand                     0
  #or                    6626
  #nor                      0
  #xor                     99
  #xnor                     0
  #buf                      0
  #not                  18108
  #bufif1                   1
  #MX21                  4453
  #FADD                     0
  #DFF                  22765
  #LATCH                    0
#MACRO_ADD                621
#MACRO_EQ                 371
#MACRO_MULT                19
#MACRO_MUX               9568
#MACRO_OTHERS              36

LUT Statistics
#Total_luts              4530
  #lut4                  2054
  #lut5                    44
  #lut6                   178
  #lut5_mx41                0
  #lut4_alu1b            2254

RUN-1002 : start command "export_db camera_to_dsi_display_rtl.db"
RUN-1001 : Exported flow parameters
RUN-1001 : Exported /
RUN-1001 : Exported libs
RUN-1001 : Exported entities
RUN-1001 : Exported ports
RUN-1001 : Exported pins
RUN-1001 : Exported instances
RUN-1001 : Exported nets
RUN-1001 : Exported buses
RUN-1001 : Exported models
RUN-1001 : Exported packer
RUN-1001 : Exported congestions
RUN-1001 : Exported violations
RUN-1001 : Exported ATMR Setting
RUN-1001 : Exported timing constraints
RUN-1001 : Exported IO constraints
RUN-1001 : Exported Inst constraints
RUN-1001 : Exported ChipWatcher
RUN-1002 : start command "commit_param -step gate"
RUN-1001 : Print Global Property
RUN-1001 : -------------------------------------------------------------
RUN-1001 :     Parameters    |   Settings   |  Default Values  |  Note  
RUN-1001 : -------------------------------------------------------------
RUN-1001 :    enable_seed    |     off      |       off        |        
RUN-1001 :    hfn_to_clock   |  1000000000  |    1000000000    |        
RUN-1001 :      message      |   standard   |     standard     |        
RUN-1001 :    qor_monitor    |      on      |        on        |        
RUN-1001 :   speedup_effort  |      0       |        0         |        
RUN-1001 :    syn_ip_flow    |     off      |       off        |        
RUN-1001 :       thread      |     auto     |       auto       |        
RUN-1001 : -------------------------------------------------------------
RUN-1001 : Print Gate Property
RUN-1001 : ----------------------------------------------------------------
RUN-1001 :       Parameters       |  Settings  |  Default Values  |  Note  
RUN-1001 : ----------------------------------------------------------------
RUN-1001 :   eram_cascade_height  |    auto    |       auto       |        
RUN-1001 :        map_mode        |    auto    |       auto       |        
RUN-1001 :      map_strategy      |     1      |        1         |        
RUN-1001 :       pack_effort      |   medium   |      medium      |        
RUN-1001 :     pack_seq_in_io     |    auto    |       auto       |        
RUN-1001 :         report         |  standard  |     standard     |        
RUN-1001 : ----------------------------------------------------------------
RUN-1002 : start command "optimize_gate -packarea camera_to_dsi_display_gate.area"
RUN-1001 : Open license file D:/Anlogic/TD_6.2.1_Engineer_6.2.168.116/license/Anlogic.lic
SYN-1001 : Stage 2 | Optimize Gate
SYN-1001 : Stage 2.1 | Map Reg
SYN-1001 : End Stage 2.1 | Map Reg; Time: 1.877062s wall, 1.859375s user + 0.015625s system = 1.875000s CPU (99.9%); Memory(MB): used = 1461, reserved = 1546, peak = 1609;

SYN-1079 : finish stage Map Reg. Total instances: 102227, Total nets: 111591.

SYN-1001 : Stage 2.2 | Map IO
SYN-2001 : Map 68 IOs to PADs of model 'design_top_wrapper'
SYN-1001 : End Stage 2.2 | Map IO; Time: 0.428506s wall, 0.421875s user + 0.000000s system = 0.421875s CPU (98.5%); Memory(MB): used = 1462, reserved = 1547, peak = 1609;

SYN-1001 : Stage 2.3 | Map Macro
RUN-1002 : start command "update_pll_param -module design_top_wrapper"
SYN-2501 : Processed 0 LOGIC_BUF instances.
SYN-2501 : 3 BUFG to GCLK
SYN-2541 : Logic Ram FIFO "u_hdmi_tx/u_hdmi_1_4b_transmitter_core_wrapper/u_hdmi_tx_controller_wrapper/u_hdmi_island_data_gen/U_audio_sample_packet_2_channel/u_w96_d1024_fifo/u_logic_ramfifo"
SYN-2541 : Logic Ram FIFO "u_hdmi_tx/u_hdmi_1_4b_transmitter_core_wrapper/u_hdmi_tx_controller_wrapper/u_video_axi_stream_receiver/u_w24_d1024_fifo/u_logic_ramfifo"
SYN-2541 : Reading BRAM "u_isp_top/u_cnn_core/u_cnn_weight_rom/u_bank0/u_cnn_weight_bank" init file "..\user_source\ip_source\cnn\cnn_weight_bank0.bin"
SYN-2543 : Parsing BIN init file
SYN-2541 : Reading BRAM "u_isp_top/u_cnn_core/u_cnn_weight_rom/u_bank1/u_cnn_weight_bank" init file "..\user_source\ip_source\cnn\cnn_weight_bank1.bin"
SYN-2543 : Parsing BIN init file
SYN-2541 : Reading BRAM "u_isp_top/u_cnn_core/u_cnn_weight_rom/u_bank10/u_cnn_weight_bank" init file "..\user_source\ip_source\cnn\cnn_weight_bank10.bin"
SYN-2543 : Parsing BIN init file
SYN-2541 : Reading BRAM "u_isp_top/u_cnn_core/u_cnn_weight_rom/u_bank11/u_cnn_weight_bank" init file "..\user_source\ip_source\cnn\cnn_weight_bank11.bin"
SYN-2543 : Parsing BIN init file
SYN-2541 : Reading BRAM "u_isp_top/u_cnn_core/u_cnn_weight_rom/u_bank12/u_cnn_weight_bank" init file "..\user_source\ip_source\cnn\cnn_weight_bank12.bin"
SYN-2543 : Parsing BIN init file
SYN-2541 : Reading BRAM "u_isp_top/u_cnn_core/u_cnn_weight_rom/u_bank13/u_cnn_weight_bank" init file "..\user_source\ip_source\cnn\cnn_weight_bank13.bin"
SYN-2543 : Parsing BIN init file
SYN-2541 : Reading BRAM "u_isp_top/u_cnn_core/u_cnn_weight_rom/u_bank14/u_cnn_weight_bank" init file "..\user_source\ip_source\cnn\cnn_weight_bank14.bin"
SYN-2543 : Parsing BIN init file
SYN-2541 : Reading BRAM "u_isp_top/u_cnn_core/u_cnn_weight_rom/u_bank15/u_cnn_weight_bank" init file "..\user_source\ip_source\cnn\cnn_weight_bank15.bin"
SYN-2543 : Parsing BIN init file
SYN-2541 : Reading BRAM "u_isp_top/u_cnn_core/u_cnn_weight_rom/u_bank16/u_cnn_weight_bank" init file "..\user_source\ip_source\cnn\cnn_weight_bank16.bin"
SYN-2543 : Parsing BIN init file
SYN-2541 : Reading BRAM "u_isp_top/u_cnn_core/u_cnn_weight_rom/u_bank2/u_cnn_weight_bank" init file "..\user_source\ip_source\cnn\cnn_weight_bank2.bin"
SYN-2543 : Parsing BIN init file
SYN-2541 : Reading BRAM "u_isp_top/u_cnn_core/u_cnn_weight_rom/u_bank3/u_cnn_weight_bank" init file "..\user_source\ip_source\cnn\cnn_weight_bank3.bin"
SYN-2543 : Parsing BIN init file
SYN-2541 : Reading BRAM "u_isp_top/u_cnn_core/u_cnn_weight_rom/u_bank4/u_cnn_weight_bank" init file "..\user_source\ip_source\cnn\cnn_weight_bank4.bin"
SYN-2543 : Parsing BIN init file
SYN-2541 : Reading BRAM "u_isp_top/u_cnn_core/u_cnn_weight_rom/u_bank5/u_cnn_weight_bank" init file "..\user_source\ip_source\cnn\cnn_weight_bank5.bin"
SYN-2543 : Parsing BIN init file
SYN-2541 : Reading BRAM "u_isp_top/u_cnn_core/u_cnn_weight_rom/u_bank6/u_cnn_weight_bank" init file "..\user_source\ip_source\cnn\cnn_weight_bank6.bin"
SYN-2543 : Parsing BIN init file
SYN-2541 : Reading BRAM "u_isp_top/u_cnn_core/u_cnn_weight_rom/u_bank7/u_cnn_weight_bank" init file "..\user_source\ip_source\cnn\cnn_weight_bank7.bin"
SYN-2543 : Parsing BIN init file
SYN-2541 : Reading BRAM "u_isp_top/u_cnn_core/u_cnn_weight_rom/u_bank8/u_cnn_weight_bank" init file "..\user_source\ip_source\cnn\cnn_weight_bank8.bin"
SYN-2543 : Parsing BIN init file
SYN-2541 : Reading BRAM "u_isp_top/u_cnn_core/u_cnn_weight_rom/u_bank9/u_cnn_weight_bank" init file "..\user_source\ip_source\cnn\cnn_weight_bank9.bin"
SYN-2543 : Parsing BIN init file
SYN-5041 WARNING: Ram Inst: u_mc_to_user_interface/U_w155_d512_fifo/soft_fifo_al_f58e8b3e1f3d_Inst/ram_inst/ramread0_syn_22 has wrong RAM_STYLE/ROM_STYLE setting, AUTO is really used in ram inference
SYN-5041 WARNING: Ram Inst: u_video_in/U_w128_d512_fifo/soft_fifo_al_4057d6b76aa6_Inst/ram_inst/ramread0_syn_21 has wrong RAM_STYLE/ROM_STYLE setting, AUTO is really used in ram inference
SYN-5041 WARNING: Ram Inst: u_video_out/U_w128_d512_fifo/soft_fifo_al_4057d6b76aa6_Inst/ram_inst/ramread0_syn_21 has wrong RAM_STYLE/ROM_STYLE setting, AUTO is really used in ram inference
SYN-2571 : Map 19 macro multiplier
SYN-2571 : Optimize after map_dsp, round 1
SYN-1016 : Merged 42 instances.
SYN-2571 : Optimize after map_dsp, round 1, 42 better
SYN-2571 : Optimize after map_dsp, round 2
SYN-2571 : Optimize after map_dsp, round 2, 0 better
SYN-2601 : All the used dsp number is 19
SYN-1001 : Throwback 715 control mux instances
SYN-1001 : clone 1 adder instances
SYN-1001 : Generate 76 bigger adders
SYN-1001 : Convert 26 adder
8.888000
15.000000
15.000000
19.230000
SYN-1001 : Optimize 136 adders
SYN-1001 : Convert 6 adder
SYN-2501 : Optimize round 1
SYN-1016 : Merged 931 instances.
SYN-2501 : Optimize round 1, 3183 better
SYN-2501 : Optimize round 2
SYN-2501 : Optimize round 2, 12 better
SYN-2501 : Optimize round 1
SYN-2501 : Optimize round 1, 0 better
SYN-1030 : Map 32 macro adder
SYN-1031 : Map 21 macro less-than
SYN-2501 : Map 488 macro adder(s)
SYN-3009 : Map 1162 FxMUX in MapMacro
SYN-1019 : Optimized 818 mux instances.
SYN-1016 : Merged 2714 instances.
SYN-5011 WARNING: Undriven pin: model "design_top_wrapper" / inst "u_ph1p35_324_ddr_wrapper/u_ddr2/ph1p_ddrmc_wrapper/ph1p_ddrmc_top/u_ddr_phy/u_ddrphy_top/u_ddrphy_init/ramread0_syn_24" in ../user_source/hdl_source/ip/memory/ph1p35_ddr/ddr2/src/rtl/phy/ph1p_ddrphy_init.v(73) / pin "di[7]"
SYN-5011 WARNING: Undriven pin: model "design_top_wrapper" / inst "u_ph1p35_324_ddr_wrapper/u_ddr2/ph1p_ddrmc_wrapper/ph1p_ddrmc_top/u_ddr_phy/u_ddrphy_top/u_ddrphy_init/ramread0_syn_24" in ../user_source/hdl_source/ip/memory/ph1p35_ddr/ddr2/src/rtl/phy/ph1p_ddrphy_init.v(73) / pin "di[6]"
SYN-5011 WARNING: Undriven pin: model "design_top_wrapper" / inst "u_ph1p35_324_ddr_wrapper/u_ddr2/ph1p_ddrmc_wrapper/ph1p_ddrmc_top/u_ddr_phy/u_ddrphy_top/u_ddrphy_init/ramread0_syn_24" in ../user_source/hdl_source/ip/memory/ph1p35_ddr/ddr2/src/rtl/phy/ph1p_ddrphy_init.v(73) / pin "di[5]"
SYN-5011 WARNING: Undriven pin: model "design_top_wrapper" / inst "u_ph1p35_324_ddr_wrapper/u_ddr2/ph1p_ddrmc_wrapper/ph1p_ddrmc_top/u_ddr_phy/u_ddrphy_top/u_ddrphy_init/ramread0_syn_24" in ../user_source/hdl_source/ip/memory/ph1p35_ddr/ddr2/src/rtl/phy/ph1p_ddrphy_init.v(73) / pin "di[4]"
SYN-5011 WARNING: Undriven pin: model "design_top_wrapper" / inst "u_ph1p35_324_ddr_wrapper/u_ddr2/ph1p_ddrmc_wrapper/ph1p_ddrmc_top/u_ddr_phy/u_ddrphy_top/u_ddrphy_init/ramread0_syn_24" in ../user_source/hdl_source/ip/memory/ph1p35_ddr/ddr2/src/rtl/phy/ph1p_ddrphy_init.v(73) / pin "di[3]"
SYN-5011 WARNING: Undriven pin: model "design_top_wrapper" / inst "u_ph1p35_324_ddr_wrapper/u_ddr2/ph1p_ddrmc_wrapper/ph1p_ddrmc_top/u_ddr_phy/u_ddrphy_top/u_ddrphy_init/ramread0_syn_24" in ../user_source/hdl_source/ip/memory/ph1p35_ddr/ddr2/src/rtl/phy/ph1p_ddrphy_init.v(73) / pin "di[2]"
SYN-5011 WARNING: Undriven pin: model "design_top_wrapper" / inst "u_ph1p35_324_ddr_wrapper/u_ddr2/ph1p_ddrmc_wrapper/ph1p_ddrmc_top/u_ddr_phy/u_ddrphy_top/u_ddrphy_init/ramread0_syn_24" in ../user_source/hdl_source/ip/memory/ph1p35_ddr/ddr2/src/rtl/phy/ph1p_ddrphy_init.v(73) / pin "di[1]"
SYN-5011 WARNING: Undriven pin: model "design_top_wrapper" / inst "u_ph1p35_324_ddr_wrapper/u_ddr2/ph1p_ddrmc_wrapper/ph1p_ddrmc_top/u_ddr_phy/u_ddrphy_top/u_ddrphy_init/ramread0_syn_24" in ../user_source/hdl_source/ip/memory/ph1p35_ddr/ddr2/src/rtl/phy/ph1p_ddrphy_init.v(73) / pin "di[0]"
SYN-5011 WARNING: Undriven pin: model "design_top_wrapper" / inst "u_ph1p35_324_ddr_wrapper/u_ddr2/ph1p_ddrmc_wrapper/ph1p_ddrmc_top/u_ddr_phy/u_ddrphy_top/u_ddrphy_init/ramread0_syn_25" in ../user_source/hdl_source/ip/memory/ph1p35_ddr/ddr2/src/rtl/phy/ph1p_ddrphy_init.v(73) / pin "di[7]"
SYN-5011 WARNING: Undriven pin: model "design_top_wrapper" / inst "u_ph1p35_324_ddr_wrapper/u_ddr2/ph1p_ddrmc_wrapper/ph1p_ddrmc_top/u_ddr_phy/u_ddrphy_top/u_ddrphy_init/ramread0_syn_25" in ../user_source/hdl_source/ip/memory/ph1p35_ddr/ddr2/src/rtl/phy/ph1p_ddrphy_init.v(73) / pin "di[6]"
SYN-5011 Similar messages will be suppressed.
SYN-5025 WARNING: Using 0 for all undriven pins and nets
SYN-1001 : End Stage 2.3 | Map Macro; Time: 20.175074s wall, 19.703125s user + 0.156250s system = 19.859375s CPU (98.4%); Memory(MB): used = 1594, reserved = 1669, peak = 1609;

SYN-1079 : finish stage Map Macro. Total instances: 111628, Total nets: 122363.

SYN-1001 : Stage 2.4 | Map Gate
SYN-3001 : Collect 10175 PI 7176 PO (106 timing unconstrained) for mapping
SYN-2581 : Mapping with K=6, #lut = 12938 (4.31), #lev = 15 (2.87), #crit_level = 0
SYN-2551 : Post LUT mapping optimization.
SYN-2581 : Mapping with K=6, #lut = 12624 (4.25), #lev = 15 (2.89), #crit_level = 0
SYN-3001 : Logic optimization opt = 9.42 sec, map = 1.90 sec, post map opt = 39.98 sec.
SYN-1001 : End Stage 2.4 | Map Gate; Time: 67.780777s wall, 66.859375s user + 0.359375s system = 67.218750s CPU (99.2%); Memory(MB): used = 1635, reserved = 1708, peak = 1637;

SYN-1001 : Packing model "design_top_wrapper" ...
SYN-1001 : Stage 2.5 | Pack Gate
SYN-4010 : Pack lib has 43 rtl pack models with 26 top pack blocks
SYN-1014 : Optimize round 1
SYN-1015 : Optimize round 1, 0 better
SYN-4002 : Packing 19491 DFF/LATCH to SEQ ...
SYN-1001 : Remove 254 carry adders
RUN-1002 : start command "start_timer"
8.888000
15.000000
15.000000
19.230000
RUN-1003 : finish command "start_timer" in  1.415048s wall, 1.375000s user + 0.000000s system = 1.375000s CPU (97.2%)

RUN-1004 : used memory is 1606 MB, reserved memory is 1679 MB, peak memory is 1637 MB
RUN-1002 : start command "end_timer"
SYN-4009 : Pack 213 carry chain into lslice
SYN-1001 : End Stage 2.5 | Pack Gate; Time: 3.737678s wall, 3.640625s user + 0.046875s system = 3.687500s CPU (98.7%); Memory(MB): used = 1607, reserved = 1680, peak = 1637;

RUN-1002 : start command "report_qor -step gate -file gate.qor"
RUN-1002 : start command "start_timer"
RUN-1003 : finish command "start_timer" in  1.689272s wall, 1.625000s user + 0.015625s system = 1.640625s CPU (97.1%)

RUN-1004 : used memory is 1608 MB, reserved memory is 1681 MB, peak memory is 1637 MB
-----------------------------------------------------------
| QoR metrics               |         value               |
-----------------------------------------------------------
| Timing                    |                             |
|     Setup WNS             |          819                |
|     Setup TNS             |            0                |
|     Num of violated S-EP  |            0                |
|     Hold WNS              |          114                |
|     Hold TNS              |            0                |
|     Num of violated H-EP  |            0                |
-----------------------------------------------------------
| Utilization               |                             |
|     #registers            |        19491                |
|     #luts                 |        15246                |
|     #lut1                 |          110                |
|     #lut1(~A)             |          110                |
|     #slices               |         5896                |
|     slices percentage     |       27.79%                |
|     #RAMs                 |          108                |
|     #DSPs                 |           19                |
|     #f7mux                |        7.65%                |
|     #MACROs               |          761                |
|     #insts in MACRO       |         6463                |
-----------------------------------------------------------
| kept_net                  |                             |
|     #syn_keep             |         2501                |
|     #keep_hier            |          844                |
|     #dont_touch           |            0                |
|     #mark_debug           |            0                |
|     #max_fanout_keep      |            0                |
|     #async_reg            |            0                |
-----------------------------------------------------------
| Top 10% datanet fanout#   |        59.16                |
| dff(single fanout)->dff   |         1314                |
| dff(single fanout)->dram  |          129                |
-----------------------------------------------------------
| Over-quota path num*      |                             |
|     Total                 |            0                |
-----------------------------------------------------------
| Rent**                    |                             |
-----------------------------------------------------------
Note*: Over-quota path shows the over-path-level-threshold path number of each clock.
       The clock will not be shown if no path is with path level over the threshold.
       The threshold is defined as worst path_margin / 800ps.
Note**: Rent shows the rent exponent value of the modules whose rent value exceeds the threshold.
        Only modules under top are reported, and the threshold is defined as 0.7.

Logic Level Distribution
-------------------------------------------------------------------------------------------------------------------------------------------------------------------------------------------------------------------------------------------------
  Clock                                                                                               |  Period             |  0      |  1     |  2     |  3     |  4     |  5     |  6     |  7     |  8    |  9   |  10   |  11  |  15  |  16
-------------------------------------------------------------------------------------------------------------------------------------------------------------------------------------------------------------------------------------------------
  HDMI_PIXEL_CLK                                                                                      |  19.230ns (52MHz)   |  1473   |  723   |  138   |  205   |  180   |  64    |  12    |  1     |  1    |  0   |  0    |  0   |  2   |  22
  HDMI_SERIAL_CLK                                                                                     |  3.846ns (260MHz)   |  20     |  41    |  0     |  0     |  0     |  0     |  0     |  0     |  0    |  0   |  0    |  0   |  0   |  0
  MIPI_RX_BYTE_CLK                                                                                    |  8.888ns (112MHz)   |  7241   |  3580  |  2782  |  3958  |  981   |  2384  |  1291  |  1090  |  26   |  0   |  2    |  4   |  0   |  0
  mipi_rx_ck_pad                                                                                      |  2.222ns (450MHz)   |  0      |  0     |  0     |  0     |  0     |  0     |  0     |  0     |  0    |  0   |  0    |  0   |  0   |  0
  pll_clk_100m                                                                                        |  10.000ns (100MHz)  |  5      |  3     |  2     |  0     |  0     |  0     |  0     |  0     |  0    |  0   |  0    |  0   |  0   |  0
  pll_clk_24m                                                                                         |  41.538ns (24MHz)   |  37     |  37    |  9     |  53    |  22    |  4     |  0     |  0     |  0    |  0   |  0    |  0   |  0   |  0
  sys_clk_50m                                                                                         |  20.000ns (50MHz)   |  131    |  2     |  0     |  106   |  0     |  0     |  0     |  0     |  0    |  0   |  0    |  0   |  0   |  0
  u_mipi_dphy_rx_ph1p_mipiio_wrapper/u_ph1p_mipiio_rx_wrapper/u_PH1P_LOGIC_DPHY_MIPI_RX.io_clk_pad_p  |  2.222ns (450MHz)   |  0      |  0     |  0     |  0     |  0     |  0     |  0     |  0     |  0    |  0   |  0    |  0   |  0   |  0
  u_mipi_dphy_rx_ph1p_mipiio_wrapper/u_ph1p_mipiio_rx_wrapper/u_PH1P_LOGIC_DPHY_MIPI_RX.tif_c16_in    |  8.888ns (112MHz)   |  0      |  0     |  0     |  0     |  0     |  0     |  0     |  0     |  0    |  0   |  0    |  0   |  0   |  0
  u_ph1p35_324_ddr_wrapper/u_ddr2/ctl_clk                                                             |  15.000ns (66MHz)   |  0      |  0     |  0     |  0     |  0     |  0     |  0     |  0     |  0    |  0   |  0    |  0   |  0   |  0
  u_ph1p35_324_ddr_wrapper/u_ddr2/ddr_clk                                                             |  3.750ns (266MHz)   |  0      |  0     |  0     |  0     |  0     |  0     |  0     |  0     |  0    |  0   |  0    |  0   |  0   |  0
  u_ph1p35_324_ddr_wrapper/u_ddr2/mcu_clk                                                             |  39.374ns (25MHz)   |  56     |  15    |  4     |  255   |  2     |  4     |  1     |  2     |  0    |  0   |  0    |  0   |  0   |  0
  u_ph1p35_324_ddr_wrapper/u_ddr2/ref_clk                                                             |  15.000ns (66MHz)   |  0      |  0     |  0     |  0     |  0     |  0     |  0     |  0     |  0    |  0   |  0    |  0   |  0   |  0
  u_ph1p35_324_ddr_wrapper/u_ddr2/usr_clk                                                             |  15.000ns (66MHz)   |  2706   |  1645  |  761   |  904   |  675   |  523   |  204   |  59    |  199  |  35  |  107  |  2   |  0   |  0
  Total                                                                                               |  NA                 |  11669  |  6046  |  3696  |  5481  |  1860  |  2979  |  1508  |  1152  |  226  |  35  |  109  |  6   |  2   |  22
-------------------------------------------------------------------------------------------------------------------------------------------------------------------------------------------------------------------------------------------------
Note: The table count the worst 100000 paths, each endpoint count only one time.(34791 paths analyzed)

Hierarchical Rent Exponent Report
+---------------------------------------------------------------------------------------------+
|Inst                       |Model                     |Rent     |Cell     |Pin     |Term     |
+---------------------------------------------------------------------------------------------+
|top                        |design_top_wrapper        |0.18     |47222    |212562  |30       |
|  u_hdmi_tx                |hdmi_tx_6                 |0.48     |2300     |8266    |145      |
|  u_ph1p35_324_ddr_wrapper |ph1p35_324_ddr_wrapper_13 |0.47     |9979     |44983   |332      |
|  u_hdmi_mixer             |hdmi_mixer_5              |0.41     |3357     |20205   |173      |
|  u_isp_top                |isp_top_9                 |0.37     |26955    |123583  |204      |
+---------------------------------------------------------------------------------------------+
Note: Cell represents total number of cells inside module; Pin represents total number of pins
      which have net connection inside module; Term represents total number of PIs and POs of module.
      Rent represents the relationship between number of terms and number of cells in module.
      A module with higher rent corresponds to highly connected logic and strong connectivity with others.
Report gate stage QoR done.

SYN-1001 : The design has 611 dangling syn_keep insts.
RUN-1003 : finish command "report_qor -step gate -file gate.qor" in  5.482151s wall, 5.359375s user + 0.031250s system = 5.390625s CPU (98.3%)

RUN-1004 : used memory is 1637 MB, reserved memory is 1710 MB, peak memory is 1637 MB
RUN-1002 : start command "report_area -file camera_to_dsi_display_gate.area"
SYN-4034 : The count of slices with lut is 1838.
SYN-4035 : The count of slices with lut+ripple is 3522.
RUN-1001 : standard
***Report Model: design_top_wrapper Device: PH1P35MDG324***

Design Statistics
#IO                        58   out of    160   36.25%
  #input                    2
  #output                  31
  #inout                   25
#lut                    21142
  #lut1                   110
  #lut2                  1935
  #lut3                  4832
  #lut4                  2144
  #lut5                  2086
  #lut6                 10035
#reg                    19491
  #slice reg            19491   out of  42432   45.93%
  #pad reg                  0

Utilization Statistics
#slice*                 17759   out of  21216   83.71%
  #used ram               536
    #dram lut             424
    #shifter lut          112
  #used logic           17223
    #with luts*         12103
    #with adder          3522
    #reg only*           1598
#f7mux                    812   out of  10608    7.65%
#f8mux                    350   out of   5304    6.60%
#eram                     108   out of    108  100.00%
  #eram20k                108
  #fifo20k                  0
#dsp                       19   out of     40   47.50%
#ddr_byte                   6   out of     12   50.00%
#mipi_tx                    0   out of      2    0.00%
#mipi_rx                    1   out of      2   50.00%
#pad                       17   out of    160   10.62%
#pll                        3   out of      6   50.00%
#gclk                       3   out of     32    9.38%
#lclk                       0   out of     12    0.00%
#sclk                       0   out of     48    0.00%
#mlclk                      2   out of      6   33.33%
#ioclk                      4   out of     18   22.22%

* Note! The LUT and Slice count after Optimize-Gate is not the final value, Run Optimize-place for a more realistic count.

SYN-1001 : End Stage 2 | Optimize Gate; Time: 99.874222s wall, 98.234375s user + 0.609375s system = 98.843750s CPU (99.0%); Memory(MB): used = 1637, reserved = 1710, peak = 1637;

RUN-1003 : finish command "optimize_gate -packarea camera_to_dsi_display_gate.area" in  99.882788s wall, 98.234375s user + 0.609375s system = 98.843750s CPU (99.0%)

RUN-1004 : used memory is 1637 MB, reserved memory is 1710 MB, peak memory is 1637 MB
RUN-1002 : start command "legalize_phy_inst"
SYN-1001 : Stage 3 | Legalize Phy Inst
SYN-1011 : Flatten model design_top_wrapper
SYN-1001 : ADC: Instance "u_ph1p35_324_ddr_wrapper/u_ddr2/ph1p_ddrmc_wrapper/ph1p_ddrmc_top/u_ddr_phy/u_ddrphy_top/u_ddrphy/ac_byte[0]$ac_byte_used$u_ddrphy_ac_byte_wrapper/u_ddrphy_byte" LOCATION="X0Y70Z0"
SYN-1001 : ADC: Instance "u_ph1p35_324_ddr_wrapper/u_ddr2/ph1p_ddrmc_wrapper/ph1p_ddrmc_top/u_ddr_phy/u_ddrphy_top/u_ddrphy/ac_byte[1]$ac_byte_used$u_ddrphy_ac_byte_wrapper/u_ddrphy_byte" LOCATION="X0Y60Z0"
SYN-1001 : ADC: Instance "u_ph1p35_324_ddr_wrapper/u_ddr2/ph1p_ddrmc_wrapper/ph1p_ddrmc_top/u_ddr_phy/u_ddrphy_top/u_ddrphy/ac_byte[2]$ac_byte_used$u_ddrphy_ac_byte_wrapper/u_ddrphy_byte" LOCATION="X0Y50Z0"
SYN-1001 : ADC: Instance "u_ph1p35_324_ddr_wrapper/u_ddr2/ph1p_ddrmc_wrapper/ph1p_ddrmc_top/u_ddr_phy/u_ddrphy_top/u_ddrphy/ac_byte[3]$ac_byte_used$u_ddrphy_ac_byte_wrapper/u_ddrphy_byte" LOCATION="X0Y40Z0"
SYN-1001 : ADC: Instance "u_ph1p35_324_ddr_wrapper/u_ddr2/ph1p_ddrmc_wrapper/ph1p_ddrmc_top/u_ddr_phy/u_ddrphy_top/u_ddrphy/bkref[0]$u_ddrphy_bankref" LOCATION="X0Y19Z0"
SYN-1001 : ADC: Instance "u_ph1p35_324_ddr_wrapper/u_ddr2/ph1p_ddrmc_wrapper/ph1p_ddrmc_top/u_ddr_phy/u_ddrphy_top/u_ddrphy/bkref[1]$u_ddrphy_bankref" LOCATION="X0Y59Z0"
SYN-1001 : ADC: Instance "u_ph1p35_324_ddr_wrapper/u_ddr2/ph1p_ddrmc_wrapper/ph1p_ddrmc_top/u_ddr_phy/u_ddrphy_top/u_ddrphy/dx_byte[0]$dx_byte_used$u_ddrphy_dx_byte_wrapper/u_ddrphy_byte" LOCATION="X0Y30Z0"
SYN-1001 : ADC: Instance "u_ph1p35_324_ddr_wrapper/u_ddr2/ph1p_ddrmc_wrapper/ph1p_ddrmc_top/u_ddr_phy/u_ddrphy_top/u_ddrphy/dx_byte[1]$dx_byte_used$u_ddrphy_dx_byte_wrapper/u_ddrphy_byte" LOCATION="X0Y10Z0"
SYN-1001 : ADC: Instance "u_ph1p35_324_ddr_wrapper/u_ddr2/ph1p_ddrmc_wrapper/ph1p_ddrmc_top/u_ddr_phy/u_ddrphy_top/u_ddrphy_clk/ioclk[0]$u_ioclk_0" LOCATION="X0Y59Z0"
SYN-1001 : ADC: Instance "u_ph1p35_324_ddr_wrapper/u_ddr2/ph1p_ddrmc_wrapper/ph1p_ddrmc_top/u_ddr_phy/u_ddrphy_top/u_ddrphy_clk/ioclk[0]$u_ioclk_1" LOCATION="X0Y59Z1"
SYN-1001 : ADC: Instance "u_ph1p35_324_ddr_wrapper/u_ddr2/ph1p_ddrmc_wrapper/ph1p_ddrmc_top/u_ddr_phy/u_ddrphy_top/u_ddrphy_clk/ioclk[1]$u_ioclk_0" LOCATION="X0Y19Z0"
SYN-1001 : ADC: Instance "u_ph1p35_324_ddr_wrapper/u_ddr2/ph1p_ddrmc_wrapper/ph1p_ddrmc_top/u_ddr_phy/u_ddrphy_top/u_ddrphy_clk/ioclk[1]$u_ioclk_1" LOCATION="X0Y19Z1"
SYN-1001 : ADC: Instance "u_ph1p35_324_ddr_wrapper/u_ddr2/ph1p_ddrmc_wrapper/ph1p_ddrmc_top/u_ddr_phy/u_ddrphy_top/u_ddrphy_clk/u_mlclk_1" LOCATION="X0Y59Z0"
SYN-1001 : ADC: Instance "u_ph1p35_324_ddr_wrapper/u_ddr2/ph1p_ddrmc_wrapper/ph1p_ddrmc_top/u_ddr_phy/u_ddrphy_top/u_ddrphy_clk/u_mlclk_2" LOCATION="X0Y59Z1"
SYN-1001 : ADC: Instance "u_ph1p35_324_ddr_wrapper/u_ddr2/ph1p_ddrmc_wrapper/ph1p_ddrmc_top/u_ddr_phy/u_ddrphy_top/u_ddrphy_clk/u_pll0/u_pll_inst" LOCATION="X0Y40Z0"
SYN-1001 : ADC: Instance "u_ph1p35_324_ddr_wrapper/u_ddr2/ph1p_ddrmc_wrapper/ph1p_ddrmc_top/u_ddr_phy/u_ddrphy_top/u_ddrphy_clk/u_pll1/u_pll_inst" LOCATION="X0Y79Z0"
SYN-1001 : End Stage 3 | Legalize Phy Inst; Time: 0.162252s wall, 0.156250s user + 0.015625s system = 0.171875s CPU (105.9%); Memory(MB): used = 1637, reserved = 1710, peak = 1637;

RUN-1002 : start command "update_timing"
RUN-1002 : start command "start_timer"
RUN-1003 : finish command "start_timer" in  1.502229s wall, 1.453125s user + 0.031250s system = 1.484375s CPU (98.8%)

RUN-1004 : used memory is 1637 MB, reserved memory is 1709 MB, peak memory is 1637 MB
RUN-1003 : finish command "update_timing" in  2.623916s wall, 2.515625s user + 0.031250s system = 2.546875s CPU (97.1%)

RUN-1004 : used memory is 1637 MB, reserved memory is 1710 MB, peak memory is 1637 MB
RUN-1002 : start command "report_timing_status -file camera_to_dsi_display_gate.ts"
RUN-1002 : start command "report_timing_summary -file camera_to_dsi_display_gate.timing"
RUN-1002 : start command "flow_status -file flow.status"
Location         : D:\anlu\rtl\td_project
Running with     : Tang Dynasty v6.2.168116
                   Copyright (c) 2012-2025 Anlogic Inc.
Top Model        : design_top_wrapper
Device           : PH1P35MDG324
Speed            : 3

Timing Mode      : basic
Setup            : WNS   819ps  TNS        0ps  NUM_FEPS     0
Hold             : WNS   114ps  TNS        0ps  NUM_FEPS     0

Flow Statistics  :
RUN-1001 : Flow Statistics:
RUN-1001 : ---------------------------------------------------------------------------------------------------
RUN-1001 :      command     |  #calls  |  wall time   |  cpu time(s)  |  used memory(mb)  |  peak memory(mb)  
RUN-1001 : ---------------------------------------------------------------------------------------------------
RUN-1001 :   optimize_rtl   |    1     |  2m15s(57%)  |   133(57%)    |       1393        |       1609        
RUN-1001 :   optimize_gate  |    1     |  1m39s(42%)  |    98(42%)    |       1637        |       1637        
RUN-1001 :   import_device  |    1     |    1s(0%)    |     1(0%)     |        324        |        324        
RUN-1001 :     read_adc     |    1     |    0s(0%)    |     0(0%)     |       1112        |       1113        
RUN-1001 :     read_sdc     |    3     |    0s(0%)    |     0(0%)     |       1107        |       1113        
RUN-1001 : ---------------------------------------------------------------------------------------------------
RUN-1001 :       total      |    7     |    3m55s     |      232      |       1637        |       1637        
RUN-1001 : ---------------------------------------------------------------------------------------------------
RUN-1002 : start command "export_db camera_to_dsi_display_gate.db"
RUN-1001 : Exported flow parameters
RUN-1001 : Exported /
RUN-1001 : Exported libs
RUN-1001 : Exported entities
RUN-1001 : Exported ports
RUN-1001 : Exported pins
RUN-1001 : Exported instances
RUN-1001 : Exported nets
RUN-1001 : Exported buses
RUN-1001 : Exported models
RUN-1001 : Exported packer
RUN-1001 : Exported congestions
RUN-1001 : Exported violations
RUN-1001 : Exported ATMR Setting
RUN-1001 : Exported timing constraints
RUN-1001 : Exported IO constraints
RUN-1001 : Exported Inst constraints
RUN-1001 : Exported ChipWatcher
RUN-1002 : start command "commit_param -step place"
RUN-1001 : Print Global Property
RUN-1001 : -------------------------------------------------------------
RUN-1001 :     Parameters    |   Settings   |  Default Values  |  Note  
RUN-1001 : -------------------------------------------------------------
RUN-1001 :    enable_seed    |     off      |       off        |        
RUN-1001 :    hfn_to_clock   |  1000000000  |    1000000000    |        
RUN-1001 :      message      |   standard   |     standard     |        
RUN-1001 :    qor_monitor    |      on      |        on        |        
RUN-1001 :   speedup_effort  |      0       |        0         |        
RUN-1001 :    syn_ip_flow    |     off      |       off        |        
RUN-1001 :       thread      |     auto     |       auto       |        
RUN-1001 : -------------------------------------------------------------
RUN-1001 : Print Place Property
RUN-1001 : ---------------------------------------------------------------
RUN-1001 :       Parameters      |  Settings  |  Default Values  |  Note  
RUN-1001 : ---------------------------------------------------------------
RUN-1001 :         effort        |   medium   |      medium      |        
RUN-1001 :     hfn_opt_effort    |   medium   |      medium      |        
RUN-1001 :    logic_level_opt    |    off     |       off        |        
RUN-1001 :   macro_performance   |    auto    |       auto       |        
RUN-1001 :       max_fanout      |   999999   |      999999      |        
RUN-1001 :       opt_timing      |   medium   |      medium      |        
RUN-1001 :     post_place_opt    |    auto    |       auto       |        
RUN-1001 :      pr_strategy      |     1      |        1         |        
RUN-1001 :   preplace_floorplan  |    off     |       off        |        
RUN-1001 : ---------------------------------------------------------------
RUN-1002 : start command "insert_debugger"
RUN-1002 : start command "place"
RUN-1001 : Open license file D:/Anlogic/TD_6.2.1_Engineer_6.2.168.116/license/Anlogic.lic
PHY-3001 : Placer runs in 32 thread(s).
PHY-1001 : Stage 1 | Initialize Design
PHY-1001 : Stage 1.1 | Build Design
PHY-1001 : 14908 luts, 19491 seqs, 536 mslices, 5360 lslices, 54 pads, 108 brams, 19 dsps
RUN-1002 : start command "legalize_phy_inst"
SYN-1011 : Flatten model design_top_wrapper
SYN-1001 : ADC: Instance "u_ph1p35_324_ddr_wrapper/u_ddr2/ph1p_ddrmc_wrapper/ph1p_ddrmc_top/u_ddr_phy/u_ddrphy_top/u_ddrphy/ac_byte[0]$ac_byte_used$u_ddrphy_ac_byte_wrapper/u_ddrphy_byte" LOCATION="X0Y70Z0"
SYN-1001 : ADC: Instance "u_ph1p35_324_ddr_wrapper/u_ddr2/ph1p_ddrmc_wrapper/ph1p_ddrmc_top/u_ddr_phy/u_ddrphy_top/u_ddrphy/ac_byte[1]$ac_byte_used$u_ddrphy_ac_byte_wrapper/u_ddrphy_byte" LOCATION="X0Y60Z0"
SYN-1001 : ADC: Instance "u_ph1p35_324_ddr_wrapper/u_ddr2/ph1p_ddrmc_wrapper/ph1p_ddrmc_top/u_ddr_phy/u_ddrphy_top/u_ddrphy/ac_byte[2]$ac_byte_used$u_ddrphy_ac_byte_wrapper/u_ddrphy_byte" LOCATION="X0Y50Z0"
SYN-1001 : ADC: Instance "u_ph1p35_324_ddr_wrapper/u_ddr2/ph1p_ddrmc_wrapper/ph1p_ddrmc_top/u_ddr_phy/u_ddrphy_top/u_ddrphy/ac_byte[3]$ac_byte_used$u_ddrphy_ac_byte_wrapper/u_ddrphy_byte" LOCATION="X0Y40Z0"
SYN-1001 : ADC: Instance "u_ph1p35_324_ddr_wrapper/u_ddr2/ph1p_ddrmc_wrapper/ph1p_ddrmc_top/u_ddr_phy/u_ddrphy_top/u_ddrphy/bkref[0]$u_ddrphy_bankref" LOCATION="X0Y19Z0"
SYN-1001 : ADC: Instance "u_ph1p35_324_ddr_wrapper/u_ddr2/ph1p_ddrmc_wrapper/ph1p_ddrmc_top/u_ddr_phy/u_ddrphy_top/u_ddrphy/bkref[1]$u_ddrphy_bankref" LOCATION="X0Y59Z0"
SYN-1001 : ADC: Instance "u_ph1p35_324_ddr_wrapper/u_ddr2/ph1p_ddrmc_wrapper/ph1p_ddrmc_top/u_ddr_phy/u_ddrphy_top/u_ddrphy/dx_byte[0]$dx_byte_used$u_ddrphy_dx_byte_wrapper/u_ddrphy_byte" LOCATION="X0Y30Z0"
SYN-1001 : ADC: Instance "u_ph1p35_324_ddr_wrapper/u_ddr2/ph1p_ddrmc_wrapper/ph1p_ddrmc_top/u_ddr_phy/u_ddrphy_top/u_ddrphy/dx_byte[1]$dx_byte_used$u_ddrphy_dx_byte_wrapper/u_ddrphy_byte" LOCATION="X0Y10Z0"
SYN-1001 : ADC: Instance "u_ph1p35_324_ddr_wrapper/u_ddr2/ph1p_ddrmc_wrapper/ph1p_ddrmc_top/u_ddr_phy/u_ddrphy_top/u_ddrphy_clk/ioclk[0]$u_ioclk_0" LOCATION="X0Y59Z0"
SYN-1001 : ADC: Instance "u_ph1p35_324_ddr_wrapper/u_ddr2/ph1p_ddrmc_wrapper/ph1p_ddrmc_top/u_ddr_phy/u_ddrphy_top/u_ddrphy_clk/ioclk[0]$u_ioclk_1" LOCATION="X0Y59Z1"
SYN-1001 : ADC: Instance "u_ph1p35_324_ddr_wrapper/u_ddr2/ph1p_ddrmc_wrapper/ph1p_ddrmc_top/u_ddr_phy/u_ddrphy_top/u_ddrphy_clk/ioclk[1]$u_ioclk_0" LOCATION="X0Y19Z0"
SYN-1001 : ADC: Instance "u_ph1p35_324_ddr_wrapper/u_ddr2/ph1p_ddrmc_wrapper/ph1p_ddrmc_top/u_ddr_phy/u_ddrphy_top/u_ddrphy_clk/ioclk[1]$u_ioclk_1" LOCATION="X0Y19Z1"
SYN-1001 : ADC: Instance "u_ph1p35_324_ddr_wrapper/u_ddr2/ph1p_ddrmc_wrapper/ph1p_ddrmc_top/u_ddr_phy/u_ddrphy_top/u_ddrphy_clk/u_mlclk_1" LOCATION="X0Y59Z0"
SYN-1001 : ADC: Instance "u_ph1p35_324_ddr_wrapper/u_ddr2/ph1p_ddrmc_wrapper/ph1p_ddrmc_top/u_ddr_phy/u_ddrphy_top/u_ddrphy_clk/u_mlclk_2" LOCATION="X0Y59Z1"
SYN-1001 : ADC: Instance "u_ph1p35_324_ddr_wrapper/u_ddr2/ph1p_ddrmc_wrapper/ph1p_ddrmc_top/u_ddr_phy/u_ddrphy_top/u_ddrphy_clk/u_pll0/u_pll_inst" LOCATION="X0Y40Z0"
SYN-1001 : ADC: Instance "u_ph1p35_324_ddr_wrapper/u_ddr2/ph1p_ddrmc_wrapper/ph1p_ddrmc_top/u_ddr_phy/u_ddrphy_top/u_ddrphy_clk/u_pll1/u_pll_inst" LOCATION="X0Y79Z0"
PHY-1001 : Remove keep and sweep redundant instances ...
PHY-1001 : 14603 luts, 19149 seqs, 536 mslices, 5329 lslices, 54 pads, 108 brams, 19 dsps
PHY-1001 : End Stage 1.1 | Build Design; Time: 0.355201s wall, 0.343750s user + 0.000000s system = 0.343750s CPU (96.8%); Memory(MB): used = 1647, reserved = 1790, peak = 1647;

PHY-1001 : Stage 1.2 | Optimize Design
OPT-1001 : Stage 1.2.1 | Simplify Lut
OPT-1001 : End Stage 1.2.1 | Simplify Lut; Time: 0.061687s wall, 0.062500s user + 0.000000s system = 0.062500s CPU (101.3%); Memory(MB): used = 1647, reserved = 1790, peak = 1647;

OPT-1001 : Stage 1.2.2 | Sweep
OPT-1001 : End Stage 1.2.2 | Sweep; Time: 0.028467s wall, 0.031250s user + 0.000000s system = 0.031250s CPU (109.8%); Memory(MB): used = 1647, reserved = 1790, peak = 1647;

OPT-1001 : Stage 1.2.3 | Merge Lut
OPT-1001 : Start remap optimization ...
RUN-1001 :   Added 0 lut1 for undup drivers
OPT-1001 : skip lut merge since lut number 14601 is similar to or less than reg number 19149
OPT-1001 : End Stage 1.2.3 | Merge Lut; Time: 0.032362s wall, 0.031250s user + 0.000000s system = 0.031250s CPU (96.6%); Memory(MB): used = 1647, reserved = 1790, peak = 1647;

OPT-1001 : Stage 1.2.4 | Synthesize High-fanout Net
OPT-1001 : Start high-fanout net optimization in pre-place flow with medium effort ...
RUN-1001 : HFN opt statistic
RUN-1001 : ------------------------------------------------------
RUN-1001 :   DriverCell type  |  HFN count  |  Duplicated count  
RUN-1001 : ------------------------------------------------------
RUN-1001 :       LSLICE       |      0      |         0          
RUN-1001 :       MSLICE       |      0      |         0          
RUN-1001 :        TOTAL       |      0      |         0          
RUN-1001 : ------------------------------------------------------
OPT-1001 : End high-fanout net optimization;  0.000481s wall, 0.000000s user + 0.000000s system = 0.000000s CPU (n/a%)

OPT-1001 : Current memory(MB): used = 1647, reserved = 1790, peak = 1647.
OPT-1001 : End Stage 1.2.4 | Synthesize High-fanout Net; Time: 0.000712s wall, 0.000000s user + 0.000000s system = 0.000000s CPU (n/a%); Memory(MB): used = 1647, reserved = 1790, peak = 1647;

OPT-1001 : End physical optimization;  0.123818s wall, 0.125000s user + 0.000000s system = 0.125000s CPU (101.0%)

PHY-1001 : End Stage 1.2 | Optimize Design; Time: 0.123975s wall, 0.125000s user + 0.000000s system = 0.125000s CPU (100.8%); Memory(MB): used = 1647, reserved = 1790, peak = 1647;

PHY-1001 : Stage 1.3 | Initialize Clock
PHY-1001 : Start to synthesize physical clock networks.
RUN-1002 : start command "start_timer"
RUN-1003 : finish command "start_timer" in  1.443239s wall, 1.437500s user + 0.000000s system = 1.437500s CPU (99.6%)

RUN-1004 : used memory is 1647 MB, reserved memory is 1790 MB, peak memory is 1647 MB
PHY-5060 CRITICAL-WARNING: Clock net candidate O_cam_24m_syn_3 has mixed fanouts of 83 clock pins; 1 data/ctrl pins. Please check connection of the net in design.
PHY-5060 CRITICAL-WARNING: Clock net candidate u_uicfgcs500/uii2c_inst/scl_clk has mixed fanouts of 1 clock pins; 2 data/ctrl pins. Please check connection of the net in design.
PHY-1001 : Populate physical database on model design_top_wrapper.
RUN-1001 : There are total 40382 instances
RUN-0007 : 14601 luts, 19149 seqs, 536 mslices, 5329 lslices, 54 pads, 108 brams, 19 dsps
RUN-1001 : There are total 54267 nets
RUN-1001 : 37419 nets have 2 pins
RUN-1001 : 13396 nets have [3 - 5] pins
RUN-1001 : 2290 nets have [6 - 10] pins
RUN-1001 : 588 nets have [11 - 20] pins
RUN-1001 : 475 nets have [21 - 99] pins
RUN-1001 : 99 nets have 100+ pins
PHY-1001 : Start to check user instance location assignments; please refer to ADC constraint.
PHY-1001 : End Stage 1.3 | Initialize Clock; Time: 2.732922s wall, 2.718750s user + 0.000000s system = 2.718750s CPU (99.5%); Memory(MB): used = 1647, reserved = 1789, peak = 1647;

PHY-1001 : End Stage 1 | Initialize Design; Time: 3.259915s wall, 3.234375s user + 0.000000s system = 3.234375s CPU (99.2%); Memory(MB): used = 1647, reserved = 1789, peak = 1647;

PHY-1001 : Stage 2 | Global Placement
RUN-1001 : Report Control nets information:
RUN-1001 : DFF Distribution
RUN-1001 : -------------------------------------
RUN-1001 :   CE   |  SSR  |  ASR  |  DFF Count  
RUN-1001 : -------------------------------------
RUN-1001 :   No   |  No   |  No   |    6686     
RUN-1001 :   No   |  No   |  Yes  |    4268     
RUN-1001 :   No   |  Yes  |  No   |     217     
RUN-1001 :   Yes  |  No   |  No   |     424     
RUN-1001 :   Yes  |  No   |  Yes  |    7632     
RUN-1001 :   Yes  |  Yes  |  No   |     146     
RUN-1001 : -------------------------------------
RUN-1001 : Control Group Statistic
RUN-1001 : -----------------------------
RUN-1001 :   #CLK  |  #CE  |  #SSR/ASR  
RUN-1001 : -----------------------------
RUN-1001 :    9    |  283  |     26     
RUN-1001 : -----------------------------
RUN-0007 : Control Set = 319
PHY-1001 : Stage 2.1 | Place Fixed Instances
PHY-1001 : Processing 2 clock pins of DDR instance u_ph1p35_324_ddr_wrapper/u_ddr2/ph1p_ddrmc_wrapper/ph1p_ddrmc_top/u_ddr_phy/u_ddrphy_top/u_ddrphy/ac_byte[0]$ac_byte_used$u_ddrphy_ac_byte_wrapper/u_ddrphy_byte, location = x0y70z0.
PHY-1001 :   User location X0Y59Z1 of ioclk instance u_ph1p35_324_ddr_wrapper/u_ddr2/ph1p_ddrmc_wrapper/ph1p_ddrmc_top/u_ddr_phy/u_ddrphy_top/u_ddrphy_clk/ioclk[0]$u_ioclk_1.
PHY-1001 :   Placement of ioclk instance u_ph1p35_324_ddr_wrapper/u_ddr2/ph1p_ddrmc_wrapper/ph1p_ddrmc_top/u_ddr_phy/u_ddrphy_top/u_ddrphy_clk/ioclk[0]$u_ioclk_1; location = x0y59z1.
PHY-1001 :   User location X0Y59Z0 of ioclk instance u_ph1p35_324_ddr_wrapper/u_ddr2/ph1p_ddrmc_wrapper/ph1p_ddrmc_top/u_ddr_phy/u_ddrphy_top/u_ddrphy_clk/ioclk[0]$u_ioclk_0.
PHY-1001 :   Placement of ioclk instance u_ph1p35_324_ddr_wrapper/u_ddr2/ph1p_ddrmc_wrapper/ph1p_ddrmc_top/u_ddr_phy/u_ddrphy_top/u_ddrphy_clk/ioclk[0]$u_ioclk_0; location = x0y59z0.
PHY-1001 : Processing 2 clock pins of DDR instance u_ph1p35_324_ddr_wrapper/u_ddr2/ph1p_ddrmc_wrapper/ph1p_ddrmc_top/u_ddr_phy/u_ddrphy_top/u_ddrphy/ac_byte[1]$ac_byte_used$u_ddrphy_ac_byte_wrapper/u_ddrphy_byte, location = x0y60z0.
PHY-1001 :   Placed ioclk instance u_ph1p35_324_ddr_wrapper/u_ddr2/ph1p_ddrmc_wrapper/ph1p_ddrmc_top/u_ddr_phy/u_ddrphy_top/u_ddrphy_clk/ioclk[0]$u_ioclk_1, location = x0y59z1.
PHY-1001 :   Placed ioclk instance u_ph1p35_324_ddr_wrapper/u_ddr2/ph1p_ddrmc_wrapper/ph1p_ddrmc_top/u_ddr_phy/u_ddrphy_top/u_ddrphy_clk/ioclk[0]$u_ioclk_0, location = x0y59z0.
PHY-1001 : Processing 2 clock pins of DDR instance u_ph1p35_324_ddr_wrapper/u_ddr2/ph1p_ddrmc_wrapper/ph1p_ddrmc_top/u_ddr_phy/u_ddrphy_top/u_ddrphy/ac_byte[2]$ac_byte_used$u_ddrphy_ac_byte_wrapper/u_ddrphy_byte, location = x0y50z0.
PHY-1001 :   Placed ioclk instance u_ph1p35_324_ddr_wrapper/u_ddr2/ph1p_ddrmc_wrapper/ph1p_ddrmc_top/u_ddr_phy/u_ddrphy_top/u_ddrphy_clk/ioclk[0]$u_ioclk_1, location = x0y59z1.
PHY-1001 :   Placed ioclk instance u_ph1p35_324_ddr_wrapper/u_ddr2/ph1p_ddrmc_wrapper/ph1p_ddrmc_top/u_ddr_phy/u_ddrphy_top/u_ddrphy_clk/ioclk[0]$u_ioclk_0, location = x0y59z0.
PHY-1001 : Processing 2 clock pins of DDR instance u_ph1p35_324_ddr_wrapper/u_ddr2/ph1p_ddrmc_wrapper/ph1p_ddrmc_top/u_ddr_phy/u_ddrphy_top/u_ddrphy/ac_byte[3]$ac_byte_used$u_ddrphy_ac_byte_wrapper/u_ddrphy_byte, location = x0y40z0.
PHY-1001 :   Placed ioclk instance u_ph1p35_324_ddr_wrapper/u_ddr2/ph1p_ddrmc_wrapper/ph1p_ddrmc_top/u_ddr_phy/u_ddrphy_top/u_ddrphy_clk/ioclk[0]$u_ioclk_1, location = x0y59z1.
PHY-1001 :   Placed ioclk instance u_ph1p35_324_ddr_wrapper/u_ddr2/ph1p_ddrmc_wrapper/ph1p_ddrmc_top/u_ddr_phy/u_ddrphy_top/u_ddrphy_clk/ioclk[0]$u_ioclk_0, location = x0y59z0.
PHY-1001 : Processing 2 clock pins of DDR instance u_ph1p35_324_ddr_wrapper/u_ddr2/ph1p_ddrmc_wrapper/ph1p_ddrmc_top/u_ddr_phy/u_ddrphy_top/u_ddrphy/dx_byte[0]$dx_byte_used$u_ddrphy_dx_byte_wrapper/u_ddrphy_byte, location = x0y30z0.
PHY-1001 :   User location X0Y19Z1 of ioclk instance u_ph1p35_324_ddr_wrapper/u_ddr2/ph1p_ddrmc_wrapper/ph1p_ddrmc_top/u_ddr_phy/u_ddrphy_top/u_ddrphy_clk/ioclk[1]$u_ioclk_1.
PHY-1001 :   Placement of ioclk instance u_ph1p35_324_ddr_wrapper/u_ddr2/ph1p_ddrmc_wrapper/ph1p_ddrmc_top/u_ddr_phy/u_ddrphy_top/u_ddrphy_clk/ioclk[1]$u_ioclk_1; location = x0y19z1.
PHY-1001 :   User location X0Y19Z0 of ioclk instance u_ph1p35_324_ddr_wrapper/u_ddr2/ph1p_ddrmc_wrapper/ph1p_ddrmc_top/u_ddr_phy/u_ddrphy_top/u_ddrphy_clk/ioclk[1]$u_ioclk_0.
PHY-1001 :   Placement of ioclk instance u_ph1p35_324_ddr_wrapper/u_ddr2/ph1p_ddrmc_wrapper/ph1p_ddrmc_top/u_ddr_phy/u_ddrphy_top/u_ddrphy_clk/ioclk[1]$u_ioclk_0; location = x0y19z0.
PHY-1001 : Processing 2 clock pins of DDR instance u_ph1p35_324_ddr_wrapper/u_ddr2/ph1p_ddrmc_wrapper/ph1p_ddrmc_top/u_ddr_phy/u_ddrphy_top/u_ddrphy/dx_byte[1]$dx_byte_used$u_ddrphy_dx_byte_wrapper/u_ddrphy_byte, location = x0y10z0.
PHY-1001 :   Placed ioclk instance u_ph1p35_324_ddr_wrapper/u_ddr2/ph1p_ddrmc_wrapper/ph1p_ddrmc_top/u_ddr_phy/u_ddrphy_top/u_ddrphy_clk/ioclk[1]$u_ioclk_1, location = x0y19z1.
PHY-1001 :   Placed ioclk instance u_ph1p35_324_ddr_wrapper/u_ddr2/ph1p_ddrmc_wrapper/ph1p_ddrmc_top/u_ddr_phy/u_ddrphy_top/u_ddrphy_clk/ioclk[1]$u_ioclk_0, location = x0y19z0.
PHY-1001 : DDR MLCLK topology u_ph1p35_324_ddr_wrapper/u_ddr2/ph1p_ddrmc_wrapper/ph1p_ddrmc_top/u_ddr_phy/u_ddrphy_top/u_ddrphy_clk/u_mlclk_1.
PHY-1001 :   Driver: PH1P_PHY_PLL_V2 u_ph1p35_324_ddr_wrapper/u_ddr2/ph1p_ddrmc_wrapper/ph1p_ddrmc_top/u_ddr_phy/u_ddrphy_top/u_ddrphy_clk/u_pll0/u_pll_inst.clkc[1], user location :X0Y40Z0.
PHY-1001 :   Sink: PH1P_PHY_IOCLK u_ph1p35_324_ddr_wrapper/u_ddr2/ph1p_ddrmc_wrapper/ph1p_ddrmc_top/u_ddr_phy/u_ddrphy_top/u_ddrphy_clk/ioclk[0]$u_ioclk_0, location = x0y59z0, sectorID = 1.
PHY-1001 :   Sink: PH1P_PHY_IOCLK u_ph1p35_324_ddr_wrapper/u_ddr2/ph1p_ddrmc_wrapper/ph1p_ddrmc_top/u_ddr_phy/u_ddrphy_top/u_ddrphy_clk/ioclk[1]$u_ioclk_0, location = x0y19z0, sectorID = 0.
PHY-1001 : Placement of MLCLK instance u_ph1p35_324_ddr_wrapper/u_ddr2/ph1p_ddrmc_wrapper/ph1p_ddrmc_top/u_ddr_phy/u_ddrphy_top/u_ddrphy_clk/u_mlclk_1; location = x0y59z0,  sectorID = 1.
PHY-1001 : DDR MLCLK topology u_ph1p35_324_ddr_wrapper/u_ddr2/ph1p_ddrmc_wrapper/ph1p_ddrmc_top/u_ddr_phy/u_ddrphy_top/u_ddrphy_clk/u_mlclk_2.
PHY-1001 :   Driver: PH1P_PHY_PLL_V2 u_ph1p35_324_ddr_wrapper/u_ddr2/ph1p_ddrmc_wrapper/ph1p_ddrmc_top/u_ddr_phy/u_ddrphy_top/u_ddrphy_clk/u_pll0/u_pll_inst.clkc[2], user location :X0Y40Z0.
PHY-1001 :   Sink: PH1P_PHY_IOCLK u_ph1p35_324_ddr_wrapper/u_ddr2/ph1p_ddrmc_wrapper/ph1p_ddrmc_top/u_ddr_phy/u_ddrphy_top/u_ddrphy_clk/ioclk[0]$u_ioclk_1, location = x0y59z1, sectorID = 1.
PHY-1001 :   Sink: PH1P_PHY_IOCLK u_ph1p35_324_ddr_wrapper/u_ddr2/ph1p_ddrmc_wrapper/ph1p_ddrmc_top/u_ddr_phy/u_ddrphy_top/u_ddrphy_clk/ioclk[1]$u_ioclk_1, location = x0y19z1, sectorID = 0.
PHY-1001 : Placement of MLCLK instance u_ph1p35_324_ddr_wrapper/u_ddr2/ph1p_ddrmc_wrapper/ph1p_ddrmc_top/u_ddr_phy/u_ddrphy_top/u_ddrphy_clk/u_mlclk_2; location = x0y59z1,  sectorID = 1.
PHY-5016 WARNING: PLL clkc is driving an IO without location.
PHY-5016 WARNING: PLL clkc is not driving a clock-capable IO.
PHY-5016 WARNING: PLL clkc is driving an IO without location.
PHY-5016 WARNING: PLL clkc is not driving a clock-capable IO.
PHY-1001 : End Stage 2.1 | Place Fixed Instances; Time: 0.072109s wall, 0.078125s user + 0.000000s system = 0.078125s CPU (108.3%); Memory(MB): used = 1647, reserved = 1789, peak = 1647;

PHY-1001 : Stage 2.2 | Pre-Place DRC Check
PHY-1001 : Stage 2.2.1 | Force Route Constraint Check
PHY-1001 : Check Pass.
PHY-1001 : End Stage 2.2.1 | Force Route Constraint Check; Time: 0.004809s wall, 0.000000s user + 0.000000s system = 0.000000s CPU (n/a%); Memory(MB): used = 1647, reserved = 1789, peak = 1647;

PHY-1001 : End Stage 2.2 | Pre-Place DRC Check; Time: 0.004978s wall, 0.000000s user + 0.000000s system = 0.000000s CPU (n/a%); Memory(MB): used = 1647, reserved = 1789, peak = 1647;

PHY-1001 : Clock GCLK Statistics:
RUN-1001 : GCLK Index: 
RUN-1001 : -------------------------------------------------------------------------------------------------------------------------------------------------------
RUN-1001 :   Index  |                                                          Clock GCLK                                                           |  Location   
RUN-1001 : -------------------------------------------------------------------------------------------------------------------------------------------------------
RUN-1001 :     1    |                           u_mipi_dphy_rx_ph1p_mipiio_wrapper/u_ph1p_mipiio_rx_wrapper/bufg_feedback                           |  x23y39z0   
RUN-1001 :     2    |   u_ph1p35_324_ddr_wrapper/u_ddr2/ph1p_ddrmc_wrapper/ph1p_ddrmc_top/u_ddr_phy/u_ddrphy_top/u_ddrphy_clk/u_pll1/u_bufg_fbclk   |  x23y39z16  
RUN-1001 :     3    |                                              u_hdmi_mixer/I_clk_created_gclkinst                                              |  x23y39z17  
RUN-1001 :     4    |                                               I_sys_clk_dup_6_created_gclkinst                                                |  x23y39z22  
RUN-1001 :     5    |                                               O_cam_24m_dup_1_created_gclkinst                                                |  x23y39z18  
RUN-1001 :     6    |                          u_hdmi_tx/u_hdmi2phy_wrapper/u0_lane_lvds_8_1/I_serial_clk_created_gclkinst                          |  x23y39z19  
RUN-1001 :     7    |  u_ph1p35_324_ddr_wrapper/u_ddr2/ph1p_ddrmc_wrapper/ph1p_ddrmc_top/u_ddr_phy/u_ddrphy_top/u_ddrphy/apb_pclk_created_gclkinst  |  x23y39z20  
RUN-1001 :     8    |                                       u_uicfgcs500/uii2c_inst/scl_clk_created_gclkinst                                        |  x23y39z1   
RUN-1001 :     9    |                                                      u_PLL/bufg_feedback                                                      |  x23y39z21  
RUN-1001 : -------------------------------------------------------------------------------------------------------------------------------------------------------
RUN-1001 : Clock Nets Connect To GCLK Statistics: 
RUN-1001 : -----------------------------------------------------------------------------------------------------------------------------------------------------------------------------------------
RUN-1001 :   Index  |                        Leading Net                        |  CLK/DATA/IO/PLL Sink(s)  |                       Following Net                       |  CLK/DATA/IO/PLL Sink(s)  
RUN-1001 : -----------------------------------------------------------------------------------------------------------------------------------------------------------------------------------------
RUN-1001 :     1    | u_mipi_dphy_rx_ph1p_mipiio_wrapper/u_ph1p_mipiio_rx_w...  |          1/0/0/0          | u_isp_top/u_demosaic/raw_matrix_3x3_buffer_d/zhenghe_...  |        14041/0/0/0        
RUN-1001 :     2    | u_ph1p35_324_ddr_wrapper/u_ddr2/ph1p_ddrmc_wrapper/ph...  |          1/0/0/0          | u_ph1p35_324_ddr_wrapper/u_ddr2/ph1p_ddrmc_wrapper/ph...  |        3538/0/0/0         
RUN-1001 :     3    |                    u_hdmi_mixer/I_clk                     |          1/0/0/0          |                u_hdmi_mixer/I_clk_syn_651                 |        1572/0/0/0         
RUN-1001 :     4    |                      I_sys_clk_dup_6                      |          3/0/0/0          |                      I_sys_clk_syn_8                      |         137/0/0/0         
RUN-1001 :     5    |                      O_cam_24m_dup_1                      |          1/0/0/0          |                      O_cam_24m_syn_3                      |         83/1/0/0          
RUN-1001 :     6    | u_hdmi_tx/u_hdmi2phy_wrapper/u0_lane_lvds_8_1/I_seria...  |          1/0/0/0          | u_hdmi_tx/u_hdmi2phy_wrapper/u0_lane_lvds_8_1/I_seria...  |         61/0/0/0          
RUN-1001 :     7    | u_ph1p35_324_ddr_wrapper/u_ddr2/ph1p_ddrmc_wrapper/ph...  |          1/0/0/0          | u_ph1p35_324_ddr_wrapper/u_ddr2/ph1p_ddrmc_wrapper/ph...  |         43/0/0/0          
RUN-1001 :     8    |              u_uicfgcs500/uii2c_inst/scl_clk              |          1/2/0/0          |           u_uicfgcs500/uii2c_inst/scl_clk_syn_9           |         24/0/0/0          
RUN-1001 :     9    |                      u_PLL/clk0_buf                       |          1/0/0/0          | u_mipi_dphy_rx_ph1p_mipiio_wrapper/u_ph1p_mipiio_rx_w...  |         13/0/0/0          
RUN-1001 : -----------------------------------------------------------------------------------------------------------------------------------------------------------------------------------------
PHY-1001 : Stage 2.3 | Global Placement Step 1
PHY-3001 : Target density is 60%
PHY-1001 : Stage 2.3.1 | Update Timing
RUN-1002 : start command "start_timer"
RUN-1003 : finish command "start_timer" in  1.473470s wall, 1.437500s user + 0.031250s system = 1.468750s CPU (99.7%)

RUN-1004 : used memory is 1652 MB, reserved memory is 1791 MB, peak memory is 1653 MB
PHY-1001 : SWNS: 819, STNS: 0, FEP: 0
PHY-1001 : End Stage 2.3.1 | Update Timing; Time: 2.676188s wall, 2.640625s user + 0.031250s system = 2.671875s CPU (99.8%); Memory(MB): used = 1653, reserved = 1791, peak = 1653;

PHY-0007 : Cell area utilization is 72%
RUN-1001 : Huge Net Statistic
RUN-1001 : ----------------------------------------------------------------------------------------------------------------------------------------------------------------------------------------
RUN-1001 :   Fanout  |  Slack  |                                                                                Net                                                                                
RUN-1001 : ----------------------------------------------------------------------------------------------------------------------------------------------------------------------------------------
RUN-1001 :    8550   |   Inf   |                                u_ph1p35_324_ddr_wrapper/u_ddr2/ph1p_ddrmc_wrapper/ph1p_ddrmc_top/u_ddr_phy/u_ddrphy_top/sys_rst_n                                 
RUN-1001 :    1472   |  11982  |                                u_ph1p35_324_ddr_wrapper/u_ddr2/ph1p_ddrmc_wrapper/ph1p_ddrmc_top/u_alc_mc_top/u_rbuf_addr_fifo/rst                                
RUN-1001 :    1089   |   Inf   |  u_ph1p35_324_ddr_wrapper/u_ddr2/ph1p_ddrmc_wrapper/ph1p_ddrmc_top/u_ddr_phy/u_ddrphy_top/u_ddrphy/dx_byte[1]$dx_byte_used$u_ddrphy_dx_byte_wrapper/dx_phy_rst_n  
RUN-1001 : ----------------------------------------------------------------------------------------------------------------------------------------------------------------------------------------
PHY-3001 : Clustering ...
PHY-3001 : End clustering;  0.148402s wall, 0.390625s user + 0.062500s system = 0.453125s CPU (305.3%)

PHY-3001 : Target density is 60%
PHY-1001 : Stage 2.3.2 | GP Iteration
PHY-1001 : End Stage 2.3.2 | GP Iteration; Time: 1.710439s wall, 6.640625s user + 3.437500s system = 10.078125s CPU (589.2%); Memory(MB): used = 1653, reserved = 1791, peak = 1653;

PHY-3001 : Multithread accelerating rate: 5.58
RUN-1002 : start command "start_timer"
USR-1002 : Derived clock:  create_generated_clock -name {u_PLL/ph1p_phy_pll_wrapper_25a56e5ce2f9_Inst/u_PH1P_PHY_PLL.clkc[0]} -source [get_ports {I_sys_clk}] -master_clock {sys_clk_50m} -multiply_by 2.0000 -duty_cycle 50.0000 [get_pins {u_PLL/ph1p_phy_pll_wrapper_25a56e5ce2f9_Inst/u_PH1P_PHY_PLL.clkc[0]}]
USR-1002 : Derived clock:  create_generated_clock -name {u_PLL/ph1p_phy_pll_wrapper_25a56e5ce2f9_Inst/u_PH1P_PHY_PLL.clkc[1]} -source [get_ports {I_sys_clk}] -master_clock {sys_clk_50m} -divide_by 2.0769 -duty_cycle 50.0000 [get_pins {u_PLL/ph1p_phy_pll_wrapper_25a56e5ce2f9_Inst/u_PH1P_PHY_PLL.clkc[1]}]
USR-1002 : Derived clock:  create_generated_clock -name {u_PLL/ph1p_phy_pll_wrapper_25a56e5ce2f9_Inst/u_PH1P_PHY_PLL.clkc[4]} -source [get_ports {I_sys_clk}] -master_clock {sys_clk_50m} -multiply_by 1.0400 -duty_cycle 50.0000 [get_pins {u_PLL/ph1p_phy_pll_wrapper_25a56e5ce2f9_Inst/u_PH1P_PHY_PLL.clkc[4]}]
USR-1002 : Derived clock:  create_generated_clock -name {u_PLL/ph1p_phy_pll_wrapper_25a56e5ce2f9_Inst/u_PH1P_PHY_PLL.clkc[5]} -source [get_ports {I_sys_clk}] -master_clock {sys_clk_50m} -multiply_by 5.2000 -duty_cycle 50.0000 [get_pins {u_PLL/ph1p_phy_pll_wrapper_25a56e5ce2f9_Inst/u_PH1P_PHY_PLL.clkc[5]}]
USR-1002 : Derived clock:  create_generated_clock -name {u_ph1p35_324_ddr_wrapper/u_ddr2/ph1p_ddrmc_wrapper/ph1p_ddrmc_top/u_ddr_phy/u_ddrphy_top/u_ddrphy_clk/u_pll0/u_pll_inst.clkc[0]} -source [get_ports {I_sys_clk}] -master_clock {sys_clk_50m} -multiply_by 1.3333 -duty_cycle 50.0000 [get_pins {u_ph1p35_324_ddr_wrapper/u_ddr2/ph1p_ddrmc_wrapper/ph1p_ddrmc_top/u_ddr_phy/u_ddrphy_top/u_ddrphy_clk/u_pll0/u_pll_inst.clkc[0]}]
USR-1002 : Derived clock:  create_generated_clock -name {u_ph1p35_324_ddr_wrapper/u_ddr2/ph1p_ddrmc_wrapper/ph1p_ddrmc_top/u_ddr_phy/u_ddrphy_top/u_ddrphy_clk/u_pll0/u_pll_inst.clkc[1]} -source [get_ports {I_sys_clk}] -master_clock {sys_clk_50m} -multiply_by 1.3333 -duty_cycle 50.0000 [get_pins {u_ph1p35_324_ddr_wrapper/u_ddr2/ph1p_ddrmc_wrapper/ph1p_ddrmc_top/u_ddr_phy/u_ddrphy_top/u_ddrphy_clk/u_pll0/u_pll_inst.clkc[1]}]
USR-1002 : Derived clock:  create_generated_clock -name {u_ph1p35_324_ddr_wrapper/u_ddr2/ph1p_ddrmc_wrapper/ph1p_ddrmc_top/u_ddr_phy/u_ddrphy_top/u_ddrphy_clk/u_pll0/u_pll_inst.clkc[2]} -source [get_ports {I_sys_clk}] -master_clock {sys_clk_50m} -multiply_by 5.3333 -duty_cycle 50.0000 [get_pins {u_ph1p35_324_ddr_wrapper/u_ddr2/ph1p_ddrmc_wrapper/ph1p_ddrmc_top/u_ddr_phy/u_ddrphy_top/u_ddrphy_clk/u_pll0/u_pll_inst.clkc[2]}]
USR-1002 : Derived clock:  create_generated_clock -name {u_ph1p35_324_ddr_wrapper/u_ddr2/ph1p_ddrmc_wrapper/ph1p_ddrmc_top/u_ddr_phy/u_ddrphy_top/u_ddrphy_clk/u_pll0/u_pll_inst.clkc[3]} -source [get_ports {I_sys_clk}] -master_clock {sys_clk_50m} -divide_by 1.9687 -duty_cycle 50.0000 [get_pins {u_ph1p35_324_ddr_wrapper/u_ddr2/ph1p_ddrmc_wrapper/ph1p_ddrmc_top/u_ddr_phy/u_ddrphy_top/u_ddrphy_clk/u_pll0/u_pll_inst.clkc[3]}]
USR-1002 : Derived clock:  create_generated_clock -name {u_ph1p35_324_ddr_wrapper/u_ddr2/ph1p_ddrmc_wrapper/ph1p_ddrmc_top/u_ddr_phy/u_ddrphy_top/u_ddrphy_clk/u_pll1/u_pll_inst.clkc[0]} -source [get_pins {u_ph1p35_324_ddr_wrapper/u_ddr2/ph1p_ddrmc_wrapper/ph1p_ddrmc_top/u_ddr_phy/u_ddrphy_top/u_ddrphy_clk/u_pll0/u_pll_inst.clkc[0]}] -master_clock {u_ph1p35_324_ddr_wrapper/u_ddr2/ph1p_ddrmc_wrapper/ph1p_ddrmc_top/u_ddr_phy/u_ddrphy_top/u_ddrphy_clk/u_pll0/u_pll_inst.clkc[0]} -multiply_by 1.0000 -duty_cycle 50.0000 [get_pins {u_ph1p35_324_ddr_wrapper/u_ddr2/ph1p_ddrmc_wrapper/ph1p_ddrmc_top/u_ddr_phy/u_ddrphy_top/u_ddrphy_clk/u_pll1/u_pll_inst.clkc[0]}]
8.888000
15.000000
15.000000
19.230000
RUN-1003 : finish command "start_timer" in  1.673057s wall, 1.640625s user + 0.015625s system = 1.656250s CPU (99.0%)

RUN-1004 : used memory is 1653 MB, reserved memory is 1791 MB, peak memory is 1653 MB
TMR-2502 : Net delay update with mode: Placed
PHY-3001 : No need to merge 9x9 Dsps.
PHY-1001 : Populate physical database on model design_top_wrapper.
PHY-1001 : End Stage 2.3 | Global Placement Step 1; Time: 7.806590s wall, 12.875000s user + 3.546875s system = 16.421875s CPU (210.4%); Memory(MB): used = 1691, reserved = 1791, peak = 1691;

PHY-1001 : Stage 2.4 | RAM/DSP Legalization and Detailed Placement
PHY-1001 : Stage 2.4.1 | Legalization
PHY-3001 : Before Legalized: Len = 2.48278e+06
PHY-3001 : After Legalized: Len = 2.64806e+06, Over = 505.281
PHY-1001 : End Stage 2.4.1 | Legalization; Time: 1.386927s wall, 1.328125s user + 0.031250s system = 1.359375s CPU (98.0%); Memory(MB): used = 1695, reserved = 1791, peak = 1695;

PHY-1001 : Stage 2.4.2 | Detailed Placement
PHY-1001 : Stage 2.4.2.1 | Simulated Annealing Based DP
PHY-0007 : Initial: WL Cost = 250317, TD Cost = 5.66362e+06, SWNS = 295, STNS = 0, Nums per T = 1270, Range Limit = 2x32
PHY-0007 : Finally: WL Cost = 245414, TD Cost = 5.66301e+06, WL Ratio = 0.980415, TD Ratio = 0.999894, SWNS = 295, STNS = 0
RUN-1001 : Print Detailed placement's Summary information
RUN-1001 : -------------------------------------------------------------------------------------------------------------------------------
RUN-1001 :             |  Total  |  Accept  |  Reject by overFlow  |  Reject by worseCost  |  Failed by noTarget  |  Failed by gridCheck  
RUN-1001 : -------------------------------------------------------------------------------------------------------------------------------
RUN-1001 :   RAM/DSPs  |  6350   |   342    |          0           |         6008          |          0           |           0           
RUN-1001 :    Macros   |   917   |    36    |          0           |          881          |          0           |           0           
RUN-1001 : -------------------------------------------------------------------------------------------------------------------------------
PHY-1001 : End Stage 2.4.2.1 | Simulated Annealing Based DP; Time: 3.116740s wall, 4.625000s user + 0.250000s system = 4.875000s CPU (156.4%); Memory(MB): used = 1698, reserved = 1791, peak = 1698;

PHY-3001 : End Detailed Place; 
PHY-1001 : End Stage 2.4.2 | Detailed Placement; Time: 3.295160s wall, 4.796875s user + 0.250000s system = 5.046875s CPU (153.2%); Memory(MB): used = 1698, reserved = 1791, peak = 1698;

PHY-1001 : End Stage 2.4 | RAM/DSP Legalization and Detailed Placement; Time: 4.682890s wall, 6.125000s user + 0.281250s system = 6.406250s CPU (136.8%); Memory(MB): used = 1698, reserved = 1791, peak = 1698;

PHY-1001 : Stage 2.5 | Global Placement Step 2
PHY-3001 : Target density is 60%
PHY-1001 : Stage 2.5.1 | Update Timing
PHY-1001 : SWNS: 295, STNS: 0, FEP: 0
PHY-1001 : End Stage 2.5.1 | Update Timing; Time: 0.114780s wall, 0.109375s user + 0.000000s system = 0.109375s CPU (95.3%); Memory(MB): used = 1698, reserved = 1791, peak = 1698;

PHY-1001 : Stage 2.5.2 | Refresh Congestion
RUN-1001 : Generating global routing grids ...
RUN-1001 : Building simple global routing graph ...
PHY-1001 : Generate routing nets ...
PHY-1001 : Reuse net number 0/16030.
PHY-1001 : Global iterations in 32 thread ...
PHY-1002 : len = 2.8228e+06, over cnt = 3384(4%), over = 25496, worst = 100
PHY-1001 : End global iterations;  0.374585s wall, 0.718750s user + 0.015625s system = 0.734375s CPU (196.1%)

PHY-1001 : Congestion index:
PHY-1001 : top1  = 306.29(S 185.62, N 145.66, E 258.55, W 239.64, I 568.67, O 612.34)
PHY-1001 : top5  = 195.20(S 116.49, N 91.62, E 152.42, W 136.43, I 329.94, O 364.57)
PHY-1001 : top10 = 154.05(S 89.19, N 69.67, E 114.90, W 101.78, I 227.01, O 255.73)
PHY-1001 : top15 = 132.07(S 73.25, N 57.43, E 93.87, W 83.49, I 169.67, O 193.06)
PHY-1001 : End Stage 2.5.2 | Refresh Congestion; Time: 0.662857s wall, 1.390625s user + 0.015625s system = 1.406250s CPU (212.1%); Memory(MB): used = 1795, reserved = 1791, peak = 1795;

PHY-1001 : Stage 2.5.3 | GP Iteration
PHY-1001 : End Stage 2.5.3 | GP Iteration; Time: 0.561229s wall, 3.437500s user + 0.328125s system = 3.765625s CPU (671.0%); Memory(MB): used = 1795, reserved = 1791, peak = 1795;

PHY-3001 : Target density is 60%
PHY-1001 : Stage 2.5.4 | Update Timing
PHY-1001 : SWNS: 455, STNS: 0, FEP: 0
PHY-1001 : End Stage 2.5.4 | Update Timing; Time: 1.318863s wall, 1.281250s user + 0.031250s system = 1.312500s CPU (99.5%); Memory(MB): used = 1799, reserved = 1791, peak = 1799;

PHY-1001 : Stage 2.5.5 | Refresh Congestion
RUN-1001 : Generating global routing grids ...
PHY-1001 : Generate routing nets ...
PHY-1001 : Reuse net number 349/18393.
PHY-1001 : Global iterations in 32 thread ...
PHY-1002 : len = 2.52718e+06, over cnt = 3592(5%), over = 20435, worst = 55
PHY-1001 : End global iterations;  0.490591s wall, 0.859375s user + 0.046875s system = 0.906250s CPU (184.7%)

PHY-1001 : Congestion index:
PHY-1001 : top1  = 212.50(S 133.64, N 121.07, E 173.12, W 183.06, I 377.52, O 389.72)
PHY-1001 : top5  = 148.95(S 92.95, N 80.25, E 115.33, W 123.25, I 218.68, O 237.42)
PHY-1001 : top10 = 124.42(S 74.75, N 64.09, E 91.29, W 97.97, I 164.75, O 181.43)
PHY-1001 : top15 = 110.17(S 64.30, N 54.64, E 77.68, W 83.03, I 135.02, O 150.51)
PHY-1001 : End Stage 2.5.5 | Refresh Congestion; Time: 0.659836s wall, 1.015625s user + 0.046875s system = 1.062500s CPU (161.0%); Memory(MB): used = 1809, reserved = 1791, peak = 1809;

PHY-1001 : Stage 2.5.6 | GP Iteration
PHY-1001 : End Stage 2.5.6 | GP Iteration; Time: 1.653255s wall, 11.046875s user + 0.171875s system = 11.218750s CPU (678.6%); Memory(MB): used = 1809, reserved = 1791, peak = 1809;

PHY-3001 : Multithread accelerating rate: 6.64
PHY-1001 : End Stage 2.5 | Global Placement Step 2; Time: 6.384123s wall, 19.703125s user + 0.593750s system = 20.296875s CPU (317.9%); Memory(MB): used = 1810, reserved = 1793, peak = 1810;

PHY-1001 : Stage 2.6 | RAM/DSP Detailed Placement
PHY-1001 : Stage 2.6.1 | Detailed Placement
PHY-1001 : Stage 2.6.1.1 | Simulated Annealing Based DP
PHY-0007 : Initial: WL Cost = 217336, TD Cost = 2.40165e+06, SWNS = 679, STNS = 0, Nums per T = 1270, Range Limit = 2x32
PHY-0007 : Finally: WL Cost = 216553, TD Cost = 2.37509e+06, WL Ratio = 0.996401, TD Ratio = 0.988941, SWNS = 829, STNS = 0
RUN-1001 : Print Detailed placement's Summary information
RUN-1001 : -------------------------------------------------------------------------------------------------------------------------------
RUN-1001 :             |  Total  |  Accept  |  Reject by overFlow  |  Reject by worseCost  |  Failed by noTarget  |  Failed by gridCheck  
RUN-1001 : -------------------------------------------------------------------------------------------------------------------------------
RUN-1001 :   RAM/DSPs  |  5080   |   240    |          0           |         4840          |          0           |           0           
RUN-1001 :    Macros   |   746   |    7     |          0           |          739          |          0           |           0           
RUN-1001 : -------------------------------------------------------------------------------------------------------------------------------
PHY-1001 : End Stage 2.6.1.1 | Simulated Annealing Based DP; Time: 2.079409s wall, 3.046875s user + 0.031250s system = 3.078125s CPU (148.0%); Memory(MB): used = 1812, reserved = 1795, peak = 1812;

PHY-3001 : End Detailed Place; 
PHY-1001 : End Stage 2.6.1 | Detailed Placement; Time: 2.256357s wall, 3.218750s user + 0.031250s system = 3.250000s CPU (144.0%); Memory(MB): used = 1812, reserved = 1795, peak = 1812;

PHY-1001 : Stage 2.6.2 | Spreading
OPT-1001 : Total overflow 1079.44 peak overflow 9.00
PHY-3001 : Spreading for sector grids.
PHY-3001 : Iter 1, total overflow: 0
PHY-3001 : tot_capacity: 36, usage_cnt: 16, movable_cnt: 26
PHY-3001 : End spreading;  0.086734s wall, 0.093750s user + 0.000000s system = 0.093750s CPU (108.1%)

PHY-1001 : End Stage 2.6.2 | Spreading; Time: 0.086982s wall, 0.093750s user + 0.000000s system = 0.093750s CPU (107.8%); Memory(MB): used = 1812, reserved = 1795, peak = 1812;

PHY-1001 : End Stage 2.6 | RAM/DSP Detailed Placement; Time: 2.535395s wall, 3.500000s user + 0.031250s system = 3.531250s CPU (139.3%); Memory(MB): used = 1812, reserved = 1795, peak = 1812;

PHY-1001 : Stage 2.7 | Optimize Design
OPT-1001 : Start physical optimization ...
OPT-1001 : Total overflow 1079.44 peak overflow 9.00
OPT-1001 : Stage 2.7.1 | Synthesize High-fanout Net
OPT-1001 : Start high-fanout net optimization in pre-pack flow with medium effort ...
OPT-1001 : Update timing in Manhattan mode
OPT-1001 : End timing update;  1.320960s wall, 1.328125s user + 0.000000s system = 1.328125s CPU (100.5%)

OPT-1001 : Start: SWNS 829 STNS 0 NUM_FEPS 0
OPT-1001 : Total overflow 1079.44 peak overflow 9.00
PHY-1001 : Populate physical database on model design_top_wrapper.
OPT-1001 : 109 high-fanout net processed.
PHY-3001 : Start incremental placement ...
PHY-1001 : Populate physical database on model design_top_wrapper.
PHY-1001 : Processing 2 clock pins of DDR instance u_ph1p35_324_ddr_wrapper/u_ddr2/ph1p_ddrmc_wrapper/ph1p_ddrmc_top/u_ddr_phy/u_ddrphy_top/u_ddrphy/ac_byte[0]$ac_byte_used$u_ddrphy_ac_byte_wrapper/u_ddrphy_byte, location = x0y70z0.
PHY-1001 :   Placed ioclk instance u_ph1p35_324_ddr_wrapper/u_ddr2/ph1p_ddrmc_wrapper/ph1p_ddrmc_top/u_ddr_phy/u_ddrphy_top/u_ddrphy_clk/ioclk[0]$u_ioclk_1, location = x0y59z1.
PHY-1001 :   Placed ioclk instance u_ph1p35_324_ddr_wrapper/u_ddr2/ph1p_ddrmc_wrapper/ph1p_ddrmc_top/u_ddr_phy/u_ddrphy_top/u_ddrphy_clk/ioclk[0]$u_ioclk_0, location = x0y59z0.
PHY-1001 : Processing 2 clock pins of DDR instance u_ph1p35_324_ddr_wrapper/u_ddr2/ph1p_ddrmc_wrapper/ph1p_ddrmc_top/u_ddr_phy/u_ddrphy_top/u_ddrphy/ac_byte[1]$ac_byte_used$u_ddrphy_ac_byte_wrapper/u_ddrphy_byte, location = x0y60z0.
PHY-1001 :   Placed ioclk instance u_ph1p35_324_ddr_wrapper/u_ddr2/ph1p_ddrmc_wrapper/ph1p_ddrmc_top/u_ddr_phy/u_ddrphy_top/u_ddrphy_clk/ioclk[0]$u_ioclk_1, location = x0y59z1.
PHY-1001 :   Placed ioclk instance u_ph1p35_324_ddr_wrapper/u_ddr2/ph1p_ddrmc_wrapper/ph1p_ddrmc_top/u_ddr_phy/u_ddrphy_top/u_ddrphy_clk/ioclk[0]$u_ioclk_0, location = x0y59z0.
PHY-1001 : Processing 2 clock pins of DDR instance u_ph1p35_324_ddr_wrapper/u_ddr2/ph1p_ddrmc_wrapper/ph1p_ddrmc_top/u_ddr_phy/u_ddrphy_top/u_ddrphy/ac_byte[2]$ac_byte_used$u_ddrphy_ac_byte_wrapper/u_ddrphy_byte, location = x0y50z0.
PHY-1001 :   Placed ioclk instance u_ph1p35_324_ddr_wrapper/u_ddr2/ph1p_ddrmc_wrapper/ph1p_ddrmc_top/u_ddr_phy/u_ddrphy_top/u_ddrphy_clk/ioclk[0]$u_ioclk_1, location = x0y59z1.
PHY-1001 :   Placed ioclk instance u_ph1p35_324_ddr_wrapper/u_ddr2/ph1p_ddrmc_wrapper/ph1p_ddrmc_top/u_ddr_phy/u_ddrphy_top/u_ddrphy_clk/ioclk[0]$u_ioclk_0, location = x0y59z0.
PHY-1001 : Processing 2 clock pins of DDR instance u_ph1p35_324_ddr_wrapper/u_ddr2/ph1p_ddrmc_wrapper/ph1p_ddrmc_top/u_ddr_phy/u_ddrphy_top/u_ddrphy/ac_byte[3]$ac_byte_used$u_ddrphy_ac_byte_wrapper/u_ddrphy_byte, location = x0y40z0.
PHY-1001 :   Placed ioclk instance u_ph1p35_324_ddr_wrapper/u_ddr2/ph1p_ddrmc_wrapper/ph1p_ddrmc_top/u_ddr_phy/u_ddrphy_top/u_ddrphy_clk/ioclk[0]$u_ioclk_1, location = x0y59z1.
PHY-1001 :   Placed ioclk instance u_ph1p35_324_ddr_wrapper/u_ddr2/ph1p_ddrmc_wrapper/ph1p_ddrmc_top/u_ddr_phy/u_ddrphy_top/u_ddrphy_clk/ioclk[0]$u_ioclk_0, location = x0y59z0.
PHY-1001 : Processing 2 clock pins of DDR instance u_ph1p35_324_ddr_wrapper/u_ddr2/ph1p_ddrmc_wrapper/ph1p_ddrmc_top/u_ddr_phy/u_ddrphy_top/u_ddrphy/dx_byte[0]$dx_byte_used$u_ddrphy_dx_byte_wrapper/u_ddrphy_byte, location = x0y30z0.
PHY-1001 :   Placed ioclk instance u_ph1p35_324_ddr_wrapper/u_ddr2/ph1p_ddrmc_wrapper/ph1p_ddrmc_top/u_ddr_phy/u_ddrphy_top/u_ddrphy_clk/ioclk[1]$u_ioclk_1, location = x0y19z1.
PHY-1001 :   Placed ioclk instance u_ph1p35_324_ddr_wrapper/u_ddr2/ph1p_ddrmc_wrapper/ph1p_ddrmc_top/u_ddr_phy/u_ddrphy_top/u_ddrphy_clk/ioclk[1]$u_ioclk_0, location = x0y19z0.
PHY-1001 : Processing 2 clock pins of DDR instance u_ph1p35_324_ddr_wrapper/u_ddr2/ph1p_ddrmc_wrapper/ph1p_ddrmc_top/u_ddr_phy/u_ddrphy_top/u_ddrphy/dx_byte[1]$dx_byte_used$u_ddrphy_dx_byte_wrapper/u_ddrphy_byte, location = x0y10z0.
PHY-1001 :   Placed ioclk instance u_ph1p35_324_ddr_wrapper/u_ddr2/ph1p_ddrmc_wrapper/ph1p_ddrmc_top/u_ddr_phy/u_ddrphy_top/u_ddrphy_clk/ioclk[1]$u_ioclk_1, location = x0y19z1.
PHY-1001 :   Placed ioclk instance u_ph1p35_324_ddr_wrapper/u_ddr2/ph1p_ddrmc_wrapper/ph1p_ddrmc_top/u_ddr_phy/u_ddrphy_top/u_ddrphy_clk/ioclk[1]$u_ioclk_0, location = x0y19z0.
PHY-3001 : Target density is 60%
PHY-3001 : Target density is 60%
PHY-1001 : Stage 2.7.1.1 | Update Timing
PHY-1001 : SWNS: 570, STNS: 0, FEP: 0
PHY-1001 : End Stage 2.7.1.1 | Update Timing; Time: 0.162239s wall, 0.156250s user + 0.000000s system = 0.156250s CPU (96.3%); Memory(MB): used = 1822, reserved = 1804, peak = 1822;

PHY-1001 : Stage 2.7.1.2 | Refresh Congestion
RUN-1001 : Generating global routing grids ...
PHY-1001 : Generate routing nets ...
PHY-1001 : Reuse net number 707/32610.
PHY-1001 : Global iterations in 32 thread ...
PHY-1002 : len = 2.43442e+06, over cnt = 4456(6%), over = 27384, worst = 113
PHY-1001 : End global iterations;  0.781311s wall, 1.265625s user + 0.000000s system = 1.265625s CPU (162.0%)

PHY-1001 : Congestion index:
PHY-1001 : top1  = 277.04(S 176.02, N 140.19, E 246.07, W 191.02, I 276.12, O 256.17)
PHY-1001 : top5  = 175.91(S 109.43, N 92.99, E 138.18, W 128.30, I 166.12, O 169.60)
PHY-1001 : top10 = 143.75(S 84.56, N 75.01, E 107.66, W 104.51, I 126.73, O 132.06)
PHY-1001 : top15 = 126.75(S 71.44, N 65.01, E 91.67, W 90.00, I 105.53, O 111.71)
PHY-1001 : End Stage 2.7.1.2 | Refresh Congestion; Time: 0.977396s wall, 1.453125s user + 0.000000s system = 1.453125s CPU (148.7%); Memory(MB): used = 1836, reserved = 1818, peak = 1836;

PHY-1001 : Stage 2.7.1.3 | GP Iteration
PHY-1001 : End Stage 2.7.1.3 | GP Iteration; Time: 1.563991s wall, 12.250000s user + 0.156250s system = 12.406250s CPU (793.2%); Memory(MB): used = 1836, reserved = 1818, peak = 1836;

PHY-3001 : Multithread accelerating rate: 7.77
OPT-1001 : Total overflow 1077.62 peak overflow 8.50
PHY-3001 : Spreading for sector grids.
PHY-3001 : Iter 1, total overflow: 0
PHY-3001 : tot_capacity: 36, usage_cnt: 16, movable_cnt: 28
PHY-3001 : End spreading;  0.110060s wall, 0.203125s user + 0.015625s system = 0.218750s CPU (198.8%)

PHY-3001 : Final: Len = 2.08599e+06, Over = 381.562
PHY-3001 : End incremental placement;  3.151763s wall, 14.406250s user + 0.171875s system = 14.578125s CPU (462.5%)

OPT-1001 : Total overflow 1077.62 peak overflow 8.50
RUN-1001 : HFN opt statistic
RUN-1001 : ------------------------------------------------------
RUN-1001 :   DriverCell type  |  HFN count  |  Duplicated count  
RUN-1001 : ------------------------------------------------------
RUN-1001 :         REG        |      9      |         86         
RUN-1001 :        LUT6        |     17      |         43         
RUN-1001 :        LUT5        |      1      |         9          
RUN-1001 :        LUT4        |     27      |         71         
RUN-1001 :        LUT3        |     28      |         2          
RUN-1001 :        LUT2        |     27      |        103         
RUN-1001 :        TOTAL       |     109     |        314         
RUN-1001 : ------------------------------------------------------
OPT-1001 : End high-fanout net optimization;  6.902532s wall, 18.140625s user + 0.171875s system = 18.312500s CPU (265.3%)

OPT-1001 : Update timing in Manhattan mode
OPT-1001 : End timing update;  1.361048s wall, 1.343750s user + 0.015625s system = 1.359375s CPU (99.9%)

OPT-1001 : Current memory(MB): used = 1836, reserved = 1818, peak = 1836.
OPT-1001 : End Stage 2.7.1 | Synthesize High-fanout Net; Time: 8.443380s wall, 19.671875s user + 0.187500s system = 19.859375s CPU (235.2%); Memory(MB): used = 1836, reserved = 1818, peak = 1836;

OPT-1001 : Stage 2.7.2 | Global Optimization
OPT-1001 : Start global optimization ...
OPT-0007 : Start: SWNS 439 STNS 0 NUM_FEPS 0
OPT-1001 : Start congestion update ...
RUN-1001 : Generating global routing grids ...
PHY-1001 : Generate routing nets ...
PHY-1001 : Reuse net number 5038/31999.
PHY-1001 : Global iterations in 32 thread ...
PHY-1002 : len = 2.51942e+06, over cnt = 4456(6%), over = 15945, worst = 36
PHY-1002 : len = 2.79582e+06, over cnt = 3910(5%), over = 9827, worst = 27
PHY-1002 : len = 3.05698e+06, over cnt = 2074(2%), over = 4647, worst = 19
PHY-1002 : len = 3.16064e+06, over cnt = 1080(1%), over = 2371, worst = 19
PHY-1002 : len = 3.26688e+06, over cnt = 279(0%), over = 693, worst = 8
PHY-1001 : End global iterations;  5.692394s wall, 6.640625s user + 0.062500s system = 6.703125s CPU (117.8%)

PHY-1001 : Congestion index:
PHY-1001 : top1  = 103.48(S 92.06, N 85.19, E 94.49, W 100.25, I 267.65, O 254.85)
PHY-1001 : top5  = 89.70(S 74.29, N 68.31, E 77.74, W 84.92, I 162.96, O 163.02)
PHY-1001 : top10 = 82.63(S 66.02, N 60.61, E 69.12, W 75.98, I 124.40, O 129.66)
PHY-1001 : top15 = 77.85(S 60.52, N 55.72, E 63.56, W 70.33, I 103.76, O 111.05)
OPT-1001 : End congestion update;  6.023995s wall, 6.968750s user + 0.062500s system = 7.031250s CPU (116.7%)

OPT-0007 : Iter 1: improved SWNS 794 STNS 0 NUM_FEPS 0 with 30 cells processed and 3388 slack improved
OPT-0007 : Iter 2: improved SWNS 794 STNS 0 NUM_FEPS 0 with 1 cells processed and 122 slack improved
OPT-1001 : Overall commit ratio 0.35
OPT-1001 : End global optimization;  6.139583s wall, 7.078125s user + 0.062500s system = 7.140625s CPU (116.3%)

OPT-1001 : Current memory(MB): used = 1836, reserved = 1818, peak = 1836.
OPT-1001 : End Stage 2.7.2 | Global Optimization; Time: 6.742741s wall, 7.687500s user + 0.062500s system = 7.750000s CPU (114.9%); Memory(MB): used = 1836, reserved = 1818, peak = 1836;

OPT-0007 : End flow prepack: SWNS 794 STNS 0 NUM_FEPS 0
OPT-1001 : End physical optimization;  15.227989s wall, 27.390625s user + 0.250000s system = 27.640625s CPU (181.5%)

PHY-1001 : End Stage 2.7 | Optimize Design; Time: 15.231645s wall, 27.406250s user + 0.250000s system = 27.656250s CPU (181.6%); Memory(MB): used = 1836, reserved = 1818, peak = 1836;

PHY-1001 : Stage 2.8 | Pack and Legalization
PHY-1001 : Stage 2.8.1 | Direct Legalization
PHY-3001 : Start Direct Legalization ...
PHY-3001 : Get top1 grid util = 1.087993, top1_avg = 1.087993.
PHY-3001 : Bad prepacking score, goto packing flow.
PHY-1001 : End Stage 2.8.1 | Direct Legalization; Time: 0.490977s wall, 1.015625s user + 0.062500s system = 1.078125s CPU (219.6%); Memory(MB): used = 1836, reserved = 1818, peak = 1837;

PHY-1001 : End Stage 2.8 | Pack and Legalization; Time: 0.491137s wall, 1.015625s user + 0.062500s system = 1.078125s CPU (219.5%); Memory(MB): used = 1836, reserved = 1818, peak = 1837;

PHY-1001 : Stage 2.9 | Place Packing
PHY-1001 : Stage 2.9.1 | Packing
SYN-4011 : Packing model "design_top_wrapper" (AL_USER_NORMAL) with 33499/41911 primitive instances ...
RUN-1001 : Summary of LUT-FF Pairs
RUN-1001 : ---------------------------------------------------------------
RUN-1001 :   Num of Fanout Seqs  |   1x   |  2x  |  3~5  |  6~10  |  >10  
RUN-1001 : ---------------------------------------------------------------
RUN-1001 :         Total         |  7961  |  72  |  59   |   63   |  166  
RUN-1001 :          Bank         |  7942  |  72  |  59   |   63   |  164  
RUN-1001 :         Paired        |  7942  |  72  |  59   |   63   |  164  
RUN-1001 : ---------------------------------------------------------------
RUN-1001 : Summary of LUT Pairs
RUN-1001 : ---------------------------------------------------------------------------------------------------------------------
RUN-1001 :            |           |           |           |           |           |  O5 + O6  |  Only O5  |  Only O6  |  Total  
RUN-1001 : ---------------------------------------------------------------------------------------------------------------------
RUN-1001 :   5 Share  |  4 Share  |  3 Share  |  2 Share  |  1 Share  |  0 Share  |           |           |           |         
RUN-1001 :     71     |    273    |    311    |    766    |   2006    |   4985    |   8412    |   1325    |   5714    |  15451  
RUN-1001 : ---------------------------------------------------------------------------------------------------------------------
PHY-1001 : Populate physical database on model design_top_wrapper.
RUN-1001 : There are total 21034 instances
RUN-1001 : 536 mslices, 17951 lslices, 54 pads, 108 brams, 19 dsps
RUN-1001 : There are total 48739 nets
RUN-1001 : 32284 nets have 2 pins
RUN-1001 : 12914 nets have [3 - 5] pins
RUN-1001 : 2283 nets have [6 - 10] pins
RUN-1001 : 698 nets have [11 - 20] pins
RUN-1001 : 486 nets have [21 - 99] pins
RUN-1001 : 74 nets have 100+ pins
PHY-3001 : Target density is 60%
RUN-1002 : start command "start_timer"
RUN-1003 : finish command "start_timer" in  2.657213s wall, 2.640625s user + 0.015625s system = 2.656250s CPU (100.0%)

RUN-1004 : used memory is 1897 MB, reserved memory is 1879 MB, peak memory is 1897 MB
PHY-1001 : End Stage 2.9.1 | Packing; Time: 7.910197s wall, 7.828125s user + 0.046875s system = 7.875000s CPU (99.6%); Memory(MB): used = 1946, reserved = 1928, peak = 1946;

PHY-1001 : Stage 2.9.2 | Post Pack GP
PHY-3001 : Target density is 60%
PHY-3001 : Cell area utilization is 90%
PHY-3001 : After packing: Len = 2.21742e+06, Over = 541.875
PHY-3001 : Target density is 60%
PHY-1001 : Stage 2.9.2.1 | Update Timing
PHY-1001 : SWNS: 930, STNS: 0, FEP: 0
PHY-1001 : End Stage 2.9.2.1 | Update Timing; Time: 0.142547s wall, 0.140625s user + 0.000000s system = 0.140625s CPU (98.7%); Memory(MB): used = 1948, reserved = 1930, peak = 1948;

PHY-1001 : Stage 2.9.2.2 | GP Iteration
PHY-1001 : End Stage 2.9.2.2 | GP Iteration; Time: 0.343862s wall, 3.562500s user + 0.000000s system = 3.562500s CPU (1036.0%); Memory(MB): used = 1948, reserved = 1930, peak = 1948;

PHY-3001 : Multithread accelerating rate: 9.50
PHY-1001 : End Stage 2.9.2 | Post Pack GP; Time: 0.535748s wall, 3.765625s user + 0.000000s system = 3.765625s CPU (702.9%); Memory(MB): used = 1948, reserved = 1931, peak = 1948;

PHY-1001 : End Stage 2.9 | Place Packing; Time: 8.446557s wall, 11.593750s user + 0.046875s system = 11.640625s CPU (137.8%); Memory(MB): used = 1948, reserved = 1931, peak = 1948;

PHY-1001 : Stage 2.10 | Legalization
PHY-3001 : Before Legalized: Len = 1.97721e+06
RUN-1001 : Legalization top10 inst displacement:
RUN-1001 : ------------------------------------------------------------------------------------------------------------------------------------------------------------------------------------------------------------------------------------------------------------------
RUN-1001 :   Index  |  Bounded  |  Height  |        Location        |  Disp. (slots)  |  Disp. (grids)  |                                                                                Name                                                                                
RUN-1001 : ------------------------------------------------------------------------------------------------------------------------------------------------------------------------------------------------------------------------------------------------------------------
RUN-1001 :     1    |     N     |    1     |  x39y78z7 to x34y76z0  |       63        |        7        |                u_hdmi_tx/u_hdmi_1_4b_transmitter_core_wrapper/u_hdmi_tx_controller_wrapper/u_hdmi_island_data_assemble/S_CH1_D3_shift_reg[26]_syn_2                
RUN-1001 :     2    |     N     |    1     |  x46y78z6 to x41y75z7  |       63        |        8        |                u_hdmi_tx/u_hdmi_1_4b_transmitter_core_wrapper/u_hdmi_tx_controller_wrapper/u_hdmi_island_data_assemble/S_CH1_D3_shift_reg[0]_syn_2                 
RUN-1001 :     3    |     N     |    1     |  x46y78z7 to x41y76z0  |       63        |        7        |                u_hdmi_tx/u_hdmi_1_4b_transmitter_core_wrapper/u_hdmi_tx_controller_wrapper/u_hdmi_island_data_assemble/S_CH1_D3_shift_reg[11]_syn_2                
RUN-1001 :     4    |     N     |    1     |  x46y78z7 to x40y77z0  |       63        |        7        |                   u_hdmi_tx/u_hdmi_1_4b_transmitter_core_wrapper/u_hdmi_tx_controller_wrapper/u_hdmi_island_data_gen/O_BCH_block_2_reg[20]_syn_2                   
RUN-1001 :     5    |     N     |    1     |  x46y78z7 to x41y76z1  |       62        |        7        |                u_hdmi_tx/u_hdmi_1_4b_transmitter_core_wrapper/u_hdmi_tx_controller_wrapper/u_hdmi_island_data_assemble/S_CH1_D2_shift_reg[9]_syn_2                 
RUN-1001 :     6    |     N     |    1     |  x46y78z7 to x40y77z1  |       62        |        7        |                u_hdmi_tx/u_hdmi_1_4b_transmitter_core_wrapper/u_hdmi_tx_controller_wrapper/u_hdmi_island_data_assemble/S_CH1_D3_shift_reg[2]_syn_2                 
RUN-1001 :     7    |     N     |    1     |    x1y1z2 to x5y5z0    |       62        |        8        |                                                             u_uicfgcs500/uii2c_inst/wcnt_reg[4]_syn_2                                                              
RUN-1001 :     8    |     N     |    1     |  x46y72z4 to x41y69z6  |       62        |        8        |                u_hdmi_tx/u_hdmi_1_4b_transmitter_core_wrapper/u_hdmi_tx_controller_wrapper/u_hdmi_island_data_assemble/S_CH2_D3_shift_reg[11]_syn_2                
RUN-1001 :     9    |     N     |    1     |  x46y71z6 to x41y69z0  |       62        |        7        |                u_hdmi_tx/u_hdmi_1_4b_transmitter_core_wrapper/u_hdmi_tx_controller_wrapper/u_hdmi_island_data_assemble/S_CH2_D2_shift_reg[18]_syn_2                
RUN-1001 :    10    |     N     |    1     |  x39y78z5 to x34y75z7  |       62        |        8        |  u_hdmi_tx/u_hdmi_1_4b_transmitter_core_wrapper/u_hdmi_tx_controller_wrapper/u_hdmi_island_data_gen/u_audio_clock_regeneration_packet/O_BCH_block_0_reg[52]_syn_2  
RUN-1001 : ------------------------------------------------------------------------------------------------------------------------------------------------------------------------------------------------------------------------------------------------------------------
PHY-3001 : After Legalized: Len = 2.58248e+06, Over = 0
PHY-1001 : End Stage 2.10 | Legalization; Time: 0.832153s wall, 1.234375s user + 0.015625s system = 1.250000s CPU (150.2%); Memory(MB): used = 2097, reserved = 2087, peak = 2097;

PHY-1001 : Stage 2.11 | Global Placement Step 3
PHY-3001 : Target density is 60%
PHY-1001 : Stage 2.11.1 | Update Timing
PHY-1001 : SWNS: 617, STNS: 0, FEP: 0
PHY-1001 : End Stage 2.11.1 | Update Timing; Time: 1.325725s wall, 1.312500s user + 0.000000s system = 1.312500s CPU (99.0%); Memory(MB): used = 2097, reserved = 2087, peak = 2097;

PHY-1001 : Stage 2.11.2 | GP Iteration
PHY-1001 : End Stage 2.11.2 | GP Iteration; Time: 0.671256s wall, 4.609375s user + 0.093750s system = 4.703125s CPU (700.6%); Memory(MB): used = 2097, reserved = 2087, peak = 2097;

PHY-3001 : Multithread accelerating rate: 6.74
PHY-1001 : End Stage 2.11 | Global Placement Step 3; Time: 2.038562s wall, 5.953125s user + 0.093750s system = 6.046875s CPU (296.6%); Memory(MB): used = 2097, reserved = 2087, peak = 2097;

PHY-1001 : Stage 2.12 | Final Legalization
PHY-3001 : Before Legalized: Len = 2.00473e+06
PHY-1001 : Stage 2.12.1 | Refresh Congestion
RUN-1001 : Generating global routing grids ...
PHY-1001 : Generate routing nets ...
PHY-1001 : Reuse net number 1018/31919.
PHY-1001 : Global iterations in 32 thread ...
PHY-1002 : len = 3.23242e+06, over cnt = 5169(7%), over = 10750, worst = 10
PHY-1002 : len = 3.42635e+06, over cnt = 3195(4%), over = 5597, worst = 9
PHY-1002 : len = 3.55646e+06, over cnt = 1526(2%), over = 2554, worst = 7
PHY-1002 : len = 3.62792e+06, over cnt = 354(0%), over = 543, worst = 6
PHY-1002 : len = 3.66856e+06, over cnt = 0(0%), over = 0, worst = 0
PHY-1001 : End global iterations;  2.975961s wall, 3.875000s user + 0.031250s system = 3.906250s CPU (131.3%)

PHY-1001 : Congestion index:
PHY-1001 : top1  = 93.91(S 76.08, N 72.86, E 83.82, W 93.67, I 65.24, O 77.96)
PHY-1001 : top5  = 84.89(S 66.60, N 64.06, E 74.10, W 83.07, I 59.39, O 68.77)
PHY-1001 : top10 = 79.78(S 60.72, N 59.12, E 68.94, W 76.80, I 56.82, O 63.05)
PHY-1001 : top15 = 76.52(S 56.80, N 55.78, E 65.33, W 72.44, I 55.03, O 59.14)
PHY-1001 : End Stage 2.12.1 | Refresh Congestion; Time: 4.587867s wall, 5.656250s user + 0.031250s system = 5.687500s CPU (124.0%); Memory(MB): used = 2098, reserved = 2087, peak = 2098;

RUN-1001 : There are 898/13319 slices in 141/156/2652 high-util grids without refreshing the congo.
RUN-1001 : Legalization top10 inst displacement:
RUN-1001 : --------------------------------------------------------------------------------------------------------------------------------------------------------------------------------------------------------------------------------------
RUN-1001 :   Index  |  Bounded  |  Height  |        Location        |  Disp. (slots)  |  Disp. (grids)  |                                                                  Name                                                                  
RUN-1001 : --------------------------------------------------------------------------------------------------------------------------------------------------------------------------------------------------------------------------------------
RUN-1001 :     1    |     N     |    1     |  x46y78z7 to x41y76z1  |       62        |        7        |  u_hdmi_tx/u_hdmi_1_4b_transmitter_core_wrapper/u_hdmi_tx_controller_wrapper/u_hdmi_island_data_assemble/S_CH1_D3_shift_reg[2]_syn_2   
RUN-1001 :     2    |     N     |    1     |  x46y78z7 to x40y77z3  |       60        |        7        |  u_hdmi_tx/u_hdmi_1_4b_transmitter_core_wrapper/u_hdmi_tx_controller_wrapper/u_hdmi_island_data_assemble/S_CH1_D2_shift_reg[18]_syn_2  
RUN-1001 :     3    |     N     |    1     |  x46y78z7 to x41y76z3  |       60        |        7        |  u_hdmi_tx/u_hdmi_1_4b_transmitter_core_wrapper/u_hdmi_tx_controller_wrapper/u_hdmi_island_data_assemble/S_CH1_D2_shift_reg[9]_syn_2   
RUN-1001 :     4    |     N     |    1     |  x46y78z7 to x40y77z4  |       59        |        7        |  u_hdmi_tx/u_hdmi_1_4b_transmitter_core_wrapper/u_hdmi_tx_controller_wrapper/u_hdmi_island_data_assemble/S_CH1_D2_shift_reg[2]_syn_2   
RUN-1001 :     5    |     N     |    1     |  x46y78z7 to x41y76z5  |       58        |        7        |  u_hdmi_tx/u_hdmi_1_4b_transmitter_core_wrapper/u_hdmi_tx_controller_wrapper/u_hdmi_island_data_assemble/S_CH1_D3_shift_reg[8]_syn_2   
RUN-1001 :     6    |     N     |    1     |  x46y78z7 to x41y76z6  |       57        |        7        |  u_hdmi_tx/u_hdmi_1_4b_transmitter_core_wrapper/u_hdmi_tx_controller_wrapper/u_hdmi_island_data_assemble/S_CH1_D3_shift_reg[20]_syn_2  
RUN-1001 :     7    |     N     |    1     |  x46y78z7 to x40y77z6  |       57        |        7        |  u_hdmi_tx/u_hdmi_1_4b_transmitter_core_wrapper/u_hdmi_tx_controller_wrapper/u_hdmi_island_data_assemble/S_CH1_D3_shift_reg[15]_syn_2  
RUN-1001 :     8    |     N     |    1     |  x46y71z6 to x41y69z6  |       56        |        7        |  u_hdmi_tx/u_hdmi_1_4b_transmitter_core_wrapper/u_hdmi_tx_controller_wrapper/u_hdmi_island_data_assemble/S_CH2_D3_shift_reg[7]_syn_2   
RUN-1001 :     9    |     N     |    1     |  x46y78z7 to x41y76z7  |       56        |        7        |  u_hdmi_tx/u_hdmi_1_4b_transmitter_core_wrapper/u_hdmi_tx_controller_wrapper/u_hdmi_island_data_assemble/S_CH1_D3_shift_reg[7]_syn_2   
RUN-1001 :    10    |     N     |    1     |  x46y78z7 to x40y77z7  |       56        |        7        |  u_hdmi_tx/u_hdmi_1_4b_transmitter_core_wrapper/u_hdmi_tx_controller_wrapper/u_hdmi_island_data_assemble/S_CH1_D1_shift_reg[21]_syn_2  
RUN-1001 : --------------------------------------------------------------------------------------------------------------------------------------------------------------------------------------------------------------------------------------
RUN-1001 : There are 396/13319 slices in 101/156/2652 high-util grids without refreshing the congo.
PHY-3001 : After Legalized: Len = 2.59733e+06, Over = 0
PHY-1001 : End Stage 2.12 | Final Legalization; Time: 6.913311s wall, 8.125000s user + 0.046875s system = 8.171875s CPU (118.2%); Memory(MB): used = 2098, reserved = 2087, peak = 2098;

PHY-1001 : End Stage 2 | Global Placement; Time: 55.539088s wall, 97.718750s user + 4.968750s system = 102.687500s CPU (184.9%); Memory(MB): used = 2098, reserved = 2087, peak = 2098;

PHY-1001 : Stage 3 | Detailed Placement
PHY-1001 : Stage 3.1 | SLICE Detailed Placement
PHY-1001 : Stage 3.1.1 | Spreading
PHY-3001 : Design contains 283 ce signals.
PHY-3001 : Spreading for sector grids.
PHY-3001 : Iter 1, total overflow: 0
PHY-3001 : tot_capacity: 24, usage_cnt: 11, movable_cnt: 18
PHY-3001 : Spreading for clock grids.
PHY-3001 : clock grid count for 24 x 4 grids
PHY-3001 : Spreading for plb grids.
PHY-3001 : Iter 1: 3013 overflows spread with total dist 198612 and max dist 342.
PHY-3001 : Iter 2: 61 overflows spread with total dist 5340 and max dist 264.
PHY-3001 : total displace: 154992, max displace: 288.
PHY-3001 : End spreading;  8.258328s wall, 8.078125s user + 0.015625s system = 8.093750s CPU (98.0%)

PHY-1001 : End Stage 3.1.1 | Spreading; Time: 8.258557s wall, 8.078125s user + 0.015625s system = 8.093750s CPU (98.0%); Memory(MB): used = 2098, reserved = 2087, peak = 2098;

PHY-1001 : Stage 3.1.2 | Simulated Annealing Based DP
RUN-1001 : Generating global routing grids ...
PHY-1001 : Generate routing nets ...
PHY-1001 : Reuse net number 7731/32241.
PHY-1001 : Global iterations in 32 thread ...
PHY-1002 : len = 3.62722e+06, over cnt = 4787(6%), over = 8961, worst = 9
PHY-1002 : len = 3.76286e+06, over cnt = 3083(4%), over = 4990, worst = 9
PHY-1002 : len = 3.89874e+06, over cnt = 1065(1%), over = 1685, worst = 7
PHY-1002 : len = 3.98126e+06, over cnt = 119(0%), over = 175, worst = 6
PHY-1002 : len = 3.98213e+06, over cnt = 34(0%), over = 49, worst = 6
PHY-1001 : End global iterations;  2.630611s wall, 3.343750s user + 0.046875s system = 3.390625s CPU (128.9%)

PHY-1001 : Congestion index:
PHY-1001 : top1  = 93.29(S 75.65, N 75.90, E 84.40, W 92.68, I 65.62, O 82.40)
PHY-1001 : top5  = 85.18(S 68.27, N 66.69, E 75.44, W 83.28, I 59.45, O 70.43)
PHY-1001 : top10 = 80.65(S 62.59, N 61.72, E 70.38, W 77.34, I 56.86, O 63.96)
PHY-1001 : top15 = 77.49(S 58.87, N 58.17, E 67.09, W 73.28, I 55.13, O 59.75)
PHY-0007 : Initial: WL Cost = 251400, TD Cost = 2.19496e+06, SWNS = 443, STNS = 0, Nums per T = 133620, Range Limit = 4x8
PHY-0007 : Finally: WL Cost = 224603, TD Cost = 1.72096e+06, WL Ratio = 0.893408, TD Ratio = 0.784048, SWNS = 916, STNS = 0
RUN-1001 : Print Detailed placement's Summary information
RUN-1001 : -------------------------------------------------------------------------------------------------------------------------------
RUN-1001 :           |   Total   |  Accept  |  Reject by overFlow  |  Reject by worseCost  |  Failed by noTarget  |  Failed by gridCheck  
RUN-1001 : -------------------------------------------------------------------------------------------------------------------------------
RUN-1001 :   Slices  |  1202580  |  28973   |        17524         |        1091248        |         1448         |         63387         
RUN-1001 :   Macros  |   66646   |   1548   |         2693         |         61515         |         433          |          457          
RUN-1001 : -------------------------------------------------------------------------------------------------------------------------------
PHY-1001 : End Stage 3.1.2 | Simulated Annealing Based DP; Time: 20.134297s wall, 21.750000s user + 0.328125s system = 22.078125s CPU (109.7%); Memory(MB): used = 2097, reserved = 2086, peak = 2098;

PHY-3001 : End Detailed Place; 
PHY-3001 : Final: Len = 2.56255e+06, Over = 0
PHY-1001 : End Stage 3.1 | SLICE Detailed Placement; Time: 29.971794s wall, 31.343750s user + 0.390625s system = 31.734375s CPU (105.9%); Memory(MB): used = 2097, reserved = 2086, peak = 2098;

PHY-3001 : End Detailed Place; 
PHY-1001 : Stage 3.2 | Optimize Design
OPT-1001 : Start physical optimization ...
OPT-1001 : Total overflow 0.00 peak overflow 0.00
OPT-1001 : Stage 3.2.1 | Physical Optimization
OPT-1001 : Start high-fanout net optimization in optimize equivalent flow with medium effort ...
OPT-1001 : Clean unloaded insts before merging registers
PHY-1001 : Populate physical database on model design_top_wrapper.
PHY-1001 : Populate physical database on model design_top_wrapper.
OPT-1001 : Total overflow 0.00 peak overflow 0.00
OPT-1001 : End optimize duplicated nets. Total 71 instances are merged and 2770 sinks are reconnected,  1.872955s wall, 1.828125s user + 0.031250s system = 1.859375s CPU (99.3%)

OPT-1001 : End high-fanout net optimization;  1.874685s wall, 1.828125s user + 0.031250s system = 1.859375s CPU (99.2%)

OPT-1001 : Update timing in Manhattan mode
RUN-1002 : start command "start_timer"
RUN-1003 : finish command "start_timer" in  2.225205s wall, 2.109375s user + 0.031250s system = 2.140625s CPU (96.2%)

RUN-1004 : used memory is 2097 MB, reserved memory is 2086 MB, peak memory is 2098 MB
OPT-1001 : End timing update;  3.582105s wall, 3.390625s user + 0.046875s system = 3.437500s CPU (96.0%)

OPT-1001 : Current memory(MB): used = 2098, reserved = 2087, peak = 2098.
OPT-1001 : End Stage 3.2.1 | Physical Optimization; Time: 5.627352s wall, 5.390625s user + 0.078125s system = 5.468750s CPU (97.2%); Memory(MB): used = 2098, reserved = 2087, peak = 2098;

OPT-1001 : Stage 3.2.2 | Synthesize High-fanout Net
OPT-1001 : Start high-fanout net optimization in post-pack flow with medium effort ...
OPT-1001 : Start: SWNS 916 STNS 0 NUM_FEPS 0
OPT-1001 : Total overflow 0.00 peak overflow 0.00
PHY-1001 : Populate physical database on model design_top_wrapper.
OPT-1001 : 27 high-fanout net processed.
OPT-1001 : Total overflow 0.00 peak overflow 0.00
RUN-1001 : HFN opt statistic
RUN-1001 : ------------------------------------------------------
RUN-1001 :   DriverCell type  |  HFN count  |  Duplicated count  
RUN-1001 : ------------------------------------------------------
RUN-1001 :       LSLICE       |      0      |         0          
RUN-1001 :       MSLICE       |      0      |         0          
RUN-1001 :        OTHER       |     27      |         30         
RUN-1001 :        TOTAL       |     27      |         30         
RUN-1001 : ------------------------------------------------------
OPT-1001 : End high-fanout net optimization;  1.255206s wall, 1.250000s user + 0.000000s system = 1.250000s CPU (99.6%)

OPT-1001 : Current memory(MB): used = 2098, reserved = 2087, peak = 2098.
OPT-1001 : End Stage 3.2.2 | Synthesize High-fanout Net; Time: 1.428833s wall, 1.390625s user + 0.031250s system = 1.421875s CPU (99.5%); Memory(MB): used = 2098, reserved = 2087, peak = 2098;

OPT-1001 : Stage 3.2.3 | Optimize Path
OPT-1001 : Start unpack path based optimization ...
OPT-0007 : Start: SWNS 916 STNS 0 NUM_FEPS 0 with mode 2
OPT-1001 : Start congestion update ...
RUN-1001 : Generating global routing grids ...
PHY-1001 : Generate routing nets ...
PHY-1001 : Reuse net number 8847/30680.
PHY-1001 : Global iterations in 32 thread ...
PHY-1002 : len = 3.25149e+06, over cnt = 4200(5%), over = 8174, worst = 9
PHY-1002 : len = 3.37442e+06, over cnt = 2612(3%), over = 4250, worst = 9
PHY-1002 : len = 3.46072e+06, over cnt = 1206(1%), over = 1860, worst = 9
PHY-1002 : len = 3.51149e+06, over cnt = 419(0%), over = 631, worst = 7
PHY-1002 : len = 3.58794e+06, over cnt = 59(0%), over = 72, worst = 4
PHY-1001 : End global iterations;  2.677449s wall, 3.218750s user + 0.046875s system = 3.265625s CPU (122.0%)

PHY-1001 : Congestion index:
PHY-1001 : top1  = 93.24(S 72.72, N 73.11, E 87.42, W 91.86, I 65.84, O 82.40)
PHY-1001 : top5  = 84.37(S 64.05, N 63.45, E 77.23, W 80.42, I 60.06, O 70.57)
PHY-1001 : top10 = 79.23(S 59.04, N 58.30, E 71.28, W 74.00, I 57.24, O 64.32)
PHY-1001 : top15 = 75.99(S 55.59, N 54.45, E 66.76, W 69.75, I 55.31, O 60.05)
OPT-1001 : End congestion update;  3.111815s wall, 3.625000s user + 0.046875s system = 3.671875s CPU (118.0%)

OPT-0007 : Iter 1: improved SWNS 994 STNS 0 NUM_FEPS 0 with 14(2430) cells and 1403(1455) paths processed with 979 slack improved, crit_thod: 1618 ratio: 0.74(17/23) rt: 0.8s
OPT-0007 : Iter 2: improved SWNS 994 STNS 0 NUM_FEPS 0 with 9(2820) cells and 1410(1410) paths processed with 1064 slack improved, crit_thod: 1617 ratio: 0.53(10/19) rt: 0.7s
OPT-0007 : Iter 3: improved SWNS 994 STNS 0 NUM_FEPS 0 with 4(2874) cells and 1437(1437) paths processed with 303 slack improved, crit_thod: 1635 ratio: 0.31(4/13) rt: 0.6s
OPT-0007 : Iter 4: improved SWNS 994 STNS 0 NUM_FEPS 0 with 1(2872) cells and 1436(1436) paths processed with 61 slack improved, crit_thod: 1639 ratio: 0.11(1/9) rt: 0.5s
OPT-1001 : End path based optimization;  5.717870s wall, 6.203125s user + 0.046875s system = 6.250000s CPU (109.3%)

OPT-1001 : Current memory(MB): used = 2098, reserved = 2087, peak = 2098.
OPT-1001 : End Stage 3.2.3 | Optimize Path; Time: 5.896949s wall, 6.359375s user + 0.046875s system = 6.406250s CPU (108.6%); Memory(MB): used = 2098, reserved = 2087, peak = 2098;

OPT-1001 : Stage 3.2.4 | Optimize Duplicated Nets
OPT-1001 : Start: WNS 994 TNS 0 NUM_FEPS 0
OPT-1001 : Clean unloaded insts before merging registers
PHY-1001 : Populate physical database on model design_top_wrapper.
PHY-1001 : Populate physical database on model design_top_wrapper.
OPT-1001 : Total overflow 0.00 peak overflow 0.00
OPT-1001 : End optimize duplicated nets. Total 3 instances are merged and 413 sinks are reconnected,  1.939914s wall, 1.890625s user + 0.015625s system = 1.906250s CPU (98.3%)

OPT-1001 : Update timing in Manhattan mode
RUN-1002 : start command "start_timer"
RUN-1003 : finish command "start_timer" in  2.209920s wall, 2.140625s user + 0.031250s system = 2.171875s CPU (98.3%)

RUN-1004 : used memory is 2098 MB, reserved memory is 2087 MB, peak memory is 2098 MB
OPT-1001 : End timing update;  3.563775s wall, 3.484375s user + 0.031250s system = 3.515625s CPU (98.6%)

OPT-1001 : Current memory(MB): used = 2098, reserved = 2087, peak = 2098.
OPT-1001 : End Stage 3.2.4 | Optimize Duplicated Nets; Time: 5.674619s wall, 5.531250s user + 0.046875s system = 5.578125s CPU (98.3%); Memory(MB): used = 2098, reserved = 2087, peak = 2098;

OPT-1001 : Stage 3.2.5 | Swap Pins
OPT-1001 : Start pin optimization...
OPT-1001 : Start: SWNS 994 STNS 0 NUM_FEPS 0
OPT-1001 : Successfully optimized 2114 instances
OPT-1001 : Successfully optimized 748 instances
OPT-1001 : End pin optimization;  2.385594s wall, 2.328125s user + 0.015625s system = 2.343750s CPU (98.2%)

OPT-1001 : Current memory(MB): used = 2098, reserved = 2087, peak = 2098.
OPT-1001 : End Stage 3.2.5 | Swap Pins; Time: 2.555679s wall, 2.500000s user + 0.015625s system = 2.515625s CPU (98.4%); Memory(MB): used = 2098, reserved = 2087, peak = 2098;

OPT-1001 : Stage 3.2.6 | Optimize Beeline
OPT-1001 : Start beeline optimization...
OPT-1001 : Start: SWNS 994 STNS 0 NUM_FEPS 0
PHY-1001 : Beeline DP, 640 out of 7481 (8.56)%; hop = 866.
PHY-1001 : Beeline DP, 349 out of 6944 (5.03)%; hop = 478.
PHY-1001 : Beeline DP, 234 out of 6816 (3.43)%; hop = 319.
PHY-1001 : Beeline DP, 195 out of 6769 (2.88)%; hop = 272.
PHY-1001 : Beeline DP, 166 out of 6706 (2.48)%; hop = 229.
PHY-1001 : Beeline optimization intraPLB, 1885 1-hop(48.22%), 1411 2-hop(36.10%), 261 3-hop( 6.68%), 352 others ( 9.00%)
PHY-1001 :  3.208782s wall, 3.171875s user + 0.015625s system = 3.187500s CPU (99.3%)

RUN-1001 : Beeline optimization outerPLB: 1-hop 3452, 2-hop 5831, 3-hop 3023, 4-hop 987, other 2814 
OPT-1001 : End beeline optimization;  3.823154s wall, 3.781250s user + 0.015625s system = 3.796875s CPU (99.3%)

OPT-1001 : Update timing in Manhattan mode
OPT-1001 : End timing update;  1.340731s wall, 1.343750s user + 0.000000s system = 1.343750s CPU (100.2%)

OPT-1001 : End Stage 3.2.6 | Optimize Beeline; Time: 5.427331s wall, 5.375000s user + 0.015625s system = 5.390625s CPU (99.3%); Memory(MB): used = 2099, reserved = 2087, peak = 2099;

OPT-0007 : End flow postpack: SWNS 1000 STNS 0 NUM_FEPS 0
RUN-1001 : Generating global routing grids ...
PHY-1001 : Generate routing nets ...
PHY-1001 : Reuse net number 28126/30089.
PHY-1001 : Global iterations in 32 thread ...
PHY-1002 : len = 3.55915e+06, over cnt = 760(1%), over = 1025, worst = 7
PHY-1002 : len = 3.5783e+06, over cnt = 436(0%), over = 516, worst = 4
PHY-1002 : len = 3.59336e+06, over cnt = 120(0%), over = 133, worst = 3
PHY-1002 : len = 3.59922e+06, over cnt = 16(0%), over = 18, worst = 2
PHY-1002 : len = 3.59954e+06, over cnt = 1(0%), over = 1, worst = 1
PHY-1001 : End global iterations;  0.623920s wall, 0.812500s user + 0.000000s system = 0.812500s CPU (130.2%)

PHY-1001 : Congestion index:
PHY-1001 : top1  = 93.83(S 72.05, N 73.31, E 87.17, W 92.27, I 65.79, O 81.66)
PHY-1001 : top5  = 83.83(S 63.81, N 63.64, E 76.12, W 79.82, I 59.99, O 70.61)
PHY-1001 : top10 = 78.53(S 58.85, N 58.40, E 70.24, W 73.63, I 57.20, O 64.37)
PHY-1001 : top15 = 75.19(S 55.46, N 54.52, E 66.02, W 69.53, I 55.28, O 60.11)
RUN-1001 : top one percent high-util tile is with util 87 and average util is 93.157895
RUN-1001 : QoR Analysis:
OPT-0007 :   SWNS 1000 STNS 0 NUM_FEPS 0
RUN-1001 :   Local congestion issue exists, and most congested 1% tile average routing util is 93.157895
OPT-1002 :   please consider adjusting placer strategy to avoid the congestion issue
RUN-1001 :   Top critical paths
RUN-1001 :       #1 path slack 1000ps with logic level 8 
RUN-1001 :       #2 path slack 1006ps with logic level 8 
RUN-1001 :       #3 path slack 1059ps with logic level 8 
RUN-1001 :       #4 path slack 1065ps with logic level 8 
RUN-1001 :   extra opt step will be enabled to improve QoR
PHY-3001 : Start incremental legalization ...
PHY-1001 : Populate physical database on model design_top_wrapper.
PHY-1001 : Processing 2 clock pins of DDR instance u_ph1p35_324_ddr_wrapper/u_ddr2/ph1p_ddrmc_wrapper/ph1p_ddrmc_top/u_ddr_phy/u_ddrphy_top/u_ddrphy/ac_byte[0]$ac_byte_used$u_ddrphy_ac_byte_wrapper/u_ddrphy_byte, location = x0y70z0.
PHY-1001 :   Placed ioclk instance u_ph1p35_324_ddr_wrapper/u_ddr2/ph1p_ddrmc_wrapper/ph1p_ddrmc_top/u_ddr_phy/u_ddrphy_top/u_ddrphy_clk/ioclk[0]$u_ioclk_1, location = x0y59z1.
PHY-1001 :   Placed ioclk instance u_ph1p35_324_ddr_wrapper/u_ddr2/ph1p_ddrmc_wrapper/ph1p_ddrmc_top/u_ddr_phy/u_ddrphy_top/u_ddrphy_clk/ioclk[0]$u_ioclk_0, location = x0y59z0.
PHY-1001 : Processing 2 clock pins of DDR instance u_ph1p35_324_ddr_wrapper/u_ddr2/ph1p_ddrmc_wrapper/ph1p_ddrmc_top/u_ddr_phy/u_ddrphy_top/u_ddrphy/ac_byte[1]$ac_byte_used$u_ddrphy_ac_byte_wrapper/u_ddrphy_byte, location = x0y60z0.
PHY-1001 :   Placed ioclk instance u_ph1p35_324_ddr_wrapper/u_ddr2/ph1p_ddrmc_wrapper/ph1p_ddrmc_top/u_ddr_phy/u_ddrphy_top/u_ddrphy_clk/ioclk[0]$u_ioclk_1, location = x0y59z1.
PHY-1001 :   Placed ioclk instance u_ph1p35_324_ddr_wrapper/u_ddr2/ph1p_ddrmc_wrapper/ph1p_ddrmc_top/u_ddr_phy/u_ddrphy_top/u_ddrphy_clk/ioclk[0]$u_ioclk_0, location = x0y59z0.
PHY-1001 : Processing 2 clock pins of DDR instance u_ph1p35_324_ddr_wrapper/u_ddr2/ph1p_ddrmc_wrapper/ph1p_ddrmc_top/u_ddr_phy/u_ddrphy_top/u_ddrphy/ac_byte[2]$ac_byte_used$u_ddrphy_ac_byte_wrapper/u_ddrphy_byte, location = x0y50z0.
PHY-1001 :   Placed ioclk instance u_ph1p35_324_ddr_wrapper/u_ddr2/ph1p_ddrmc_wrapper/ph1p_ddrmc_top/u_ddr_phy/u_ddrphy_top/u_ddrphy_clk/ioclk[0]$u_ioclk_1, location = x0y59z1.
PHY-1001 :   Placed ioclk instance u_ph1p35_324_ddr_wrapper/u_ddr2/ph1p_ddrmc_wrapper/ph1p_ddrmc_top/u_ddr_phy/u_ddrphy_top/u_ddrphy_clk/ioclk[0]$u_ioclk_0, location = x0y59z0.
PHY-1001 : Processing 2 clock pins of DDR instance u_ph1p35_324_ddr_wrapper/u_ddr2/ph1p_ddrmc_wrapper/ph1p_ddrmc_top/u_ddr_phy/u_ddrphy_top/u_ddrphy/ac_byte[3]$ac_byte_used$u_ddrphy_ac_byte_wrapper/u_ddrphy_byte, location = x0y40z0.
PHY-1001 :   Placed ioclk instance u_ph1p35_324_ddr_wrapper/u_ddr2/ph1p_ddrmc_wrapper/ph1p_ddrmc_top/u_ddr_phy/u_ddrphy_top/u_ddrphy_clk/ioclk[0]$u_ioclk_1, location = x0y59z1.
PHY-1001 :   Placed ioclk instance u_ph1p35_324_ddr_wrapper/u_ddr2/ph1p_ddrmc_wrapper/ph1p_ddrmc_top/u_ddr_phy/u_ddrphy_top/u_ddrphy_clk/ioclk[0]$u_ioclk_0, location = x0y59z0.
PHY-1001 : Processing 2 clock pins of DDR instance u_ph1p35_324_ddr_wrapper/u_ddr2/ph1p_ddrmc_wrapper/ph1p_ddrmc_top/u_ddr_phy/u_ddrphy_top/u_ddrphy/dx_byte[0]$dx_byte_used$u_ddrphy_dx_byte_wrapper/u_ddrphy_byte, location = x0y30z0.
PHY-1001 :   Placed ioclk instance u_ph1p35_324_ddr_wrapper/u_ddr2/ph1p_ddrmc_wrapper/ph1p_ddrmc_top/u_ddr_phy/u_ddrphy_top/u_ddrphy_clk/ioclk[1]$u_ioclk_1, location = x0y19z1.
PHY-1001 :   Placed ioclk instance u_ph1p35_324_ddr_wrapper/u_ddr2/ph1p_ddrmc_wrapper/ph1p_ddrmc_top/u_ddr_phy/u_ddrphy_top/u_ddrphy_clk/ioclk[1]$u_ioclk_0, location = x0y19z0.
PHY-1001 : Processing 2 clock pins of DDR instance u_ph1p35_324_ddr_wrapper/u_ddr2/ph1p_ddrmc_wrapper/ph1p_ddrmc_top/u_ddr_phy/u_ddrphy_top/u_ddrphy/dx_byte[1]$dx_byte_used$u_ddrphy_dx_byte_wrapper/u_ddrphy_byte, location = x0y10z0.
PHY-1001 :   Placed ioclk instance u_ph1p35_324_ddr_wrapper/u_ddr2/ph1p_ddrmc_wrapper/ph1p_ddrmc_top/u_ddr_phy/u_ddrphy_top/u_ddrphy_clk/ioclk[1]$u_ioclk_1, location = x0y19z1.
PHY-1001 :   Placed ioclk instance u_ph1p35_324_ddr_wrapper/u_ddr2/ph1p_ddrmc_wrapper/ph1p_ddrmc_top/u_ddr_phy/u_ddrphy_top/u_ddrphy_clk/ioclk[1]$u_ioclk_0, location = x0y19z0.
PHY-3001 : Target density is 60%
PHY-3001 : Target density is 60%
PHY-3001 : Initial: Len = 2.58797e+06, Over = 0
PHY-1001 : Stage 3.2.7 | Spreading
PHY-3001 : Design contains 283 ce signals.
PHY-3001 : Spreading for sector grids.
PHY-3001 : Iter 1, total overflow: 0
PHY-3001 : tot_capacity: 36, usage_cnt: 15, movable_cnt: 27
PHY-3001 : Spreading for clock grids.
PHY-3001 : clock grid count for 24 x 4 grids
PHY-3001 : Spreading for plb grids.
PHY-3001 : total displace: 0, max displace: 0.
PHY-3001 : End spreading;  0.262535s wall, 0.250000s user + 0.000000s system = 0.250000s CPU (95.2%)

PHY-1001 : End Stage 3.2.7 | Spreading; Time: 0.262750s wall, 0.250000s user + 0.000000s system = 0.250000s CPU (95.1%); Memory(MB): used = 2099, reserved = 2087, peak = 2099;

PHY-3001 : Final: Len = 2.58797e+06, Over = 0
PHY-3001 : End incremental legalization;  0.532978s wall, 0.500000s user + 0.015625s system = 0.515625s CPU (96.7%)

OPT-1001 : Total overflow 0.00 peak overflow 0.00
OPT-1001 : Stage 3.2.8 | Synthesize High-fanout Net
OPT-1001 : Current memory(MB): used = 2099, reserved = 2087, peak = 2099.
OPT-1001 : End Stage 3.2.8 | Synthesize High-fanout Net; Time: 0.242226s wall, 0.250000s user + 0.000000s system = 0.250000s CPU (103.2%); Memory(MB): used = 2099, reserved = 2087, peak = 2099;

OPT-1001 : Stage 3.2.9 | Optimize Path
OPT-1001 : Start unpack path based optimization ...
OPT-0007 : Start: SWNS 1000 STNS 0 NUM_FEPS 0 with mode 2
OPT-1001 : Start congestion update ...
RUN-1001 : Generating global routing grids ...
PHY-1001 : Generate routing nets ...
PHY-1001 : Reuse net number 30089/30089.
PHY-1001 : Global iterations in 32 thread ...
PHY-1002 : len = 3.59954e+06, over cnt = 1(0%), over = 1, worst = 1
PHY-1002 : len = 3.59954e+06, over cnt = 1(0%), over = 1, worst = 1
PHY-1002 : len = 3.5996e+06, over cnt = 0(0%), over = 0, worst = 0
PHY-1001 : End global iterations;  0.182196s wall, 0.187500s user + 0.000000s system = 0.187500s CPU (102.9%)

PHY-1001 : Congestion index:
PHY-1001 : top1  = 93.83(S 72.05, N 73.31, E 87.17, W 92.27, I 65.79, O 81.66)
PHY-1001 : top5  = 83.83(S 63.80, N 63.64, E 76.12, W 79.82, I 59.99, O 70.61)
PHY-1001 : top10 = 78.53(S 58.85, N 58.40, E 70.24, W 73.63, I 57.20, O 64.37)
PHY-1001 : top15 = 75.19(S 55.46, N 54.52, E 66.02, W 69.53, I 55.28, O 60.11)
OPT-1001 : End congestion update;  0.543197s wall, 0.500000s user + 0.015625s system = 0.515625s CPU (94.9%)

OPT-0007 : Iter 1: improved SWNS 1006 STNS 0 NUM_FEPS 0 with 6(1534) cells and 767(767) paths processed with 395 slack improved, crit_thod: 1500 ratio: 0.27(4/15) rt: 0.9s
OPT-0007 : Iter 2: improved SWNS 1006 STNS 0 NUM_FEPS 0 with 1(1512) cells and 756(756) paths processed with 106 slack improved, crit_thod: 1506 ratio: 0.11(1/9) rt: 0.5s
OPT-0007 : Iter 3: improved SWNS 1006 STNS 0 NUM_FEPS 0 with 0(1502) cells and 751(751) paths processed with 0 slack improved, crit_thod: 1506 ratio: 0.00(0/8) rt: 0.4s
OPT-1001 : End path based optimization;  2.365394s wall, 2.296875s user + 0.015625s system = 2.312500s CPU (97.8%)

OPT-1001 : Current memory(MB): used = 2099, reserved = 2087, peak = 2099.
OPT-1001 : End Stage 3.2.9 | Optimize Path; Time: 2.536909s wall, 2.437500s user + 0.046875s system = 2.484375s CPU (97.9%); Memory(MB): used = 2099, reserved = 2087, peak = 2099;

OPT-1001 : Stage 3.2.10 | Aggressive Optimization
OPT-1001 : End Stage 3.2.10 | Aggressive Optimization; Time: 0.177569s wall, 0.187500s user + 0.000000s system = 0.187500s CPU (105.6%); Memory(MB): used = 2099, reserved = 2087, peak = 2099;

OPT-1001 : Stage 3.2.11 | Optimize Bottleneck
OPT-1001 : Start bottleneck based optimization ...
OPT-0007 : Start: SWNS 1006 STNS 0 NUM_FEPS 0
OPT-1001 : Start congestion update ...
RUN-1001 : Generating global routing grids ...
PHY-1001 : Generate routing nets ...
PHY-1001 : Reuse net number 30069/30088.
PHY-1001 : Global iterations in 32 thread ...
PHY-1002 : len = 3.59994e+06, over cnt = 10(0%), over = 13, worst = 3
PHY-1002 : len = 3.60018e+06, over cnt = 3(0%), over = 3, worst = 1
PHY-1002 : len = 3.60032e+06, over cnt = 1(0%), over = 1, worst = 1
PHY-1002 : len = 3.60035e+06, over cnt = 0(0%), over = 0, worst = 0
PHY-1001 : End global iterations;  0.247304s wall, 0.250000s user + 0.000000s system = 0.250000s CPU (101.1%)

PHY-1001 : Congestion index:
PHY-1001 : top1  = 93.83(S 72.05, N 73.31, E 87.17, W 92.27, I 65.79, O 81.66)
PHY-1001 : top5  = 83.83(S 63.79, N 63.71, E 76.07, W 79.83, I 60.03, O 70.61)
PHY-1001 : top10 = 78.53(S 58.87, N 58.43, E 70.18, W 73.63, I 57.23, O 64.37)
PHY-1001 : top15 = 75.15(S 55.49, N 54.54, E 66.00, W 69.53, I 55.30, O 60.11)
OPT-1001 : End congestion update;  0.620012s wall, 1.015625s user + 0.031250s system = 1.046875s CPU (168.8%)

OPT-0007 : Iter 1: improved SWNS 1006 STNS 0 NUM_FEPS 0 with 0(40) cells processed with 0 slack improved, crit_thod: 1206 ratio: 0.00(0/1) rt: 0.4s
OPT-0007 : Iter 2: improved SWNS 1006 STNS 0 NUM_FEPS 0 with 0(40) cells processed with 0 slack improved, crit_thod: 1206 ratio: -1.00(0/0) rt: 0.2s
OPT-1001 : End bottleneck based optimization;  1.218582s wall, 1.609375s user + 0.031250s system = 1.640625s CPU (134.6%)

OPT-1001 : Current memory(MB): used = 2099, reserved = 2087, peak = 2099.
OPT-1001 : End Stage 3.2.11 | Optimize Bottleneck; Time: 1.383816s wall, 1.765625s user + 0.031250s system = 1.796875s CPU (129.8%); Memory(MB): used = 2099, reserved = 2087, peak = 2099;

OPT-1001 : Stage 3.2.12 | Swap Pins
OPT-1001 : Start pin optimization...
OPT-1001 : Start: SWNS 1006 STNS 0 NUM_FEPS 0
OPT-1001 : Successfully optimized 0 instances
OPT-1001 : End pin optimization;  0.325281s wall, 0.328125s user + 0.000000s system = 0.328125s CPU (100.9%)

OPT-1001 : Current memory(MB): used = 2099, reserved = 2087, peak = 2099.
OPT-1001 : End Stage 3.2.12 | Swap Pins; Time: 0.492038s wall, 0.500000s user + 0.000000s system = 0.500000s CPU (101.6%); Memory(MB): used = 2099, reserved = 2087, peak = 2099;

OPT-1001 : Stage 3.2.13 | Optimize Duplicated Nets
OPT-1001 : Start: WNS 1006 TNS 0 NUM_FEPS 0
OPT-1001 : Clean unloaded insts before merging registers
PHY-1001 : Populate physical database on model design_top_wrapper.
PHY-1001 : Populate physical database on model design_top_wrapper.
OPT-1001 : Total overflow 0.00 peak overflow 0.00
OPT-1001 : End optimize duplicated nets. Total 4 instances are merged and 16 sinks are reconnected,  1.593020s wall, 1.562500s user + 0.000000s system = 1.562500s CPU (98.1%)

OPT-1001 : Update timing in Manhattan mode
RUN-1002 : start command "start_timer"
RUN-1003 : finish command "start_timer" in  2.209622s wall, 2.125000s user + 0.046875s system = 2.171875s CPU (98.3%)

RUN-1004 : used memory is 2098 MB, reserved memory is 2087 MB, peak memory is 2099 MB
OPT-1001 : End timing update;  3.582812s wall, 3.437500s user + 0.078125s system = 3.515625s CPU (98.1%)

OPT-1001 : Current memory(MB): used = 2098, reserved = 2086, peak = 2099.
OPT-1001 : End Stage 3.2.13 | Optimize Duplicated Nets; Time: 5.348103s wall, 5.156250s user + 0.093750s system = 5.250000s CPU (98.2%); Memory(MB): used = 2098, reserved = 2086, peak = 2099;

OPT-0007 : End flow postplace: SWNS 1006 STNS 0 NUM_FEPS 0
OPT-1001 : End physical optimization;  38.629426s wall, 39.078125s user + 0.421875s system = 39.500000s CPU (102.3%)

PHY-1001 : End Stage 3.2 | Optimize Design; Time: 38.629752s wall, 39.078125s user + 0.421875s system = 39.500000s CPU (102.3%); Memory(MB): used = 2098, reserved = 2086, peak = 2099;

RUN-1001 : Report Control nets information:
RUN-1001 : DFF Distribution
RUN-1001 : -------------------------------------
RUN-1001 :   CE   |  SSR  |  ASR  |  DFF Count  
RUN-1001 : -------------------------------------
RUN-1001 :   No   |  No   |  No   |     224     
RUN-1001 :   No   |  No   |  Yes  |      0      
RUN-1001 :   No   |  Yes  |  No   |      0      
RUN-1001 :   Yes  |  No   |  No   |    6886     
RUN-1001 :   Yes  |  No   |  Yes  |    11961    
RUN-1001 :   Yes  |  Yes  |  No   |     363     
RUN-1001 : -------------------------------------
RUN-1001 : Control Group Statistic
RUN-1001 : -----------------------------
RUN-1001 :   #CLK  |  #CE  |  #SSR/ASR  
RUN-1001 : -----------------------------
RUN-1001 :    10   |  608  |     31     
RUN-1001 : -----------------------------
RUN-0007 : Control Set = 689
PHY-1001 : End Stage 3 | Detailed Placement; Time: 68.745165s wall, 70.562500s user + 0.812500s system = 71.375000s CPU (103.8%); Memory(MB): used = 2098, reserved = 2086, peak = 2099;

PHY-1001 : Populate physical database on model design_top_wrapper.
PHY-1001 : Stage 4 | Optimize Design
PHY-3001 : Start incremental legalization ...
PHY-1001 : Populate physical database on model design_top_wrapper.
PHY-1001 : Processing 2 clock pins of DDR instance u_ph1p35_324_ddr_wrapper/u_ddr2/ph1p_ddrmc_wrapper/ph1p_ddrmc_top/u_ddr_phy/u_ddrphy_top/u_ddrphy/ac_byte[0]$ac_byte_used$u_ddrphy_ac_byte_wrapper/u_ddrphy_byte, location = x0y70z0.
PHY-1001 :   Placed ioclk instance u_ph1p35_324_ddr_wrapper/u_ddr2/ph1p_ddrmc_wrapper/ph1p_ddrmc_top/u_ddr_phy/u_ddrphy_top/u_ddrphy_clk/ioclk[0]$u_ioclk_1, location = x0y59z1.
PHY-1001 :   Placed ioclk instance u_ph1p35_324_ddr_wrapper/u_ddr2/ph1p_ddrmc_wrapper/ph1p_ddrmc_top/u_ddr_phy/u_ddrphy_top/u_ddrphy_clk/ioclk[0]$u_ioclk_0, location = x0y59z0.
PHY-1001 : Processing 2 clock pins of DDR instance u_ph1p35_324_ddr_wrapper/u_ddr2/ph1p_ddrmc_wrapper/ph1p_ddrmc_top/u_ddr_phy/u_ddrphy_top/u_ddrphy/ac_byte[1]$ac_byte_used$u_ddrphy_ac_byte_wrapper/u_ddrphy_byte, location = x0y60z0.
PHY-1001 :   Placed ioclk instance u_ph1p35_324_ddr_wrapper/u_ddr2/ph1p_ddrmc_wrapper/ph1p_ddrmc_top/u_ddr_phy/u_ddrphy_top/u_ddrphy_clk/ioclk[0]$u_ioclk_1, location = x0y59z1.
PHY-1001 :   Placed ioclk instance u_ph1p35_324_ddr_wrapper/u_ddr2/ph1p_ddrmc_wrapper/ph1p_ddrmc_top/u_ddr_phy/u_ddrphy_top/u_ddrphy_clk/ioclk[0]$u_ioclk_0, location = x0y59z0.
PHY-1001 : Processing 2 clock pins of DDR instance u_ph1p35_324_ddr_wrapper/u_ddr2/ph1p_ddrmc_wrapper/ph1p_ddrmc_top/u_ddr_phy/u_ddrphy_top/u_ddrphy/ac_byte[2]$ac_byte_used$u_ddrphy_ac_byte_wrapper/u_ddrphy_byte, location = x0y50z0.
PHY-1001 :   Placed ioclk instance u_ph1p35_324_ddr_wrapper/u_ddr2/ph1p_ddrmc_wrapper/ph1p_ddrmc_top/u_ddr_phy/u_ddrphy_top/u_ddrphy_clk/ioclk[0]$u_ioclk_1, location = x0y59z1.
PHY-1001 :   Placed ioclk instance u_ph1p35_324_ddr_wrapper/u_ddr2/ph1p_ddrmc_wrapper/ph1p_ddrmc_top/u_ddr_phy/u_ddrphy_top/u_ddrphy_clk/ioclk[0]$u_ioclk_0, location = x0y59z0.
PHY-1001 : Processing 2 clock pins of DDR instance u_ph1p35_324_ddr_wrapper/u_ddr2/ph1p_ddrmc_wrapper/ph1p_ddrmc_top/u_ddr_phy/u_ddrphy_top/u_ddrphy/ac_byte[3]$ac_byte_used$u_ddrphy_ac_byte_wrapper/u_ddrphy_byte, location = x0y40z0.
PHY-1001 :   Placed ioclk instance u_ph1p35_324_ddr_wrapper/u_ddr2/ph1p_ddrmc_wrapper/ph1p_ddrmc_top/u_ddr_phy/u_ddrphy_top/u_ddrphy_clk/ioclk[0]$u_ioclk_1, location = x0y59z1.
PHY-1001 :   Placed ioclk instance u_ph1p35_324_ddr_wrapper/u_ddr2/ph1p_ddrmc_wrapper/ph1p_ddrmc_top/u_ddr_phy/u_ddrphy_top/u_ddrphy_clk/ioclk[0]$u_ioclk_0, location = x0y59z0.
PHY-1001 : Processing 2 clock pins of DDR instance u_ph1p35_324_ddr_wrapper/u_ddr2/ph1p_ddrmc_wrapper/ph1p_ddrmc_top/u_ddr_phy/u_ddrphy_top/u_ddrphy/dx_byte[0]$dx_byte_used$u_ddrphy_dx_byte_wrapper/u_ddrphy_byte, location = x0y30z0.
PHY-1001 :   Placed ioclk instance u_ph1p35_324_ddr_wrapper/u_ddr2/ph1p_ddrmc_wrapper/ph1p_ddrmc_top/u_ddr_phy/u_ddrphy_top/u_ddrphy_clk/ioclk[1]$u_ioclk_1, location = x0y19z1.
PHY-1001 :   Placed ioclk instance u_ph1p35_324_ddr_wrapper/u_ddr2/ph1p_ddrmc_wrapper/ph1p_ddrmc_top/u_ddr_phy/u_ddrphy_top/u_ddrphy_clk/ioclk[1]$u_ioclk_0, location = x0y19z0.
PHY-1001 : Processing 2 clock pins of DDR instance u_ph1p35_324_ddr_wrapper/u_ddr2/ph1p_ddrmc_wrapper/ph1p_ddrmc_top/u_ddr_phy/u_ddrphy_top/u_ddrphy/dx_byte[1]$dx_byte_used$u_ddrphy_dx_byte_wrapper/u_ddrphy_byte, location = x0y10z0.
PHY-1001 :   Placed ioclk instance u_ph1p35_324_ddr_wrapper/u_ddr2/ph1p_ddrmc_wrapper/ph1p_ddrmc_top/u_ddr_phy/u_ddrphy_top/u_ddrphy_clk/ioclk[1]$u_ioclk_1, location = x0y19z1.
PHY-1001 :   Placed ioclk instance u_ph1p35_324_ddr_wrapper/u_ddr2/ph1p_ddrmc_wrapper/ph1p_ddrmc_top/u_ddr_phy/u_ddrphy_top/u_ddrphy_clk/ioclk[1]$u_ioclk_0, location = x0y19z0.
PHY-3001 : Target density is 60%
PHY-3001 : Target density is 60%
PHY-3001 : Initial: Len = 2.60795e+06, Over = 0
PHY-1001 : Stage 4.1 | Spreading
PHY-3001 : Design contains 283 ce signals.
PHY-3001 : Spreading for sector grids.
PHY-3001 : Iter 1, total overflow: 0
PHY-3001 : tot_capacity: 36, usage_cnt: 15, movable_cnt: 27
PHY-3001 : Spreading for clock grids.
PHY-3001 : clock grid count for 24 x 4 grids
PHY-3001 : Spreading for plb grids.
PHY-3001 : total displace: 0, max displace: 0.
PHY-3001 : End spreading;  0.265730s wall, 0.250000s user + 0.015625s system = 0.265625s CPU (100.0%)

PHY-1001 : End Stage 4.1 | Spreading; Time: 0.265917s wall, 0.250000s user + 0.015625s system = 0.265625s CPU (99.9%); Memory(MB): used = 2098, reserved = 2086, peak = 2099;

PHY-3001 : Final: Len = 2.60795e+06, Over = 0
PHY-3001 : End incremental legalization;  0.533981s wall, 0.500000s user + 0.015625s system = 0.515625s CPU (96.6%)

RUN-1002 : start command "report_qor -step place -file place.qor"
RUN-1002 : start command "start_timer"
RUN-1003 : finish command "start_timer" in  1.774087s wall, 1.703125s user + 0.031250s system = 1.734375s CPU (97.8%)

RUN-1004 : used memory is 2098 MB, reserved memory is 2086 MB, peak memory is 2099 MB
RUN-1001 : Generating global routing grids ...
-----------------------------------------------------------
| QoR metrics               |         value               |
-----------------------------------------------------------
| Timing                    |                             |
|     Setup WNS             |         1006                |
|     Setup TNS             |            0                |
|     Num of violated S-EP  |            0                |
|     FMAX                  |   126.871MHz                |
|     SWNS path clock period |       8888ps                |
|     Hold WNS              |         -296                |
|     Hold TNS              |       -85105                |
|     Num of violated H-EP  |          605                |
-----------------------------------------------------------
| Routing Resource          |                             |
|     Wire length           |      2601261                |
|     Route Net Num         |        33497                |
|     DontRoute Net Num     |        13388                |
|     RouteSinks Num        |       117613                |
-----------------------------------------------------------
| Utilization               |                             |
|     #slices               |        18516                |
|     slices percentage     |       87.27%                |
|     #RAMs                 |          108                |
|     #DSPs                 |           19                |
|     #DRAMHARDCON          |           53                |
-----------------------------------------------------------
| Congestion                |                             |
|     Top 1% tile util      |           87                |
|     Top 1% tile avg util  |       93.16%                |
|     Over 100% util #tile  |            3                |
|     Max level             |            2                |
|     Window                |  [  9  47] - [ 19  51]      |
-----------------------------------------------------------
Report place stage QoR done.

RUN-1003 : finish command "report_qor -step place -file place.qor" in  3.901968s wall, 4.234375s user + 0.031250s system = 4.265625s CPU (109.3%)

RUN-1004 : used memory is 2098 MB, reserved memory is 2086 MB, peak memory is 2099 MB
PHY-1001 : End Stage 4 | Optimize Design; Time: 4.453694s wall, 4.750000s user + 0.046875s system = 4.796875s CPU (107.7%); Memory(MB): used = 2098, reserved = 2086, peak = 2099;

PHY-1001 : Stage 5 | DRC Check
PHY-1001 : Stage 5.1 | Slice Attributes Check
PHY-1035 : Redundant attributes/nets in slice detected. You can use tcl "check_slice_attr -verbose" to get full message.
PHY-1039 : Found 112 mslices getting no used reg attributes, eg: u_hdmi_tx/u_hdmi_1_4b_transmitter_core_wrapper/u_hdmi_tx_controller_wrapper/u_hdmi_video_data_assemble/S_island_guard_band_1d_syn_10.
PHY-1039 : Found 112 mslices getting no used ce attributes, eg: u_hdmi_tx/u_hdmi_1_4b_transmitter_core_wrapper/u_hdmi_tx_controller_wrapper/u_hdmi_video_data_assemble/S_island_guard_band_1d_syn_10.
PHY-1001 : End Stage 5.1 | Slice Attributes Check; Time: 0.042775s wall, 0.031250s user + 0.000000s system = 0.031250s CPU (73.1%); Memory(MB): used = 2098, reserved = 2086, peak = 2099;

PHY-1001 : Stage 5.2 | Clock Bound Check
PHY-1001 : Check pass.
PHY-1001 : End Stage 5.2 | Clock Bound Check; Time: 0.002557s wall, 0.015625s user + 0.000000s system = 0.015625s CPU (610.9%); Memory(MB): used = 2098, reserved = 2086, peak = 2099;

PHY-1001 : Stage 5.3 | Force Route Constraint Check
PHY-1001 : Check Pass.
PHY-1001 : End Stage 5.3 | Force Route Constraint Check; Time: 0.004012s wall, 0.000000s user + 0.000000s system = 0.000000s CPU (n/a%); Memory(MB): used = 2098, reserved = 2086, peak = 2099;

PHY-1001 : Stage 5.4 | Sigmap Check
PHY-1001 : Check pass.
PHY-1001 : End Stage 5.4 | Sigmap Check; Time: 0.079926s wall, 0.078125s user + 0.000000s system = 0.078125s CPU (97.7%); Memory(MB): used = 2098, reserved = 2086, peak = 2099;

PHY-1001 : Stage 5.5 | Duplicated SelfDriven Check
PHY-1001 : Check pass.
PHY-1001 : End Stage 5.5 | Duplicated SelfDriven Check; Time: 0.432101s wall, 0.421875s user + 0.000000s system = 0.421875s CPU (97.6%); Memory(MB): used = 2098, reserved = 2086, peak = 2099;

PHY-1001 : Stage 5.6 | Clock Rule Check
PHY-5088 WARNING: Clock_Analyzer: Detected 1 buffer(s) clkin net because they drive non-clock sinks. Run "analyze_clock -detail" for more infomation.
PHY-5088 WARNING: Clock_Analyzer: Detected 1 buffer(s) clkout net because they drive non-clock sinks. Run "analyze_clock -detail" for more infomation.
PHY-5088 WARNING: Clock_Analyzer: 3 clock-net(s) because they drive other clock net, may cause clock skew. Run "analyze_clock -detail" for more infomation.
PHY-1001 : End Stage 5.6 | Clock Rule Check; Time: 0.074869s wall, 0.062500s user + 0.000000s system = 0.062500s CPU (83.5%); Memory(MB): used = 2098, reserved = 2086, peak = 2099;

PHY-1001 : End Stage 5 | DRC Check; Time: 0.684964s wall, 0.656250s user + 0.000000s system = 0.656250s CPU (95.8%); Memory(MB): used = 2098, reserved = 2086, peak = 2099;

OPT-1001 : QoR tracer report on placement steps:
    SWNS [   incr ]    STNS [   incr ]    FEPS [   incr ]    CRIT [   incr ]      CELL [     incr ]        WL [     incr ]    CONG [   incr ]    PDES [   incr ]   RT(s) [   incr ]   MEM(mb) [     incr ]
       0 [      0 ]       0 [      0 ]       0 [      0 ]       0 [      0 ]     40376 [        0 ]         0 [        0 ]    0.00 [   0.00 ]       0 [      0 ]       0 [      0 ]      1647 [        0 ] : preplace:simplify_lut
       0 [      0 ]       0 [      0 ]       0 [      0 ]       0 [      0 ]     40376 [        0 ]         0 [        0 ]    0.00 [   0.00 ]       0 [      0 ]       0 [      0 ]      1647 [        0 ] : preplace:sweep
       0 [      0 ]       0 [      0 ]       0 [      0 ]       0 [      0 ]     40376 [        0 ]         0 [        0 ]    0.00 [   0.00 ]       0 [      0 ]       0 [      0 ]      1647 [        0 ] : preplace:lut_merge
       0 [      0 ]       0 [      0 ]       0 [      0 ]       0 [      0 ]     40376 [        0 ]         0 [        0 ]    0.00 [   0.00 ]       0 [      0 ]       0 [      0 ]      1647 [        0 ] : preplace:hfn_opt
     295 [    295 ]       0 [      0 ]       0 [      0 ]    3931 [   3931 ]     42162 [     1786 ]   2524028 [  2524028 ]    0.00 [   0.00 ]       0 [      0 ]      11 [     11 ]      1687 [       40 ] : step1_gp
     295 [      0 ]       0 [      0 ]       0 [      0 ]    3878 [    -53 ]     42162 [        0 ]   2689350 [   165322 ]    0.00 [   0.00 ]       0 [      0 ]      12 [      1 ]      1695 [        8 ] : step1_legal
     295 [      0 ]       0 [      0 ]       0 [      0 ]    3913 [     35 ]     42162 [        0 ]   2620444 [   -68906 ]    0.00 [   0.00 ]       0 [      0 ]      15 [      3 ]      1698 [        3 ] : step1_dp
     679 [    384 ]       0 [      0 ]       0 [      0 ]    3847 [    -66 ]     42162 [        0 ]   2128996 [  -491448 ]  212.11 [ 212.11 ]       0 [      0 ]      22 [      7 ]      1810 [      112 ] : step2_gp
     829 [    150 ]       0 [      0 ]       0 [      0 ]    3854 [      7 ]     42162 [        0 ]   2116277 [   -12719 ]  212.11 [   0.00 ]       0 [      0 ]      24 [      2 ]      1812 [        2 ] : step2_dp
     829 [      0 ]       0 [      0 ]       0 [      0 ]    3854 [      0 ]     42162 [        0 ]   2116277 [        0 ]  212.11 [   0.00 ]       0 [      0 ]      24 [      0 ]      1812 [        0 ] : prepack_spreading
     439 [   -390 ]       0 [      0 ]       0 [      0 ]    3791 [    -63 ]     42476 [      314 ]   2077449 [   -38828 ]  276.66 [  64.55 ]       0 [      0 ]      33 [      9 ]      1836 [       24 ] : prepack:hfn_opt
     794 [    355 ]       0 [      0 ]       0 [      0 ]    3791 [      0 ]     42476 [        0 ]   2078209 [      760 ]  102.95 [-173.71 ]       0 [      0 ]      40 [      7 ]      1836 [        0 ] : prepack:global_opt
     930 [    136 ]       0 [      0 ]       0 [      0 ]    3702 [    -89 ]     21034 [   -21442 ]   2210714 [   132505 ]  102.95 [   0.00 ]       0 [      0 ]      48 [      8 ]      1946 [      110 ] : pack
     538 [   -392 ]       0 [      0 ]       0 [      0 ]    3675 [    -27 ]     21034 [        0 ]   2590626 [   379912 ]   93.26 [  -9.68 ]       0 [      0 ]      60 [     12 ]      2098 [      152 ] : post_pack_place
     443 [    -95 ]       0 [      0 ]       0 [      0 ]    3311 [   -364 ]     21034 [        0 ]   2914226 [   323600 ]   93.26 [   0.00 ]       0 [      0 ]      69 [      9 ]      2098 [        0 ] : post_pack_spreading
     916 [    473 ]       0 [      0 ]       0 [      0 ]    3573 [    262 ]     21034 [        0 ]   2555841 [  -358385 ]   92.68 [  -0.58 ]       0 [      0 ]      90 [     21 ]      2098 [        0 ] : post_pack_dp
     916 [      0 ]       0 [      0 ]       0 [      0 ]    3585 [     12 ]     21024 [      -10 ]   2536829 [   -19012 ]   92.68 [   0.00 ]       0 [      0 ]      95 [      5 ]      2098 [        0 ] : postpack:optimize_equivalent_quick
     916 [      0 ]       0 [      0 ]       0 [      0 ]    3589 [      4 ]     21054 [       30 ]   2546664 [     9835 ]   92.68 [   0.00 ]       0 [      0 ]      97 [      2 ]      2098 [        0 ] : postpack:hfn_opt
     994 [     78 ]       0 [      0 ]       0 [      0 ]    3589 [      0 ]     21067 [       13 ]   2547497 [      833 ]   92.63 [  -0.05 ]       0 [      0 ]     103 [      6 ]      2098 [        0 ] : postpack:path_opt
     994 [      0 ]       0 [      0 ]       0 [      0 ]    3591 [      2 ]     21062 [       -5 ]   2541915 [    -5582 ]   92.63 [   0.00 ]       0 [      0 ]     108 [      5 ]      2098 [        0 ] : postpack:optimize_equivalent
     994 [      0 ]       0 [      0 ]       0 [      0 ]    3731 [    140 ]     21062 [        0 ]   2541915 [        0 ]   92.63 [   0.00 ]       0 [      0 ]     111 [      3 ]      2098 [        0 ] : postpack:pin_opt
    1000 [      6 ]       0 [      0 ]       0 [      0 ]    3727 [     -4 ]     21062 [        0 ]   2581271 [    39356 ]   92.63 [   0.00 ]       0 [      0 ]     116 [      5 ]      2099 [        1 ] : postpack:beeline_opt
    1000 [      0 ]       0 [      0 ]       0 [      0 ]    3727 [      0 ]     21062 [        0 ]   2581271 [        0 ]   93.16 [   0.53 ]       0 [      0 ]     118 [      2 ]      2099 [        0 ] : postplace:crit_hfn_opt
    1006 [      6 ]       0 [      0 ]       0 [      0 ]    3727 [      0 ]     21063 [        1 ]   2581555 [      284 ]   93.16 [   0.00 ]       0 [      0 ]     121 [      3 ]      2099 [        0 ] : postplace:path_opt
    1006 [      0 ]       0 [      0 ]       0 [      0 ]    3727 [      0 ]     21063 [        0 ]   2581555 [        0 ]   93.16 [   0.00 ]       0 [      0 ]     121 [      0 ]      2099 [        0 ] : postplace:aggressive_opt
    1006 [      0 ]       0 [      0 ]       0 [      0 ]    3727 [      0 ]     21063 [        0 ]   2581555 [        0 ]   93.16 [   0.00 ]       0 [      0 ]     122 [      1 ]      2099 [        0 ] : postplace:bn_opt
    1006 [      0 ]       0 [      0 ]       0 [      0 ]    3727 [      0 ]     21063 [        0 ]   2581555 [        0 ]   93.16 [   0.00 ]       0 [      0 ]     123 [      1 ]      2099 [        0 ] : postplace:pin_opt
    1006 [      0 ]       0 [      0 ]       0 [      0 ]    3728 [      1 ]     21063 [        0 ]   2581243 [     -312 ]   93.16 [   0.00 ]       0 [      0 ]     128 [      5 ]      2099 [        0 ] : postplace:optimize_equivalent

RUN-1003 : finish command "place" in  134.236108s wall, 178.421875s user + 5.875000s system = 184.296875s CPU (137.3%)

RUN-1004 : used memory is 2098 MB, reserved memory is 2086 MB, peak memory is 2099 MB
RUN-1002 : start command "update_timing -mode manhattan"
RUN-1002 : start command "start_timer"
RUN-1003 : finish command "start_timer" in  1.780927s wall, 1.734375s user + 0.015625s system = 1.750000s CPU (98.3%)

RUN-1004 : used memory is 2098 MB, reserved memory is 2086 MB, peak memory is 2099 MB
RUN-1003 : finish command "update_timing -mode manhattan" in  3.065966s wall, 3.015625s user + 0.015625s system = 3.031250s CPU (98.9%)

RUN-1004 : used memory is 2098 MB, reserved memory is 2086 MB, peak memory is 2099 MB
RUN-1002 : start command "report_timing_summary -file camera_to_dsi_display_place.timing"
RUN-1002 : start command "report_area -io_info -file camera_to_dsi_display_phy.area"
SYN-4034 : The count of slices with lut is 11985.
SYN-4035 : The count of slices with lut+ripple is 3491.
RUN-1001 : standard
***Report Model: design_top_wrapper Device: PH1P35MDG324***

Design Statistics
#IO                        58   out of    160   36.25%
  #input                    2
  #output                  31
  #inout                   25
#lut6                   16012   out of  21216   75.47%
#reg                    19210
  #slice reg            19210   out of  42432   45.27%
  #pad reg                  0

Utilization Statistics
#slice                  18516   out of  21216   87.27%
  #used ram               536
    #dram lut             424
    #shifter lut          112
  #used logic           17980
    #with luts          11985
    #with adder          3491
    #reg only            2504
#f7mux                    812   out of  10608    7.65%
#f8mux                    350   out of   5304    6.60%
#eram                     108   out of    108  100.00%
  #eram20k                108
  #fifo20k                  0
#dsp                       19   out of     40   47.50%
#ddr_byte                   6   out of     12   50.00%
#mipi_tx                    0   out of      2    0.00%
#mipi_rx                    1   out of      2   50.00%
#pad                       17   out of    160   10.62%
#pll                        3   out of      6   50.00%
#gclk                       9   out of     32   28.12%
#lclk                       0   out of     12    0.00%
#sclk                       0   out of     48    0.00%
#mlclk                      2   out of      6   33.33%
#ioclk                      4   out of     18   22.22%

RUN-1002 : start command "flow_status -file place_flow.status"
Location         : D:\anlu\rtl\td_project
Running with     : Tang Dynasty v6.2.168116
                   Copyright (c) 2012-2025 Anlogic Inc.
Top Model        : design_top_wrapper
Device           : PH1P35MDG324
Speed            : 3

Timing Mode      : manhattan
Setup            : WNS  1006ps  TNS        0ps  NUM_FEPS     0
Hold             : WNS  -296ps  TNS   -85105ps  NUM_FEPS   605

Flow Statistics  :
RUN-1001 : Flow Statistics:
RUN-1001 : ---------------------------------------------------------------------------------------------------
RUN-1001 :      command     |  #calls  |  wall time   |  cpu time(s)  |  used memory(mb)  |  peak memory(mb)  
RUN-1001 : ---------------------------------------------------------------------------------------------------
RUN-1001 :   optimize_rtl   |    1     |  2m15s(36%)  |   133(32%)    |       1393        |       1609        
RUN-1001 :       place      |    1     |  2m14s(36%)  |   183(44%)    |       2098        |       2099        
RUN-1001 :   optimize_gate  |    1     |  1m39s(26%)  |    98(23%)    |       1637        |       1637        
RUN-1001 :   import_device  |    1     |    1s(0%)    |     1(0%)     |        324        |        324        
RUN-1001 :     read_adc     |    1     |    0s(0%)    |     0(0%)     |       1112        |       1113        
RUN-1001 :     read_sdc     |    3     |    0s(0%)    |     0(0%)     |       1107        |       1113        
RUN-1001 : ---------------------------------------------------------------------------------------------------
RUN-1001 :       total      |    8     |     6m9s     |      415      |       2098        |       2099        
RUN-1001 : ---------------------------------------------------------------------------------------------------
RUN-1002 : start command "report_clock_utilization -file place_clock_utilization.txt"
can't read "arr_filter": no such variable
off
off
0
RUN-1002 : start command "commit_param -step route"
RUN-1001 : Print Global Property
RUN-1001 : -------------------------------------------------------------
RUN-1001 :     Parameters    |   Settings   |  Default Values  |  Note  
RUN-1001 : -------------------------------------------------------------
RUN-1001 :    enable_seed    |     off      |       off        |        
RUN-1001 :    hfn_to_clock   |  1000000000  |    1000000000    |        
RUN-1001 :      message      |   standard   |     standard     |        
RUN-1001 :    qor_monitor    |      on      |        on        |        
RUN-1001 :   speedup_effort  |      0       |        0         |        
RUN-1001 :    syn_ip_flow    |     off      |       off        |        
RUN-1001 :       thread      |     auto     |       auto       |        
RUN-1001 : -------------------------------------------------------------
RUN-1001 : Print Route Property
RUN-1001 : ---------------------------------------------------------------
RUN-1001 :       Parameters      |  Settings  |  Default Values  |  Note  
RUN-1001 : ---------------------------------------------------------------
RUN-1001 :         effort        |   normal   |      normal      |        
RUN-1001 :        fix_hold       |     on     |        on        |        
RUN-1001 :   hold_fix_iteration  |     5      |        5         |        
RUN-1001 :     post_route_opt    |    auto    |       auto       |        
RUN-1001 :         timing        |     on     |        on        |        
RUN-1001 : ---------------------------------------------------------------
RUN-1002 : start command "route"
RUN-1001 : Open license file D:/Anlogic/TD_6.2.1_Engineer_6.2.168.116/license/Anlogic.lic
PHY-1001 : Reconnected 29 VDD pins with routing demanding
PHY-1001 : Populate physical database on model design_top_wrapper.
RUN-1001 : Dedicate pll clock connection statistics:
RUN-1001 : Clock Region s_1_l [0,40][23,79]; Utilization: 1 out of 12
RUN-1001 : ----------------------------------------------------------------------------------------------------------------------------------------------------------------------------------------------------------------------------------
RUN-1001 :   Index  |                                    Leading Clock                                     |                                                          Special Sink                                                           
RUN-1001 : ----------------------------------------------------------------------------------------------------------------------------------------------------------------------------------------------------------------------------------
RUN-1001 :     1    |  u_ph1p35_324_ddr_wrapper/u_ddr2/ph1p_ddrmc_wrapper/ph1p_ddrmc_top/u_alc_mc_top/clk  |  u_ph1p35_324_ddr_wrapper/u_ddr2/ph1p_ddrmc_wrapper/ph1p_ddrmc_top/u_ddr_phy/u_ddrphy_top/u_ddrphy_clk/u_pll1/u_pll_inst.fbclk  
RUN-1001 : ----------------------------------------------------------------------------------------------------------------------------------------------------------------------------------------------------------------------------------
RUN-1001 : Clock Region s_1_r [24,40][43,79]; Utilization: 1 out of 12
RUN-1001 : -----------------------------------------------------------------------------------------------------------------------------------------------------------------------
RUN-1001 :   Index  |                                     Leading Clock                                     |                            Special Sink                             
RUN-1001 : -----------------------------------------------------------------------------------------------------------------------------------------------------------------------
RUN-1001 :     1    |  u_mipi_dphy_rx_ph1p_mipiio_wrapper/u_ph1p_mipiio_rx_wrapper/u_lane0_hs_detect/I_clk  |  u_PLL/ph1p_phy_pll_wrapper_25a56e5ce2f9_Inst/u_PH1P_PHY_PLL.fbclk  
RUN-1001 : -----------------------------------------------------------------------------------------------------------------------------------------------------------------------
PHY-1001 : Working orders of clock nets being processed in bank assignment:
PHY-1001 : u_ph1p35_324_ddr_wrapper/u_ddr2/ph1p_ddrmc_wrapper/ph1p_ddrmc_top/u_alc_mc_top/clk;
PHY-1001 : u_mipi_dphy_rx_ph1p_mipiio_wrapper/u_ph1p_mipiio_rx_wrapper/u_lane0_hs_detect/I_clk;
PHY-1001 : u_isp_top/u_demosaic/raw_matrix_3x3_buffer_d/zhenghe_d/blk_mem_gen_zhenghe_d1/ram_d32970204f32_Inst/clkb;
PHY-1001 : u_hdmi_mixer/I_clk_syn_651;
PHY-1001 : I_sys_clk_syn_8;
PHY-1001 : O_cam_24m_syn_3;
PHY-1001 : u_hdmi_tx/u_hdmi2phy_wrapper/u0_lane_lvds_8_1/I_serial_clk_syn_1;
PHY-1001 : u_ph1p35_324_ddr_wrapper/u_ddr2/ph1p_ddrmc_wrapper/ph1p_ddrmc_top/u_ddr_phy/u_ddrphy_top/u_ddrphy/apb_pclk_syn_1;
PHY-1001 : u_uicfgcs500/uii2c_inst/scl_clk_syn_9;
PHY-1001 : Internal bound Intnl_0_0_25_40 is being created by clock MIPI_RX_BYTE_CLK through SCLK.
PHY-1001 : Internal bound Intnl_25_0_23_40 is being created by clock MIPI_RX_BYTE_CLK through SCLK.
PHY-1001 : Internal bound Intnl_0_40_25_40 is being created by clock u_ph1p35_324_ddr_wrapper/u_ddr2/usr_clk through SCLK.
PHY-1001 : Internal bound Intnl_25_40_19_40 is being created by clock MIPI_RX_BYTE_CLK through SCLK.
RUN-1001 : Clock region assignment statistics:
RUN-1001 : Clock Region s_0_l [0,0][23,39]; Utilization: 7 out of 12
RUN-1001 : ----------------------------------------------------------------------------------------------------------------------------------------------------------------------------------------------------------------------------------------------------------------------------------------------------------------------------------------
RUN-1001 :   Bank  |                                                   Leading Clock                                                    |       Type        |                                                                          Buffer                                                                           |  Regional Clock Fanouts  
RUN-1001 : ----------------------------------------------------------------------------------------------------------------------------------------------------------------------------------------------------------------------------------------------------------------------------------------------------------------------------------------
RUN-1001 :    1    |      u_isp_top/u_demosaic/raw_matrix_3x3_buffer_d/zhenghe_d/blk_mem_gen_zhenghe_d1/ram_d32970204f32_Inst/clkb      |  (infered sclk)   |                           u_mipi_dphy_rx_ph1p_mipiio_wrapper/u_ph1p_mipiio_rx_wrapper/bufg_feedback_auto_created_sclk_s_0_l_bk1                           |           1097           
RUN-1001 :    2    |                 u_ph1p35_324_ddr_wrapper/u_ddr2/ph1p_ddrmc_wrapper/ph1p_ddrmc_top/u_alc_mc_top/clk                 |  (infered sclk)   |   u_ph1p35_324_ddr_wrapper/u_ddr2/ph1p_ddrmc_wrapper/ph1p_ddrmc_top/u_ddr_phy/u_ddrphy_top/u_ddrphy_clk/u_pll1/u_bufg_fbclk_auto_created_sclk_s_0_l_bk2   |           909            
RUN-1001 :    3    |                                             u_hdmi_mixer/I_clk_syn_651                                             |  (infered sclk)   |                                              u_hdmi_mixer/I_clk_created_gclkinst_auto_created_sclk_s_0_l_bk3                                              |           217            
RUN-1001 :    4    |                                                  I_sys_clk_syn_8                                                   |  (infered sclk)   |                                               I_sys_clk_dup_6_created_gclkinst_auto_created_sclk_s_0_l_bk4                                                |            72            
RUN-1001 :    5    |                                                  O_cam_24m_syn_3                                                   |  (infered sclk)   |                                               O_cam_24m_dup_1_created_gclkinst_auto_created_sclk_s_0_l_bk5                                                |            40            
RUN-1001 :    6    |                                       u_uicfgcs500/uii2c_inst/scl_clk_syn_9                                        |  (infered sclk)   |                                       u_uicfgcs500/uii2c_inst/scl_clk_created_gclkinst_auto_created_sclk_s_0_l_bk6                                        |            16            
RUN-1001 :    7    |  u_ph1p35_324_ddr_wrapper/u_ddr2/ph1p_ddrmc_wrapper/ph1p_ddrmc_top/u_ddr_phy/u_ddrphy_top/u_ddrphy/apb_pclk_syn_1  |  (infered sclk)   |  u_ph1p35_324_ddr_wrapper/u_ddr2/ph1p_ddrmc_wrapper/ph1p_ddrmc_top/u_ddr_phy/u_ddrphy_top/u_ddrphy/apb_pclk_created_gclkinst_auto_created_sclk_s_0_l_bk7  |            3             
RUN-1001 : ----------------------------------------------------------------------------------------------------------------------------------------------------------------------------------------------------------------------------------------------------------------------------------------------------------------------------------------
RUN-1001 : Clock Region s_0_r [24,0][47,39]; Utilization: 4 out of 12
RUN-1001 : ------------------------------------------------------------------------------------------------------------------------------------------------------------------------------------------------------------------------------------------------------------------------------
RUN-1001 :   Bank  |                                               Leading Clock                                                |       Type        |                                                 Buffer                                                  |  Regional Clock Fanouts  
RUN-1001 : ------------------------------------------------------------------------------------------------------------------------------------------------------------------------------------------------------------------------------------------------------------------------------
RUN-1001 :    1    |  u_isp_top/u_demosaic/raw_matrix_3x3_buffer_d/zhenghe_d/blk_mem_gen_zhenghe_d1/ram_d32970204f32_Inst/clkb  |  (infered sclk)   |  u_mipi_dphy_rx_ph1p_mipiio_wrapper/u_ph1p_mipiio_rx_wrapper/bufg_feedback_auto_created_sclk_s_0_r_bk1  |           2489           
RUN-1001 :    2    |                                         u_hdmi_mixer/I_clk_syn_651                                         |  (infered sclk)   |                     u_hdmi_mixer/I_clk_created_gclkinst_auto_created_sclk_s_0_r_bk2                     |            15            
RUN-1001 :    3    |                                              O_cam_24m_syn_3                                               |  (infered sclk)   |                      O_cam_24m_dup_1_created_gclkinst_auto_created_sclk_s_0_r_bk3                       |            14            
RUN-1001 :    4    |            u_mipi_dphy_rx_ph1p_mipiio_wrapper/u_ph1p_mipiio_rx_wrapper/u_lane0_hs_detect/I_clk             |  (infered sclk)   |                             u_PLL/bufg_feedback_auto_created_sclk_s_0_r_bk4                             |            7             
RUN-1001 : ------------------------------------------------------------------------------------------------------------------------------------------------------------------------------------------------------------------------------------------------------------------------------
RUN-1001 : Clock Region s_1_l [0,40][23,79]; Utilization: 4 out of 12
RUN-1001 : ----------------------------------------------------------------------------------------------------------------------------------------------------------------------------------------------------------------------------------------------------------------------------------------------------------------------------------------
RUN-1001 :   Bank  |                                                   Leading Clock                                                    |       Type        |                                                                          Buffer                                                                           |  Regional Clock Fanouts  
RUN-1001 : ----------------------------------------------------------------------------------------------------------------------------------------------------------------------------------------------------------------------------------------------------------------------------------------------------------------------------------------
RUN-1001 :    1    |                 u_ph1p35_324_ddr_wrapper/u_ddr2/ph1p_ddrmc_wrapper/ph1p_ddrmc_top/u_alc_mc_top/clk                 |  (infered sclk)   |   u_ph1p35_324_ddr_wrapper/u_ddr2/ph1p_ddrmc_wrapper/ph1p_ddrmc_top/u_ddr_phy/u_ddrphy_top/u_ddrphy_clk/u_pll1/u_bufg_fbclk_auto_created_sclk_s_1_l_bk1   |           1160           
RUN-1001 :    2    |      u_isp_top/u_demosaic/raw_matrix_3x3_buffer_d/zhenghe_d/blk_mem_gen_zhenghe_d1/ram_d32970204f32_Inst/clkb      |  (infered sclk)   |                           u_mipi_dphy_rx_ph1p_mipiio_wrapper/u_ph1p_mipiio_rx_wrapper/bufg_feedback_auto_created_sclk_s_1_l_bk2                           |           2193           
RUN-1001 :    3    |  u_ph1p35_324_ddr_wrapper/u_ddr2/ph1p_ddrmc_wrapper/ph1p_ddrmc_top/u_ddr_phy/u_ddrphy_top/u_ddrphy/apb_pclk_syn_1  |  (infered sclk)   |  u_ph1p35_324_ddr_wrapper/u_ddr2/ph1p_ddrmc_wrapper/ph1p_ddrmc_top/u_ddr_phy/u_ddrphy_top/u_ddrphy/apb_pclk_created_gclkinst_auto_created_sclk_s_1_l_bk3  |            26            
RUN-1001 :    4    |                                             u_hdmi_mixer/I_clk_syn_651                                             |  (infered sclk)   |                                              u_hdmi_mixer/I_clk_created_gclkinst_auto_created_sclk_s_1_l_bk4                                              |            1             
RUN-1001 : ----------------------------------------------------------------------------------------------------------------------------------------------------------------------------------------------------------------------------------------------------------------------------------------------------------------------------------------
RUN-1001 : Clock Region s_1_r [24,40][43,79]; Utilization: 4 out of 12
RUN-1001 : --------------------------------------------------------------------------------------------------------------------------------------------------------------------------------------------------------------------------------------------------------------------------------
RUN-1001 :   Bank  |                                               Leading Clock                                                |       Type        |                                                  Buffer                                                   |  Regional Clock Fanouts  
RUN-1001 : --------------------------------------------------------------------------------------------------------------------------------------------------------------------------------------------------------------------------------------------------------------------------------
RUN-1001 :    1    |            u_mipi_dphy_rx_ph1p_mipiio_wrapper/u_ph1p_mipiio_rx_wrapper/u_lane0_hs_detect/I_clk             |  (infered sclk)   |                              u_PLL/bufg_feedback_auto_created_sclk_s_1_r_bk1                              |            1             
RUN-1001 :    2    |  u_isp_top/u_demosaic/raw_matrix_3x3_buffer_d/zhenghe_d/blk_mem_gen_zhenghe_d1/ram_d32970204f32_Inst/clkb  |  (infered sclk)   |   u_mipi_dphy_rx_ph1p_mipiio_wrapper/u_ph1p_mipiio_rx_wrapper/bufg_feedback_auto_created_sclk_s_1_r_bk2   |           2122           
RUN-1001 :    3    |                                         u_hdmi_mixer/I_clk_syn_651                                         |  (infered sclk)   |                      u_hdmi_mixer/I_clk_created_gclkinst_auto_created_sclk_s_1_r_bk3                      |           657            
RUN-1001 :    4    |                      u_hdmi_tx/u_hdmi2phy_wrapper/u0_lane_lvds_8_1/I_serial_clk_syn_1                      |  (infered sclk)   |  u_hdmi_tx/u_hdmi2phy_wrapper/u0_lane_lvds_8_1/I_serial_clk_created_gclkinst_auto_created_sclk_s_1_r_bk4  |            36            
RUN-1001 : --------------------------------------------------------------------------------------------------------------------------------------------------------------------------------------------------------------------------------------------------------------------------------
PHY-1001 : Populate physical database on model design_top_wrapper.
PHY-1001 : Route runs in 32 thread(s)
RUN-1001 : There are total 19763 instances
RUN-1001 : 536 mslices, 17980 lslices, 54 pads, 108 brams, 19 dsps
RUN-1001 : There are total 47382 nets
RUN-1001 : 30628 nets have 2 pins
RUN-1001 : 13014 nets have [3 - 5] pins
RUN-1001 : 2371 nets have [6 - 10] pins
RUN-1001 : 805 nets have [11 - 20] pins
RUN-1001 : 481 nets have [21 - 99] pins
RUN-1001 : 83 nets have 100+ pins
RUN-1002 : start command "start_timer"
RUN-1003 : finish command "start_timer" in  2.651336s wall, 2.625000s user + 0.000000s system = 2.625000s CPU (99.0%)

RUN-1004 : used memory is 2099 MB, reserved memory is 2087 MB, peak memory is 2099 MB
PHY-1001 : 536 mslices, 17980 lslices, 54 pads, 108 brams, 19 dsps

PHY-1001 : Stage 1 | Global Routing
PHY-1001 : Start global routing, caller is route ...
RUN-1001 : Generating global routing grids ...
PHY-1001 : Generate routing nets ...
RUN-1001 : Generate nets statistics:
RUN-1001 : ----------------------------
RUN-1001 :        Type       |  Nets   
RUN-1001 : ----------------------------
RUN-1001 :   TotalRouteNets  |  33516  
RUN-1001 :   DontRouteNets   |  3432   
RUN-1001 :     RouteNets     |  30084  
RUN-1001 :     RouteSinks    |  64290  
RUN-1001 : ----------------------------
PHY-1001 : Global iterations in 32 thread ...
PHY-1002 : len = 3.08755e+06, over cnt = 4601(6%), over = 9707, worst = 9
PHY-1002 : len = 3.25866e+06, over cnt = 2855(3%), over = 4907, worst = 9
PHY-1002 : len = 3.39872e+06, over cnt = 999(1%), over = 1716, worst = 9
PHY-1002 : len = 3.53616e+06, over cnt = 58(0%), over = 101, worst = 8
PHY-1002 : len = 3.53898e+06, over cnt = 0(0%), over = 0, worst = 0
PHY-1001 : End global iterations;  2.969749s wall, 3.718750s user + 0.031250s system = 3.750000s CPU (126.3%)

PHY-1001 : Congestion index:
PHY-1001 : top1  = 92.21(S 73.25, N 74.84, E 86.51, W 91.28, I 71.93, O 88.90)
PHY-1001 : top5  = 83.52(S 64.42, N 64.31, E 75.37, W 79.74, I 61.38, O 72.14)
PHY-1001 : top10 = 78.53(S 58.66, N 58.48, E 68.73, W 73.49, I 57.92, O 65.10)
PHY-1001 : top15 = 74.99(S 54.86, N 54.49, E 64.36, W 69.17, I 55.80, O 60.58)
PHY-1001 : End global routing;  3.339068s wall, 4.281250s user + 0.031250s system = 4.312500s CPU (129.2%)

PHY-1001 : End Stage 1 | Global Routing; Time: 3.339215s wall, 4.281250s user + 0.031250s system = 4.312500s CPU (129.1%); Memory(MB): used = 2099, reserved = 2087, peak = 2099;

PHY-1001 : Stage 2 | Detail Routing
PHY-1001 : Stage 2.1 | Build Routing Design
PHY-1001 : Routing in high effort: false
PHY-1001 : Routing Mode: normal
PHY-1001 : Generate detailed routing grids ...
RUN-1001 : Constructing routing connections ...
PHY-1001 : End build routing graph; 1.680277s wall, 12.656250s user + 0.093750s system = 12.750000s CPU (758.8%)

PHY-1001 : Generate nets ...
RUN-1001 : Generate nets statistics:
RUN-1001 : -------------------------------
RUN-1001 :         Type        |   Nets   
RUN-1001 : -------------------------------
RUN-1001 :        Route        |  33995   
RUN-1001 :      DontRoute      |  13387   
RUN-1001 :      RouteSinks     |  120740  
RUN-1001 :   RouteEntitySinks  |    0     
RUN-1001 :       Lut2Dff       |    0     
RUN-1001 :       Ram2Dff       |    0     
RUN-1001 :      Carry2Dff      |    0     
RUN-1001 : -------------------------------
RUN-1001 : DR clock net summary:
RUN-1001 : ---------------------------------------------------------------------------------------------------------------------------------------------------
RUN-1001 :   Net Idx  |                                                        Net Name                                                        |  Clock Type  
RUN-1001 : ---------------------------------------------------------------------------------------------------------------------------------------------------
RUN-1001 :      1     |                                                    I_sys_clk_dup_6                                                     |    Normal    
RUN-1001 :      2     |                                                    I_sys_clk_syn_8                                                     |    Normal    
RUN-1001 :      3     |                                                    O_cam_24m_dup_1                                                     |    Normal    
RUN-1001 :      4     |                                                    O_cam_24m_syn_3                                                     |    Normal    
RUN-1001 :      5     |                                                     u_PLL/clk0_buf                                                     |    Normal    
RUN-1001 :      6     |                                                   u_hdmi_mixer/I_clk                                                   |    Normal    
RUN-1001 :      7     |                                               u_hdmi_mixer/I_clk_syn_651                                               |    Normal    
RUN-1001 :      8     |                               u_hdmi_tx/u_hdmi2phy_wrapper/u0_lane_lvds_8_1/I_serial_clk                               |    Normal    
RUN-1001 :      9     |                            u_hdmi_tx/u_hdmi2phy_wrapper/u0_lane_lvds_8_1/I_serial_clk_syn_1                            |    Normal    
RUN-1001 :     10     |        u_isp_top/u_demosaic/raw_matrix_3x3_buffer_d/zhenghe_d/blk_mem_gen_zhenghe_d1/ram_d32970204f32_Inst/clkb        |    Normal    
RUN-1001 :     11     |                     u_mipi_dphy_rx_ph1p_mipiio_wrapper/u_ph1p_mipiio_rx_wrapper/S_mipiio_hs_rx_clk                     |    Normal    
RUN-1001 :     12     |                  u_mipi_dphy_rx_ph1p_mipiio_wrapper/u_ph1p_mipiio_rx_wrapper/u_lane0_hs_detect/I_clk                   |    Normal    
RUN-1001 :     13     |                   u_ph1p35_324_ddr_wrapper/u_ddr2/ph1p_ddrmc_wrapper/ph1p_ddrmc_top/u_alc_mc_top/clk                   |    Normal    
RUN-1001 :     14     |       u_ph1p35_324_ddr_wrapper/u_ddr2/ph1p_ddrmc_wrapper/ph1p_ddrmc_top/u_ddr_phy/u_ddrphy_top/u_ddrphy/apb_pclk       |    Normal    
RUN-1001 :     15     |    u_ph1p35_324_ddr_wrapper/u_ddr2/ph1p_ddrmc_wrapper/ph1p_ddrmc_top/u_ddr_phy/u_ddrphy_top/u_ddrphy/apb_pclk_syn_1    |    Normal    
RUN-1001 :     16     |      u_ph1p35_324_ddr_wrapper/u_ddr2/ph1p_ddrmc_wrapper/ph1p_ddrmc_top/u_ddr_phy/u_ddrphy_top/u_ddrphy/ctl_clk[0]      |    Normal    
RUN-1001 :     17     |      u_ph1p35_324_ddr_wrapper/u_ddr2/ph1p_ddrmc_wrapper/ph1p_ddrmc_top/u_ddr_phy/u_ddrphy_top/u_ddrphy/ctl_clk[1]      |    Normal    
RUN-1001 :     18     |      u_ph1p35_324_ddr_wrapper/u_ddr2/ph1p_ddrmc_wrapper/ph1p_ddrmc_top/u_ddr_phy/u_ddrphy_top/u_ddrphy/ddr_clk[0]      |    Normal    
RUN-1001 :     19     |      u_ph1p35_324_ddr_wrapper/u_ddr2/ph1p_ddrmc_wrapper/ph1p_ddrmc_top/u_ddr_phy/u_ddrphy_top/u_ddrphy/ddr_clk[1]      |    Normal    
RUN-1001 :     20     |    u_ph1p35_324_ddr_wrapper/u_ddr2/ph1p_ddrmc_wrapper/ph1p_ddrmc_top/u_ddr_phy/u_ddrphy_top/u_ddrphy_clk/pll0_clk_1    |    Normal    
RUN-1001 :     21     |    u_ph1p35_324_ddr_wrapper/u_ddr2/ph1p_ddrmc_wrapper/ph1p_ddrmc_top/u_ddr_phy/u_ddrphy_top/u_ddrphy_clk/pll0_clk_2    |    Normal    
RUN-1001 :     22     |   u_ph1p35_324_ddr_wrapper/u_ddr2/ph1p_ddrmc_wrapper/ph1p_ddrmc_top/u_ddr_phy/u_ddrphy_top/u_ddrphy_clk/pll0_mlclk_1   |    Normal    
RUN-1001 :     23     |   u_ph1p35_324_ddr_wrapper/u_ddr2/ph1p_ddrmc_wrapper/ph1p_ddrmc_top/u_ddr_phy/u_ddrphy_top/u_ddrphy_clk/pll0_mlclk_2   |    Normal    
RUN-1001 :     24     |  u_ph1p35_324_ddr_wrapper/u_ddr2/ph1p_ddrmc_wrapper/ph1p_ddrmc_top/u_ddr_phy/u_ddrphy_top/u_ddrphy_clk/u_pll1/clkc[0]  |    Normal    
RUN-1001 :     25     |  u_ph1p35_324_ddr_wrapper/u_ddr2/ph1p_ddrmc_wrapper/ph1p_ddrmc_top/u_ddr_phy/u_ddrphy_top/u_ddrphy_clk/u_pll1/refclk   |    Normal    
RUN-1001 :     26     |                                            u_uicfgcs500/uii2c_inst/scl_clk                                             |    Normal    
RUN-1001 :     27     |                                         u_uicfgcs500/uii2c_inst/scl_clk_syn_9                                          |    Normal    
RUN-1001 : ---------------------------------------------------------------------------------------------------------------------------------------------------
RUN-1001 : DR clock buffer summary:
RUN-1001 : -------------------------------------------------------------------------------------------------------------------------------------------------------------------
RUN-1001 :   Idx  |                                                                           Name                                                                            
RUN-1001 : -------------------------------------------------------------------------------------------------------------------------------------------------------------------
RUN-1001 :    1   |                           u_mipi_dphy_rx_ph1p_mipiio_wrapper/u_ph1p_mipiio_rx_wrapper/bufg_feedback_auto_created_sclk_s_0_l_bk1                           
RUN-1001 :    2   |   u_ph1p35_324_ddr_wrapper/u_ddr2/ph1p_ddrmc_wrapper/ph1p_ddrmc_top/u_ddr_phy/u_ddrphy_top/u_ddrphy_clk/u_pll1/u_bufg_fbclk_auto_created_sclk_s_0_l_bk2   
RUN-1001 :    3   |                                              u_hdmi_mixer/I_clk_created_gclkinst_auto_created_sclk_s_0_l_bk3                                              
RUN-1001 :    4   |                                               I_sys_clk_dup_6_created_gclkinst_auto_created_sclk_s_0_l_bk4                                                
RUN-1001 :    5   |                                               O_cam_24m_dup_1_created_gclkinst_auto_created_sclk_s_0_l_bk5                                                
RUN-1001 :    6   |                                       u_uicfgcs500/uii2c_inst/scl_clk_created_gclkinst_auto_created_sclk_s_0_l_bk6                                        
RUN-1001 :    7   |  u_ph1p35_324_ddr_wrapper/u_ddr2/ph1p_ddrmc_wrapper/ph1p_ddrmc_top/u_ddr_phy/u_ddrphy_top/u_ddrphy/apb_pclk_created_gclkinst_auto_created_sclk_s_0_l_bk7  
RUN-1001 :    8   |                           u_mipi_dphy_rx_ph1p_mipiio_wrapper/u_ph1p_mipiio_rx_wrapper/bufg_feedback_auto_created_sclk_s_0_r_bk1                           
RUN-1001 :    9   |                                              u_hdmi_mixer/I_clk_created_gclkinst_auto_created_sclk_s_0_r_bk2                                              
RUN-1001 :   10   |                                               O_cam_24m_dup_1_created_gclkinst_auto_created_sclk_s_0_r_bk3                                                
RUN-1001 :   11   |                                                      u_PLL/bufg_feedback_auto_created_sclk_s_0_r_bk4                                                      
RUN-1001 :   12   |   u_ph1p35_324_ddr_wrapper/u_ddr2/ph1p_ddrmc_wrapper/ph1p_ddrmc_top/u_ddr_phy/u_ddrphy_top/u_ddrphy_clk/u_pll1/u_bufg_fbclk_auto_created_sclk_s_1_l_bk1   
RUN-1001 :   13   |                           u_mipi_dphy_rx_ph1p_mipiio_wrapper/u_ph1p_mipiio_rx_wrapper/bufg_feedback_auto_created_sclk_s_1_l_bk2                           
RUN-1001 :   14   |  u_ph1p35_324_ddr_wrapper/u_ddr2/ph1p_ddrmc_wrapper/ph1p_ddrmc_top/u_ddr_phy/u_ddrphy_top/u_ddrphy/apb_pclk_created_gclkinst_auto_created_sclk_s_1_l_bk3  
RUN-1001 :   15   |                                              u_hdmi_mixer/I_clk_created_gclkinst_auto_created_sclk_s_1_l_bk4                                              
RUN-1001 :   16   |                                                      u_PLL/bufg_feedback_auto_created_sclk_s_1_r_bk1                                                      
RUN-1001 :   17   |                           u_mipi_dphy_rx_ph1p_mipiio_wrapper/u_ph1p_mipiio_rx_wrapper/bufg_feedback_auto_created_sclk_s_1_r_bk2                           
RUN-1001 :   18   |                                              u_hdmi_mixer/I_clk_created_gclkinst_auto_created_sclk_s_1_r_bk3                                              
RUN-1001 :   19   |                          u_hdmi_tx/u_hdmi2phy_wrapper/u0_lane_lvds_8_1/I_serial_clk_created_gclkinst_auto_created_sclk_s_1_r_bk4                          
RUN-1001 : -------------------------------------------------------------------------------------------------------------------------------------------------------------------
PHY-1001 : End Stage 2.1 | Build Routing Design; Time: 2.159181s wall, 13.109375s user + 0.093750s system = 13.203125s CPU (611.5%); Memory(MB): used = 2384, reserved = 2368, peak = 2384;

RUN-1001 : Top Percentage Crit. Net Stat.
RUN-1001 : -------------------------------------------------------
RUN-1001 :   Top %  |  Net Count  |  Avg. Fanout  |  Avg. Slack   
RUN-1001 : -------------------------------------------------------
RUN-1001 :     1    |     473     |   1.765328    |  1450.186047  
RUN-1001 :     2    |     947     |   4.742344    |  2028.310454  
RUN-1001 :     3    |    1421     |   4.434201    |  2408.544687  
RUN-1001 :     4    |    1895     |   4.340369    |  2684.118734  
RUN-1001 :     5    |    2369     |   4.146475    |  2878.755171  
RUN-1001 :     6    |    2842     |   4.128079    |  3029.207600  
RUN-1001 :     7    |    3316     |   4.344089    |  3167.544632  
RUN-1001 :     8    |    3790     |   4.212929    |  3303.384960  
RUN-1001 :     9    |    4264     |   4.020169    |  3433.999765  
RUN-1001 :    10    |    4738     |   4.036302    |  3563.818700  
RUN-1001 : -------------------------------------------------------
PHY-1001 : Stage 2.2 | Tile Base Routing
PHY-1001 : 322 nets need to preroute.
PHY-1001 : len = 0, over cnt = 0(0%), over = 0, worst = 0, crit = 0
PHY-1001 : End Stage 2.2 | Tile Base Routing; Time: 0.245541s wall, 5.468750s user + 0.000000s system = 5.468750s CPU (2227.2%); Memory(MB): used = 2387, reserved = 2371, peak = 2387;

PHY-1001 : Stage 2.3 | Clock Nets Routing
PHY-1001 : Routed 0% nets.
PHY-1001 : len = 417680, over cnt = 0(0%), over = 0, worst = 0, crit = 0
PHY-1001 : End Stage 2.3 | Clock Nets Routing; Time: 0.517802s wall, 0.750000s user + 0.000000s system = 0.750000s CPU (144.8%); Memory(MB): used = 2421, reserved = 2405, peak = 2421;

PHY-1001 : Stage 2.4 | Routing Initialization
PHY-1001 : Mark 1% net(place mode slack < 2025ps) as critical nets.
PHY-1001 : Stage 2.4.1 | Normal Nets Routing
PHY-1001 : Routed 66% nets.
PHY-1001 : len = 5.10501e+06, over cnt = 31927(2%), over = 35096, worst = 5, crit = 0
PHY-1001 : End Stage 2.4.1 | Normal Nets Routing; Time: 14.099354s wall, 27.671875s user + 0.453125s system = 28.125000s CPU (199.5%); Memory(MB): used = 2486, reserved = 2470, peak = 2486;

PHY-1001 : Stage 2.4.2 | Update Timing
RUN-1002 : start command "start_timer"
USR-1002 : Derived clock:  create_generated_clock -name {u_PLL/ph1p_phy_pll_wrapper_25a56e5ce2f9_Inst/u_PH1P_PHY_PLL.clkc[0]} -source [get_ports {I_sys_clk}] -master_clock {sys_clk_50m} -multiply_by 2.0000 -duty_cycle 50.0000 [get_pins {u_PLL/ph1p_phy_pll_wrapper_25a56e5ce2f9_Inst/u_PH1P_PHY_PLL.clkc[0]}]
USR-1002 : Derived clock:  create_generated_clock -name {u_PLL/ph1p_phy_pll_wrapper_25a56e5ce2f9_Inst/u_PH1P_PHY_PLL.clkc[1]} -source [get_ports {I_sys_clk}] -master_clock {sys_clk_50m} -divide_by 2.0769 -duty_cycle 50.0000 [get_pins {u_PLL/ph1p_phy_pll_wrapper_25a56e5ce2f9_Inst/u_PH1P_PHY_PLL.clkc[1]}]
USR-1002 : Derived clock:  create_generated_clock -name {u_PLL/ph1p_phy_pll_wrapper_25a56e5ce2f9_Inst/u_PH1P_PHY_PLL.clkc[4]} -source [get_ports {I_sys_clk}] -master_clock {sys_clk_50m} -multiply_by 1.0400 -duty_cycle 50.0000 [get_pins {u_PLL/ph1p_phy_pll_wrapper_25a56e5ce2f9_Inst/u_PH1P_PHY_PLL.clkc[4]}]
USR-1002 : Derived clock:  create_generated_clock -name {u_PLL/ph1p_phy_pll_wrapper_25a56e5ce2f9_Inst/u_PH1P_PHY_PLL.clkc[5]} -source [get_ports {I_sys_clk}] -master_clock {sys_clk_50m} -multiply_by 5.2000 -duty_cycle 50.0000 [get_pins {u_PLL/ph1p_phy_pll_wrapper_25a56e5ce2f9_Inst/u_PH1P_PHY_PLL.clkc[5]}]
USR-1002 : Derived clock:  create_generated_clock -name {u_ph1p35_324_ddr_wrapper/u_ddr2/ph1p_ddrmc_wrapper/ph1p_ddrmc_top/u_ddr_phy/u_ddrphy_top/u_ddrphy_clk/u_pll0/u_pll_inst.clkc[0]} -source [get_ports {I_sys_clk}] -master_clock {sys_clk_50m} -multiply_by 1.3333 -duty_cycle 50.0000 [get_pins {u_ph1p35_324_ddr_wrapper/u_ddr2/ph1p_ddrmc_wrapper/ph1p_ddrmc_top/u_ddr_phy/u_ddrphy_top/u_ddrphy_clk/u_pll0/u_pll_inst.clkc[0]}]
USR-1002 : Derived clock:  create_generated_clock -name {u_ph1p35_324_ddr_wrapper/u_ddr2/ph1p_ddrmc_wrapper/ph1p_ddrmc_top/u_ddr_phy/u_ddrphy_top/u_ddrphy_clk/u_pll0/u_pll_inst.clkc[1]} -source [get_ports {I_sys_clk}] -master_clock {sys_clk_50m} -multiply_by 1.3333 -duty_cycle 50.0000 [get_pins {u_ph1p35_324_ddr_wrapper/u_ddr2/ph1p_ddrmc_wrapper/ph1p_ddrmc_top/u_ddr_phy/u_ddrphy_top/u_ddrphy_clk/u_pll0/u_pll_inst.clkc[1]}]
USR-1002 : Derived clock:  create_generated_clock -name {u_ph1p35_324_ddr_wrapper/u_ddr2/ph1p_ddrmc_wrapper/ph1p_ddrmc_top/u_ddr_phy/u_ddrphy_top/u_ddrphy_clk/u_pll0/u_pll_inst.clkc[2]} -source [get_ports {I_sys_clk}] -master_clock {sys_clk_50m} -multiply_by 5.3333 -duty_cycle 50.0000 [get_pins {u_ph1p35_324_ddr_wrapper/u_ddr2/ph1p_ddrmc_wrapper/ph1p_ddrmc_top/u_ddr_phy/u_ddrphy_top/u_ddrphy_clk/u_pll0/u_pll_inst.clkc[2]}]
USR-1002 : Derived clock:  create_generated_clock -name {u_ph1p35_324_ddr_wrapper/u_ddr2/ph1p_ddrmc_wrapper/ph1p_ddrmc_top/u_ddr_phy/u_ddrphy_top/u_ddrphy_clk/u_pll0/u_pll_inst.clkc[3]} -source [get_ports {I_sys_clk}] -master_clock {sys_clk_50m} -divide_by 1.9687 -duty_cycle 50.0000 [get_pins {u_ph1p35_324_ddr_wrapper/u_ddr2/ph1p_ddrmc_wrapper/ph1p_ddrmc_top/u_ddr_phy/u_ddrphy_top/u_ddrphy_clk/u_pll0/u_pll_inst.clkc[3]}]
USR-1002 : Derived clock:  create_generated_clock -name {u_ph1p35_324_ddr_wrapper/u_ddr2/ph1p_ddrmc_wrapper/ph1p_ddrmc_top/u_ddr_phy/u_ddrphy_top/u_ddrphy_clk/u_pll1/u_pll_inst.clkc[0]} -source [get_pins {u_ph1p35_324_ddr_wrapper/u_ddr2/ph1p_ddrmc_wrapper/ph1p_ddrmc_top/u_ddr_phy/u_ddrphy_top/u_ddrphy_clk/u_pll0/u_pll_inst.clkc[0]}] -master_clock {u_ph1p35_324_ddr_wrapper/u_ddr2/ph1p_ddrmc_wrapper/ph1p_ddrmc_top/u_ddr_phy/u_ddrphy_top/u_ddrphy_clk/u_pll0/u_pll_inst.clkc[0]} -multiply_by 1.0000 -duty_cycle 50.0000 [get_pins {u_ph1p35_324_ddr_wrapper/u_ddr2/ph1p_ddrmc_wrapper/ph1p_ddrmc_top/u_ddr_phy/u_ddrphy_top/u_ddrphy_clk/u_pll1/u_pll_inst.clkc[0]}]
8.888000
15.000000
15.000000
19.230000
RUN-1003 : finish command "start_timer" in  1.966831s wall, 1.937500s user + 0.015625s system = 1.953125s CPU (99.3%)

RUN-1004 : used memory is 2489 MB, reserved memory is 2472 MB, peak memory is 2489 MB
TMR-2502 : Net delay update with mode: Routed
PHY-1001 : 31/33516(0%) critical/total net(s).
PHY-1001 : Setup: WNS(ns) = -0.294, TNS(ns) = -3.000, FEP = 21 | Hold: WNS(ns) = -0.228, TNS(ns) = -15.730, FEP = 310.
PHY-1001 : End Stage 2.4.2 | Update Timing; Time: 5.691397s wall, 5.640625s user + 0.015625s system = 5.656250s CPU (99.4%); Memory(MB): used = 2707, reserved = 2691, peak = 2707;

PHY-1001 : Stage 2.4.3 | Deskew Clock Tree
RUN-1001 : Deskew Summary
RUN-1001 : ---------------------------------------------------------------------------------------------------------------------------------
RUN-1001 :                                                 Clock                                                 |  Pre-Skew  |  Post-Skew  
RUN-1001 : ---------------------------------------------------------------------------------------------------------------------------------
RUN-1001 :                                             mipi_rx_ck_pad                                            |     32     |     32      
RUN-1001 :   u_mipi_dphy_rx_ph1p_mipiio_wrapper/u_ph1p_mipiio_rx_wrapper/u_PH1P_LOGIC_DPHY_MIPI_RX.io_clk_pad_p  |     32     |     32      
RUN-1001 :                                            MIPI_RX_BYTE_CLK                                           |     32     |     32      
RUN-1001 :                                              pll_clk_100m                                             |     20     |     20      
RUN-1001 :                                u_ph1p35_324_ddr_wrapper/u_ddr2/usr_clk                                |     12     |     12      
RUN-1001 :                                             HDMI_PIXEL_CLK                                            |     16     |     16      
RUN-1001 :                                u_ph1p35_324_ddr_wrapper/u_ddr2/mcu_clk                                |     12     |     12      
RUN-1001 :                                              pll_clk_24m                                              |     4      |      4      
RUN-1001 : ---------------------------------------------------------------------------------------------------------------------------------
PHY-1001 : 31/33516(0%) critical/total net(s).
PHY-1001 : Setup: WNS(ns) = -0.294, TNS(ns) = -3.000, FEP = 21 | Hold: WNS(ns) = -0.228, TNS(ns) = -15.730, FEP = 310.
PHY-1001 : End Stage 2.4.3 | Deskew Clock Tree; Time: 3.760032s wall, 3.703125s user + 0.015625s system = 3.718750s CPU (98.9%); Memory(MB): used = 2763, reserved = 2745, peak = 2763;

PHY-1001 : End Stage 2.4 | Routing Initialization; Time: 23.645763s wall, 37.109375s user + 0.484375s system = 37.593750s CPU (159.0%); Memory(MB): used = 2763, reserved = 2745, peak = 2763;

PHY-1001 : Stage 2.5 | Routing Optimization
PHY-1001 : Build lut bridge;  0.096854s wall, 0.109375s user + 0.000000s system = 0.109375s CPU (112.9%)

PHY-1001 : Stage 2.5.1 | Phase 1
PHY-1001 : Stage 2.5.1.1 | Hold TimeOptimization
PHY-1001 : Iter 0; Processed 399 pins with HWNS -0.228ns HTNS -8.763ns FEP 187 took 0.296013 seconds.
PHY-1001 : Iter 1; Processed 610 pins with HWNS -0.065ns HTNS -0.129ns FEP 3 took 2.17082 seconds.
PHY-1001 : len = 5.16146e+06, over cnt = 31798(2%), over = 34976, worst = 5, crit = 0
PHY-1001 : End Stage 2.5.1.1 | Hold TimeOptimization; Time: 2.552732s wall, 2.578125s user + 0.000000s system = 2.578125s CPU (101.0%); Memory(MB): used = 2763, reserved = 2745, peak = 2763;

PHY-1001 : Stage 2.5.1.2 | High Fanout Nets Optimization
PHY-1001 : High fanout net optimize summary:
PHY-1001 : Process 1 nets and 1 pins with SWNS -0.294ns STNS -2.083ns FEP 14.
PHY-1001 : len = 5.16157e+06, over cnt = 31799(2%), over = 34977, worst = 5, crit = 0
PHY-1001 : End Stage 2.5.1.2 | High Fanout Nets Optimization; Time: 0.294414s wall, 0.296875s user + 0.000000s system = 0.296875s CPU (100.8%); Memory(MB): used = 2763, reserved = 2745, peak = 2763;

PHY-1001 : Stage 2.5.1.3 | Setup TimeOptimization
PHY-1001 : Start to optimize setup violation with net base ...
PHY-1001 : Iter 1; Processed 5 pins with SWNS 0.125ns STNS 0.000ns FEP 0 took 0.667058 seconds.
PHY-1001 : Mark 231 critical net(s) and 539 critical pin(s).
PHY-1001 : len = 5.16288e+06, over cnt = 31807(2%), over = 34988, worst = 5, crit = 24
PHY-1001 : End Stage 2.5.1.3 | Setup TimeOptimization; Time: 1.112176s wall, 1.500000s user + 0.000000s system = 1.500000s CPU (134.9%); Memory(MB): used = 2763, reserved = 2745, peak = 2763;

PHY-1001 : Stage 2.5.1.4 | Rip-up And ReRoute
PHY-0007 : Congestion: {90.31, 82.53, 78.47, 75.71}; Timing: {0.125ns, 0.000ns, 0}
PHY-1001 : Iter 1: len = 5.37725e+06, over cnt = 19646(1%), over = 20407, worst = 4, crit = 4, time(s) = 9.10
PHY-1001 : Iter 2: len = 5.43211e+06, over cnt = 14946(1%), over = 15228, worst = 3, crit = 2, time(s) = 5.71
PHY-1001 : Iter 3: len = 5.462e+06, over cnt = 12221(0%), over = 12345, worst = 3, crit = 0, time(s) = 5.41
PHY-1001 : Iter 4: len = 5.60246e+06, over cnt = 7802(0%), over = 7838, worst = 2, crit = 0, time(s) = 6.06
PHY-1001 : Iter 5: len = 5.64664e+06, over cnt = 6239(0%), over = 6251, worst = 2, crit = 0, time(s) = 4.41
PHY-1001 : Iter 6: len = 5.66518e+06, over cnt = 5436(0%), over = 5441, worst = 2, crit = 0, time(s) = 4.49
PHY-1001 : Iter 7: len = 5.68048e+06, over cnt = 4890(0%), over = 4896, worst = 2, crit = 0, time(s) = 3.35
PHY-1001 : Marking 142 (3.70%) hot zones with cutoff utilization 81.08.
PHY-1001 : Iter 8: len = 5.86142e+06, over cnt = 2275(0%), over = 2276, worst = 2, crit = 0, time(s) = 3.89
PHY-1001 : Iter 9: len = 5.88883e+06, over cnt = 1858(0%), over = 1858, worst = 1, crit = 0, time(s) = 2.20
PHY-1001 : Iter 10: len = 5.98578e+06, over cnt = 1341(0%), over = 1341, worst = 1, crit = 0, time(s) = 1.69
PHY-1001 : Iter 11: len = 6.03131e+06, over cnt = 1040(0%), over = 1040, worst = 1, crit = 0, time(s) = 1.78
PHY-1001 : Iter 12: len = 6.11768e+06, over cnt = 434(0%), over = 434, worst = 1, crit = 0, time(s) = 2.96
PHY-1001 : Marking 142 (3.70%) hot zones with cutoff utilization 81.08.
PHY-1001 : Iter 13: len = 6.14714e+06, over cnt = 239(0%), over = 239, worst = 1, crit = 0, time(s) = 1.49
PHY-1001 : Iter 14: len = 6.15346e+06, over cnt = 150(0%), over = 150, worst = 1, crit = 0, time(s) = 1.01
PHY-1001 : Iter 15: len = 6.1656e+06, over cnt = 93(0%), over = 93, worst = 1, crit = 0, time(s) = 0.57
PHY-1001 : Iter 16: len = 6.17613e+06, over cnt = 36(0%), over = 36, worst = 1, crit = 0, time(s) = 0.80
PHY-1001 : Iter 17: len = 6.17946e+06, over cnt = 21(0%), over = 21, worst = 1, crit = 0, time(s) = 0.60
PHY-1001 : Iter 18: len = 6.18128e+06, over cnt = 13(0%), over = 13, worst = 1, crit = 0, time(s) = 0.40
PHY-1001 : Marking 142 (3.70%) hot zones with cutoff utilization 81.08.
PHY-1001 : Iter 19: len = 6.1817e+06, over cnt = 11(0%), over = 11, worst = 1, crit = 0, time(s) = 0.28
PHY-1001 : Iter 20: len = 6.1833e+06, over cnt = 5(0%), over = 5, worst = 1, crit = 0, time(s) = 0.47
PHY-1001 : Iter 21: len = 6.18355e+06, over cnt = 5(0%), over = 5, worst = 1, crit = 0, time(s) = 0.23
PHY-1001 : Iter 22: len = 6.18381e+06, over cnt = 2(0%), over = 2, worst = 1, crit = 0, time(s) = 0.14
PHY-1001 : Iter 23: len = 6.18387e+06, over cnt = 2(0%), over = 2, worst = 1, crit = 0, time(s) = 0.16
PHY-1001 : Iter 24: len = 6.18418e+06, over cnt = 1(0%), over = 1, worst = 1, crit = 0, time(s) = 0.18
PHY-1001 : Iter 25: len = 6.18421e+06, over cnt = 1(0%), over = 1, worst = 1, crit = 0, time(s) = 0.24
PHY-1001 : Marking 142 (3.70%) hot zones with cutoff utilization 81.08.
PHY-1001 : Iter 26: len = 6.18397e+06, over cnt = 1(0%), over = 1, worst = 1, crit = 0, time(s) = 0.20
PHY-1001 : Iter 27: len = 6.18378e+06, over cnt = 1(0%), over = 1, worst = 1, crit = 0, time(s) = 0.19
PHY-1001 : Iter 28: len = 6.18394e+06, over cnt = 1(0%), over = 1, worst = 1, crit = 0, time(s) = 0.29
PHY-1001 : Iter 29: len = 6.1839e+06, over cnt = 2(0%), over = 2, worst = 1, crit = 0, time(s) = 0.31
PHY-1001 : Iter 30: len = 6.18461e+06, over cnt = 1(0%), over = 1, worst = 1, crit = 0, time(s) = 0.18
PHY-1001 : Iter 31: len = 6.18474e+06, over cnt = 0(0%), over = 0, worst = 0, crit = 0, time(s) = 0.04
PHY-1001 : Marking 142 (3.70%) hot zones with cutoff utilization 81.08.
PHY-1001 : Update congestion ...
PHY-1001 : Marking 142 (3.70%) hot zones with cutoff utilization 81.08.
PHY-1001 : Congestion index:
PHY-1001 : top1  = 96.61(S 81.15, N 79.00, E 94.66, W 95.67, I 71.93, O 88.90)
PHY-1001 : top5  = 92.06(S 74.35, N 72.96, E 86.29, W 90.80, I 61.38, O 72.14)
PHY-1001 : top10 = 88.79(S 70.42, N 69.35, E 81.90, W 86.66, I 57.92, O 65.10)
PHY-1001 : top15 = 86.49(S 68.00, N 66.76, E 78.83, W 83.41, I 55.80, O 60.58)
PHY-1001 : End update congestion; 0.014606s wall, 0.015625s user + 0.000000s system = 0.015625s CPU (107.0%)

PHY-1001 : End Stage 2.5.1.4 | Rip-up And ReRoute; Time: 59.050256s wall, 143.468750s user + 1.375000s system = 144.843750s CPU (245.3%); Memory(MB): used = 2763, reserved = 2745, peak = 2763;

PHY-1001 : Stage 2.5.1.5 | Update Timing
PHY-1001 : 1112/33516(3%) critical/total net(s).
PHY-1001 : Setup: WNS(ns) = -5.376, TNS(ns) = -218.038, FEP = 411 | Hold: WNS(ns) = -0.160, TNS(ns) = -3.984, FEP = 80.
PHY-1001 : End Stage 2.5.1.5 | Update Timing; Time: 2.632833s wall, 2.640625s user + 0.000000s system = 2.640625s CPU (100.3%); Memory(MB): used = 2772, reserved = 2754, peak = 2772;

PHY-1001 : Stage 2.5.1.6 | Commit Data
PHY-1001 : Commit better result to database ...
PHY-1001 : End Stage 2.5.1.6 | Commit Data; Time: 0.117521s wall, 0.093750s user + 0.015625s system = 0.109375s CPU (93.1%); Memory(MB): used = 2803, reserved = 2785, peak = 2803;

PHY-1001 : End Stage 2.5.1 | Phase 1; Time: 66.241402s wall, 151.375000s user + 1.390625s system = 152.765625s CPU (230.6%); Memory(MB): used = 2803, reserved = 2785, peak = 2803;

PHY-1001 : Stage 2.5.2 | Phase 2
PHY-1001 : Stage 2.5.2.1 | Hold TimeOptimization
PHY-1001 : Iter 0; Processed 112 pins with HWNS -0.101ns HTNS -1.188ns FEP 30 took 0.750184 seconds.
PHY-1001 : Iter 1; Processed 147 pins with HWNS -0.008ns HTNS -0.008ns FEP 1 took 0.675038 seconds.
PHY-1001 : len = 6.20619e+06, over cnt = 51(0%), over = 70, worst = 3, crit = 0
PHY-1001 : End Stage 2.5.2.1 | Hold TimeOptimization; Time: 1.525932s wall, 2.328125s user + 0.031250s system = 2.359375s CPU (154.6%); Memory(MB): used = 2803, reserved = 2785, peak = 2803;

PHY-1001 : Stage 2.5.2.2 | High Fanout Nets Optimization
PHY-1001 : High fanout net optimize summary:
PHY-1001 : Process 79 nets and 578 pins with SWNS -1.560ns STNS -68.475ns FEP 251.
PHY-1001 : len = 6.2541e+06, over cnt = 172(0%), over = 191, worst = 3, crit = 0
PHY-1001 : End Stage 2.5.2.2 | High Fanout Nets Optimization; Time: 2.696658s wall, 3.281250s user + 0.000000s system = 3.281250s CPU (121.7%); Memory(MB): used = 2803, reserved = 2785, peak = 2803;

PHY-1001 : Stage 2.5.2.3 | Setup TimeOptimization
PHY-1001 : Start to optimize setup violation with net base ...
PHY-1001 : Iter 1; Process 109 nets with SWNS -1.551ns STNS -55.577ns FEP 201 took 0.807588 seconds
PHY-1001 : Iter 2; Process 71 nets with SWNS -0.959ns STNS -28.707ns FEP 135 took 0.855305 seconds
PHY-1001 : Iter 3; Processed 11 pins with SWNS 0.114ns STNS 0.000ns FEP 0 took 1.08087 seconds.
PHY-1001 : Mark 457 critical net(s) and 736 critical pin(s).
PHY-1001 : len = 6.26411e+06, over cnt = 559(0%), over = 578, worst = 3, crit = 7
PHY-1001 : End Stage 2.5.2.3 | Setup TimeOptimization; Time: 3.248260s wall, 4.015625s user + 0.062500s system = 4.078125s CPU (125.5%); Memory(MB): used = 2803, reserved = 2785, peak = 2803;

PHY-1001 : Stage 2.5.2.4 | Rip-up And ReRoute
PHY-1001 : Iter 1: len = 6.26955e+06, over cnt = 139(0%), over = 146, worst = 2, crit = 0, time(s) = 0.80
PHY-1001 : Iter 2: len = 6.26763e+06, over cnt = 72(0%), over = 72, worst = 1, crit = 0, time(s) = 0.41
PHY-1001 : Iter 3: len = 6.26733e+06, over cnt = 49(0%), over = 49, worst = 1, crit = 0, time(s) = 0.28
PHY-1001 : Iter 4: len = 6.27034e+06, over cnt = 22(0%), over = 22, worst = 1, crit = 0, time(s) = 0.44
PHY-1001 : Iter 5: len = 6.27075e+06, over cnt = 18(0%), over = 18, worst = 1, crit = 0, time(s) = 0.37
PHY-1001 : Iter 6: len = 6.27106e+06, over cnt = 15(0%), over = 15, worst = 1, crit = 0, time(s) = 0.37
PHY-1001 : Iter 7: len = 6.27096e+06, over cnt = 14(0%), over = 14, worst = 1, crit = 0, time(s) = 0.24
PHY-1001 : Marking 634 (16.51%) hot zones with cutoff utilization 80.95.
PHY-1001 : Iter 8: len = 6.274e+06, over cnt = 3(0%), over = 3, worst = 1, crit = 0, time(s) = 0.65
PHY-1001 : Iter 9: len = 6.274e+06, over cnt = 3(0%), over = 3, worst = 1, crit = 0, time(s) = 0.34
PHY-1001 : Iter 10: len = 6.27427e+06, over cnt = 3(0%), over = 3, worst = 1, crit = 0, time(s) = 0.25
PHY-1001 : Iter 11: len = 6.27459e+06, over cnt = 3(0%), over = 3, worst = 1, crit = 0, time(s) = 0.18
PHY-1001 : Iter 12: len = 6.27472e+06, over cnt = 3(0%), over = 3, worst = 1, crit = 0, time(s) = 0.34
PHY-1001 : Marking 634 (16.51%) hot zones with cutoff utilization 80.95.
PHY-1001 : Iter 13: len = 6.27477e+06, over cnt = 2(0%), over = 2, worst = 1, crit = 0, time(s) = 0.24
PHY-1001 : Iter 14: len = 6.27502e+06, over cnt = 0(0%), over = 0, worst = 0, crit = 0, time(s) = 0.05
PHY-1001 : Marking 634 (16.51%) hot zones with cutoff utilization 80.95.
PHY-1001 : Update congestion ...
PHY-1001 : Marking 634 (16.51%) hot zones with cutoff utilization 80.95.
PHY-1001 : Congestion index:
PHY-1001 : top1  = 97.54(S 81.29, N 79.54, E 95.56, W 95.82, I 71.93, O 88.90)
PHY-1001 : top5  = 92.82(S 74.55, N 73.75, E 87.60, W 91.05, I 61.38, O 72.14)
PHY-1001 : top10 = 89.67(S 70.65, N 70.07, E 82.91, W 86.96, I 57.92, O 65.10)
PHY-1001 : top15 = 87.15(S 68.25, N 67.40, E 79.84, W 83.80, I 55.80, O 60.58)
PHY-1001 : End update congestion; 0.016356s wall, 0.015625s user + 0.000000s system = 0.015625s CPU (95.5%)

PHY-1001 : End Stage 2.5.2.4 | Rip-up And ReRoute; Time: 5.105065s wall, 10.843750s user + 0.125000s system = 10.968750s CPU (214.9%); Memory(MB): used = 2803, reserved = 2785, peak = 2803;

PHY-1001 : Stage 2.5.2.5 | Update Timing
PHY-1001 : 139/33516(0%) critical/total net(s).
PHY-1001 : Setup: WNS(ns) = -0.507, TNS(ns) = -3.943, FEP = 20 | Hold: WNS(ns) = -0.160, TNS(ns) = -2.290, FEP = 38.
PHY-1001 : End Stage 2.5.2.5 | Update Timing; Time: 1.106973s wall, 1.015625s user + 0.062500s system = 1.078125s CPU (97.4%); Memory(MB): used = 2805, reserved = 2787, peak = 2805;

PHY-1001 : Stage 2.5.2.6 | Commit Data
PHY-1001 : Commit better result to database ...
PHY-1001 : End Stage 2.5.2.6 | Commit Data; Time: 0.052847s wall, 0.062500s user + 0.000000s system = 0.062500s CPU (118.3%); Memory(MB): used = 2805, reserved = 2787, peak = 2805;

PHY-1001 : End Stage 2.5.2 | Phase 2; Time: 14.125649s wall, 22.078125s user + 0.281250s system = 22.359375s CPU (158.3%); Memory(MB): used = 2805, reserved = 2787, peak = 2805;

PHY-1001 : Stage 2.5.3 | Phase 3
PHY-1001 : Stage 2.5.3.1 | Hold TimeOptimization
PHY-1001 : Iter 0; Processed 47 pins with HWNS -0.055ns HTNS -0.063ns FEP 2 took 1.0443 seconds.
PHY-1001 : Iter 1; Processed 49 pins with HWNS 0.020ns HTNS 0.000ns FEP 0 took 0.122594 seconds.
PHY-1001 : len = 6.28402e+06, over cnt = 30(0%), over = 43, worst = 3, crit = 0
PHY-1001 : End Stage 2.5.3.1 | Hold TimeOptimization; Time: 1.266050s wall, 1.234375s user + 0.015625s system = 1.250000s CPU (98.7%); Memory(MB): used = 2805, reserved = 2787, peak = 2805;

PHY-1001 : Stage 2.5.3.2 | High Fanout Nets Optimization
PHY-1001 : High fanout net optimize summary:
PHY-1001 : Process 4 nets and 5 pins with SWNS -0.507ns STNS -3.415ns FEP 16.
PHY-1001 : len = 6.2841e+06, over cnt = 30(0%), over = 43, worst = 3, crit = 0
PHY-1001 : End Stage 2.5.3.2 | High Fanout Nets Optimization; Time: 0.421334s wall, 0.937500s user + 0.031250s system = 0.968750s CPU (229.9%); Memory(MB): used = 2805, reserved = 2787, peak = 2805;

PHY-1001 : Stage 2.5.3.3 | Setup TimeOptimization
PHY-1001 : Start to optimize setup violation with net base ...
PHY-1001 : Iter 1; Processed 9 pins with SWNS 0.114ns STNS 0.000ns FEP 0 took 0.924704 seconds.
PHY-1001 : Mark 593 critical net(s) and 1024 critical pin(s).
PHY-1001 : len = 6.28515e+06, over cnt = 46(0%), over = 59, worst = 3, crit = 0
PHY-1001 : End Stage 2.5.3.3 | Setup TimeOptimization; Time: 1.388746s wall, 1.281250s user + 0.078125s system = 1.359375s CPU (97.9%); Memory(MB): used = 2805, reserved = 2787, peak = 2805;

PHY-1001 : Stage 2.5.3.4 | Rip-up And ReRoute
PHY-1001 : Iter 1: len = 6.28218e+06, over cnt = 18(0%), over = 19, worst = 2, crit = 0, time(s) = 0.12
PHY-1001 : Iter 2: len = 6.28109e+06, over cnt = 1(0%), over = 1, worst = 1, crit = 0, time(s) = 0.15
PHY-1001 : Iter 3: len = 6.28112e+06, over cnt = 0(0%), over = 0, worst = 0, crit = 0, time(s) = 0.05
PHY-1001 : Update congestion ...
PHY-1001 : Marking 670 (17.45%) hot zones with cutoff utilization 80.95.
PHY-1001 : Congestion index:
PHY-1001 : top1  = 97.54(S 81.15, N 79.81, E 95.56, W 95.82, I 71.93, O 88.90)
PHY-1001 : top5  = 92.85(S 74.54, N 73.88, E 87.63, W 91.08, I 61.38, O 72.14)
PHY-1001 : top10 = 89.71(S 70.65, N 70.16, E 82.95, W 86.99, I 57.92, O 65.10)
PHY-1001 : top15 = 87.18(S 68.27, N 67.45, E 79.91, W 83.82, I 55.80, O 60.58)
PHY-1001 : End update congestion; 0.016761s wall, 0.015625s user + 0.000000s system = 0.015625s CPU (93.2%)

PHY-1001 : End Stage 2.5.3.4 | Rip-up And ReRoute; Time: 0.378690s wall, 1.437500s user + 0.015625s system = 1.453125s CPU (383.7%); Memory(MB): used = 2805, reserved = 2787, peak = 2805;

PHY-1001 : Stage 2.5.3.5 | Update Timing
PHY-1001 : 17/33516(0%) critical/total net(s).
PHY-1001 : Setup: WNS(ns) = -0.180, TNS(ns) = -0.180, FEP = 1 | Hold: WNS(ns) = -0.160, TNS(ns) = -1.915, FEP = 23.
PHY-1001 : End Stage 2.5.3.5 | Update Timing; Time: 0.829420s wall, 0.796875s user + 0.031250s system = 0.828125s CPU (99.8%); Memory(MB): used = 2805, reserved = 2787, peak = 2805;

PHY-1001 : Stage 2.5.3.6 | Commit Data
PHY-1001 : Commit better result to database ...
PHY-1001 : End Stage 2.5.3.6 | Commit Data; Time: 0.042503s wall, 0.031250s user + 0.000000s system = 0.031250s CPU (73.5%); Memory(MB): used = 2805, reserved = 2787, peak = 2805;

PHY-1001 : End Stage 2.5.3 | Phase 3; Time: 4.681599s wall, 6.468750s user + 0.171875s system = 6.640625s CPU (141.8%); Memory(MB): used = 2805, reserved = 2787, peak = 2805;

PHY-1001 : Stage 2.5.4 | Phase 4
PHY-1001 : Stage 2.5.4.1 | Hold TimeOptimization
PHY-1001 : Iter 0; Processed 28 pins with HWNS 0.020ns HTNS 0.000ns FEP 0 took 0.632168 seconds.
PHY-1001 : len = 6.28661e+06, over cnt = 20(0%), over = 28, worst = 3, crit = 0
PHY-1001 : End Stage 2.5.4.1 | Hold TimeOptimization; Time: 0.726767s wall, 1.000000s user + 0.046875s system = 1.046875s CPU (144.0%); Memory(MB): used = 2805, reserved = 2787, peak = 2805;

PHY-1001 : Stage 2.5.4.2 | High Fanout Nets Optimization
PHY-1001 : High fanout net optimize summary:
PHY-1001 : Process 0 nets and 0 pins with SWNS -0.180ns STNS -0.180ns FEP 1.
PHY-1001 : len = 6.28661e+06, over cnt = 20(0%), over = 28, worst = 3, crit = 0
PHY-1001 : End Stage 2.5.4.2 | High Fanout Nets Optimization; Time: 0.283537s wall, 0.500000s user + 0.015625s system = 0.515625s CPU (181.9%); Memory(MB): used = 2805, reserved = 2787, peak = 2805;

PHY-1001 : Stage 2.5.4.3 | Setup TimeOptimization
PHY-1001 : Start to optimize setup violation with net base ...
PHY-1001 : Iter 1; Processed 5 pins with SWNS 0.114ns STNS 0.000ns FEP 0 took 0.501669 seconds.
PHY-1001 : Mark 597 critical net(s) and 1016 critical pin(s).
PHY-1001 : len = 6.2873e+06, over cnt = 25(0%), over = 33, worst = 3, crit = 0
PHY-1001 : End Stage 2.5.4.3 | Setup TimeOptimization; Time: 0.961011s wall, 1.453125s user + 0.015625s system = 1.468750s CPU (152.8%); Memory(MB): used = 2805, reserved = 2787, peak = 2805;

PHY-1001 : Stage 2.5.4.4 | Rip-up And ReRoute
PHY-1001 : Iter 1: len = 6.28306e+06, over cnt = 3(0%), over = 3, worst = 1, crit = 0, time(s) = 0.09
PHY-1001 : Iter 2: len = 6.28301e+06, over cnt = 1(0%), over = 1, worst = 1, crit = 0, time(s) = 0.04
PHY-1001 : Iter 3: len = 6.28278e+06, over cnt = 0(0%), over = 0, worst = 0, crit = 0, time(s) = 0.04
PHY-1001 : Update congestion ...
PHY-1001 : Marking 670 (17.45%) hot zones with cutoff utilization 80.95.
PHY-1001 : Congestion index:
PHY-1001 : top1  = 97.54(S 81.15, N 79.73, E 95.56, W 95.82, I 71.93, O 88.90)
PHY-1001 : top5  = 92.85(S 74.52, N 73.88, E 87.60, W 91.08, I 61.38, O 72.14)
PHY-1001 : top10 = 89.69(S 70.65, N 70.18, E 82.98, W 86.99, I 57.92, O 65.10)
PHY-1001 : top15 = 87.16(S 68.27, N 67.47, E 79.94, W 83.79, I 55.80, O 60.58)
PHY-1001 : End update congestion; 0.019518s wall, 0.015625s user + 0.000000s system = 0.015625s CPU (80.1%)

PHY-1001 : End Stage 2.5.4.4 | Rip-up And ReRoute; Time: 0.234657s wall, 1.875000s user + 0.000000s system = 1.875000s CPU (799.0%); Memory(MB): used = 2805, reserved = 2787, peak = 2805;

PHY-1001 : Stage 2.5.4.5 | Update Timing
PHY-1001 : 0/33516(0%) critical/total net(s).
PHY-1001 : Setup: WNS(ns) = 0.001, TNS(ns) = 0.000, FEP = 0 | Hold: WNS(ns) = -0.160, TNS(ns) = -1.859, FEP = 23.
PHY-1001 : End Stage 2.5.4.5 | Update Timing; Time: 0.491661s wall, 0.484375s user + 0.000000s system = 0.484375s CPU (98.5%); Memory(MB): used = 2805, reserved = 2787, peak = 2805;

PHY-1001 : Stage 2.5.4.6 | Commit Data
PHY-1001 : Commit better result to database ...
PHY-1001 : End Stage 2.5.4.6 | Commit Data; Time: 0.041184s wall, 0.031250s user + 0.000000s system = 0.031250s CPU (75.9%); Memory(MB): used = 2805, reserved = 2787, peak = 2805;

PHY-1001 : End Stage 2.5.4 | Phase 4; Time: 3.106830s wall, 5.968750s user + 0.234375s system = 6.203125s CPU (199.7%); Memory(MB): used = 2805, reserved = 2787, peak = 2805;

PHY-1001 : Stage 2.5.5 | Phase 5
PHY-1001 : Stage 2.5.5.1 | Hold TimeOptimization
PHY-1001 : Iter 0; Processed 27 pins with HWNS 0.020ns HTNS 0.000ns FEP 0 took 0.729637 seconds.
PHY-1001 : len = 6.28725e+06, over cnt = 20(0%), over = 27, worst = 3, crit = 0
PHY-1001 : End Stage 2.5.5.1 | Hold TimeOptimization; Time: 0.821308s wall, 0.812500s user + 0.046875s system = 0.859375s CPU (104.6%); Memory(MB): used = 2805, reserved = 2787, peak = 2805;

PHY-1001 : Stage 2.5.5.2 | High Fanout Nets Optimization
PHY-1001 : High fanout net optimize summary:
PHY-1001 : Process 0 nets and 0 pins with SWNS 0.001ns STNS 0.000ns FEP 0.
PHY-1001 : len = 6.28725e+06, over cnt = 20(0%), over = 27, worst = 3, crit = 0
PHY-1001 : End Stage 2.5.5.2 | High Fanout Nets Optimization; Time: 0.280509s wall, 0.562500s user + 0.062500s system = 0.625000s CPU (222.8%); Memory(MB): used = 2805, reserved = 2787, peak = 2805;

PHY-1001 : Stage 2.5.5.3 | Setup TimeOptimization
PHY-1001 : Start to optimize setup violation with net base ...
PHY-1001 : Iter 1; Processed 2 pins with SWNS 0.114ns STNS 0.000ns FEP 0 took 0.206162 seconds.
PHY-1001 : Mark 583 critical net(s) and 989 critical pin(s).
PHY-1001 : len = 6.28746e+06, over cnt = 23(0%), over = 30, worst = 3, crit = 0
PHY-1001 : End Stage 2.5.5.3 | Setup TimeOptimization; Time: 0.665270s wall, 0.656250s user + 0.015625s system = 0.671875s CPU (101.0%); Memory(MB): used = 2805, reserved = 2787, peak = 2805;

PHY-1001 : Stage 2.5.5.4 | Rip-up And ReRoute
PHY-0007 : Congestion: {100.00, 95.46, 92.85, 91.23}; Timing: {0.114ns, 0.000ns, 0}
PHY-1001 : Iter 1: len = 6.28243e+06, over cnt = 4(0%), over = 5, worst = 2, crit = 0, time(s) = 0.05
PHY-1001 : Iter 2: len = 6.28139e+06, over cnt = 0(0%), over = 0, worst = 0, crit = 0, time(s) = 0.05
PHY-1001 : Update congestion ...
PHY-1001 : Marking 768 (20.00%) hot zones with cutoff utilization 82.35.
PHY-1001 : Congestion index:
PHY-1001 : top1  = 97.54(S 81.15, N 79.87, E 95.56, W 95.82, I 71.93, O 88.90)
PHY-1001 : top5  = 92.85(S 74.55, N 73.87, E 87.63, W 91.08, I 61.38, O 72.14)
PHY-1001 : top10 = 89.71(S 70.64, N 70.16, E 82.98, W 87.01, I 57.92, O 65.10)
PHY-1001 : top15 = 87.17(S 68.25, N 67.45, E 79.94, W 83.81, I 55.80, O 60.58)
PHY-1001 : End update congestion; 0.019655s wall, 0.015625s user + 0.000000s system = 0.015625s CPU (79.5%)

PHY-1001 : End Stage 2.5.5.4 | Rip-up And ReRoute; Time: 0.199340s wall, 1.562500s user + 0.015625s system = 1.578125s CPU (791.7%); Memory(MB): used = 2805, reserved = 2787, peak = 2805;

PHY-1001 : Stage 2.5.5.5 | Update Timing
PHY-1001 : 0/33516(0%) critical/total net(s).
PHY-1001 : Setup: WNS(ns) = 0.114, TNS(ns) = 0.000, FEP = 0 | Hold: WNS(ns) = -0.160, TNS(ns) = -1.941, FEP = 22.
PHY-1001 : End Stage 2.5.5.5 | Update Timing; Time: 0.518050s wall, 0.531250s user + 0.000000s system = 0.531250s CPU (102.5%); Memory(MB): used = 2805, reserved = 2787, peak = 2805;

PHY-1001 : Stage 2.5.5.6 | Commit Data
PHY-1001 : Commit better result to database ...
PHY-1001 : End Stage 2.5.5.6 | Commit Data; Time: 0.040813s wall, 0.046875s user + 0.000000s system = 0.046875s CPU (114.9%); Memory(MB): used = 2805, reserved = 2787, peak = 2805;

PHY-1001 : End Stage 2.5.5 | Phase 5; Time: 2.872699s wall, 4.500000s user + 0.156250s system = 4.656250s CPU (162.1%); Memory(MB): used = 2805, reserved = 2787, peak = 2805;

PHY-1001 : End Stage 2.5 | Routing Optimization; Time: 95.056425s wall, 194.406250s user + 2.234375s system = 196.640625s CPU (206.9%); Memory(MB): used = 2805, reserved = 2787, peak = 2805;

PHY-1001 : Stage 2.6 | Multi-try route Optimization
PHY-1001 : End Stage 2.6 | Multi-try route Optimization; Time: 0.067682s wall, 0.046875s user + 0.000000s system = 0.046875s CPU (69.3%); Memory(MB): used = 2805, reserved = 2787, peak = 2805;

PHY-1003 : Routed, final wirelength = 6.28139e+06
RUN-1001 : Clock region assignment statistics:
RUN-1001 : Clock Region s_0_l [0,0][23,39]; Utilization: 7 out of 12
RUN-1001 : -----------------------------------------------------------------------------------------------------------------------------------------------------------------------------------------------------------------------------------------------------------------------------------------------------------------------------------------------------------------------------------------------------------------------------------------------------
RUN-1001 :   Bank  |                                                   Assigned Clock                                                   |                                                    Route Clock                                                     |  Marking  |                                                                          Buffer                                                                           |  Regional Clock Fanouts  
RUN-1001 : -----------------------------------------------------------------------------------------------------------------------------------------------------------------------------------------------------------------------------------------------------------------------------------------------------------------------------------------------------------------------------------------------------------------------------------------------------
RUN-1001 :    1    |      u_isp_top/u_demosaic/raw_matrix_3x3_buffer_d/zhenghe_d/blk_mem_gen_zhenghe_d1/ram_d32970204f32_Inst/clkb      |      u_isp_top/u_demosaic/raw_matrix_3x3_buffer_d/zhenghe_d/blk_mem_gen_zhenghe_d1/ram_d32970204f32_Inst/clkb      |           |                           u_mipi_dphy_rx_ph1p_mipiio_wrapper/u_ph1p_mipiio_rx_wrapper/bufg_feedback_auto_created_sclk_s_0_l_bk1                           |           1097           
RUN-1001 :    2    |                 u_ph1p35_324_ddr_wrapper/u_ddr2/ph1p_ddrmc_wrapper/ph1p_ddrmc_top/u_alc_mc_top/clk                 |                 u_ph1p35_324_ddr_wrapper/u_ddr2/ph1p_ddrmc_wrapper/ph1p_ddrmc_top/u_alc_mc_top/clk                 |           |   u_ph1p35_324_ddr_wrapper/u_ddr2/ph1p_ddrmc_wrapper/ph1p_ddrmc_top/u_ddr_phy/u_ddrphy_top/u_ddrphy_clk/u_pll1/u_bufg_fbclk_auto_created_sclk_s_0_l_bk2   |           909            
RUN-1001 :    3    |                                             u_hdmi_mixer/I_clk_syn_651                                             |                                             u_hdmi_mixer/I_clk_syn_651                                             |           |                                              u_hdmi_mixer/I_clk_created_gclkinst_auto_created_sclk_s_0_l_bk3                                              |           217            
RUN-1001 :    4    |                                                  I_sys_clk_syn_8                                                   |                                                  I_sys_clk_syn_8                                                   |           |                                               I_sys_clk_dup_6_created_gclkinst_auto_created_sclk_s_0_l_bk4                                                |            72            
RUN-1001 :    5    |                                                  O_cam_24m_syn_3                                                   |                                                  O_cam_24m_syn_3                                                   |           |                                               O_cam_24m_dup_1_created_gclkinst_auto_created_sclk_s_0_l_bk5                                                |            40            
RUN-1001 :    6    |                                       u_uicfgcs500/uii2c_inst/scl_clk_syn_9                                        |                                       u_uicfgcs500/uii2c_inst/scl_clk_syn_9                                        |           |                                       u_uicfgcs500/uii2c_inst/scl_clk_created_gclkinst_auto_created_sclk_s_0_l_bk6                                        |            16            
RUN-1001 :    7    |  u_ph1p35_324_ddr_wrapper/u_ddr2/ph1p_ddrmc_wrapper/ph1p_ddrmc_top/u_ddr_phy/u_ddrphy_top/u_ddrphy/apb_pclk_syn_1  |  u_ph1p35_324_ddr_wrapper/u_ddr2/ph1p_ddrmc_wrapper/ph1p_ddrmc_top/u_ddr_phy/u_ddrphy_top/u_ddrphy/apb_pclk_syn_1  |           |  u_ph1p35_324_ddr_wrapper/u_ddr2/ph1p_ddrmc_wrapper/ph1p_ddrmc_top/u_ddr_phy/u_ddrphy_top/u_ddrphy/apb_pclk_created_gclkinst_auto_created_sclk_s_0_l_bk7  |            3             
RUN-1001 : -----------------------------------------------------------------------------------------------------------------------------------------------------------------------------------------------------------------------------------------------------------------------------------------------------------------------------------------------------------------------------------------------------------------------------------------------------
RUN-1001 : Clock Region s_0_r [24,0][47,39]; Utilization: 4 out of 12
RUN-1001 : -----------------------------------------------------------------------------------------------------------------------------------------------------------------------------------------------------------------------------------------------------------------------------------------------------------------------------------------------------------------------------------
RUN-1001 :   Bank  |                                               Assigned Clock                                               |                                                Route Clock                                                 |  Marking  |                                                 Buffer                                                  |  Regional Clock Fanouts  
RUN-1001 : -----------------------------------------------------------------------------------------------------------------------------------------------------------------------------------------------------------------------------------------------------------------------------------------------------------------------------------------------------------------------------------
RUN-1001 :    1    |  u_isp_top/u_demosaic/raw_matrix_3x3_buffer_d/zhenghe_d/blk_mem_gen_zhenghe_d1/ram_d32970204f32_Inst/clkb  |  u_isp_top/u_demosaic/raw_matrix_3x3_buffer_d/zhenghe_d/blk_mem_gen_zhenghe_d1/ram_d32970204f32_Inst/clkb  |           |  u_mipi_dphy_rx_ph1p_mipiio_wrapper/u_ph1p_mipiio_rx_wrapper/bufg_feedback_auto_created_sclk_s_0_r_bk1  |           2489           
RUN-1001 :    2    |                                         u_hdmi_mixer/I_clk_syn_651                                         |                                         u_hdmi_mixer/I_clk_syn_651                                         |           |                     u_hdmi_mixer/I_clk_created_gclkinst_auto_created_sclk_s_0_r_bk2                     |            15            
RUN-1001 :    3    |                                              O_cam_24m_syn_3                                               |                                              O_cam_24m_syn_3                                               |           |                      O_cam_24m_dup_1_created_gclkinst_auto_created_sclk_s_0_r_bk3                       |            14            
RUN-1001 :    4    |            u_mipi_dphy_rx_ph1p_mipiio_wrapper/u_ph1p_mipiio_rx_wrapper/u_lane0_hs_detect/I_clk             |            u_mipi_dphy_rx_ph1p_mipiio_wrapper/u_ph1p_mipiio_rx_wrapper/u_lane0_hs_detect/I_clk             |           |                             u_PLL/bufg_feedback_auto_created_sclk_s_0_r_bk4                             |            7             
RUN-1001 : -----------------------------------------------------------------------------------------------------------------------------------------------------------------------------------------------------------------------------------------------------------------------------------------------------------------------------------------------------------------------------------
RUN-1001 : Clock Region s_1_l [0,40][23,79]; Utilization: 4 out of 12
RUN-1001 : -----------------------------------------------------------------------------------------------------------------------------------------------------------------------------------------------------------------------------------------------------------------------------------------------------------------------------------------------------------------------------------------------------------------------------------------------------
RUN-1001 :   Bank  |                                                   Assigned Clock                                                   |                                                    Route Clock                                                     |  Marking  |                                                                          Buffer                                                                           |  Regional Clock Fanouts  
RUN-1001 : -----------------------------------------------------------------------------------------------------------------------------------------------------------------------------------------------------------------------------------------------------------------------------------------------------------------------------------------------------------------------------------------------------------------------------------------------------
RUN-1001 :    1    |                 u_ph1p35_324_ddr_wrapper/u_ddr2/ph1p_ddrmc_wrapper/ph1p_ddrmc_top/u_alc_mc_top/clk                 |                 u_ph1p35_324_ddr_wrapper/u_ddr2/ph1p_ddrmc_wrapper/ph1p_ddrmc_top/u_alc_mc_top/clk                 |           |   u_ph1p35_324_ddr_wrapper/u_ddr2/ph1p_ddrmc_wrapper/ph1p_ddrmc_top/u_ddr_phy/u_ddrphy_top/u_ddrphy_clk/u_pll1/u_bufg_fbclk_auto_created_sclk_s_1_l_bk1   |           1160           
RUN-1001 :    2    |      u_isp_top/u_demosaic/raw_matrix_3x3_buffer_d/zhenghe_d/blk_mem_gen_zhenghe_d1/ram_d32970204f32_Inst/clkb      |      u_isp_top/u_demosaic/raw_matrix_3x3_buffer_d/zhenghe_d/blk_mem_gen_zhenghe_d1/ram_d32970204f32_Inst/clkb      |           |                           u_mipi_dphy_rx_ph1p_mipiio_wrapper/u_ph1p_mipiio_rx_wrapper/bufg_feedback_auto_created_sclk_s_1_l_bk2                           |           2193           
RUN-1001 :    3    |  u_ph1p35_324_ddr_wrapper/u_ddr2/ph1p_ddrmc_wrapper/ph1p_ddrmc_top/u_ddr_phy/u_ddrphy_top/u_ddrphy/apb_pclk_syn_1  |  u_ph1p35_324_ddr_wrapper/u_ddr2/ph1p_ddrmc_wrapper/ph1p_ddrmc_top/u_ddr_phy/u_ddrphy_top/u_ddrphy/apb_pclk_syn_1  |           |  u_ph1p35_324_ddr_wrapper/u_ddr2/ph1p_ddrmc_wrapper/ph1p_ddrmc_top/u_ddr_phy/u_ddrphy_top/u_ddrphy/apb_pclk_created_gclkinst_auto_created_sclk_s_1_l_bk3  |            26            
RUN-1001 :    4    |                                             u_hdmi_mixer/I_clk_syn_651                                             |                                             u_hdmi_mixer/I_clk_syn_651                                             |           |                                              u_hdmi_mixer/I_clk_created_gclkinst_auto_created_sclk_s_1_l_bk4                                              |            1             
RUN-1001 : -----------------------------------------------------------------------------------------------------------------------------------------------------------------------------------------------------------------------------------------------------------------------------------------------------------------------------------------------------------------------------------------------------------------------------------------------------
RUN-1001 : Clock Region s_1_r [24,40][43,79]; Utilization: 4 out of 12
RUN-1001 : -------------------------------------------------------------------------------------------------------------------------------------------------------------------------------------------------------------------------------------------------------------------------------------------------------------------------------------------------------------------------------------
RUN-1001 :   Bank  |                                               Assigned Clock                                               |                                                Route Clock                                                 |  Marking  |                                                  Buffer                                                   |  Regional Clock Fanouts  
RUN-1001 : -------------------------------------------------------------------------------------------------------------------------------------------------------------------------------------------------------------------------------------------------------------------------------------------------------------------------------------------------------------------------------------
RUN-1001 :    1    |            u_mipi_dphy_rx_ph1p_mipiio_wrapper/u_ph1p_mipiio_rx_wrapper/u_lane0_hs_detect/I_clk             |            u_mipi_dphy_rx_ph1p_mipiio_wrapper/u_ph1p_mipiio_rx_wrapper/u_lane0_hs_detect/I_clk             |           |                              u_PLL/bufg_feedback_auto_created_sclk_s_1_r_bk1                              |            1             
RUN-1001 :    2    |  u_isp_top/u_demosaic/raw_matrix_3x3_buffer_d/zhenghe_d/blk_mem_gen_zhenghe_d1/ram_d32970204f32_Inst/clkb  |  u_isp_top/u_demosaic/raw_matrix_3x3_buffer_d/zhenghe_d/blk_mem_gen_zhenghe_d1/ram_d32970204f32_Inst/clkb  |           |   u_mipi_dphy_rx_ph1p_mipiio_wrapper/u_ph1p_mipiio_rx_wrapper/bufg_feedback_auto_created_sclk_s_1_r_bk2   |           2122           
RUN-1001 :    3    |                                         u_hdmi_mixer/I_clk_syn_651                                         |                                         u_hdmi_mixer/I_clk_syn_651                                         |           |                      u_hdmi_mixer/I_clk_created_gclkinst_auto_created_sclk_s_1_r_bk3                      |           657            
RUN-1001 :    4    |                      u_hdmi_tx/u_hdmi2phy_wrapper/u0_lane_lvds_8_1/I_serial_clk_syn_1                      |                      u_hdmi_tx/u_hdmi2phy_wrapper/u0_lane_lvds_8_1/I_serial_clk_syn_1                      |           |  u_hdmi_tx/u_hdmi2phy_wrapper/u0_lane_lvds_8_1/I_serial_clk_created_gclkinst_auto_created_sclk_s_1_r_bk4  |            36            
RUN-1001 : -------------------------------------------------------------------------------------------------------------------------------------------------------------------------------------------------------------------------------------------------------------------------------------------------------------------------------------------------------------------------------------
PHY-1001 : Current memory(MB): used = 2805, reserved = 2787, peak = 2805.
PHY-1001 : End export database. 0.063755s wall, 0.062500s user + 0.000000s system = 0.062500s CPU (98.0%)

PHY-1001 : End detail routing;  123.439809s wall, 252.609375s user + 2.828125s system = 255.437500s CPU (206.9%)

PHY-1001 : End Stage 2 | Detail Routing; Time: 123.440164s wall, 252.609375s user + 2.828125s system = 255.437500s CPU (206.9%); Memory(MB): used = 2805, reserved = 2787, peak = 2805;

RUN-1002 : start command "fix_hold"

PHY-1001 : Stage 3 | Hold Fix
PHY-1001 : Stage 3.1 | Load Design Data
PHY-1034 : Refresh detailed routing grids ...
PHY-1001 : Generate nets ...
PHY-1001 : eco open net = 0
PHY-1001 : End Stage 3.1 | Load Design Data; Time: 0.399586s wall, 0.390625s user + 0.000000s system = 0.390625s CPU (97.8%); Memory(MB): used = 2805, reserved = 2787, peak = 2805;

PHY-1001 : Stage 3.2 | Hold Fix Optimization
RUN-1002 : start command "start_timer"
RUN-1003 : finish command "start_timer" in  1.861818s wall, 1.765625s user + 0.062500s system = 1.828125s CPU (98.2%)

RUN-1004 : used memory is 2805 MB, reserved memory is 2787 MB, peak memory is 2805 MB
PHY-1001 : Timing info: SWNS 0.114ns | STNS 0.000ns | HWNS -0.160ns | HTNS -1.941ns.
PHY-1001 : Processing hold violation on 25 end-point, worst slack = -160ps, best slack = 8ps.
PHY-1001 : End timing refresh.  5.446079s wall, 5.218750s user + 0.125000s system = 5.343750s CPU (98.1%)

PHY-1001 : Stage 3.2.1 | Phase 1
PHY-1001 : Stage 3.2.1.1 | Hold Fix By LutBridge
PHY-1001 : len = 6.28216e+06, over cnt = 0(0%), over = 0, worst = 0, crit = 0
PHY-1001 : Bridge count = 19; unresolved count = 0.
PHY-1001 : 0 out of 25 ((0.00)%) EP fixed by LB.
PHY-1001 : End Stage 3.2.1.1 | Hold Fix By LutBridge; Time: 0.270383s wall, 0.406250s user + 0.000000s system = 0.406250s CPU (150.3%); Memory(MB): used = 2805, reserved = 2787, peak = 2805;

PHY-1001 : Timing info: SWNS 0.114ns | STNS 0.000ns | HWNS -0.160ns | HTNS -1.830ns.
PHY-1001 : Processing hold violation on 19 end-point, worst slack = -160ps, best slack = 0ps.
PHY-1001 : End timing refresh.  0.099737s wall, 0.093750s user + 0.000000s system = 0.093750s CPU (94.0%)

PHY-1001 : Stage 3.2.1.2 | Hold Fix By Pin
PHY-1001 : len = 6.28501e+06, over cnt = 0(0%), over = 0, worst = 0, crit = 0
PHY-1001 : 15 out of 19 ((78.95)%) EP fixed by pin delay.
PHY-1001 : End Stage 3.2.1.2 | Hold Fix By Pin; Time: 0.994281s wall, 0.921875s user + 0.046875s system = 0.968750s CPU (97.4%); Memory(MB): used = 2805, reserved = 2787, peak = 2805;

PHY-1001 : Timing info: SWNS 0.114ns | STNS 0.000ns | HWNS -0.063ns | HTNS -0.104ns.
PHY-1001 : Processing hold violation on 4 end-point, worst slack = -63ps, best slack = 0ps.
PHY-1001 : End timing refresh.  0.098111s wall, 0.078125s user + 0.000000s system = 0.078125s CPU (79.6%)

PHY-1001 : Stage 3.2.1.3 | Hold Fix By Net
PHY-1001 : len = 6.28685e+06, over cnt = 0(0%), over = 0, worst = 0, crit = 0
PHY-1001 : 4 out of 4 ((100.00)%) EP fixed by net delay.
PHY-1001 : End Stage 3.2.1.3 | Hold Fix By Net; Time: 0.247470s wall, 0.609375s user + 0.015625s system = 0.625000s CPU (252.6%); Memory(MB): used = 2805, reserved = 2787, peak = 2805;

PHY-1001 : Timing info: SWNS 0.114ns | STNS 0.000ns | HWNS 0.020ns | HTNS 0.000ns.
PHY-1001 : End timing refresh.  0.100967s wall, 0.093750s user + 0.000000s system = 0.093750s CPU (92.9%)

PHY-1001 : End Stage 3.2.1 | Phase 1; Time: 1.847400s wall, 2.234375s user + 0.062500s system = 2.296875s CPU (124.3%); Memory(MB): used = 2805, reserved = 2787, peak = 2805;

PHY-1001 : End Stage 3.2 | Hold Fix Optimization; Time: 7.295590s wall, 7.453125s user + 0.187500s system = 7.640625s CPU (104.7%); Memory(MB): used = 2805, reserved = 2787, peak = 2805;

PHY-1001 : End Stage 3 | Hold Fix; Time: 7.854928s wall, 8.031250s user + 0.187500s system = 8.218750s CPU (104.6%); Memory(MB): used = 2805, reserved = 2787, peak = 2805;

RUN-1003 : finish command "fix_hold" in  7.870979s wall, 8.046875s user + 0.187500s system = 8.234375s CPU (104.6%)

RUN-1004 : used memory is 2805 MB, reserved memory is 2787 MB, peak memory is 2805 MB
PHY-1001 : Stage 4 | Report Route Qor
RUN-1002 : start command "report_qor -step route -file route.qor"
RUN-1002 : start command "start_timer"
RUN-1003 : finish command "start_timer" in  1.866755s wall, 1.765625s user + 0.046875s system = 1.812500s CPU (97.1%)

RUN-1004 : used memory is 2805 MB, reserved memory is 2787 MB, peak memory is 2805 MB
-----------------------------------------------------------
| QoR metrics               |         value               |
-----------------------------------------------------------
| Timing                    |                             |
|     Setup WNS             |          114                |
|     Setup TNS             |            0                |
|     Num of violated S-EP  |            0                |
|     Hold WNS              |           20                |
|     Hold TNS              |            0                |
|     Num of violated H-EP  |            0                |
-----------------------------------------------------------
| Routing Resource          |                             |
|     Wire length           |      6286848                |
-----------------------------------------------------------
| Utilization               |                             |
|     #slices               |        18516                |
|     slices percentage     |       87.27%                |
|     #RAMs                 |          108                |
|     #DSPs                 |           19                |
|     #DRAMHARDCON          |           53                |
-----------------------------------------------------------
Report route stage QoR done.

RUN-1003 : finish command "report_qor -step route -file route.qor" in  5.446162s wall, 5.187500s user + 0.109375s system = 5.296875s CPU (97.3%)

RUN-1004 : used memory is 2805 MB, reserved memory is 2787 MB, peak memory is 2805 MB
RUN-1002 : start command "update_timing -mode final"
RUN-1002 : start command "start_timer"
RUN-1003 : finish command "start_timer" in  1.870570s wall, 1.734375s user + 0.062500s system = 1.796875s CPU (96.1%)

RUN-1004 : used memory is 2805 MB, reserved memory is 2787 MB, peak memory is 2805 MB
RUN-1003 : finish command "update_timing -mode final" in  5.327848s wall, 5.015625s user + 0.140625s system = 5.156250s CPU (96.8%)

RUN-1004 : used memory is 2805 MB, reserved memory is 2787 MB, peak memory is 2805 MB
RUN-1002 : start command "report_timing_summary -file final_timing.rpt"
OPT-1001 : QoR tracer report on route step:
    SWNS [   incr ]     STNS [    incr ]  S-FEPS [   incr ]    HWNS [   incr ]      HTNS [     incr ]    H-FEPS [     incr ]    CELL [   incr ]       WL [    incr ]   RT(s) [   incr ]   MEM(mb) [     incr ]
    -294 [      0 ]    -3000 [       0 ]      21 [      0 ]    -228 [      0 ]    -15730 [        0 ]       310 [        0 ]   19763 [      0 ]  5105008 [       0 ]      35 [      0 ]      2763 [        0 ] : dr_initialization
     125 [    419 ]        0 [    3000 ]       0 [    -21 ]     -65 [    163 ]      -129 [    15601 ]         3 [     -307 ]   19763 [      0 ]  5162880 [   57872 ]      43 [      8 ]      2763 [        0 ] : dr_timing_opt_phase1
   -5376 [  -5501 ]  -218038 [ -218038 ]     411 [    411 ]    -160 [    -95 ]     -3984 [    -3855 ]        80 [       77 ]   19763 [      0 ]  6184736 [ 1021856 ]     105 [     62 ]      2803 [       40 ] : dr_opt_phase1
     114 [   5490 ]        0 [  218038 ]       0 [   -411 ]      -8 [    152 ]        -8 [     3976 ]         1 [      -79 ]   19763 [      0 ]  6264112 [   79376 ]     113 [      8 ]      2803 [        0 ] : dr_timing_opt_phase2
    -507 [   -621 ]    -3943 [   -3943 ]      20 [     20 ]    -160 [   -152 ]     -2290 [    -2282 ]        38 [       37 ]   19763 [      0 ]  6275024 [   10912 ]     120 [      7 ]      2805 [        2 ] : dr_opt_phase2
     114 [    621 ]        0 [    3943 ]       0 [    -20 ]      20 [    180 ]         0 [     2290 ]         0 [      -38 ]   19763 [      0 ]  6285152 [   10128 ]     123 [      3 ]      2805 [        0 ] : dr_timing_opt_phase3
    -180 [   -294 ]     -180 [    -180 ]       1 [      1 ]    -160 [   -180 ]     -1915 [    -1915 ]        23 [       23 ]   19763 [      0 ]  6281120 [   -4032 ]     124 [      1 ]      2805 [        0 ] : dr_opt_phase3
     114 [    294 ]        0 [     180 ]       0 [     -1 ]      20 [    180 ]         0 [     1915 ]         0 [      -23 ]   19763 [      0 ]  6287296 [    6176 ]     126 [      2 ]      2805 [        0 ] : dr_timing_opt_phase4
       1 [   -113 ]        0 [       0 ]       0 [      0 ]    -160 [   -180 ]     -1859 [    -1859 ]        23 [       23 ]   19763 [      0 ]  6282784 [   -4512 ]     127 [      1 ]      2805 [        0 ] : dr_opt_phase4
     114 [    113 ]        0 [       0 ]       0 [      0 ]      20 [    180 ]         0 [     1859 ]         0 [      -23 ]   19763 [      0 ]  6287456 [    4672 ]     129 [      2 ]      2805 [        0 ] : dr_timing_opt_phase5
     114 [      0 ]        0 [       0 ]       0 [      0 ]    -160 [   -180 ]     -1941 [    -1941 ]        22 [       22 ]   19763 [      0 ]  6281392 [   -6064 ]     130 [      1 ]      2805 [        0 ] : dr_opt_phase5
     114 [      0 ]        0 [       0 ]       0 [      0 ]    -160 [      0 ]     -1941 [        0 ]        22 [        0 ]   19763 [      0 ]  6281392 [       0 ]     130 [      0 ]      2805 [        0 ] : multi_try_opt
     114 [      0 ]        0 [       0 ]       0 [      0 ]      20 [    180 ]         0 [     1941 ]         0 [      -22 ]   19763 [      0 ]  6286848 [    5456 ]     139 [      9 ]      2805 [        0 ] : fix_hold_opt

PHY-1001 : End Stage 4 | Report Route Qor; Time: 10.878070s wall, 10.281250s user + 0.265625s system = 10.546875s CPU (97.0%); Memory(MB): used = 2805, reserved = 2787, peak = 2805;

PHY-1001 : Stage 5 | Routing DRC
PHY-1001 : Stage 5.1 | Check And Add Lut-bridge
PHY-1001 : End Stage 5.1 | Check And Add Lut-bridge; Time: 0.083256s wall, 0.093750s user + 0.000000s system = 0.093750s CPU (112.6%); Memory(MB): used = 2805, reserved = 2787, peak = 2805;

PHY-1001 : Stage 5.2 | Lut Bridge Check
PHY-1001 : End Stage 5.2 | Lut Bridge Check; Time: 0.202852s wall, 0.187500s user + 0.000000s system = 0.187500s CPU (92.4%); Memory(MB): used = 2805, reserved = 2787, peak = 2805;

PHY-1001 : Stage 5.3 | Physical Net Status Check
PHY-1001 : End Stage 5.3 | Physical Net Status Check; Time: 0.049845s wall, 0.046875s user + 0.000000s system = 0.046875s CPU (94.0%); Memory(MB): used = 2805, reserved = 2787, peak = 2805;

PHY-1001 : Start multi-drive drc check......
PHY-1001 : No multi-drive.
PHY-1001 : Stage 5.4 | Clock Net Status Check
PHY-1001 : 2 clock net(s) utilize local routing resource.
PHY-5079 CRITICAL-WARNING: Marked 1 clock net(s) utilize the local routing resources. Please check log message and the sinks of clock nets.
RUN-1001 : CTS Local Wire Summary
RUN-1001 : ------------------------------------------------------------------------------------------------------------------------------------------------------------
RUN-1001 :    ClockName    |   DriverType    |  Clock/Fanout  |  LocalWireNum  |                                  NetName                                   |  Marked  
RUN-1001 : ------------------------------------------------------------------------------------------------------------------------------------------------------------
RUN-1001 :        -        |  AL_PHY_LSLICE  |      1/3       |       13       |                      u_uicfgcs500/uii2c_inst/scl_clk                       |    -     
RUN-1001 :   pll_clk_24m   |   AL_PHY_SCLK   |     39/40      |       3        |  O_cam_24m_dup_1_created_gclkinst_auto_created_sclk_s_0_l_bk5_sclk_outnet  |   true   
RUN-1001 : ------------------------------------------------------------------------------------------------------------------------------------------------------------
PHY-5088 WARNING: Clock_Analyzer: Detected 1 buffer(s) clkin net because they drive non-clock sinks. Run "analyze_clock -detail" for more infomation.
PHY-5088 WARNING: Clock_Analyzer: Detected 1 buffer(s) clkout net because they drive non-clock sinks. Run "analyze_clock -detail" for more infomation.
PHY-5088 WARNING: Clock_Analyzer: 2 clock-net(s) because they drive other clock net, may cause clock skew. Run "analyze_clock -detail" for more infomation.
PHY-1001 : End Stage 5.4 | Clock Net Status Check; Time: 0.067828s wall, 0.062500s user + 0.000000s system = 0.062500s CPU (92.1%); Memory(MB): used = 2805, reserved = 2787, peak = 2805;

PHY-1001 : Stage 5.5 | Abnormal Timing Path check
PHY-1001 : No abnormal timing path.
PHY-1001 : End Stage 5.5 | Abnormal Timing Path check; Time: 0.210114s wall, 0.203125s user + 0.000000s system = 0.203125s CPU (96.7%); Memory(MB): used = 2805, reserved = 2787, peak = 2805;

PHY-1001 : Stage 5.6 | Bound Check
PHY-1001 : Check Pass.
PHY-1001 : End Stage 5.6 | Bound Check; Time: 0.004253s wall, 0.000000s user + 0.000000s system = 0.000000s CPU (n/a%); Memory(MB): used = 2805, reserved = 2787, peak = 2805;

PHY-1001 : End Stage 5 | Routing DRC; Time: 0.671013s wall, 0.640625s user + 0.000000s system = 0.640625s CPU (95.5%); Memory(MB): used = 2805, reserved = 2787, peak = 2805;

RUN-1003 : finish command "route" in  150.593050s wall, 280.140625s user + 3.343750s system = 283.484375s CPU (188.2%)

RUN-1004 : used memory is 2805 MB, reserved memory is 2787 MB, peak memory is 2805 MB
RUN-1002 : start command "report_area -io_info -file camera_to_dsi_display_phy.area"
SYN-4034 : The count of slices with lut is 11985.
SYN-4035 : The count of slices with lut+ripple is 3491.
RUN-1001 : standard
***Report Model: design_top_wrapper Device: PH1P35MDG324***

Design Statistics
#IO                        58   out of    160   36.25%
  #input                    2
  #output                  31
  #inout                   25
#lut6                   16012   out of  21216   75.47%
#reg                    19210
  #slice reg            19210   out of  42432   45.27%
  #pad reg                  0

Utilization Statistics
#slice                  18516   out of  21216   87.27%
  #used ram               536
    #dram lut             424
    #shifter lut          112
  #used logic           17980
    #with luts          11985
    #with adder          3491
    #reg only            2504
#feedthrough             3556
#f7mux                    812   out of  10608    7.65%
#f8mux                    350   out of   5304    6.60%
#eram                     108   out of    108  100.00%
  #eram20k                108
  #fifo20k                  0
#dsp                       19   out of     40   47.50%
#ddr_byte                   6   out of     12   50.00%
#mipi_tx                    0   out of      2    0.00%
#mipi_rx                    1   out of      2   50.00%
#pad                       17   out of    160   10.62%
#pll                        3   out of      6   50.00%
#gclk                       9   out of     32   28.12%
#lclk                       0   out of     12    0.00%
#sclk                      19   out of     48   39.58%
#mlclk                      2   out of      6   33.33%
#ioclk                      4   out of     18   22.22%


DataNet Average Fanout:

   Index     Fanout     Nets   
    #1          1       30438  
    #2          2       10393  
    #3          3       1577   
    #4          4        914   
    #5        5-10      2346   
    #6        11-50      660   
    #7       51-100      100   
    #8       101-500     49    
    #9        >500        6    
  Average     2.35             

RUN-1002 : start command "update_timing -mode final"
RUN-1002 : start command "start_timer"
RUN-1003 : finish command "start_timer" in  1.849175s wall, 1.812500s user + 0.000000s system = 1.812500s CPU (98.0%)

RUN-1004 : used memory is 2805 MB, reserved memory is 2787 MB, peak memory is 2805 MB
RUN-1003 : finish command "update_timing -mode final" in  5.301320s wall, 5.078125s user + 0.078125s system = 5.156250s CPU (97.3%)

RUN-1004 : used memory is 2805 MB, reserved memory is 2787 MB, peak memory is 2805 MB
RUN-1002 : start command "report_timing_status -file camera_to_dsi_display_phy.ts"
RUN-1002 : start command "report_timing_summary -file camera_to_dsi_display_pr.timing"
RUN-1002 : start command "report_timing_exception -file camera_to_dsi_display_exception.timing"
RUN-1002 : start command "flow_status -file route_flow.status"
Location         : D:\anlu\rtl\td_project
Running with     : Tang Dynasty v6.2.168116
                   Copyright (c) 2012-2025 Anlogic Inc.
Top Model        : design_top_wrapper
Device           : PH1P35MDG324
Speed            : 3

Timing Mode      : final
Setup            : WNS   114ps  TNS        0ps  NUM_FEPS     0
Hold             : WNS    20ps  TNS        0ps  NUM_FEPS     0

Flow Statistics  :
RUN-1001 : Flow Statistics:
RUN-1001 : ---------------------------------------------------------------------------------------------------
RUN-1001 :      command     |  #calls  |  wall time   |  cpu time(s)  |  used memory(mb)  |  peak memory(mb)  
RUN-1001 : ---------------------------------------------------------------------------------------------------
RUN-1001 :       route      |    1     |  2m23s(27%)  |   275(39%)    |       2805        |       2805        
RUN-1001 :   optimize_rtl   |    1     |  2m15s(26%)  |   133(19%)    |       1393        |       1609        
RUN-1001 :       place      |    1     |  2m14s(25%)  |   183(26%)    |       2098        |       2099        
RUN-1001 :   optimize_gate  |    1     |  1m39s(19%)  |    98(14%)    |       1637        |       1637        
RUN-1001 :     fix_hold     |    1     |    7s(1%)    |     8(1%)     |       2805        |       2805        
RUN-1001 :   import_device  |    1     |    1s(0%)    |     1(0%)     |        324        |        324        
RUN-1001 :     read_adc     |    1     |    0s(0%)    |     0(0%)     |       1112        |       1113        
RUN-1001 :     read_sdc     |    3     |    0s(0%)    |     0(0%)     |       1107        |       1113        
RUN-1001 : ---------------------------------------------------------------------------------------------------
RUN-1001 :       total      |    10    |    8m39s     |      698      |       2805        |       2805        
RUN-1001 : ---------------------------------------------------------------------------------------------------
RUN-1002 : start command "report_clock_utilization -file route_clock_utilization.txt"
RUN-1002 : start command "export_db camera_to_dsi_display_pr.db"
RUN-1001 : Exported flow parameters
RUN-1001 : Exported /
RUN-1001 : Exported libs
RUN-1001 : Exported entities
RUN-1001 : Exported ports
RUN-1001 : Exported pins
RUN-1001 : Exported instances
RUN-1001 : Exported nets
RUN-1001 : Exported buses
RUN-1001 : Exported models
RUN-1001 : Exported phy database
RUN-1001 : Exported packer
RUN-1001 : Exported congestions
RUN-1001 : Exported violations
RUN-1001 : Exported ATMR Setting
RUN-1001 : Exported timing constraints
RUN-1001 : Exported IO constraints
RUN-1001 : Exported Inst constraints
RUN-1001 : Exported ChipWatcher
RUN-1003 : finish command "export_db camera_to_dsi_display_pr.db" in  1.446935s wall, 1.734375s user + 0.062500s system = 1.796875s CPU (124.2%)

RUN-1004 : used memory is 2818 MB, reserved memory is 2868 MB, peak memory is 2818 MB

