============================================================
   Tang Dynasty, V6.2.168116
   Copyright (c) 2012-2025 Anlogic Inc.
   Executable = D:/Anlogic/TD_6.2.1_Engineer_6.2.168.116/bin/td_commands_prompt.exe
   Built at =   16:32:07 Jun 12 2025
   Run by =     »ÆÂúöÎ
   Run Date =   Wed Sep  2 10:20:52 2026

   Run on =     LAPTOP-JS31KT7K
============================================================
couldn't read file "-h": no such file or directory
RUN-1002 : start command "help"
USR-1002 : set_ip_property -help name value target
USR-1002 : all_clocks -help -o -verbose
USR-1002 : all_inputs -help -o -verbose
USR-1002 : all_outputs -help -o -verbose
USR-1002 : all_registers -help -no_hierarchy -o -verbose
USR-1002 : set_hxt_property -help name value target
USR-1002 : get_clocks -help -nocase -nowarn -quiet -verbose -include_generated_clocks -regexp <string> -filter <string> -of <list> patterns
USR-1002 : create_clock -help -add -name <string> -period <double> -waveform <string> target
USR-1002 : create_generated_clock -help -add -name <string> -source <string> -divide_by <double> -multiply_by <double> -edges <string> -duty_cycle <double> -invert -edge_shift <string> -phase <double> -master_clock <string> target
USR-1002 : derive_pll_clocks -help -gen_basic_clock -instance <list> -ip <string>
USR-1002 : derive_clocks -help -instance <list>
USR-1002 : set_clock_latency -help -clock <list> -rise -fall -early -late -max -min -source delay target
USR-1002 : set_clock_uncertainty -help -setup -hold uncertainty target
USR-1002 : remove_clock -help -name <string>
USR-1002 : set_clock_sense -help -stop_propagation -clocks <list> target
USR-1002 : set_input_delay -help -clock <list> -reference_pin <list> -rise -fall -max -min -clock_fall -source_latency_included -network_latency_included -add_delay delay_value target
USR-1002 : set_output_delay -help -clock <list> -reference_pin <list> -rise -fall -max -min -clock_fall -source_latency_included -network_latency_included -add_delay delay_value target
USR-1002 : remove_input_delay -help -max -min -rise -fall target
USR-1002 : remove_output_delay -help -max -min -rise -fall target
USR-1002 : set_max_delay -help -nowarn -quiet -rise -fall -from <list> -rise_from <list> -fall_from <list> -to <list> -rise_to <list> -fall_to <list> -through <list> -rise_through <list> -fall_through <list> -datapath_only delay
USR-1002 : set_min_delay -help -nowarn -rise -fall -from <list> -rise_from <list> -fall_from <list> -to <list> -rise_to <list> -fall_to <list> -through <list> -rise_through <list> -fall_through <list> delay
USR-1002 : set_multicycle_path -help -setup -hold -start -end -rise -fall -from <list> -rise_from <list> -fall_from <list> -to <list> -rise_to <list> -fall_to <list> -through <list> -rise_through <list> -fall_through <list> multiplier
USR-1002 : set_false_path -help -nowarn -setup -hold -from <list> -rise_from <list> -fall_from <list> -to <list> -rise_to <list> -fall_to <list> -through <list>
USR-1002 : set_max_skew -help -exclude <list> -include <list> -from <list> -from_clock <list> -rise_from_clock <list> -fall_from_clock <list> -to <list> -to_clock <list> -rise_to_clock <list> -fall_to_clock <list> -through <list> skew
USR-1002 : set_clock_groups -help -name <string> -exclusive -asynchronous -group <list> -nowarn
USR-1002 : set_clock_route -help -dedicate target
USR-1002 : set_clock_route_enforce net_name -help
USR-1002 : set_cross_domain_timing -help target
USR-1002 : rename_clock -help -name <string> -source <string> -master_clock <string> target
USR-1002 : set_annotated_check -help -setup -hold -max -min -from <list> -to <list> value
USR-1002 : print_sdc_clock_tree -help -h
USR-1002 : export_sdc_target -help -h -encrypt -file <string>
USR-1002 : export_sdc -help -h -ip -file <string>
USR-1002 : export_ip_sdc -help -h -module <list> -file <string>
USR-1002 : clear_sdc -help -h -user
USR-1002 : clear_user_sdc -help -h
USR-1002 : read_sdc file_name -help -h -ip <string> 
USR-1002 : print_sdc_ui -help -h -file <string>
USR-1002 : set_path_margin -help -group <string> -from <list> -through <list> -to <list> -clock <list> -setup -hold -global margin_value
USR-1002 : reset_path_margin -help -all -group <string>
USR-1002 : report_path_margin -help
USR-1002 : set_path_skew -help -from <list> -rise_from <list> -fall_from <list> -to <list> -rise_to <list> -fall_to <list> -through <list> -rise_through <list> -fall_through <list> -clock_path skew_value
USR-1002 : report_path_skew -help
USR-1002 : set_pin_assignment pin_name assignment -help -h
USR-1002 : set_sippin_assignment pin_name assignment -help -h
USR-1002 : set_ippin_assignment ip_name pin_name assignment -help -h
USR-1002 : set_prpin_assignment target_pin_name assignment -help -h
USR-1002 : set_inst_assignment inst_name assignment -help -h
USR-1002 : set_ipinst_assignment ip_name inst_name assignment -help -h
USR-1002 : set_inst_init_loc inst_name assignment -help -h
USR-1002 : read_adc file_name -trans <string> -help
USR-1002 : clear_adc -help -h
USR-1002 : clear_inst_adc -help -h
USR-1002 : read_ip_adc -ip <string> -file <string> -help
USR-1002 : create_bound bound_name -help -h -verbose -mode <string> -auto_effort <string> -width <integer> -height <integer> -origin <pair> -excluded <list> -reserved -density_ratio <double>
USR-1002 : remove_bound bound_name -help -h
USR-1002 : add_cells_to_bound -help -h -verbose -bound <string> -cells <list> -net <string> -top
USR-1002 : remove_cells_from_bound -help -h -verbose -bound <string> -cells <list>
USR-1002 : add_route_blockage -help -h -col_range <pair> -row_range <pair>
USR-1002 : mask_multi_drive_conn -help -h -sink <string> -sources <list> -all
USR-1002 : program -h -help -mode <string> -s -p -spd <integer> -output <string> -input <string> -error_max <integer> -cable <integer> -r -ss -sps -tckCnt <string> -host_name <string>
USR-1002 : download -h -help -v -d -mode <string> -s -spd <integer> -bit <string> -bas <string> -bit2 <string> -bin <string> -bin2 <string> -hex2 <string> -svf <string> -vec <string> -output <string> -wait <integer> -data_length <integer> -start_addr <string> -rdbk <string> -sec <integer> -cable <integer> -error_max <integer> -chip <string> -golden_lock -total_dev <integer> -cur_dev <integer> -bypass <string> -flashsize <integer> -spi_qe_cmd <string> -spi_qe_data <string> -check_lock -xread -using_golden_feature -host_name <string>
USR-1002 : check_reg -h -help -file <string> -reg <string> -cable <integer> -host_name <string>
USR-1002 : svfgen -h -help -scan_mode <string> -level <integer> -total <integer> -svf <string> -bas <string> -bit <string> -bin <string> -bin2 <string> -hex <string> -hex2 <string>  -opt <string> -tool <string> -len_mode <string> -bg_mode <string> -rf_mode <string> -bypass <string> -merge <list> -programn_pin_low -verify -freq <string> -golden_lock -enable_loop -verify_partial -size <string>  -flashsize <integer> -dis_hir_hdr_tir_tdr -boundary_reg <string> -chip <string> -start_addr <string> -num <integer> -tde -aje -full -mode <string> -usrdata_addr <string> -usrdata <string> -no_id_check -spi_qe_cmd <string> -spi_qe_data <string> -debug -flow <string> -non_burst -stateholdio -using_64k_erase -statehold_bypass_mode <string> -prog_spi_tck <integer> -loc <string> -mc <string> -g <list> -erase_area <string> -flash <string> -header -aje -full -mcu_on
USR-1002 : program_svf -h -help -svf <string> -rdbk <string> -spd <integer> -cable <integer> -host_name <string>
USR-1002 : export_program_log -svf <string>
USR-1002 : read_device_id -level <integer> -total <integer> -bypass <string> -cable <integer> -host_name <string>
USR-1002 : write_phy_data -addr <string> -cable <integer> -host_name <string> value
USR-1002 : read_phy_data -addr <string> -cable <integer> -host_name <string>
USR-1002 : hmac_bit -input <string> -output <string> -hkey_file <string>
USR-1002 : gen_jtag_axis_vec -h -help -w <list> -r <list> -spd <integer> -vec <string> -total_dev <integer> -cur_dev <integer> -chip <string>
USR-1002 : JTAG_AXIS_APB_ACCESS -h -help -w -r -addr <string> -data <string> -spd <integer> -cable <integer> -host_name <string> -total_dev <integer> -cur_dev <integer> -chip <string> -mc <string> -loc <string>
USR-1002 : jtag_adc_access -h -help -w -r -addr <string> -data <string> -spd <integer> -cable <integer> -host_name <string> -total_dev <integer> -cur_dev <integer>
USR-1002 : JTAG_REG_ACCESS -h -help -w -r -addr <string> -data <string> -spd <integer> -cable <integer> -host_name <string> -addr_len <integer> -chip <string> -m <string>
USR-1002 : ps_tap_register_operate -h -help -w -r -addr <string> -data <string> -spd <integer> -cable <integer> -chip <string> -total_dev <integer> -cur_dev <integer>
USR-1002 : JTAG_REG_ACCESS_VEC -h -help -w -r -addr <string> -data <string> -vec <string> -exp <string> -mask <string> -spd <integer> -cable <integer> -host_name <string> -both
USR-1002 : ps_efuse_operate -h -help -w -r -name <string> -data <string> -spd <integer> -cable <integer> -host_name <string> -chip <string> -l <list> -svf <string> -vec <string> -comment -dl -iopll <integer>
USR-1002 : ps_register_operate -h -help -w -r -name <string> -data <string> -spd <integer> -cable <integer> -host_name <string> -chip <string> -l <list> -svf <string> -vec <string> -comment -dl
USR-1002 : read_pvt -h -help -chip <string> -sensor <integer> -type <string> -cable <integer> -host_name <string> -total_dev <integer> -cur_dev <integer>
USR-1002 : get_bit_info -chip <string> -fa <string> -fo <integer> -bit <string> -error <list> -error_file <string> -m <string> -vec <string> -log <string> -wl <integer> -bl <integer> -full_clk_vec -pre_process_log -vec_list <list> -matrix -save_log -rz -real_bl
USR-1002 : huffman_compress -help -in <string> -ttf <string> -huf <string> -decode
USR-1002 : bit_to_vec -h -help -d -v -m <string> -bit <string> -bas <string> -hex <string> -bin <string> -bit2 <string> -svf <string> -vec <string> -chip <string> -data_length <integer> -start_addr <string> -elf_flash -encrypt -encrypt2 -verify -fc -freq <double> -total_dev <integer> -cur_dev <integer> -bypass <string> -flashsize <integer> -rz -fall -no_id_check -dl -sr -spi_qe_cmd <string> -spi_qe_data <string> -xrdbk_using_isc_enable -cont -slt -jtag8 -erase_done -force_dram_mask -print_pcm_comment -freg <string> -sec <integer> -row <integer> -column <integer> -minor <integer> -progress_off -ecc -set_delay <integer> -eram_verify -bg_program -crc_off -delay <integer> -xread -rst_crc
USR-1002 : eram_operate -h -help -bit <string> -bin <string> -read <string> -partial <string> -cable <integer> -host_name <string> -spd <integer> -total <integer> -level <integer> -bypass <string> -svf <string> -err_only -refresh -check_status -chip <string> -frame <integer> -shift <integer> -parse_log <string> -gen_pcm <string> -mode <string> -vec <string> -verify -td_log <string> -uram_adc <string> -fail_eram <string> -gold_eram <string> -crc
USR-1002 : avc_gcap_convert -h -help -avc <string> -out <string> -mode <string> -rz -fall -comment
USR-1002 : gcap -h -help -type <string> -expected <string> -mode <string> -vec <string> -comment
USR-1002 : reformat_pkg -h -help -pkg <string>
USR-1002 : serdes_access -serdes_id <integer> -cable <integer> -host_name <string> -chip <string> -r -w -g <list> -cr <integer> -bit <string> -spd <integer> -total_dev <integer> -cur_dev <integer> -bypass <string>
USR-1002 : gen_partial_bit -bit <string> -bin <string> -output <string> -g <list>
USR-1002 : debug_mode status
USR-1002 : connect_cable -h -help -host_name <string> -allink -current -close -usr_args <string> -open -auto_start -time_out <integer>
USR-1002 : aes_encrypt -h -help -key <string> -key_file <string> -key_exp <string> -plain_bit <string> -plain_bas <string> -plain_bin <string> -encrypt_bit <string> -encrypt_bas <string> -encrypt_bin <string> -hd <string> -id <string> -plain_test <string> -encrypt_test <string>
USR-1002 : encrypt -h -help -mode <string> -key <string> -key_file <string> -key_exp <string> -plain_bit <string> -plain_bas <string> -plain_hex <string> -plain_bin <string> -encrypt_bit <string> -encrypt_bas <string> -encrypt_bin <string> -encrypt_hex <string> -hd <string> -id <string> -plain_test <string> -encrypt_test <string> -hmac_key_file <string>
USR-1002 : merge_dualboot_bit -h -help -bit1 <string> -bit2 <string> -bin <string> -start_addr <string> -chip <string> -header <string> -using_golden_feature
USR-1002 : m_pack_file -h -help -hy <string> -xgn <string> -type <string> -bin <string> -version <string>
USR-1002 : open_project -h -help proj_file -single_run -update -noanalyze
USR-1002 : clean_project -h -help -tag <string> proj_file
USR-1002 : export_sp_prj -h -help
USR-1002 : save_project_as -h -help -force -all -runs -include -name <string> -dir <string>
USR-1002 : report_cfgs -h -help -file <string>
USR-1002 : launch_runs run_name -step <string> -jobs <integer> -h -help
USR-1002 : reset_runs run_name -prev_step -f -h -help
USR-1002 : delete_runs run_name -h -help
USR-1002 : open_run run_name -h -help
USR-1002 : clear_design -h -help
USR-1002 : close_run -h -help
USR-1002 : wait_run run_name -quiet -h -help
USR-1002 : create_run run_name -syn_run <string> -constrset <string> -h -help
USR-1002 : export_bid file_name -h -help
USR-1002 : generate_elaborate_package path -h -help
USR-1002 : add_files -list file -analyze -h -help
USR-1002 : add_dir dir -r -analyze -h -help
USR-1002 : add_include_dir dir -h -help
USR-1002 : add_define defines -h -help
USR-1002 : export_files file -absolute_mode -h -help
USR-1002 : create_project -family <string> -device <string> proj_name proj_dir -h -help -speed <string>
USR-1002 : close_project -h -help
USR-1002 : top_module module_name -h -help
USR-1002 : reset_property -all -h -help
USR-1002 : delete_src_db -h -help
USR-1002 : export_flow_script -run <string> -file <string> -h -help
USR-1002 : create_syn_ip -h -help
USR-1002 : save_design -h -help
USR-1002 : save_best_bits -h -help
USR-1002 : set_seed_param -num <integer> -init <integer> -step <integer> -jobs <integer> -save <integer> -genBit <string> -endStep <string> -disable -random <string> -farm <string> -rwns <double> -pwns <double> -congestion <integer> -filter <string> -ip <string> -queue <string>
USR-1002 : commit_param -h -help -step <string>
USR-1002 : non_default_params -h -help -revert -allParams -run <string>
USR-1002 : report_seed_param 
USR-1002 : add_db_as_src file -h -help
USR-1002 : export_flow_status -s <string> -e <string> -h -help
USR-1002 : export_constrSet path -h -help
USR-1002 : set_strategy -h -help -run <string> name
USR-1002 : help 
USR-1002 : version -number
USR-1002 : set_print_message_level level -help
USR-1002 : get_print_message_level -help
USR-1002 : set_message_suppression tag flag -limit <integer> -help
USR-1002 : set_warning_msg_repeat limit -help
USR-1002 : get_message message_name -file <string> -help
USR-1002 : get_num_thread -help
USR-1002 : import_device db_name -package <string> -speed <string> -basic -ext -help
USR-1002 : export_device db_name -help
USR-1002 : import_db db_name -migrate <string> -comp -link -flatten -mode <string> -inst <string> -check_drc -help
USR-1002 : export_db db_name -mode <string> -model <string> -help
USR-1002 : load_checkpoint db_name -comp -link -flatten -mode <string> -help
USR-1002 : store_checkpoint db_name -mode <string> -model <string> -help
USR-1002 : print_iob_dvalue -file <string>
USR-1002 : hdl_encrypt -help -file <string> -o <string> -lang <string> -merge <string> -key <string> -key_seed <string> -show_module <string>
USR-1002 : resource_encrypt -help -file <string> -test
USR-1002 : read_hdl -help -no_sch -file <string> -dir <string> -include_dir <string> -define <string> -lib <string> -top <string> -verbose <integer> -global_include <string>
USR-1002 : read_verilog -help -other -no_sch -file <string> -dir <string> -include_dir <string> -define <string> -lib <string> -top <string> -verbose <integer> -global_include <string>
USR-1002 : dump_namedb db_name
USR-1002 : dump_hiertree hiertree_name
USR-1002 : write_verilog file_name -help -nolf -hidename -constnet -fm -pinorder -implement -nobuf -root <string> -lib <string> -top <string> -sdf <string> -virtual_commit_pack -show_empty_ports
USR-1002 : optimize_rtl -no_sch -help -debug -nohier -step <string> -params <list> -model <string> -inst <string>
USR-1002 : optimize_gate -help -other -no_sch -only_pad -ip -macrosim <string> -mapsim <string> -maparea <string> -release <string> -packsim <string> -packarea <string>
USR-1002 : report_area -file <string> -help -verbose -io_info -just_io -cross -prim_lut -step <string>
USR-1002 : report_ram_utilization -file <string>
USR-1002 : report_io -file <string> -help -verbose
USR-1002 : export_io -file <string> -help -verbose
USR-1002 : export_adc -file <string> -help -verbose
USR-1002 : fuse_to_hex -h -help -fuse <string> -hex <string> -chip <string> -reverse
USR-1002 : bas_to_hex -h -help -bas <string> -hex <string>
USR-1002 : bin_to_hex -h -help -bin <string> -hex <string>
USR-1002 : pcm_vec_to_hex -h -help -vec <string> -hex <string>
USR-1002 : hex_to_bit -h -help -bit <string> -hex <string>
USR-1002 : get_config_param option_name -chip <string>
USR-1002 : print_no_highz_pins -h -help -chip <string> -all -out <string>
USR-1002 : get_inst_info -g <list>
USR-1002 : bitgen -h -help -max_stream -info -attr_info -log_file <string> -fuse <string> -input_fuse <string> -bit <string> -bas <string> -bin <string> -bmk <string> -bma <string> -gen_mask -entdo -por_off -c -f <string> -g <list> -s -hd <string> -id <string> -version <string> -security -mcu -128 <string> -256 <string> -no_date_info -phy_top -pcie -compress -dispersed -full_0 -hmac -mc <string> -d <string> -enc_mode <string> -key_file <string> -hmac_key_file <string> -config_cr -cfg -cfg_file <string> -m <string> -no_program_done -seu_all -embedded_compress -unused_io_status <string> -check_mf -no_id_check -freg <string> -pcm_based -ipc <list> -hpio_reg <string> -hpio_reg_read <string> -cmac_reg <string> -ecc_modify -close_crc -all_fuse <string> -ecc_info <string> -pcap_bit -ph2_pcie_input <list> -ph2_pcie_output <list> -trim <string> -pcie_100ms_linkup -ip_noop_cfg <string> -essential_insts_file <string> -resource <string> -dram_address <string>
USR-1002 : export_bitgen_param -file <string> -help
USR-1002 : export_tmr_essential_bits -no_tmr_log <string> -tmr_log <string> -out <string>
USR-1002 : start_timer -h -help -prepack -ignore_sdc
USR-1002 : end_timer -h -help
USR-1002 : update_timing -h -help -prepack -enable_crpr <bool> -mode <string> -check_corner <string> -ctr -uniform_lut
USR-1002 : annotate_ph2_slice_delay -h -help
USR-1002 : report_abnormal_timing_target -h -help -file <string>  -nofile
USR-1002 : report_timing_exception -h -help -file <string> -name <string> -ep_num <integer> -path_num <integer> -report_type <string> -viol_only -no_header -nofile
USR-1002 : report_timing_ignored -h -help -file <string> -name <string> -ep_num <integer> -path_num <integer> -report_type <string> -no_header -nofile
USR-1002 : report_annotated_check -h -help -file <string> -no_header
USR-1002 : report_timing_summary -h -help -file <string> -name <string> -ep_num <integer> -path_num <integer> -report_type <string> -include_ignored -viol_only -no_header -nofile
USR-1002 : check_timing -h -help -file <string> -name <string> -verbose -nofile -exclude <list> -override_defaults <list>
USR-1002 : report_logic_level -h -help -name <string> -file <string> -nofile -worst_n <integer> -no_header -path_num
USR-1002 : report_timing_path -h -help -name <string> -ep_num <integer> -path_num <integer> -report_type <string> -file <string> -from <list> -to <list> -through <list> -logic_level -viol_only -no_header -append  -nofile
USR-1002 : report_clock_summary -h -help -mode <string> -file <string> -clocks <list> -name <string> -nofile -levels <integer> -endpoints_only -expand_buckets -suppress_endpoints <string> -append -debug
USR-1002 : report_clock_intersection -h -help -file <string> -name <string> -nofile -delay_type <string> -fast <string> -slow <string> -debug -clocks <list>
USR-1002 : write_sdf -h -help -check_corner <string> -lib_index <unsigned> -file <string>
USR-1002 : analyze -help -other -file <string> -dir <string> -include_dir <string> -define <string> -verbose <integer> -global_include <string>
USR-1002 : preprocess -help -file <string> -out_file <string> -define <string>
USR-1002 : reanalyze -help -file <string> -include_dir <string> -define <string> -global_include <string>
USR-1002 : remove_source -help -file <string> -include_dir <string> -define <string> -global_include <string>
USR-1002 : elaborate -help -other -no_sch -lib <string> -top <string>
USR-1002 : check_io -help
USR-1002 : list_hierarchy -help -top <string>
USR-1002 : print_netlist -help -file <string> -model <string> -inst <string> -net <string> -append
USR-1002 : map_macro -help -debug -nohier -nopad -top <string>
USR-1002 : map -help -debug -nohier -noseq -top <string>
USR-1002 : report_lut_path -help -ep_num <integer> -file <string>
USR-1002 : simplify_boolean_expr -help -file <string>
USR-1002 : create_sop_netlist -help -opt -file <string>
USR-1002 : update_pll_param -help -module <string> -inst <string> -debug
USR-1002 : read_pnl file_name -h -verbose -merge_equal -trans -merge_pnl -ooc <string> -static <string> -file <string> -help
USR-1002 : write_pnl file_name -help -h -g -cro -clk -v -mode <string> -model <string>
USR-1002 : check_multi_drive file_name -help -h
USR-1002 : import_paramlib file_name -help
USR-1002 : import_packlib file_name -help
USR-1002 : check_packlib_arc file_name -module <string> -help
USR-1002 : check_tlib_arc file_name -help
USR-1002 : check_packlib_same_arc file_name -module <string> -help
USR-1002 : import_timinglib file_name -help -speed <string> -lib_index <integer> -multi_hold
USR-1002 : import_gr_timinglib -help -slow <string> -fast <string> -lib_index <integer> -speed <string>
USR-1002 : gen_cmd_import_lib -ifile in_file -ofile out_file
USR-1002 : export_ip_pins -help -ip <string> -speed <string> -file <string>
USR-1002 : import_timingphydata file_name -module <string> -x <integer> -y <integer> -help -corner <string> -pos <string>
USR-1002 : import_mht_delay -help -speed <string> -xsize <integer> -ysize <integer> -quad1 <string> -quad2 <string> -quad3 <string> -quad4 <string>
USR-1002 : import_p2p_mht_delay -help -speed <string> -xsize <integer> -ysize <integer> -quad1 <string> -quad2 <string> -quad3 <string> -quad4 <string> -check
USR-1002 : import_bitlib -import <string> chip_name -help
USR-1002 : import_cfglib -import <string> chip_name -help
USR-1002 : import_clock_liberty file_name -help -slow <string> -fast <string> -lib_index <integer> -ap -row -offset -check -speed <string>
USR-1002 : import_ip2pid_lib file_name -help -file <string> -lib_index <integer> -ap -speed <string>
USR-1002 : import_timing_lib file_name -help -slow <string> -fast <string> -lib_index <interger> -lib_set<integer> -pfb -inst -eram -io -check -min_delay -ap -speed <string> -ddr_phy_apb -device <string>
USR-1002 : check_liberty_timing -lib <string> -file <string> -rule <string> -no_rule -no_sim -help
USR-1002 : report_liberty_clock_path -from <string> -to <string> -file <string> -ap -help
USR-1002 : report_liberty_timing_arc -target <string> -related <string> -file <string> -ap -help
USR-1002 : import_serdes_pin_list file_name -help -tx <string> -rx <string> -ap -speed <string>
USR-1002 : import_serdes_liberty file_name -help -slow <string> -fast <string> -lib_index <integer> -ap -x -y -check -speed <string> -ph2 -no_condition
USR-1002 : import_ip_pin_list -help -ap -ip <string> -file <string> -speed <string>
USR-1002 : import_io_liberty file_name -help -slow <string> -fast <string> -lib_index <integer> -ap -row -offset -check -speed <string> -has_condition
USR-1002 : print_registered_io -help
USR-1002 : merge_multi_corner_lib -speed <string> -all -inst -route
USR-1002 : import_ph2_logiclvl_lib file_name -help -speed <string>
USR-1002 : read_timing_derate_file -help -file -ap
USR-1002 : import_speed_derate -help -file -ap
USR-1002 : set_timing_derate -help -inst <string> -slow_lib <double> -fast_lib <double> -max <double> -min <double> -speed <string> -global -slow -fast
USR-1002 : report_timing_derate -help -file <string>
USR-1002 : set_analysis_corner -help -slow <list> -fast <list>
USR-1002 : reset_analysis_corner -help
USR-1002 : report_analysis_corner -help -all -active
USR-1002 : import_pfb_connection file_name -help -pfb -pmb -ap -speed <string>
USR-1002 : export_pfb_connection file_name -help -origin -pfb -pmb
USR-1002 : import_ph2_clkroute_tlib -help -slow <string> -fast <string> -lib_index <integer> -speed <string>
USR-1002 : import_ph2_clk_wire_delay_lib -help -slow <string> -fast <string> -lib_index <integer> -speed <string>
USR-1002 : import_ph2_clk_wire_vdtk_delay_lib -help -slow <string> -fast <string> -lib_index <integer> -speed <string>
USR-1002 : import_hardwire_tlib -module <string> -help -file <string> -lib_index <integer> -speed <string>
USR-1002 : import_ph2_rsb_tilesizelib -help -slow <string> -fast <string> -speed <string> -lib_index <integer>
USR-1002 : import_ph2_rsb_wiretypelib -help file_name -speed <string>
USR-1002 : import_ph2_rsb_timinglib -help -pxb_type <string> -module <string> -slow <string> -fast <string> -lib_index <integer> -speed <string>
USR-1002 : gen_ph2_rsb_timinglib -help -pxb_type <string> -module <string> -slow <string> -fast <string> -lib_index <integer> -speed <string>
USR-1002 : report_drobj_type -help -file <string>
USR-1002 : report_grobj_type -help -file <string>
USR-1002 : autogen_serdes_import_lib_cmds -infile <string> -outfile <string>
USR-1002 : autogen_io_import_lib_cmds -infile <string> -dir <string> -outfile <string> -module <string>
USR-1002 : autogen_hpiob_import_lib_cmds -infile <string> -dir <string> -outfile <string> -module <string>
USR-1002 : pack -help -other -eco -no_sch -debug -top <string> -type <string>
USR-1002 : legalize_phy_inst -help -debug -top <string> -eco -keep_hier -remove_keep_buffer
USR-1002 : report_iob_timing_diff -iotype <string> -file <string> -help
USR-1002 : report_noise -file <string> -phase <bool> -help
USR-1002 : mif2dat -mif <string> -ip <string> -des <string> -help -fill <string>
USR-1002 : dat2mif -dat <string> -help
USR-1002 : convert_mif_to_init -h -help
USR-1002 : ignore_init -dat <string> -help
USR-1002 : list_devices -help -type <string>
USR-1002 : list_packages -help -type <string>
USR-1002 : query_current_arch -col <integer> -row <integer> -x <integer> -y <integer> -type <string> -blockage -file <string> -svn_info -help
USR-1002 : check_current_arch -help
USR-1002 : query_current_package -fio -lvds -clock_io -mipi -byteline -single_ended -cfg_io -help
USR-1002 : print_device_resource -file <string> -help
USR-1002 : force_keep -h -l -r <list> -a <list>
USR-1002 : check_rtl -help
USR-1002 : eco_lock_design -help
USR-1002 : check_design -help
USR-1002 : list_design -help
USR-1002 : report_wirelength -mode <string> -net <string> -help
USR-1002 : report_imux_utilization -help
USR-1002 : analyze_clock -detail -all
USR-1002 : place -help -eco -keep_pad -export_adc -ignore_route_tracer
USR-1002 : route -help -eco -incremental -verbose
USR-1002 : phys_opt -help -effort <string> -post_place -post_route -mode <string>
USR-1002 : multi_try_route -help -sink <string>
USR-1002 : step3_gp -help -dp <string>
USR-1002 : report_congestion -help -refresh -step <string> -th <string> -line <string> -direction <string> -level <string> -area <string>
USR-1002 : export_congo_file -help -norefresh -step <string> -size <string> -file <string>
USR-1002 : check_plb_attr -help -file file_name
USR-1002 : drc_check -help -place -route -all -verbose
USR-1002 : fix_hold -help -net <string> -clock_opt -buffer_opt -eco
USR-1002 : set_skew_clock_buffers -help -skew_ratio <double> -fanout_ratio <double>
USR-1002 : move_cells -help -inst <string> -location <string> -mode <string> -step <string> -cong_thod <double> -debug
USR-1002 : val_license -h -help -f <string>
USR-1002 : validate_license -h -help -file <string> -feature <string>
USR-1002 : set_device_info -h -help file_name
USR-1002 : filter_node -h -help -name <string> -filter <string> -model <string> -file <string>
USR-1002 : list_bram -h -help -device <string> -cable <integer> -host_name <string>
USR-1002 : rdbk_bram -h -help -bram <string> -dir <string> -device <string> -out -cable <integer> -total_dev <integer> -cur_dev <integer> -bypass <string> -host_name <string> -spd <integer>
USR-1002 : rdbk_bram18 -h -help -bram <string> -dir <string> -device <string> -out -cable <integer> -total_dev <integer> -cur_dev <integer> -bypass <string> -host_name <string> -spd <integer>
USR-1002 : rdbk_bram20 -h -help -bram <string> -dir <string> -device <string> -out -cable <integer> -axis -total_dev <integer> -cur_dev <integer> -bypass <string> -chip <string> -host_name <string> -spd <integer>
USR-1002 : rdbk_bram32 -h -help -bram <string> -dir <string> -device <string> -out -cable <integer> -total_dev <integer> -cur_dev <integer> -bypass <string> -host_name <string> -spd <integer>
USR-1002 : write_bram -h -help -bram <string> -input <string> -device <string> -cable <integer> -total_dev <integer> -cur_dev <integer> -bypass <string> -host_name <string>
USR-1002 : write_bram18 -h -help -bram <string> -input <string> -device <string> -cable <integer> -total_dev <integer> -cur_dev <integer> -bypass <string> -host_name <string>
USR-1002 : write_bram20 -h -help -bram <string> -input <string> -device <string> -cable <integer> -logic -axis -total_dev <integer> -cur_dev <integer> -bypass <string> -host_name <string>
USR-1002 : write_bram32 -h -help -bram <string> -input <string> -device <string> -cable <integer> -total_dev <integer> -cur_dev <integer> -bypass <string> -host_name <string>
USR-1002 : add_probe -h -help -src <string> -pin <string> -loc <string> -reg -clk <string> -rst <string>
USR-1002 : delete_probe -h -help probe_name
USR-1002 : enable_probe -h -help probe_name
USR-1002 : disable_probe -h -help probe_name
USR-1002 : compile_probe -h -help
USR-1002 : import_chipprobe_config -h -help cfg_file
USR-1002 : export_chipprobe_config -h -help cfg_file
USR-1002 : config_chipwatcher -h -help -sp -sync -dir <string> file_name -init_filter
USR-1002 : export_chipwatcher -h -help -sp -dir <string> file_name -add_bid
USR-1002 : compile_watcher -h -help -ucode <string>
USR-1002 : report_cwc_status -help
USR-1002 : insert_debugger dir -cwc <string> -mdn <string> -h -help
USR-1002 : setup_debugger dir -help -bit <string>
USR-1002 : mark_debug -h -help nets
USR-1002 : unmark_debug -h -help nets
USR-1002 : write_vpi_reg -chip <string> -reg_val <string> -name <string>
USR-1002 : read_vpi_reg -chip <string> -name <string>
USR-1002 : set_param step_name param_name param_value -run <string> -help -projmngr
USR-1002 : get_param step_name param_name -run <string> -help
USR-1002 : set_device_param -h -help param_name param_value
USR-1002 : get_device_param -h -help param_name
USR-1002 : report_param -h -help -stage <string> -detail -all -file <string>
USR-1002 : clear_param -h -help
USR-1002 : print_net id -help
USR-1002 : set_clock_net net_name -clear -help -bank <integer> -bufg
USR-1002 : set_tielow_net net_name -clear -help
USR-1002 : set_net_weight net_name weight -help
USR-1002 : set_inflation_weight -inst <string> -value <float>
USR-1002 : report_route_status -help -fanout_stat -gr_trace -drc -remove_invalid_route -rsmt -file <string> -route_type <string> -limit <string> -net_slack_threshold <integer>
USR-1002 : report_cells op_objects -help -connection -pin_loc -mode <string> -timing -hold
USR-1002 : report_bounds objects -help -all
USR-1002 : report_nets op_objects -help -connection -equivalent -hierarchy -rsmt -gr -dr -mode <string> -timing -hold -pin_display_limit <integer> -of_pins <string> -long_net_threshold <integer> -long_net_distribution
USR-1002 : report_hierarchy_stats objects -help -list
USR-1002 : read_pcie_configuration_file -file <name> -outfile <name> -type <type>
USR-1002 : read_cgmac_configuration_file -file <name> -outfile <name>
USR-1002 : write_serdes_file -outfile <name>
USR-1002 : set_inst_attr -model_name <name> -model<name> -inst <name> -attr_key <name> -attr_value <name>
USR-1002 : unset_inst_attr -model_name <name> -model<name> -inst <name> -attr_key <name>
USR-1002 : connect_inst_pin -model<name> -inst <name> -pin <name> -net <name>
USR-1002 : disconnect_inst_pin -model_name <name> -model<name> -inst <name> -pin <name>
USR-1002 : change_port_name -model_name <name> -port_name <name> -change_name <name>
USR-1002 : change_port_tag -model_name <name> -port_name <name> -tag <name>
USR-1002 : dump_checkpoint -i <string> -o <string> -detail <string> -keep_others -help -h -msg
USR-1002 : dump_device -i <string> -o <string> -detail <string> -keep_others -help -h -ext
USR-1002 : list_property object -quiet
USR-1002 : report_property -quiet -class <string> object
USR-1002 : get_property -verbose -quiet -nowarn -min -max name object
USR-1002 : set_property name value object -quiet -nowarn
USR-1002 : get_cells -hier -verbose -quiet -nowarn -regexp <string> -nocase -filter <string> -path <string> -of <list> patterns -full_hier
USR-1002 : get_regs -hier -verbose -quiet -nowarn -regexp <string> -nocase -filter <string> -path <string> -of <list> patterns -full_hier
USR-1002 : get_nets -hier -verbose -quiet -nowarn -regexp <string> -nocase -filter <string> -path <string> -of <list> patterns -full_hier
USR-1002 : get_pins -hier -verbose -quiet -nowarn -regexp <string> -nocase -filter <string> -path <string> -of <list> patterns -full_hier
USR-1002 : get_ports -verbose -quiet -nowarn -nocase patterns
USR-1002 : get_models -verbose -quiet -nowarn -lib <string> -filter <string> -nocase patterns
USR-1002 : get_files -verbose -quiet -nowarn -nocase patterns
USR-1002 : get_phy_models 
USR-1002 : connect_net -quiet -owner <object> -net <string> -objects <string>
USR-1002 : disconnect_net -quiet -owner <object> -net <string> -objects <string> -cells <list>
USR-1002 : create_net -quiet -owner <object> -from <integer> -to <integer> name
USR-1002 : remove_net -quiet -owner <object> name
USR-1002 : create_cell -quiet -owner <object> -ref <string> name
USR-1002 : remove_cell -quiet -owner <object> name
USR-1002 : create_model -lib <string> -type <string> -in_ports <list> -out_ports <list> -inout_ports <list> name
USR-1002 : remove_model -lib <string> name
USR-1002 : add_directive -net <string> -inst <string> -model <string> -key <string> -value <string>
USR-1002 : report_design_cell_num -hier -top <integer> -ref <string>
USR-1002 : set_insts_bound pattern -bound <integer> -remove
USR-1002 : dump_name_corr_svf 
USR-1002 : test_name_corr 
USR-1002 : clean_name_corr 
USR-1002 : modify_netlist_from_db 
USR-1002 : write_csv file_name
USR-1002 : write_nets file_name
USR-1002 : generate_simulation -package <string> -vlog_file <string> -vlog_top <string>
USR-1002 : generate_serdes -package <string> -analyze_file <string>
USR-1002 : generate_gate -package <string> -vlog_file <string> -vlog_top <string> -sdc_file <string> -sdc_map_file <string>
USR-1002 : process_vlog_files -vlog_top_file <string> -vlog_infer_file <string> -vlog_ecc_file <string> -username <string> -ip_type <string> -component_name <string>
USR-1002 : build_power_graph fileName -debug
USR-1002 : import_power_lib fileName
USR-1002 : export_power_lib fileName -proc <string>
USR-1002 : create_power_report -report <string> -path <string> -proc <string> -amb <string> -airFlow <string> -junc <string> -overwrite -R <string> -saif <string> -defTogg <string> -vccd <string> -vcca <string> -v33 <string> -v25 <string> -v18 <string> -v15 <string> -v135 <string> -v12 <string> -pvcct <string> -pvcca <string>
USR-1002 : annotate_power_report -report <string>
USR-1002 : calculate_power -report <string>
USR-1002 : export_power_report -report <string>
USR-1002 : generate_estimator_cfg -report <string>
USR-1002 : generate_text_report -report <string>
RUN-1002 : start command "version -number"
6.2.168116
RUN-1002 : start command "open_project D:/anlu/rtl/td_project/camera_to_dsi_display.al -single_run"
RUN-1002 : start command "commit_param -step design"
RUN-1001 : Print Global Property
RUN-1001 : -------------------------------------------------------------
RUN-1001 :     Parameters    |   Settings   |  Default Values  |  Note  
RUN-1001 : -------------------------------------------------------------
RUN-1001 :    enable_seed    |     off      |       off        |        
RUN-1001 :    hfn_to_clock   |  1000000000  |    1000000000    |        
RUN-1001 :      message      |   standard   |     standard     |        
RUN-1001 :    qor_monitor    |      on      |        on        |        
RUN-1001 :   speedup_effort  |      0       |        0         |        
RUN-1001 :    syn_ip_flow    |     off      |       off        |        
RUN-1001 :       thread      |     auto     |       auto       |        
RUN-1001 : -------------------------------------------------------------
RUN-1001 : Print Design Property
RUN-1001 : ----------------------------------------------------------------
RUN-1001 :       Parameters       |  Settings  |  Default Values  |  Note  
RUN-1001 : ----------------------------------------------------------------
RUN-1001 :   default_reg_initial  |    auto    |       auto       |        
RUN-1001 :    hdl_warning_level   |   normal   |      normal      |        
RUN-1001 : ----------------------------------------------------------------
HDL-1007 : analyze verilog file ../user_source/hdl_source/ip/image/demosaic_4x_2_0/blk_mem_gen_demosaic/RTL/ram_c36c2ca3b3a7.v
HDL-1007 : analyze verilog file ../user_source/hdl_source/ip/image/demosaic_4x_2_0/blk_mem_gen_demosaic/blk_mem_gen_demosaic.v
HDL-1007 : analyze verilog file ../user_source/hdl_source/ip/image/demosaic_4x_2_0/blk_mem_gen_zhenghe/RTL/ram_d32970204f32.v
HDL-1007 : analyze verilog file ../user_source/hdl_source/ip/image/demosaic_4x_2_0/blk_mem_gen_zhenghe/blk_mem_gen_zhenghe.v
HDL-1007 : analyze verilog file ../user_source/hdl_source/ip/memory/ph1p35_ddr/ddr2/ph1p_ddrmc_wrapper_63f4ac254419.v
HDL-1007 : analyze included file ../user_source/hdl_source/ip/memory/ph1p35_ddr/ddr2/./src/rtl/include/ph1p_mis_define.vh in ../user_source/hdl_source/ip/memory/ph1p35_ddr/ddr2/ph1p_ddrmc_wrapper_63f4ac254419.v(11)
HDL-1007 : back to file '../user_source/hdl_source/ip/memory/ph1p35_ddr/ddr2/ph1p_ddrmc_wrapper_63f4ac254419.v' in ../user_source/hdl_source/ip/memory/ph1p35_ddr/ddr2/ph1p_ddrmc_wrapper_63f4ac254419.v(11)
Copyright (c) 1998-2019 The OpenSSL Project.  All rights reserved.
This product includes software developed by the OpenSSL Project
for use in the OpenSSL Toolkit (http://www.openssl.org/)
Copyright (C) 1995-1998 Eric Young (eay@cryptsoft.com)
All rights reserved.
This product includes cryptographic software written by Eric Young (eay@cryptsoft.com)
HDL-1007 : back to file '../user_source/hdl_source/ip/memory/ph1p35_ddr/ddr2/ph1p_ddrmc_wrapper_63f4ac254419.v' in ../user_source/hdl_source/ip/memory/ph1p35_ddr/ddr2/ph1p_ddrmc_wrapper_63f4ac254419.v(417)
HDL-1007 : analyze verilog file ../user_source/hdl_source/ip/memory/ph1p35_ddr/ddr2/ddr2.v
HDL-1007 : analyze verilog file ../user_source/hdl_source/ip/memory/ph1p35_ddr/ddr2/src/rtl/clk/ph1p_ddrphy_clk_top.v
HDL-1007 : analyze verilog file ../user_source/hdl_source/ip/memory/ph1p35_ddr/ddr2/src/rtl/clk/ph1p_ddrphy_pll0.v
HDL-1007 : analyze verilog file ../user_source/hdl_source/ip/memory/ph1p35_ddr/ddr2/src/rtl/clk/ph1p_ddrphy_pll1.v
HDL-1007 : analyze verilog file ../user_source/hdl_source/ip/memory/ph1p35_ddr/ddr2/src/rtl/init/ph1p_ddrphy_dram_init_ddr2.v
HDL-1007 : analyze verilog file ../user_source/hdl_source/ip/memory/ph1p35_ddr/ddr2/src/rtl/mc/alc_phy2mc_fifo_ctrl.v
HDL-1007 : analyze verilog file ../user_source/hdl_source/ip/memory/ph1p35_ddr/ddr2/src/rtl/misc/ph1p_ddr_fifo_dram_sync.v
HDL-1007 : analyze verilog file ../user_source/hdl_source/ip/memory/ph1p35_ddr/ddr2/src/rtl/misc/ph1p_ddrphy_sync_rst_gen.v
HDL-1007 : analyze verilog file ../user_source/hdl_source/ip/memory/ph1p35_ddr/ddr2/src/rtl/phy/ph1p_ddrphy.v
HDL-1007 : analyze included file ../user_source/hdl_source/ip/memory/ph1p35_ddr/ddr2/src/rtl/phy/./include/ph1p_ddrphy_pad_type.vh in ../user_source/hdl_source/ip/memory/ph1p35_ddr/ddr2/src/rtl/phy/ph1p_ddrphy.v(105)
HDL-1007 : back to file '../user_source/hdl_source/ip/memory/ph1p35_ddr/ddr2/src/rtl/phy/ph1p_ddrphy.v' in ../user_source/hdl_source/ip/memory/ph1p35_ddr/ddr2/src/rtl/phy/ph1p_ddrphy.v(105)
HDL-1007 : analyze included file ../user_source/hdl_source/ip/memory/ph1p35_ddr/ddr2/src/rtl/phy/./include/ph1p_ddrphy_bus_matrix.vh in ../user_source/hdl_source/ip/memory/ph1p35_ddr/ddr2/src/rtl/phy/ph1p_ddrphy.v(507)
HDL-1007 : back to file '../user_source/hdl_source/ip/memory/ph1p35_ddr/ddr2/src/rtl/phy/ph1p_ddrphy.v' in ../user_source/hdl_source/ip/memory/ph1p35_ddr/ddr2/src/rtl/phy/ph1p_ddrphy.v(507)
HDL-1007 : analyze verilog file ../user_source/hdl_source/ip/memory/ph1p35_ddr/ddr2/src/rtl/phy/ph1p_ddrphy_apb_bridge.v
HDL-1007 : analyze verilog file ../user_source/hdl_source/ip/memory/ph1p35_ddr/ddr2/src/rtl/phy/ph1p_ddrphy_bankref_cfg.v
HDL-1007 : analyze verilog file ../user_source/hdl_source/ip/memory/ph1p35_ddr/ddr2/src/rtl/phy/ph1p_ddrphy_byte_wrapper.v
HDL-1007 : analyze verilog file ../user_source/hdl_source/ip/memory/ph1p35_ddr/ddr2/src/rtl/phy/ph1p_ddrphy_cmd_decode.v
HDL-1007 : analyze verilog file ../user_source/hdl_source/ip/memory/ph1p35_ddr/ddr2/src/rtl/phy/ph1p_ddrphy_cmd_execution.v
HDL-1007 : analyze verilog file ../user_source/hdl_source/ip/memory/ph1p35_ddr/ddr2/src/rtl/phy/ph1p_ddrphy_cmd_wrapper.v
HDL-1007 : analyze verilog file ../user_source/hdl_source/ip/memory/ph1p35_ddr/ddr2/src/rtl/phy/ph1p_ddrphy_dcu.v
HDL-1007 : analyze verilog file ../user_source/hdl_source/ip/memory/ph1p35_ddr/ddr2/src/rtl/phy/ph1p_ddrphy_dcu_wrapper.v
HDL-1007 : analyze verilog file ../user_source/hdl_source/ip/memory/ph1p35_ddr/ddr2/src/rtl/phy/ph1p_ddrphy_fast_init.v
HDL-1007 : analyze verilog file ../user_source/hdl_source/ip/memory/ph1p35_ddr/ddr2/src/rtl/phy/ph1p_ddrphy_fast_init_wrapper.v
HDL-1007 : analyze included file ../user_source/hdl_source/ip/memory/ph1p35_ddr/ddr2/src/rtl/phy/./include/ph1p_ddrphy_board_delay.vh in ../user_source/hdl_source/ip/memory/ph1p35_ddr/ddr2/src/rtl/phy/ph1p_ddrphy_fast_init_wrapper.v(71)
HDL-1007 : back to file '../user_source/hdl_source/ip/memory/ph1p35_ddr/ddr2/src/rtl/phy/ph1p_ddrphy_fast_init_wrapper.v' in ../user_source/hdl_source/ip/memory/ph1p35_ddr/ddr2/src/rtl/phy/ph1p_ddrphy_fast_init_wrapper.v(71)
HDL-1007 : analyze verilog file ../user_source/hdl_source/ip/memory/ph1p35_ddr/ddr2/src/rtl/phy/ph1p_ddrphy_init.v
HDL-1007 : analyze verilog file ../user_source/hdl_source/ip/memory/ph1p35_ddr/ddr2/src/rtl/phy/ph1p_ddrphy_mdl_cal.v
HDL-1007 : analyze verilog file ../user_source/hdl_source/ip/memory/ph1p35_ddr/ddr2/src/rtl/phy/ph1p_ddrphy_mdl_cal_wrapper.v
HDL-1007 : analyze verilog file ../user_source/hdl_source/ip/memory/ph1p35_ddr/ddr2/src/rtl/phy/ph1p_ddrphy_rphase_ctl.v
HDL-1007 : analyze verilog file ../user_source/hdl_source/ip/memory/ph1p35_ddr/ddr2/src/rtl/phy/ph1p_ddrphy_top.v
HDL-1007 : analyze included file ../user_source/hdl_source/ip/memory/ph1p35_ddr/ddr2/src/rtl/phy/./include/ph1p_ddrphy_ddrio.vh in ../user_source/hdl_source/ip/memory/ph1p35_ddr/ddr2/src/rtl/phy/ph1p_ddrphy_top.v(736)
HDL-1007 : back to file '../user_source/hdl_source/ip/memory/ph1p35_ddr/ddr2/src/rtl/phy/ph1p_ddrphy_top.v' in ../user_source/hdl_source/ip/memory/ph1p35_ddr/ddr2/src/rtl/phy/ph1p_ddrphy_top.v(736)
HDL-1007 : analyze verilog file ../user_source/hdl_source/ip/memory/ph1p35_ddr/ddr2/src/rtl/phy/ph1p_ddrphy_wphase_ctl.v
HDL-1007 : analyze verilog file ../user_source/hdl_source/ip/memory/ph1p35_ddr/ddr2/src/rtl/phy/ph1p_ddrphy_wrapper.v
HDL-1007 : analyze verilog file ../user_source/hdl_source/ip/memory/ph1p35_ddr/ddr2/src/rtl/top/ph1p_ddrmc_top.v
HDL-1007 : analyze verilog file ../user_source/hdl_source/ip/memory/ph1p35_ddr/ddr2/src/rtl/mc/alc_mc_top_all.enc.sv
HDL-1007 : analyze included file ../user_source/hdl_source/ip/memory/ph1p35_ddr/ddr2/src/rtl/mc/../include/ph1p_mis_define.vh in ../user_source/hdl_source/ip/memory/ph1p35_ddr/ddr2/src/rtl/mc/alc_mc_top_all.enc.sv(4)
HDL-1007 : back to file '../user_source/hdl_source/ip/memory/ph1p35_ddr/ddr2/src/rtl/mc/alc_mc_top_all.enc.sv' in ../user_source/hdl_source/ip/memory/ph1p35_ddr/ddr2/src/rtl/mc/alc_mc_top_all.enc.sv(4)
HDL-1007 : analyze included file ../user_source/hdl_source/ip/memory/ph1p35_ddr/ddr2/src/rtl/mc/../timing/ddr2/ddr2_parameter.vh in ../user_source/hdl_source/ip/memory/ph1p35_ddr/ddr2/src/rtl/mc/alc_mc_top_all.enc.sv(106)
HDL-1007 : analyze included file ../user_source/hdl_source/ip/memory/ph1p35_ddr/ddr2/src/rtl/mc/../timing/ddr2/ddr2_1066.vh in ../user_source/hdl_source/ip/memory/ph1p35_ddr/ddr2/src/rtl/mc/../timing/ddr2/ddr2_parameter.vh(118)
HDL-1007 : back to file '../user_source/hdl_source/ip/memory/ph1p35_ddr/ddr2/src/rtl/mc/../timing/ddr2/ddr2_parameter.vh' in ../user_source/hdl_source/ip/memory/ph1p35_ddr/ddr2/src/rtl/mc/../timing/ddr2/ddr2_parameter.vh(118)
HDL-1007 : back to file '../user_source/hdl_source/ip/memory/ph1p35_ddr/ddr2/src/rtl/mc/alc_mc_top_all.enc.sv' in ../user_source/hdl_source/ip/memory/ph1p35_ddr/ddr2/src/rtl/mc/alc_mc_top_all.enc.sv(106)
HDL-1007 : back to file '../user_source/hdl_source/ip/memory/ph1p35_ddr/ddr2/src/rtl/mc/alc_mc_top_all.enc.sv' in ../user_source/hdl_source/ip/memory/ph1p35_ddr/ddr2/src/rtl/mc/alc_mc_top_all.enc.sv(121)
HDL-1007 : analyze verilog file ../user_source/ip_source/PLL/RTL/ph1p_phy_pll_wrapper_25a56e5ce2f9.v
HDL-1007 : analyze verilog file ../user_source/ip_source/PLL/PLL.v
HDL-1007 : analyze verilog file ../user_source/ip_source/blk_mem_gen_awb_delay_signal/blk_mem_gen_awb_delay_signal.v
HDL-1007 : analyze verilog file ../user_source/ip_source/blk_mem_gen_awb_delay_signal/ram_f84573da5ab5.v
HDL-1007 : analyze verilog file ../user_source/ip_source/divider/divider_gate.v
HDL-1007 : undeclared symbol 'open_n2', assumed default net type 'wire' in ../user_source/ip_source/divider/divider_gate.v(2729)
HDL-1007 : undeclared symbol 'open_n5', assumed default net type 'wire' in ../user_source/ip_source/divider/divider_gate.v(2811)
HDL-1007 : undeclared symbol 'open_n8', assumed default net type 'wire' in ../user_source/ip_source/divider/divider_gate.v(3783)
HDL-1007 : undeclared symbol 'open_n11', assumed default net type 'wire' in ../user_source/ip_source/divider/divider_gate.v(3872)
HDL-1007 : undeclared symbol 'open_n14', assumed default net type 'wire' in ../user_source/ip_source/divider/divider_gate.v(4854)
HDL-1007 : undeclared symbol 'open_n17', assumed default net type 'wire' in ../user_source/ip_source/divider/divider_gate.v(4950)
HDL-1007 : undeclared symbol 'open_n20', assumed default net type 'wire' in ../user_source/ip_source/divider/divider_gate.v(5948)
HDL-1007 : undeclared symbol 'open_n23', assumed default net type 'wire' in ../user_source/ip_source/divider/divider_gate.v(6051)
HDL-1007 : undeclared symbol 'open_n26', assumed default net type 'wire' in ../user_source/ip_source/divider/divider_gate.v(7065)
HDL-1007 : undeclared symbol 'open_n29', assumed default net type 'wire' in ../user_source/ip_source/divider/divider_gate.v(7175)
HDL-1007 : undeclared symbol 'open_n32', assumed default net type 'wire' in ../user_source/ip_source/divider/divider_gate.v(8205)
HDL-1007 : undeclared symbol 'open_n35', assumed default net type 'wire' in ../user_source/ip_source/divider/divider_gate.v(8322)
HDL-1007 : undeclared symbol 'open_n38', assumed default net type 'wire' in ../user_source/ip_source/divider/divider_gate.v(9368)
HDL-1007 : undeclared symbol 'open_n41', assumed default net type 'wire' in ../user_source/ip_source/divider/divider_gate.v(9492)
HDL-1007 : undeclared symbol 'open_n44', assumed default net type 'wire' in ../user_source/ip_source/divider/divider_gate.v(10548)
HDL-1007 : undeclared symbol 'open_n47', assumed default net type 'wire' in ../user_source/ip_source/divider/divider_gate.v(10679)
HDL-1007 : undeclared symbol 'open_n50', assumed default net type 'wire' in ../user_source/ip_source/divider/divider_gate.v(11751)
HDL-1007 : undeclared symbol 'open_n53', assumed default net type 'wire' in ../user_source/ip_source/divider/divider_gate.v(11889)
HDL-1007 : undeclared symbol 'open_n56', assumed default net type 'wire' in ../user_source/ip_source/divider/divider_gate.v(12977)
HDL-1007 : undeclared symbol 'open_n59', assumed default net type 'wire' in ../user_source/ip_source/divider/divider_gate.v(13122)
HDL-1007 : undeclared symbol 'open_n62', assumed default net type 'wire' in ../user_source/ip_source/divider/divider_gate.v(15070)
HDL-1007 : undeclared symbol 'open_n65', assumed default net type 'wire' in ../user_source/ip_source/divider/divider_gate.v(15222)
HDL-1007 : undeclared symbol 'open_n68', assumed default net type 'wire' in ../user_source/ip_source/divider/divider_gate.v(16342)
HDL-1007 : undeclared symbol 'open_n71', assumed default net type 'wire' in ../user_source/ip_source/divider/divider_gate.v(16501)
HDL-1007 : undeclared symbol 'open_n74', assumed default net type 'wire' in ../user_source/ip_source/divider/divider_gate.v(17631)
HDL-1007 : undeclared symbol 'open_n77', assumed default net type 'wire' in ../user_source/ip_source/divider/divider_gate.v(17797)
HDL-1007 : undeclared symbol 'open_n80', assumed default net type 'wire' in ../user_source/ip_source/divider/divider_gate.v(18943)
HDL-1007 : undeclared symbol 'open_n83', assumed default net type 'wire' in ../user_source/ip_source/divider/divider_gate.v(19116)
HDL-1007 : undeclared symbol 'open_n86', assumed default net type 'wire' in ../user_source/ip_source/divider/divider_gate.v(20278)
HDL-1007 : undeclared symbol 'open_n89', assumed default net type 'wire' in ../user_source/ip_source/divider/divider_gate.v(20458)
HDL-1007 : undeclared symbol 'open_n92', assumed default net type 'wire' in ../user_source/ip_source/divider/divider_gate.v(21636)
HDL-1007 : undeclared symbol 'open_n95', assumed default net type 'wire' in ../user_source/ip_source/divider/divider_gate.v(21823)
HDL-1007 : undeclared symbol 'open_n98', assumed default net type 'wire' in ../user_source/ip_source/divider/divider_gate.v(23017)
HDL-1007 : undeclared symbol 'open_n101', assumed default net type 'wire' in ../user_source/ip_source/divider/divider_gate.v(23211)
HDL-1007 : undeclared symbol 'open_n104', assumed default net type 'wire' in ../user_source/ip_source/divider/divider_gate.v(24415)
HDL-1007 : undeclared symbol 'open_n107', assumed default net type 'wire' in ../user_source/ip_source/divider/divider_gate.v(24616)
HDL-1007 : undeclared symbol 'open_n110', assumed default net type 'wire' in ../user_source/ip_source/divider/divider_gate.v(25836)
HDL-1007 : undeclared symbol 'open_n113', assumed default net type 'wire' in ../user_source/ip_source/divider/divider_gate.v(26044)
HDL-1007 : undeclared symbol 'open_n116', assumed default net type 'wire' in ../user_source/ip_source/divider/divider_gate.v(27280)
HDL-1007 : undeclared symbol 'open_n119', assumed default net type 'wire' in ../user_source/ip_source/divider/divider_gate.v(27495)
HDL-1007 : undeclared symbol 'open_n122', assumed default net type 'wire' in ../user_source/ip_source/divider/divider_gate.v(29638)
HDL-1007 : undeclared symbol 'open_n125', assumed default net type 'wire' in ../user_source/ip_source/divider/divider_gate.v(29860)
HDL-1007 : undeclared symbol 'open_n128', assumed default net type 'wire' in ../user_source/ip_source/divider/divider_gate.v(31128)
HDL-1007 : undeclared symbol 'open_n129', assumed default net type 'wire' in ../user_source/ip_source/divider/divider_gate.v(31359)
HDL-1007 : undeclared symbol 'open_n132', assumed default net type 'wire' in ../user_source/ip_source/divider/divider_gate.v(32637)
HDL-1007 : undeclared symbol 'open_n133', assumed default net type 'wire' in ../user_source/ip_source/divider/divider_gate.v(32868)
HDL-1007 : undeclared symbol 'open_n134', assumed default net type 'wire' in ../user_source/ip_source/divider/divider_gate.v(32875)
HDL-1007 : undeclared symbol 'open_n137', assumed default net type 'wire' in ../user_source/ip_source/divider/divider_gate.v(34153)
HDL-1007 : undeclared symbol 'open_n138', assumed default net type 'wire' in ../user_source/ip_source/divider/divider_gate.v(34384)
HDL-1007 : undeclared symbol 'open_n139', assumed default net type 'wire' in ../user_source/ip_source/divider/divider_gate.v(34391)
HDL-1007 : undeclared symbol 'open_n142', assumed default net type 'wire' in ../user_source/ip_source/divider/divider_gate.v(35669)
HDL-1007 : undeclared symbol 'open_n143', assumed default net type 'wire' in ../user_source/ip_source/divider/divider_gate.v(35900)
HDL-1007 : undeclared symbol 'open_n144', assumed default net type 'wire' in ../user_source/ip_source/divider/divider_gate.v(35907)
HDL-1007 : undeclared symbol 'open_n147', assumed default net type 'wire' in ../user_source/ip_source/divider/divider_gate.v(37185)
HDL-1007 : undeclared symbol 'open_n148', assumed default net type 'wire' in ../user_source/ip_source/divider/divider_gate.v(37416)
HDL-1007 : undeclared symbol 'open_n149', assumed default net type 'wire' in ../user_source/ip_source/divider/divider_gate.v(37423)
HDL-1007 : undeclared symbol 'open_n152', assumed default net type 'wire' in ../user_source/ip_source/divider/divider_gate.v(38701)
HDL-1007 : undeclared symbol 'open_n153', assumed default net type 'wire' in ../user_source/ip_source/divider/divider_gate.v(38932)
HDL-1007 : undeclared symbol 'open_n154', assumed default net type 'wire' in ../user_source/ip_source/divider/divider_gate.v(38939)
HDL-1007 : undeclared symbol 'open_n157', assumed default net type 'wire' in ../user_source/ip_source/divider/divider_gate.v(40217)
HDL-1007 : undeclared symbol 'open_n158', assumed default net type 'wire' in ../user_source/ip_source/divider/divider_gate.v(40448)
HDL-1007 : undeclared symbol 'open_n159', assumed default net type 'wire' in ../user_source/ip_source/divider/divider_gate.v(40455)
HDL-1007 : undeclared symbol 'open_n162', assumed default net type 'wire' in ../user_source/ip_source/divider/divider_gate.v(41733)
HDL-1007 : undeclared symbol 'open_n163', assumed default net type 'wire' in ../user_source/ip_source/divider/divider_gate.v(41964)
HDL-1007 : undeclared symbol 'open_n164', assumed default net type 'wire' in ../user_source/ip_source/divider/divider_gate.v(41971)
HDL-1007 : undeclared symbol 'open_n167', assumed default net type 'wire' in ../user_source/ip_source/divider/divider_gate.v(43249)
HDL-1007 : undeclared symbol 'open_n168', assumed default net type 'wire' in ../user_source/ip_source/divider/divider_gate.v(43480)
HDL-1007 : undeclared symbol 'open_n169', assumed default net type 'wire' in ../user_source/ip_source/divider/divider_gate.v(43487)
HDL-1007 : undeclared symbol 'open_n172', assumed default net type 'wire' in ../user_source/ip_source/divider/divider_gate.v(45678)
HDL-1007 : undeclared symbol 'open_n173', assumed default net type 'wire' in ../user_source/ip_source/divider/divider_gate.v(45909)
HDL-1007 : undeclared symbol 'open_n174', assumed default net type 'wire' in ../user_source/ip_source/divider/divider_gate.v(45916)
HDL-1007 : undeclared symbol 'open_n177', assumed default net type 'wire' in ../user_source/ip_source/divider/divider_gate.v(47194)
HDL-1007 : undeclared symbol 'open_n178', assumed default net type 'wire' in ../user_source/ip_source/divider/divider_gate.v(47425)
HDL-1007 : undeclared symbol 'open_n179', assumed default net type 'wire' in ../user_source/ip_source/divider/divider_gate.v(47432)
HDL-1007 : undeclared symbol 'open_n182', assumed default net type 'wire' in ../user_source/ip_source/divider/divider_gate.v(48710)
HDL-1007 : undeclared symbol 'open_n183', assumed default net type 'wire' in ../user_source/ip_source/divider/divider_gate.v(48941)
HDL-1007 : undeclared symbol 'open_n184', assumed default net type 'wire' in ../user_source/ip_source/divider/divider_gate.v(48948)
HDL-1007 : undeclared symbol 'open_n187', assumed default net type 'wire' in ../user_source/ip_source/divider/divider_gate.v(50226)
HDL-1007 : undeclared symbol 'open_n188', assumed default net type 'wire' in ../user_source/ip_source/divider/divider_gate.v(50457)
HDL-1007 : undeclared symbol 'open_n189', assumed default net type 'wire' in ../user_source/ip_source/divider/divider_gate.v(50464)
HDL-1007 : undeclared symbol 'open_n192', assumed default net type 'wire' in ../user_source/ip_source/divider/divider_gate.v(51742)
HDL-1007 : undeclared symbol 'open_n193', assumed default net type 'wire' in ../user_source/ip_source/divider/divider_gate.v(51973)
HDL-1007 : undeclared symbol 'open_n194', assumed default net type 'wire' in ../user_source/ip_source/divider/divider_gate.v(51980)
HDL-1007 : undeclared symbol 'open_n197', assumed default net type 'wire' in ../user_source/ip_source/divider/divider_gate.v(53258)
HDL-1007 : undeclared symbol 'open_n198', assumed default net type 'wire' in ../user_source/ip_source/divider/divider_gate.v(53489)
HDL-1007 : undeclared symbol 'open_n199', assumed default net type 'wire' in ../user_source/ip_source/divider/divider_gate.v(53496)
HDL-1007 : undeclared symbol 'open_n202', assumed default net type 'wire' in ../user_source/ip_source/divider/divider_gate.v(54774)
HDL-1007 : undeclared symbol 'open_n203', assumed default net type 'wire' in ../user_source/ip_source/divider/divider_gate.v(55005)
HDL-1007 : undeclared symbol 'open_n204', assumed default net type 'wire' in ../user_source/ip_source/divider/divider_gate.v(55012)
HDL-1007 : undeclared symbol 'open_n207', assumed default net type 'wire' in ../user_source/ip_source/divider/divider_gate.v(57048)
HDL-1007 : undeclared symbol 'open_n208', assumed default net type 'wire' in ../user_source/ip_source/divider/divider_gate.v(57167)
HDL-1007 : undeclared symbol 'open_n209', assumed default net type 'wire' in ../user_source/ip_source/divider/divider_gate.v(57174)
HDL-1007 : undeclared symbol 'open_n212', assumed default net type 'wire' in ../user_source/ip_source/divider/divider_gate.v(58502)
HDL-1007 : undeclared symbol 'open_n215', assumed default net type 'wire' in ../user_source/ip_source/divider/divider_gate.v(58507)
HDL-1007 : undeclared symbol 'open_n218', assumed default net type 'wire' in ../user_source/ip_source/divider/divider_gate.v(59405)
HDL-1007 : undeclared symbol 'open_n221', assumed default net type 'wire' in ../user_source/ip_source/divider/divider_gate.v(59459)
HDL-1007 : undeclared symbol 'open_n224', assumed default net type 'wire' in ../user_source/ip_source/divider/divider_gate.v(60367)
HDL-1007 : undeclared symbol 'open_n227', assumed default net type 'wire' in ../user_source/ip_source/divider/divider_gate.v(60428)
HDL-1007 : undeclared symbol 'open_n230', assumed default net type 'wire' in ../user_source/ip_source/divider/divider_gate.v(61352)
HDL-1007 : undeclared symbol 'open_n233', assumed default net type 'wire' in ../user_source/ip_source/divider/divider_gate.v(61420)
HDL-1007 : undeclared symbol 'open_n236', assumed default net type 'wire' in ../user_source/ip_source/divider/divider_gate.v(62360)
HDL-1007 : undeclared symbol 'open_n239', assumed default net type 'wire' in ../user_source/ip_source/divider/divider_gate.v(62435)
HDL-1007 : analyze verilog file ../user_source/ip_source/w128_d512_fifo/soft_fifo_al_4057d6b76aa6.v
HDL-1007 : analyze verilog file ../user_source/ip_source/w128_d512_fifo/w128_d512_fifo.v
HDL-1007 : analyze verilog file ../user_source/ip_source/w155_d512_fifo/soft_fifo_al_f58e8b3e1f3d.v
HDL-1007 : analyze verilog file ../user_source/ip_source/w155_d512_fifo/w155_d512_fifo.v
HDL-1007 : analyze verilog file ../user_source/hdl_source/design_top_wrapper.v
HDL-1007 : analyze verilog file ../user_source/hdl_source/ip/control/mode_selector.v
HDL-1007 : analyze verilog file ../user_source/hdl_source/ip/camera/mipi/mipi_dphy_rx/mipi_dphy_rx_ph1p_mipiio_wrapper.sv
HDL-1007 : analyze verilog file ../user_source/hdl_source/ip/camera/mipi/mipi_dphy_rx/ph1p_mipiio_rx_wrapper.v
HDL-1007 : analyze verilog file ../user_source/hdl_source/ip/video/video_in.v
HDL-1007 : analyze verilog file ../user_source/hdl_source/ip/video/video_out.v
HDL-1007 : analyze verilog file ../user_source/hdl_source/ip/memory/mc_to_user_interface.v
HDL-1007 : analyze verilog file ../user_source/hdl_source/ip/camera/mipi/mipi_dphy_rx/byte_aligner.enc.v
HDL-1007 : back to file '../user_source/hdl_source/ip/camera/mipi/mipi_dphy_rx/byte_aligner.enc.v' in ../user_source/hdl_source/ip/camera/mipi/mipi_dphy_rx/byte_aligner.enc.v(18)
HDL-1007 : analyze verilog file ../user_source/hdl_source/ip/camera/mipi/mipi_dphy_rx/byte_aligner_wrapper.enc.sv
HDL-1007 : back to file '../user_source/hdl_source/ip/camera/mipi/mipi_dphy_rx/byte_aligner_wrapper.enc.sv' in ../user_source/hdl_source/ip/camera/mipi/mipi_dphy_rx/byte_aligner_wrapper.enc.sv(20)
HDL-1007 : analyze verilog file ../user_source/hdl_source/ip/camera/mipi/mipi_dphy_rx/channel_aligner.enc.v
HDL-1007 : back to file '../user_source/hdl_source/ip/camera/mipi/mipi_dphy_rx/channel_aligner.enc.v' in ../user_source/hdl_source/ip/camera/mipi/mipi_dphy_rx/channel_aligner.enc.v(17)
HDL-1007 : analyze verilog file ../user_source/hdl_source/ip/camera/mipi/mipi_dphy_rx/channel_aligner_wrapper.enc.sv
HDL-1007 : back to file '../user_source/hdl_source/ip/camera/mipi/mipi_dphy_rx/channel_aligner_wrapper.enc.sv' in ../user_source/hdl_source/ip/camera/mipi/mipi_dphy_rx/channel_aligner_wrapper.enc.sv(17)
HDL-1007 : analyze verilog file ../user_source/hdl_source/ip/camera/mipi/mipi_dphy_rx/hs_detect.enc.v
HDL-1007 : back to file '../user_source/hdl_source/ip/camera/mipi/mipi_dphy_rx/hs_detect.enc.v' in ../user_source/hdl_source/ip/camera/mipi/mipi_dphy_rx/hs_detect.enc.v(13)
HDL-1007 : analyze verilog file ../user_source/hdl_source/ip/image/signal_delay.v
HDL-1007 : analyze verilog file ../user_source/hdl_source/ip/image/awb.v
HDL-1007 : analyze verilog file ../user_source/hdl_source/ip/memory/ph1p35_ddr/ph1p35_324_ddr_wrapper.v
HDL-1007 : undeclared symbol 'dhi_clk', assumed default net type 'wire' in ../user_source/hdl_source/ip/memory/ph1p35_ddr/ph1p35_324_ddr_wrapper.v(83)
HDL-1007 : analyze verilog file ../user_source/hdl_source/ip/camera/mipi/csi_unpacket_2lane.v
HDL-1007 : analyze verilog file ../user_source/hdl_source/ip/image/image_process_stream_96.v
HDL-1007 : analyze verilog file ../user_source/hdl_source/ip/image/isp_top.v
HDL-1007 : analyze verilog file ../user_source/hdl_source/ip/camera/mipi/raw10_unpacket_2lane.v
HDL-1007 : analyze verilog file ../user_source/hdl_source/ip/camera/mipi/uial2axis.v
HDL-1007 : analyze verilog file ../user_source/hdl_source/ip/image/demosaic_4x_2_0/bilinear_interpolation.v
HDL-1007 : analyze verilog file ../user_source/hdl_source/ip/image/demosaic_4x_2_0/demosaic.v
HDL-5007 WARNING: /* is inside a comment in ../user_source/hdl_source/ip/image/demosaic_4x_2_0/demosaic.v(89)
HDL-5007 WARNING: /* is inside a comment in ../user_source/hdl_source/ip/image/demosaic_4x_2_0/demosaic.v(100)
HDL-1007 : analyze verilog file ../user_source/hdl_source/ip/image/demosaic_4x_2_0/line_buffer_demosaic.v
HDL-1007 : analyze verilog file ../user_source/hdl_source/ip/image/demosaic_4x_2_0/mipi_to_raw_converter.v
HDL-1007 : analyze verilog file ../user_source/hdl_source/ip/image/demosaic_4x_2_0/raw_matrix_3x3_buffer.v
HDL-1007 : analyze verilog file ../user_source/hdl_source/ip/image/demosaic_4x_2_0/zhenghe.v
HDL-1007 : undeclared symbol 'rd_valid', assumed default net type 'wire' in ../user_source/hdl_source/ip/image/demosaic_4x_2_0/zhenghe.v(146)
HDL-1007 : analyze verilog file ../user_source/hdl_source/ip/image/data128_96/data128_96.v
HDL-1007 : analyze verilog file ../user_source/hdl_source/ip/image/data96_128/data96_128.v
HDL-1007 : analyze verilog file ../user_source/hdl_source/ip/image/image_correction.v
HDL-1007 : analyze verilog file ../user_source/hdl_source/ip/camera/config/uics500_cfg/SC500GainTbl.v
HDL-1007 : analyze verilog file ../user_source/hdl_source/ip/camera/config/uics500_cfg/uicfgcs500.v
HDL-1007 : undeclared symbol 'iic_busy', assumed default net type 'wire' in ../user_source/hdl_source/ip/camera/config/uics500_cfg/uicfgcs500.v(141)
HDL-1007 : analyze verilog file ../user_source/hdl_source/ip/camera/config/uics500_cfg/uics500reg.v
HDL-1007 : analyze verilog file ../user_source/hdl_source/ip/camera/config/uics500_cfg/uics500regAE.v
HDL-1007 : analyze verilog file ../user_source/hdl_source/ip/camera/config/uics500_cfg/uii2c.v
HDL-1007 : analyze verilog file ../user_source/hdl_source/ip/camera/config/uiisp_beta/ae_set.v
HDL-1007 : analyze verilog file ../user_source/hdl_source/ip/display/hdmi/hdmi_tx.v
HDL-1007 : analyze verilog file ../user_source/hdl_source/ip/display/hdmi/hdmi_1_4b_transmitter_core_wrapper.enc.v
HDL-1007 : undeclared symbol '**', assumed default net type '**' in ../user_source/hdl_source/ip/display/hdmi/hdmi_1_4b_transmitter_core_wrapper.enc.v(2614)
HDL-1007 : undeclared symbol '**', assumed default net type '**' in ../user_source/hdl_source/ip/display/hdmi/hdmi_1_4b_transmitter_core_wrapper.enc.v(2716)
HDL-1007 : undeclared symbol '**', assumed default net type '**' in ../user_source/hdl_source/ip/display/hdmi/hdmi_1_4b_transmitter_core_wrapper.enc.v(2724)
HDL-1007 : undeclared symbol '**', assumed default net type '**' in ../user_source/hdl_source/ip/display/hdmi/hdmi_1_4b_transmitter_core_wrapper.enc.v(4936)
HDL-1007 : undeclared symbol '**', assumed default net type '**' in ../user_source/hdl_source/ip/display/hdmi/hdmi_1_4b_transmitter_core_wrapper.enc.v(5989)
HDL-1007 : back to file '../user_source/hdl_source/ip/display/hdmi/hdmi_1_4b_transmitter_core_wrapper.enc.v' in ../user_source/hdl_source/ip/display/hdmi/hdmi_1_4b_transmitter_core_wrapper.enc.v(77)
HDL-1007 : analyze verilog file ../user_source/hdl_source/ip/display/hdmi/hdmi_phy_warpper.v
HDL-1007 : analyze verilog file ../user_source/hdl_source/ip/display/hdmi/lane_lvds_10_1.v
HDL-1007 : analyze verilog file ../user_source/hdl_source/ip/video/vtc/uivtc.v
HDL-1007 : analyze verilog file ../user_source/hdl_source/ip/video/osd/hdmi_mixer.v
HDL-1007 : analyze verilog file ../user_source/hdl_source/ip/audio/I2S_receiver.v
HDL-1007 : analyze verilog file ../user_source/hdl_source/ip/audio/audio_arc_calculate.v
HDL-1007 : analyze verilog file ../user_source/hdl_source/ip/control/key_remove_shakes.v
HDL-1007 : analyze verilog file ../user_source/hdl_source/ip/video/osd/anlogic_logo_rom.v
HDL-1007 : analyze verilog file ../user_source/hdl_source/ip/video/osd/osd_char_lib.v
PRJ-1401 : Successfully analyzed 88 source files.
RUN-1002 : start command "list_design"
RUN-8001 ERROR: Design not found
RUN-1002 : start command "elaborate -top design_top_wrapper"
HDL-1007 : port 'O_csi_hs' remains unconnected for this instance in ../user_source/hdl_source/design_top_wrapper.v(531)
HDL-1007 : port 'IO_ddc_sda' remains unconnected for this instance in ../user_source/hdl_source/design_top_wrapper.v(802)
HDL-1007 : elaborate module design_top_wrapper in ../user_source/hdl_source/design_top_wrapper.v(3)
HDL-1007 : elaborate module mode_selector in ../user_source/hdl_source/ip/control/mode_selector.v(35)
HDL-1007 : elaborate module PLL in ../user_source/ip_source/PLL/PLL.v(22)
HDL-1007 : elaborate module PH1P_LOGIC_BUFG in D:\Anlogic\TD_6.2.1_Engineer_6.2.168.116\arch/ph1p_macro.v(8085)
HDL-1007 : elaborate module ph1p_phy_pll_wrapper_25a56e5ce2f9(FBKCLK_INT="CLKC0_EXT",FIN="50.000000000",FBCLK_DIV=2,CLKC0_ENABLE="ENABLE",CLKC0_DIV=13,CLKC0_CPHASE=12,CLKC0_DUTY_INT=7,CLKC1_ENABLE="ENABLE",CLKC1_DIV=54,CLKC1_CPHASE=53,CLKC1_DUTY_INT=27,CLKC4_ENABLE="ENABLE",CLKC4_DIV=25,CLKC4_CPHASE=24,CLKC4_DUTY_INT=13,CLKC5_ENABLE="ENABLE",CLKC5_DIV=5,CLKC5_CPHASE=4,CLKC5_DUTY_INT=3,PLL_FEED_TYPE="EXTERNAL",PLL_FASTLOOP="ENABLE",LPF_RES=0,LPF_CAP=5,ICP_CUR=29) in ../user_source/ip_source/PLL/RTL/ph1p_phy_pll_wrapper_25a56e5ce2f9.v(2)
HDL-1007 : elaborate module PH1P_PHY_PLL_V2(FBKCLK_INT="CLKC0_EXT",FIN="50.000000000",FBCLK_DIV=2,CLKC0_CPHASE=12,CLKC1_CPHASE=53,CLKC4_CPHASE=24,CLKC5_CPHASE=4,CLKC0_DIV=13,CLKC1_DIV=54,CLKC4_DIV=25,CLKC5_DIV=5,CLKC0_DUTY_INT=7,CLKC1_DUTY_INT=27,CLKC4_DUTY_INT=13,CLKC5_DUTY_INT=3,CLKC0_ENABLE="ENABLE",CLKC1_ENABLE="ENABLE",CLKC4_ENABLE="ENABLE",CLKC5_ENABLE="ENABLE",PLL_FEED_TYPE="EXTERNAL",PLL_FASTLOOP="ENABLE",LPF_RES=0,LPF_CAP=5,ICP_CUR=29) in D:\Anlogic\TD_6.2.1_Engineer_6.2.168.116\arch/ph1p_macro.v(1091)
HDL-1007 : elaborate module ae_set in ../user_source/hdl_source/ip/camera/config/uiisp_beta/ae_set.v(33)
HDL-1007 : port 'O_iic_bus_error' remains unconnected for this instance in ../user_source/hdl_source/ip/camera/config/uics500_cfg/uicfgcs500.v(123)
HDL-1007 : port 'IO_iic_sda_dg' remains unconnected for this instance in ../user_source/hdl_source/ip/camera/config/uics500_cfg/uicfgcs500.v(123)
HDL-1007 : elaborate module uicfgcs500(CLK_DIV=239) in ../user_source/hdl_source/ip/camera/config/uics500_cfg/uicfgcs500.v(37)
HDL-1007 : elaborate module uii2c(WMEN_LEN=4,RMEN_LEN=1,CLK_DIV=239) in ../user_source/hdl_source/ip/camera/config/uics500_cfg/uii2c.v(41)
HDL-1007 : elaborate module uics500reg in ../user_source/hdl_source/ip/camera/config/uics500_cfg/uics500reg.v(35)
HDL-5007 WARNING: actual bit length 24 differs from formal bit length 32 for port 'REG_DATA' in ../user_source/hdl_source/ip/camera/config/uics500_cfg/uicfgcs500.v(150)
HDL-1007 : elaborate module SC500GainTbl in ../user_source/hdl_source/ip/camera/config/uics500_cfg/SC500GainTbl.v(6)
HDL-5007 WARNING: actual bit length 32 differs from formal bit length 7 for port 'I' in ../user_source/hdl_source/ip/camera/config/uics500_cfg/uicfgcs500.v(154)
HDL-1007 : elaborate module uics500regAE in ../user_source/hdl_source/ip/camera/config/uics500_cfg/uics500regAE.v(33)
HDL-5007 WARNING: actual bit length 24 differs from formal bit length 32 for port 'REG_DATA' in ../user_source/hdl_source/ip/camera/config/uics500_cfg/uicfgcs500.v(160)
HDL-1007 : elaborate module mipi_dphy_rx_ph1p_mipiio_wrapper(HS_VGA_GAIN="8dB",LANE_NUM=2) in ../user_source/hdl_source/ip/camera/mipi/mipi_dphy_rx/mipi_dphy_rx_ph1p_mipiio_wrapper.sv(4)
HDL-1007 : elaborate module channel_aligner_wrapper(CH_NUM=2) in ../user_source/hdl_source/ip/camera/mipi/mipi_dphy_rx/channel_aligner_wrapper.enc.sv(3)
HDL-1007 : elaborate module channel_aligner in ../user_source/hdl_source/ip/camera/mipi/mipi_dphy_rx/channel_aligner.enc.v(3)
HDL-1007 : elaborate module byte_aligner_wrapper(LANE_NUM=2) in ../user_source/hdl_source/ip/camera/mipi/mipi_dphy_rx/byte_aligner_wrapper.enc.sv(4)
HDL-1007 : elaborate module byte_aligner in ../user_source/hdl_source/ip/camera/mipi/mipi_dphy_rx/byte_aligner.enc.v(3)
HDL-1007 : elaborate module ph1p_mipiio_rx_wrapper(HS_VGA_GAIN="8dB",LANE_NUM=2) in ../user_source/hdl_source/ip/camera/mipi/mipi_dphy_rx/ph1p_mipiio_rx_wrapper.v(4)
HDL-1007 : elaborate module hs_detect in ../user_source/hdl_source/ip/camera/mipi/mipi_dphy_rx/hs_detect.enc.v(3)
HDL-1007 : elaborate module PH1P_LOGIC_DPHY_MIPI_RX(CK_HS_VGA_GAIN="8dB",L0_HS_SLAVE_DESER_CLK_OFFSET="0ps",L0_HS_VGA_GAIN="8dB",L1_HS_SLAVE_DESER_CLK_OFFSET="0ps",L1_HS_VGA_GAIN="8dB",L2_HS_SLAVE_DESER_CLK_OFFSET="0ps",L2_HS_VGA_GAIN="8dB",L3_HS_SLAVE_DESER_CLK_OFFSET="0ps",L3_HS_VGA_GAIN="8dB") in D:\Anlogic\TD_6.2.1_Engineer_6.2.168.116\arch/ph1p_macro.v(2017)
HDL-5007 WARNING: actual bit length 4 differs from formal bit length 2 for port 'I_lane_invert' in ../user_source/hdl_source/design_top_wrapper.v(499)
HDL-1007 : elaborate module csi_unpacket_2lane in ../user_source/hdl_source/ip/camera/mipi/csi_unpacket_2lane.v(36)
HDL-1007 : elaborate module raw10_unpacket_2lane in ../user_source/hdl_source/ip/camera/mipi/raw10_unpacket_2lane.v(33)
HDL-1007 : elaborate module uial2axis(IMG_WIDTH=1024,IMG_HEIGHT=600,INPUT_DATA_WIDTH=40) in ../user_source/hdl_source/ip/camera/mipi/uial2axis.v(10)
HDL-1007 : elaborate module image_correction in ../user_source/hdl_source/ip/image/image_correction.v(2)
HDL-1007 : elaborate module isp_top in ../user_source/hdl_source/ip/image/isp_top.v(1)
HDL-1007 : elaborate module demosaic(IMG_HEIGHT=600,IMG_WIDTH=1024) in ../user_source/hdl_source/ip/image/demosaic_4x_2_0/demosaic.v(20)
HDL-1007 : elaborate module raw_matrix_3x3_buffer(IMG_HEIGHT=600,IMG_WIDTH=1024) in ../user_source/hdl_source/ip/image/demosaic_4x_2_0/raw_matrix_3x3_buffer.v(21)
HDL-1007 : elaborate module mipi_to_raw_converter in ../user_source/hdl_source/ip/image/demosaic_4x_2_0/mipi_to_raw_converter.v(20)
HDL-5007 WARNING: actual bit length 32 differs from formal bit length 1 for port 'O_raw_tready' in ../user_source/hdl_source/ip/image/demosaic_4x_2_0/raw_matrix_3x3_buffer.v(149)
HDL-1007 : port 'doa' remains unconnected for this instance in ../user_source/hdl_source/ip/image/demosaic_4x_2_0/zhenghe.v(167)
HDL-1007 : elaborate module zhenghe(IMG_WIDTH=1024,IMG_HEIGHT=600,DATA_WIDTH=32) in ../user_source/hdl_source/ip/image/demosaic_4x_2_0/zhenghe.v(21)
HDL-1007 : elaborate module blk_mem_gen_zhenghe in ../user_source/hdl_source/ip/image/demosaic_4x_2_0/blk_mem_gen_zhenghe/blk_mem_gen_zhenghe.v(10)
HDL-1007 : elaborate module ram_d32970204f32(DATA_WIDTH_A=32,ADDR_WIDTH_A=11,DATA_DEPTH_A=2048,DATA_WIDTH_B=32,ADDR_WIDTH_B=11,DATA_DEPTH_B=2048,REGMODE_B="NOREG",WRITEMODE_B="READBEFOREWRITE") in ../user_source/hdl_source/ip/image/demosaic_4x_2_0/blk_mem_gen_zhenghe/RTL/ram_d32970204f32.v(4)
HDL-1007 : elaborate module PH1P_LOGIC_ERAM(DATA_WIDTH_A=32,DATA_WIDTH_B=32,ADDR_WIDTH_A=11,ADDR_WIDTH_B=11,DATA_DEPTH_A=2048,DATA_DEPTH_B=2048,WRITEMODE_B="READBEFOREWRITE",OREGSET_A="RESET",OREGSET_B="RESET",SSROVERCE="DISABLE",ASYNC_RESET_RELEASE_A="ASYNC",ASYNC_RESET_RELEASE_B="ASYNC",IMPLEMENT="20K(FAST)") in D:\Anlogic\TD_6.2.1_Engineer_6.2.168.116\arch/ph1p_macro.v(22)
HDL-5323 WARNING: input port 'dib[31]' remains unconnected for this instance in ../user_source/hdl_source/ip/image/demosaic_4x_2_0/zhenghe.v(167)
HDL-1007 : port 'doa' remains unconnected for this instance in ../user_source/hdl_source/ip/image/demosaic_4x_2_0/line_buffer_demosaic.v(98)
HDL-1007 : elaborate module line_buffer_demosaic(IMG_HEIGHT=600,IMG_WIDTH=1024) in ../user_source/hdl_source/ip/image/demosaic_4x_2_0/line_buffer_demosaic.v(20)
HDL-1007 : elaborate module blk_mem_gen_demosaic in ../user_source/hdl_source/ip/image/demosaic_4x_2_0/blk_mem_gen_demosaic/blk_mem_gen_demosaic.v(10)
HDL-1007 : elaborate module ram_c36c2ca3b3a7(DATA_WIDTH_A=33,ADDR_WIDTH_A=11,DATA_DEPTH_A=2048,DATA_WIDTH_B=33,ADDR_WIDTH_B=11,DATA_DEPTH_B=2048,REGMODE_B="NOREG",WRITEMODE_B="READBEFOREWRITE") in ../user_source/hdl_source/ip/image/demosaic_4x_2_0/blk_mem_gen_demosaic/RTL/ram_c36c2ca3b3a7.v(4)
HDL-1007 : elaborate module PH1P_LOGIC_ERAM(DATA_WIDTH_A=33,DATA_WIDTH_B=33,ADDR_WIDTH_A=11,ADDR_WIDTH_B=11,DATA_DEPTH_A=2048,DATA_DEPTH_B=2048,WRITEMODE_B="READBEFOREWRITE",OREGSET_A="RESET",OREGSET_B="RESET",SSROVERCE="DISABLE",ASYNC_RESET_RELEASE_A="ASYNC",ASYNC_RESET_RELEASE_B="ASYNC",IMPLEMENT="20K(FAST)") in D:\Anlogic\TD_6.2.1_Engineer_6.2.168.116\arch/ph1p_macro.v(22)
HDL-5323 WARNING: input port 'dib[32]' remains unconnected for this instance in ../user_source/hdl_source/ip/image/demosaic_4x_2_0/line_buffer_demosaic.v(98)
HDL-1007 : elaborate module bilinear_interpolation in ../user_source/hdl_source/ip/image/demosaic_4x_2_0/bilinear_interpolation.v(22)
HDL-1007 : elaborate module data128_96 in ../user_source/hdl_source/ip/image/data128_96/data128_96.v(10)
HDL-1007 : port 'remainder' remains unconnected for this instance in ../user_source/hdl_source/ip/image/awb.v(165)
HDL-1007 : port 'remainder' remains unconnected for this instance in ../user_source/hdl_source/ip/image/awb.v(175)
HDL-1007 : elaborate module awb(IMG_HEIGHT=600,IMG_WIDTH=1024) in ../user_source/hdl_source/ip/image/awb.v(20)
HDL-1007 : elaborate module divider in ../user_source/ip_source/divider/divider_gate.v(5)
HDL-1007 : elaborate module AL_DFF_X in D:\Anlogic\TD_6.2.1_Engineer_6.2.168.116\arch/al_lmacro.v(277)
HDL-1007 : elaborate module AL_MAP_LUT5(INIT=32'b10000000100000000000000010000000,EQN="(C*B*A*~(~E*D))") in D:\Anlogic\TD_6.2.1_Engineer_6.2.168.116\arch/al_lmacro.v(13)
HDL-1007 : elaborate module AL_MAP_LUT6(INIT=64'b01,EQN="(~F*~E*~D*~C*~B*~A)") in D:\Anlogic\TD_6.2.1_Engineer_6.2.168.116\arch/al_lmacro.v(2)
HDL-1007 : elaborate module AL_MAP_LUT6(INIT=64'b01000,EQN="(~F*~E*~D*~C*B*A)") in D:\Anlogic\TD_6.2.1_Engineer_6.2.168.116\arch/al_lmacro.v(2)
HDL-1007 : elaborate module AL_MAP_LUT5(INIT=32'b01111111111111110000000000000000,EQN="(E*~(D*C*B*A))") in D:\Anlogic\TD_6.2.1_Engineer_6.2.168.116\arch/al_lmacro.v(13)
HDL-1007 : elaborate module AL_MAP_LUT2(INIT=4'b010,EQN="(~B*A)") in D:\Anlogic\TD_6.2.1_Engineer_6.2.168.116\arch/al_lmacro.v(48)
HDL-1007 : elaborate module AL_MAP_LUT3(INIT=8'b010,EQN="(~C*~B*A)") in D:\Anlogic\TD_6.2.1_Engineer_6.2.168.116\arch/al_lmacro.v(36)
HDL-1007 : elaborate module AL_MAP_ADDER(ALUTYPE="SUB_CARRY") in D:\Anlogic\TD_6.2.1_Engineer_6.2.168.116\arch/al_lmacro.v(72)
HDL-1007 : elaborate module AL_MAP_ADDER(ALUTYPE="SUB") in D:\Anlogic\TD_6.2.1_Engineer_6.2.168.116\arch/al_lmacro.v(72)
HDL-1007 : elaborate module AL_MAP_LUT3(INIT=8'b11011000,EQN="(C*~(B)*~(A)+C*B*~(A)+~(C)*B*A+C*B*A)") in D:\Anlogic\TD_6.2.1_Engineer_6.2.168.116\arch/al_lmacro.v(36)
HDL-1007 : elaborate module AL_MAP_LUT4(INIT=16'b01,EQN="(~D*~C*~B*~A)") in D:\Anlogic\TD_6.2.1_Engineer_6.2.168.116\arch/al_lmacro.v(24)
HDL-1007 : elaborate module AL_MAP_LUT4(INIT=16'b1000000000000000,EQN="(D*C*B*A)") in D:\Anlogic\TD_6.2.1_Engineer_6.2.168.116\arch/al_lmacro.v(24)
HDL-1007 : elaborate module AL_MAP_LUT6(INIT=64'b010000000,EQN="(~F*~E*~D*C*B*A)") in D:\Anlogic\TD_6.2.1_Engineer_6.2.168.116\arch/al_lmacro.v(2)
HDL-1007 : elaborate module AL_MAP_LUT5(INIT=32'b010000000,EQN="(~E*~D*C*B*A)") in D:\Anlogic\TD_6.2.1_Engineer_6.2.168.116\arch/al_lmacro.v(13)
HDL-1007 : elaborate module AL_MAP_LUT4(INIT=16'b010000000,EQN="(~D*C*B*A)") in D:\Anlogic\TD_6.2.1_Engineer_6.2.168.116\arch/al_lmacro.v(24)
HDL-1007 : elaborate module AL_MAP_LUT3(INIT=8'b10000000,EQN="(C*B*A)") in D:\Anlogic\TD_6.2.1_Engineer_6.2.168.116\arch/al_lmacro.v(36)
HDL-1007 : elaborate module AL_MAP_LUT5(INIT=32'b01,EQN="(~E*~D*~C*~B*~A)") in D:\Anlogic\TD_6.2.1_Engineer_6.2.168.116\arch/al_lmacro.v(13)
HDL-1007 : elaborate module AL_MAP_LUT5(INIT=32'b01000,EQN="(~E*~D*~C*B*A)") in D:\Anlogic\TD_6.2.1_Engineer_6.2.168.116\arch/al_lmacro.v(13)
HDL-1007 : elaborate module AL_MAP_LUT4(INIT=16'b01000,EQN="(~D*~C*B*A)") in D:\Anlogic\TD_6.2.1_Engineer_6.2.168.116\arch/al_lmacro.v(24)
HDL-1007 : elaborate module AL_MAP_LUT3(INIT=8'b01000,EQN="(~C*B*A)") in D:\Anlogic\TD_6.2.1_Engineer_6.2.168.116\arch/al_lmacro.v(36)
HDL-1007 : elaborate module AL_MAP_LUT6(INIT=64'b1000100010001000000010001000100000000000100010000000000000001000,EQN="(B*A*(~(D)*~((~E*C))*~(F)+~(D)*~((~E*C))*F+D*~((~E*C))*F+~(D)*(~E*C)*F))") in D:\Anlogic\TD_6.2.1_Engineer_6.2.168.116\arch/al_lmacro.v(2)
HDL-1007 : elaborate module AL_MAP_LUT6(INIT=64'b0111111101111111000000001000000011111111011111110000000000000000,EQN="(~((C*B*A))*~(D)*E*~(F)+~((C*B*A))*D*E*~(F)+(C*B*A)*D*E*~(F)+(C*B*A)*~(D)*~(E)*F+~((C*B*A))*~(D)*E*F+~((C*B*A))*D*E*F)") in D:\Anlogic\TD_6.2.1_Engineer_6.2.168.116\arch/al_lmacro.v(2)
HDL-1007 : elaborate module AL_MAP_LUT6(INIT=64'b0111011111111111111101110111111100000000000000000000000000000000,EQN="(F*~(B*A*(D@(~E*C))))") in D:\Anlogic\TD_6.2.1_Engineer_6.2.168.116\arch/al_lmacro.v(2)
HDL-1007 : elaborate module AL_MAP_LUT2(INIT=4'b1000,EQN="(B*A)") in D:\Anlogic\TD_6.2.1_Engineer_6.2.168.116\arch/al_lmacro.v(48)
HDL-1007 : elaborate module AL_MAP_LUT6(INIT=64'b010,EQN="(~F*~E*~D*~C*~B*A)") in D:\Anlogic\TD_6.2.1_Engineer_6.2.168.116\arch/al_lmacro.v(2)
HDL-1007 : elaborate module AL_MAP_LUT5(INIT=32'b010,EQN="(~E*~D*~C*~B*A)") in D:\Anlogic\TD_6.2.1_Engineer_6.2.168.116\arch/al_lmacro.v(13)
HDL-1007 : elaborate module AL_MAP_LUT4(INIT=16'b010,EQN="(~D*~C*~B*A)") in D:\Anlogic\TD_6.2.1_Engineer_6.2.168.116\arch/al_lmacro.v(24)
HDL-1007 : elaborate module AL_MAP_LUT3(INIT=8'b01,EQN="(~C*~B*~A)") in D:\Anlogic\TD_6.2.1_Engineer_6.2.168.116\arch/al_lmacro.v(36)
HDL-1007 : elaborate module AL_MAP_LUT2(INIT=4'b0100,EQN="(B*~A)") in D:\Anlogic\TD_6.2.1_Engineer_6.2.168.116\arch/al_lmacro.v(48)
HDL-1007 : elaborate module AL_MAP_LUT2(INIT=4'b01,EQN="(~B*~A)") in D:\Anlogic\TD_6.2.1_Engineer_6.2.168.116\arch/al_lmacro.v(48)
HDL-1007 : elaborate module AL_MAP_LUT6(INIT=64'b1000000000000000000000000000000000000000000000000000000000000000,EQN="(F*E*D*C*B*A)") in D:\Anlogic\TD_6.2.1_Engineer_6.2.168.116\arch/al_lmacro.v(2)
HDL-1007 : elaborate module AL_MAP_LUT4(INIT=16'b1011111101000000,EQN="(D@(C*B*~A))") in D:\Anlogic\TD_6.2.1_Engineer_6.2.168.116\arch/al_lmacro.v(24)
HDL-1007 : elaborate module AL_MAP_LUT5(INIT=32'b10000000111000001111100011111110,EQN="(A*~(B)*~(C)*~(D)*~(E)+~(A)*B*~(C)*~(D)*~(E)+A*B*~(C)*~(D)*~(E)+~(A)*~(B)*C*~(D)*~(E)+A*~(B)*C*~(D)*~(E)+~(A)*B*C*~(D)*~(E)+A*B*C*~(D)*~(E)+A*B*~(C)*D*~(E)+~(A)*~(B)*C*D*~(E)+A*~(B)*C*D*~(E)+~(A)*B*C*D*~(E)+A*B*C*D*~(E)+A*~(B)*C*~(D)*E+~(A)*B*C*~(D)*E+A*B*C*~(D)*E+A*B*C*D*E)") in D:\Anlogic\TD_6.2.1_Engineer_6.2.168.116\arch/al_lmacro.v(13)
HDL-1007 : elaborate module AL_MAP_LUT5(INIT=32'b01000000000000001000000000000000,EQN="(D*C*B*(E@A))") in D:\Anlogic\TD_6.2.1_Engineer_6.2.168.116\arch/al_lmacro.v(13)
HDL-1007 : elaborate module AL_MAP_LUT6(INIT=64'b1011111111111111111111111111111101000000000000000000000000000000,EQN="(F@(E*D*C*B*~A))") in D:\Anlogic\TD_6.2.1_Engineer_6.2.168.116\arch/al_lmacro.v(2)
HDL-1007 : elaborate module AL_MAP_LUT6(INIT=64'b1101010101111111111111010101011100000000000000000000000000000000,EQN="(F*~(A*~(D@(~(B)*~(C)*~(E)+~(B)*~(C)*E+B*~(C)*E+~(B)*C*E))))") in D:\Anlogic\TD_6.2.1_Engineer_6.2.168.116\arch/al_lmacro.v(2)
HDL-1007 : elaborate module AL_MAP_LUT3(INIT=8'b10111000,EQN="(C*~(A)*~(B)+C*A*~(B)+~(C)*A*B+C*A*B)") in D:\Anlogic\TD_6.2.1_Engineer_6.2.168.116\arch/al_lmacro.v(36)
HDL-1007 : elaborate module AL_MAP_LUT3(INIT=8'b01000000,EQN="(C*B*~A)") in D:\Anlogic\TD_6.2.1_Engineer_6.2.168.116\arch/al_lmacro.v(36)
HDL-1007 : elaborate module AL_MAP_LUT6(INIT=64'b1111111101111111001111110001111100001111000001110000001100000001,EQN="(~(B)*~(C)*~((~D*A))*~(E)*~(F)+~(B)*~(C)*~((~D*A))*E*~(F)+B*~(C)*~((~D*A))*E*~(F)+~(B)*~(C)*(~D*A)*E*~(F)+~(B)*~(C)*~((~D*A))*~(E)*F+B*~(C)*~((~D*A))*~(E)*F+~(B)*C*~((~D*A))*~(E)*F+~(B)*~(C)*(~D*A)*~(E)*F+B*~(C)*(~D*A)*~(E)*F+~(B)*~(C)*~((~D*A))*E*F+B*~(C)*~((~D*A))*E*F+~(B)*C*~((~D*A))*E*F+B*C*~((~D*A))*E*F+~(B)*~(C)*(~D*A)*E*F+B*~(C)*(~D*A)*E*F+~(B)*C*(~D*A)*E*F)") in D:\Anlogic\TD_6.2.1_Engineer_6.2.168.116\arch/al_lmacro.v(2)
HDL-1007 : elaborate module AL_MAP_LUT5(INIT=32'b10111111111111110100000000000000,EQN="(E@(D*C*B*~A))") in D:\Anlogic\TD_6.2.1_Engineer_6.2.168.116\arch/al_lmacro.v(13)
HDL-1007 : elaborate module AL_MAP_LUT3(INIT=8'b01001101,EQN="(~(A)*~(B)*~(C)+~(A)*B*~(C)+A*B*~(C)+~(A)*B*C)") in D:\Anlogic\TD_6.2.1_Engineer_6.2.168.116\arch/al_lmacro.v(36)
HDL-1007 : elaborate module AL_MAP_LUT5(INIT=32'b10001000000000000000100010000000,EQN="(B*A*(D@(~E*C)))") in D:\Anlogic\TD_6.2.1_Engineer_6.2.168.116\arch/al_lmacro.v(13)
HDL-1007 : elaborate module AL_MAP_LUT5(INIT=32'b11110000011110000011110000011110,EQN="(C@(B*~((~D*A))*~(E)+~(B)*(~D*A)*~(E)+B*(~D*A)*~(E)+B*(~D*A)*E))") in D:\Anlogic\TD_6.2.1_Engineer_6.2.168.116\arch/al_lmacro.v(13)
HDL-1007 : elaborate module AL_MAP_LUT5(INIT=32'b01111111111101110000000000000000,EQN="(E*~(B*A*~(D@C)))") in D:\Anlogic\TD_6.2.1_Engineer_6.2.168.116\arch/al_lmacro.v(13)
HDL-1007 : elaborate module AL_MAP_LUT5(INIT=32'b01000000110100001111010011111101,EQN="(~(A)*~(B)*~(C)*~(D)*~(E)+~(A)*B*~(C)*~(D)*~(E)+A*B*~(C)*~(D)*~(E)+~(A)*~(B)*C*~(D)*~(E)+A*~(B)*C*~(D)*~(E)+~(A)*B*C*~(D)*~(E)+A*B*C*~(D)*~(E)+~(A)*B*~(C)*D*~(E)+~(A)*~(B)*C*D*~(E)+A*~(B)*C*D*~(E)+~(A)*B*C*D*~(E)+A*B*C*D*~(E)+~(A)*~(B)*C*~(D)*E+~(A)*B*C*~(D)*E+A*B*C*~(D)*E+~(A)*B*C*D*E)") in D:\Anlogic\TD_6.2.1_Engineer_6.2.168.116\arch/al_lmacro.v(13)
HDL-1007 : elaborate module AL_MAP_LUT5(INIT=32'b10000000000000000000000000000000,EQN="(E*D*C*B*A)") in D:\Anlogic\TD_6.2.1_Engineer_6.2.168.116\arch/al_lmacro.v(13)
HDL-1007 : elaborate module AL_MAP_LUT5(INIT=32'b10111111111110110100000000000100,EQN="(E@(B*~A*~(D@C)))") in D:\Anlogic\TD_6.2.1_Engineer_6.2.168.116\arch/al_lmacro.v(13)
HDL-1007 : elaborate module AL_MAP_LUT6(INIT=64'b0111010111011111111101110101110100000000000000000000000000000000,EQN="(F*~(A*~(D@(B*~(C)*~(E)+~(B)*~(C)*E+B*~(C)*E+B*C*E))))") in D:\Anlogic\TD_6.2.1_Engineer_6.2.168.116\arch/al_lmacro.v(2)
HDL-1007 : elaborate module AL_MAP_LUT6(INIT=64'b01000000000000000,EQN="(~F*~E*D*C*B*A)") in D:\Anlogic\TD_6.2.1_Engineer_6.2.168.116\arch/al_lmacro.v(2)
HDL-1007 : elaborate module AL_MAP_LUT5(INIT=32'b01000000000000000,EQN="(~E*D*C*B*A)") in D:\Anlogic\TD_6.2.1_Engineer_6.2.168.116\arch/al_lmacro.v(13)
HDL-5317 WARNING: input port 'b' is not connected on this instance in ../user_source/ip_source/divider/divider_gate.v(2727)
HDL-5317 WARNING: input port 'a' is not connected on this instance in ../user_source/ip_source/divider/divider_gate.v(2809)
HDL-5317 WARNING: input port 'b' is not connected on this instance in ../user_source/ip_source/divider/divider_gate.v(3781)
HDL-5317 WARNING: input port 'a' is not connected on this instance in ../user_source/ip_source/divider/divider_gate.v(3870)
HDL-5317 WARNING: input port 'b' is not connected on this instance in ../user_source/ip_source/divider/divider_gate.v(4852)
HDL-5317 WARNING: input port 'a' is not connected on this instance in ../user_source/ip_source/divider/divider_gate.v(4948)
HDL-5317 WARNING: input port 'b' is not connected on this instance in ../user_source/ip_source/divider/divider_gate.v(5946)
HDL-5317 WARNING: input port 'a' is not connected on this instance in ../user_source/ip_source/divider/divider_gate.v(6049)
HDL-5317 WARNING: input port 'b' is not connected on this instance in ../user_source/ip_source/divider/divider_gate.v(7063)
HDL-5317 WARNING: input port 'a' is not connected on this instance in ../user_source/ip_source/divider/divider_gate.v(7173)
HDL-5317 Similar messages will be suppressed.
HDL-1007 : port 'doa' remains unconnected for this instance in ../user_source/hdl_source/ip/image/signal_delay.v(120)
HDL-1007 : elaborate module signal_delay(IMG_HEIGHT=600,IMG_WIDTH=1024) in ../user_source/hdl_source/ip/image/signal_delay.v(18)
HDL-1007 : elaborate module blk_mem_gen_awb_delay_signal in ../user_source/ip_source/blk_mem_gen_awb_delay_signal/blk_mem_gen_awb_delay_signal.v(10)
HDL-1007 : elaborate module ram_f84573da5ab5(DATA_WIDTH_A=96,ADDR_WIDTH_A=11,DATA_DEPTH_A=2048,DATA_WIDTH_B=96,ADDR_WIDTH_B=11,DATA_DEPTH_B=2048,REGMODE_B="NOREG",WRITEMODE_B="READBEFOREWRITE") in ../user_source/ip_source/blk_mem_gen_awb_delay_signal/ram_f84573da5ab5.v(3)
HDL-1007 : elaborate module PH1P_LOGIC_ERAM(DATA_WIDTH_A=96,DATA_WIDTH_B=96,ADDR_WIDTH_A=11,ADDR_WIDTH_B=11,DATA_DEPTH_A=2048,DATA_DEPTH_B=2048,WRITEMODE_B="READBEFOREWRITE",OREGSET_A="RESET",OREGSET_B="RESET",SSROVERCE="DISABLE",ASYNC_RESET_RELEASE_A="ASYNC",ASYNC_RESET_RELEASE_B="ASYNC",IMPLEMENT="20K(FAST)") in D:\Anlogic\TD_6.2.1_Engineer_6.2.168.116\arch/ph1p_macro.v(22)
HDL-5323 WARNING: input port 'dib[95]' remains unconnected for this instance in ../user_source/hdl_source/ip/image/signal_delay.v(120)
HDL-1007 : elaborate module image_process_stream_96 in ../user_source/hdl_source/ip/image/image_process_stream_96.v(39)
HDL-1007 : extracting RAM for identifier 'gray_line_a' in ../user_source/hdl_source/ip/image/image_process_stream_96.v(77)
HDL-1007 : extracting RAM for identifier 'gray_line_b' in ../user_source/hdl_source/ip/image/image_process_stream_96.v(78)
HDL-1007 : extracting RAM for identifier 'bin_line_a' in ../user_source/hdl_source/ip/image/image_process_stream_96.v(80)
HDL-1007 : extracting RAM for identifier 'bin_line_b' in ../user_source/hdl_source/ip/image/image_process_stream_96.v(81)
HDL-1007 : elaborate module data_96bit_to_128bit in ../user_source/hdl_source/ip/image/data96_128/data96_128.v(40)
HDL-1007 : elaborate module video_in in ../user_source/hdl_source/ip/video/video_in.v(3)
HDL-1007 : elaborate module w128_d512_fifo in ../user_source/ip_source/w128_d512_fifo/w128_d512_fifo.v(2)
HDL-1007 : port 'doa' remains unconnected for this instance in ../user_source/ip_source/w128_d512_fifo/soft_fifo_al_4057d6b76aa6.v(216)
HDL-1007 : port 'dib' remains unconnected for this instance in ../user_source/ip_source/w128_d512_fifo/soft_fifo_al_4057d6b76aa6.v(216)
HDL-1007 : elaborate module soft_fifo_al_4057d6b76aa6(DATA_WIDTH_W=128,DATA_WIDTH_R=128,ADDR_WIDTH_W=9,ADDR_WIDTH_R=9,AL_FULL_NUM=253,AL_EMPTY_NUM=2,SHOW_AHEAD_EN=0) in ../user_source/ip_source/w128_d512_fifo/soft_fifo_al_4057d6b76aa6.v(3)
HDL-1007 : elaborate module fifo_cross_domain_addr_process_al_4057d6b76aa6 in ../user_source/ip_source/w128_d512_fifo/soft_fifo_al_4057d6b76aa6.v(240)
HDL-1007 : elaborate module ram_infer_4057d6b76aa6(DATAWIDTH_A=128,ADDRWIDTH_A=9,DATAWIDTH_B=128,ADDRWIDTH_B=9) in ../user_source/ip_source/w128_d512_fifo/soft_fifo_al_4057d6b76aa6.v(323)
HDL-1007 : extracting RAM for identifier 'memory' in ../user_source/ip_source/w128_d512_fifo/soft_fifo_al_4057d6b76aa6.v(388)
HDL-5007 WARNING: actual bit length 32 differs from formal bit length 1 for port 'ceb' in ../user_source/ip_source/w128_d512_fifo/soft_fifo_al_4057d6b76aa6.v(230)
HDL-5007 WARNING: actual bit length 32 differs from formal bit length 9 for port 'addrb' in ../user_source/ip_source/w128_d512_fifo/soft_fifo_al_4057d6b76aa6.v(233)
HDL-5317 WARNING: input port 'dib[127]' is not connected on this instance in ../user_source/ip_source/w128_d512_fifo/soft_fifo_al_4057d6b76aa6.v(221)
HDL-1007 : elaborate module video_out in ../user_source/hdl_source/ip/video/video_out.v(4)
HDL-1007 : elaborate module mc_to_user_interface in ../user_source/hdl_source/ip/memory/mc_to_user_interface.v(3)
HDL-1007 : elaborate module w155_d512_fifo in ../user_source/ip_source/w155_d512_fifo/w155_d512_fifo.v(2)
HDL-1007 : port 'doa' remains unconnected for this instance in ../user_source/ip_source/w155_d512_fifo/soft_fifo_al_f58e8b3e1f3d.v(194)
HDL-1007 : port 'dib' remains unconnected for this instance in ../user_source/ip_source/w155_d512_fifo/soft_fifo_al_f58e8b3e1f3d.v(194)
HDL-1007 : elaborate module soft_fifo_al_f58e8b3e1f3d(DATA_WIDTH_W=155,DATA_WIDTH_R=155,ADDR_WIDTH_W=9,ADDR_WIDTH_R=9,AL_FULL_NUM=500,AL_EMPTY_NUM=2,SHOW_AHEAD_EN=1) in ../user_source/ip_source/w155_d512_fifo/soft_fifo_al_f58e8b3e1f3d.v(3)
HDL-1007 : elaborate module ram_infer_f58e8b3e1f3d(DATAWIDTH_A=155,ADDRWIDTH_A=9,DATAWIDTH_B=155,ADDRWIDTH_B=9) in ../user_source/ip_source/w155_d512_fifo/soft_fifo_al_f58e8b3e1f3d.v(220)
HDL-1007 : extracting RAM for identifier 'memory' in ../user_source/ip_source/w155_d512_fifo/soft_fifo_al_f58e8b3e1f3d.v(285)
HDL-5007 WARNING: actual bit length 32 differs from formal bit length 1 for port 'cea' in ../user_source/ip_source/w155_d512_fifo/soft_fifo_al_f58e8b3e1f3d.v(203)
HDL-5007 WARNING: actual bit length 32 differs from formal bit length 1 for port 'ocea' in ../user_source/ip_source/w155_d512_fifo/soft_fifo_al_f58e8b3e1f3d.v(205)
HDL-5007 WARNING: actual bit length 32 differs from formal bit length 1 for port 'ceb' in ../user_source/ip_source/w155_d512_fifo/soft_fifo_al_f58e8b3e1f3d.v(210)
HDL-5007 WARNING: actual bit length 32 differs from formal bit length 1 for port 'web' in ../user_source/ip_source/w155_d512_fifo/soft_fifo_al_f58e8b3e1f3d.v(211)
HDL-5007 WARNING: actual bit length 32 differs from formal bit length 9 for port 'addrb' in ../user_source/ip_source/w155_d512_fifo/soft_fifo_al_f58e8b3e1f3d.v(213)
HDL-5317 WARNING: input port 'dib[154]' is not connected on this instance in ../user_source/ip_source/w155_d512_fifo/soft_fifo_al_f58e8b3e1f3d.v(201)
HDL-5007 WARNING: actual bit length 16 differs from formal bit length 32 for port 'O_mc_app_wdf_mask' in ../user_source/hdl_source/design_top_wrapper.v(714)
HDL-1007 : port 'apb_pready' remains unconnected for this instance in ../user_source/hdl_source/ip/memory/ph1p35_ddr/ph1p35_324_ddr_wrapper.v(78)
HDL-1007 : port 'apb_prdata' remains unconnected for this instance in ../user_source/hdl_source/ip/memory/ph1p35_ddr/ph1p35_324_ddr_wrapper.v(78)
HDL-1007 : port 'cfg_rst_n' remains unconnected for this instance in ../user_source/hdl_source/ip/memory/ph1p35_ddr/ph1p35_324_ddr_wrapper.v(78)
HDL-1007 : elaborate module ph1p35_324_ddr_wrapper in ../user_source/hdl_source/ip/memory/ph1p35_ddr/ph1p35_324_ddr_wrapper.v(2)
HDL-1007 : elaborate module ddr2 in ../user_source/hdl_source/ip/memory/ph1p35_ddr/ddr2/ddr2.v(10)
HDL-1007 : elaborate module ph1p_ddrmc_wrapper_63f4ac254419(HOST_AC_DRV="75",HOST_DX_DRV="75",HOST_DX_ODT="75",DRAM_DRV="0",DRAM_ODT="75",CL=7,CAL_EN=0,PLL0_REFCLK_FREQ=100.0,PLL0_REFCLK_DIV=3,PLL0_FBKCLK_DIV=32,PLL0_CLK2_DIV=2,PLL0_CLK3_DIV=21,PLL1_REFCLK_FREQ=133.3,PLL1_REFCLK_DIV=4,MC_ADDR_MAP="ROW_COL_BANK",MC_REORDER="NORMAL",MC_ADDR_WIDTH=25,MC_DATA_WIDTH=128,MC_MASK_WIDTH=16,AXI_ADDR_WIDTH=26,AXI_DATA_WIDTH=128,AXI_MASK_WIDTH=16) in ../user_source/hdl_source/ip/memory/ph1p35_ddr/ddr2/ph1p_ddrmc_wrapper_63f4ac254419.v(14)
HDL-1007 : port 'dhi_cmd_err' remains unconnected for this instance in ../user_source/hdl_source/ip/memory/ph1p35_ddr/ddr2/src/rtl/top/ph1p_ddrmc_top.v(163)
HDL-1007 : elaborate module ph1p_ddrmc_top(HOST_AC_DRV="75",HOST_DX_DRV="75",HOST_DX_ODT="75",DRAM_DRV="0",DRAM_ODT="75",CL=7,CAL_EN=0,PLL0_REFCLK_FREQ=100.0,PLL0_REFCLK_DIV=3,PLL0_FBKCLK_DIV=32,PLL0_CLK2_DIV=2,PLL0_CLK3_DIV=21,PLL1_REFCLK_FREQ=133.3,PLL1_REFCLK_DIV=4,MC_ADDR_MAP="ROW_COL_BANK",MC_REORDER="NORMAL",MC_ADDR_WIDTH=25,MC_DATA_WIDTH=128,MC_MASK_WIDTH=16) in ../user_source/hdl_source/ip/memory/ph1p35_ddr/ddr2/src/rtl/top/ph1p_ddrmc_top.v(8)
HDL-1007 : port 'dly_cur_wdq' remains unconnected for this instance in ../user_source/hdl_source/ip/memory/ph1p35_ddr/ddr2/src/rtl/phy/ph1p_ddrphy_wrapper.v(478)
HDL-1007 : port 'dly_cur_rdqsp' remains unconnected for this instance in ../user_source/hdl_source/ip/memory/ph1p35_ddr/ddr2/src/rtl/phy/ph1p_ddrphy_wrapper.v(478)
HDL-1007 : port 'dly_cur_rdqsn' remains unconnected for this instance in ../user_source/hdl_source/ip/memory/ph1p35_ddr/ddr2/src/rtl/phy/ph1p_ddrphy_wrapper.v(478)
HDL-1007 : elaborate module ph1p_ddrphy_wrapper(tCK=1876,DX_NUM=2,BG_WIDTH=0,BA_WIDTH=2,ROW_WIDTH=13,ADR_WIDTH=13,HOST_AC_DRV="75",HOST_DX_DRV="75",HOST_DX_ODT="75",DRAM_DRV="0",DRAM_ODT="75",CWL=6,CL=7,WDM=1,CAL_EN=0,PLL0_REFCLK_FREQ=100.0,PLL0_REFCLK_DIV=3,PLL0_FBKCLK_DIV=32,PLL0_CLK2_DIV=2,PLL0_CLK3_DIV=21,PLL1_REFCLK_FREQ=133.3,PLL1_REFCLK_DIV=4) in ../user_source/hdl_source/ip/memory/ph1p35_ddr/ddr2/src/rtl/phy/ph1p_ddrphy_wrapper.v(4)
HDL-1007 : elaborate module ph1p_ddrphy_dram_init(tCK=1876,CL=7,RTT_NOM="75") in ../user_source/hdl_source/ip/memory/ph1p35_ddr/ddr2/src/rtl/init/ph1p_ddrphy_dram_init_ddr2.v(4)
HDL-1007 : port 'rst_sync' remains unconnected for this instance in ../user_source/hdl_source/ip/memory/ph1p35_ddr/ddr2/src/rtl/phy/ph1p_ddrphy_top.v(337)
HDL-1007 : port 'dhi_bg' remains unconnected for this instance in ../user_source/hdl_source/ip/memory/ph1p35_ddr/ddr2/src/rtl/phy/ph1p_ddrphy_top.v(644)
HDL-1007 : elaborate module ph1p_ddrphy_top(DX_NUM=2,BG_WIDTH=0,BA_WIDTH=2,ROW_WIDTH=13,ADR_WIDTH=13,AC_DRV="75",DX_DRV="75",DX_ODT="75",CWL=6,CL=7,PLL0_REFCLK_FREQ=100.0,PLL0_REFCLK_DIV=3,PLL0_FBKCLK_DIV=32,PLL0_CLK2_DIV=2,PLL0_CLK3_DIV=21,PLL1_REFCLK_FREQ=133.3,PLL1_REFCLK_DIV=4,DDRPHY_ROM_LEN=45,DDRPHY_ROM_INIT="ddrphy_cfg_rom.txt") in ../user_source/hdl_source/ip/memory/ph1p35_ddr/ddr2/src/rtl/phy/ph1p_ddrphy_top.v(3)
HDL-1007 : elaborate module ph1p_ddrphy_clk_top(PLL0_REFCLK_FREQ=100.0,PLL0_REFCLK_DIV=3,PLL0_FBKCLK_DIV=32,PLL0_CLK2_DIV=2,PLL0_CLK3_DIV=21,PLL1_REFCLK_FREQ=133.3,PLL1_REFCLK_DIV=4) in ../user_source/hdl_source/ip/memory/ph1p35_ddr/ddr2/src/rtl/clk/ph1p_ddrphy_clk_top.v(4)
HDL-1007 : port 'clkcb' remains unconnected for this instance in ../user_source/hdl_source/ip/memory/ph1p35_ddr/ddr2/src/rtl/clk/ph1p_ddrphy_pll0.v(85)
HDL-1007 : elaborate module ph1p_ddrphy_pll0(REFCLK_FREQ=100.0,FBKCLK_DIV=32,CLK2_DIV=2,CLK3_DIV=21) in ../user_source/hdl_source/ip/memory/ph1p35_ddr/ddr2/src/rtl/clk/ph1p_ddrphy_pll0.v(9)
HDL-1007 : elaborate module PH1P_PHY_PLL_V2(FBKCLK="VCO_PHASE0",FIN=100.0,REFCLK_DIV=3,FBCLK_DIV=32,CLKC0_CPHASE=7,CLKC1_CPHASE=7,CLKC2_CPHASE=1,CLKC3_CPHASE=20,CLKC0_DIV=8,CLKC1_DIV=8,CLKC2_DIV=2,CLKC3_DIV=21,CLKC0_DUTY_INT=4,CLKC1_DUTY_INT=4,CLKC3_DUTY_INT=11,CLKC0_ENABLE="ENABLE",CLKC1_ENABLE="ENABLE",CLKC2_ENABLE="ENABLE",CLKC3_ENABLE="ENABLE",LPF_CAP=0,ICP_CUR=0,FEEDBK_MODE="NOCOMP") in D:\Anlogic\TD_6.2.1_Engineer_6.2.168.116\arch/ph1p_macro.v(1091)
HDL-1007 : port 'clkcb' remains unconnected for this instance in ../user_source/hdl_source/ip/memory/ph1p35_ddr/ddr2/src/rtl/clk/ph1p_ddrphy_pll1.v(75)
HDL-1007 : elaborate module ph1p_ddrphy_pll1(REFCLK_FREQ=133.3,REFCLK_DIV=4) in ../user_source/hdl_source/ip/memory/ph1p35_ddr/ddr2/src/rtl/clk/ph1p_ddrphy_pll1.v(6)
HDL-1007 : elaborate module PH1P_PHY_PLL_V2(FBKCLK_INT="CLKC0_EXT",FIN=133.3,REFCLK_DIV=4,FBCLK_DIV=4,CLKC0_CPHASE=11,CLKC0_DIV=12,CLKC0_DUTY_INT=6,CLKC0_ENABLE="ENABLE",PLL_FEED_TYPE="EXTERNAL",PLL_FASTLOOP="ENABLE",LPF_RES=0,LPF_CAP=25,ICP_CUR=29) in D:\Anlogic\TD_6.2.1_Engineer_6.2.168.116\arch/ph1p_macro.v(1091)
HDL-1007 : elaborate module PH1P_PHY_MLCLK in D:\Anlogic\TD_6.2.1_Engineer_6.2.168.116\arch/ph1p_macro.v(3220)
HDL-1007 : elaborate module PH1P_PHY_IOCLK in D:\Anlogic\TD_6.2.1_Engineer_6.2.168.116\arch/ph1p_macro.v(896)
HDL-1007 : elaborate module ph1p_ddrphy_sync_rst_gen in ../user_source/hdl_source/ip/memory/ph1p35_ddr/ddr2/src/rtl/misc/ph1p_ddrphy_sync_rst_gen.v(3)
HDL-1007 : elaborate module ph1p_ddrphy_init(ROM_LEN=45,ROM_INIT="ddrphy_cfg_rom.txt") in ../user_source/hdl_source/ip/memory/ph1p35_ddr/ddr2/src/rtl/phy/ph1p_ddrphy_init.v(4)
HDL-1007 : extracting RAM for identifier 'rom_w52' in ../user_source/hdl_source/ip/memory/ph1p35_ddr/ddr2/src/rtl/phy/ph1p_ddrphy_init.v(36)
HDL-1007 : readmemh: reading from file 'ddrphy_cfg_rom.txt' in ../user_source/hdl_source/ip/memory/ph1p35_ddr/ddr2/src/rtl/phy/ph1p_ddrphy_init.v(53)
HDL-5314 WARNING: net 'rom_w52' does not have a driver in ../user_source/hdl_source/ip/memory/ph1p35_ddr/ddr2/src/rtl/phy/ph1p_ddrphy_init.v(36)
HDL-1007 : elaborate module ph1p_ddrphy_mdl_cal_wrapper in ../user_source/hdl_source/ip/memory/ph1p35_ddr/ddr2/src/rtl/phy/ph1p_ddrphy_mdl_cal_wrapper.v(3)
HDL-1007 : elaborate module ph1p_ddrphy_mdl_cal in ../user_source/hdl_source/ip/memory/ph1p35_ddr/ddr2/src/rtl/phy/ph1p_ddrphy_mdl_cal.v(12)
HDL-1007 : elaborate module ph1p_ddrphy_fast_init_wrapper in ../user_source/hdl_source/ip/memory/ph1p35_ddr/ddr2/src/rtl/phy/ph1p_ddrphy_fast_init_wrapper.v(8)
HDL-1007 : elaborate module ph1p_ddrphy_fast_init in ../user_source/hdl_source/ip/memory/ph1p35_ddr/ddr2/src/rtl/phy/ph1p_ddrphy_fast_init.v(12)
HDL-5314 WARNING: net 'usr_vld[8]' does not have a driver in ../user_source/hdl_source/ip/memory/ph1p35_ddr/ddr2/src/rtl/phy/ph1p_ddrphy_fast_init_wrapper.v(132)
HDL-5314 WARNING: net 'init_gate[80]' does not have a driver in ../user_source/hdl_source/ip/memory/ph1p35_ddr/ddr2/src/rtl/phy/ph1p_ddrphy_fast_init_wrapper.v(134)
HDL-5314 WARNING: net 'init_wdqs[80]' does not have a driver in ../user_source/hdl_source/ip/memory/ph1p35_ddr/ddr2/src/rtl/phy/ph1p_ddrphy_fast_init_wrapper.v(135)
HDL-5314 WARNING: net 'init_wdq[80]' does not have a driver in ../user_source/hdl_source/ip/memory/ph1p35_ddr/ddr2/src/rtl/phy/ph1p_ddrphy_fast_init_wrapper.v(136)
HDL-5314 WARNING: net 'init_rdqsp[80]' does not have a driver in ../user_source/hdl_source/ip/memory/ph1p35_ddr/ddr2/src/rtl/phy/ph1p_ddrphy_fast_init_wrapper.v(137)
HDL-5314 WARNING: net 'init_rdqsn[80]' does not have a driver in ../user_source/hdl_source/ip/memory/ph1p35_ddr/ddr2/src/rtl/phy/ph1p_ddrphy_fast_init_wrapper.v(138)
HDL-5314 WARNING: net 'init_wsl[35]' does not have a driver in ../user_source/hdl_source/ip/memory/ph1p35_ddr/ddr2/src/rtl/phy/ph1p_ddrphy_fast_init_wrapper.v(139)
HDL-5314 WARNING: net 'init_rsl[35]' does not have a driver in ../user_source/hdl_source/ip/memory/ph1p35_ddr/ddr2/src/rtl/phy/ph1p_ddrphy_fast_init_wrapper.v(140)
HDL-1007 : elaborate module ph1p_ddrphy_dcu_wrapper in ../user_source/hdl_source/ip/memory/ph1p35_ddr/ddr2/src/rtl/phy/ph1p_ddrphy_dcu_wrapper.v(4)
HDL-1007 : elaborate module ph1p_ddrphy_dcu in ../user_source/hdl_source/ip/memory/ph1p35_ddr/ddr2/src/rtl/phy/ph1p_ddrphy_dcu.v(14)
HDL-5314 WARNING: net 'lcdl_mdl_r[8]' does not have a driver in ../user_source/hdl_source/ip/memory/ph1p35_ddr/ddr2/src/rtl/phy/ph1p_ddrphy_dcu.v(94)
HDL-1007 : elaborate module ph1p_ddrphy_cmd_wrapper(ROW_WIDTH=13,ADR_WIDTH=13,BA_WIDTH=2,CWL=6,CL=7) in ../user_source/hdl_source/ip/memory/ph1p35_ddr/ddr2/src/rtl/phy/ph1p_ddrphy_cmd_wrapper.v(3)
HDL-1007 : elaborate module ph1p_ddrphy_cmd_execution(ADR_WIDTH=13,ROW_WIDTH=13,BA_WIDTH=2) in ../user_source/hdl_source/ip/memory/ph1p35_ddr/ddr2/src/rtl/phy/ph1p_ddrphy_cmd_execution.v(3)
HDL-1007 : elaborate module ph1p_ddrphy_cmd_decode(ROW_WIDTH=13,ADR_WIDTH=13,BA_WIDTH=2) in ../user_source/hdl_source/ip/memory/ph1p35_ddr/ddr2/src/rtl/phy/ph1p_ddrphy_cmd_decode.v(3)
HDL-1007 : elaborate module ph1p_ddrphy_wphase_ctl(CWL=6) in ../user_source/hdl_source/ip/memory/ph1p35_ddr/ddr2/src/rtl/phy/ph1p_ddrphy_wphase_ctl.v(6)
HDL-1007 : elaborate module ph1p_ddrphy_rphase_ctl(CL=7) in ../user_source/hdl_source/ip/memory/ph1p35_ddr/ddr2/src/rtl/phy/ph1p_ddrphy_rphase_ctl.v(6)
HDL-5007 WARNING: actual bit length 1 differs from formal bit length 2 for port 'dhi_wdata_en' in ../user_source/hdl_source/ip/memory/ph1p35_ddr/ddr2/src/rtl/phy/ph1p_ddrphy_top.v(605)
HDL-1007 : elaborate module ph1p_ddrphy(DX_NUM=2,BA_WIDTH=2,ADR_WIDTH=13,AC_DRV="75",DX_DRV="75",DX_ODT="75") in ../user_source/hdl_source/ip/memory/ph1p35_ddr/ddr2/src/rtl/phy/ph1p_ddrphy.v(3)
HDL-1007 : elaborate module PH1P_PHY_DDRPHY_BANKREF(VCCIO="1V50",BYTE0_MODE="IN",BYTE1_MODE="IN",BYTE2_MODE="IN",BYTE3_MODE="IN") in D:\Anlogic\TD_6.2.1_Engineer_6.2.168.116\arch/ph1p_macro.v(1659)
HDL-1007 : port 'dx_rfifo_empty' remains unconnected for this instance in ../user_source/hdl_source/ip/memory/ph1p35_ddr/ddr2/src/rtl/phy/ph1p_ddrphy_byte_wrapper.v(165)
HDL-1007 : port 'phy_osc_en' remains unconnected for this instance in ../user_source/hdl_source/ip/memory/ph1p35_ddr/ddr2/src/rtl/phy/ph1p_ddrphy_byte_wrapper.v(165)
HDL-1007 : port 'phy_test_mode' remains unconnected for this instance in ../user_source/hdl_source/ip/memory/ph1p35_ddr/ddr2/src/rtl/phy/ph1p_ddrphy_byte_wrapper.v(165)
HDL-1007 : port 'phy_lb_en' remains unconnected for this instance in ../user_source/hdl_source/ip/memory/ph1p35_ddr/ddr2/src/rtl/phy/ph1p_ddrphy_byte_wrapper.v(165)
HDL-1007 : port 'phy_lb_ck_sel' remains unconnected for this instance in ../user_source/hdl_source/ip/memory/ph1p35_ddr/ddr2/src/rtl/phy/ph1p_ddrphy_byte_wrapper.v(165)
HDL-1007 : elaborate module ph1p_ddrphy_byte_wrapper(BYTE_TYPE="AC",PAD_TYPE=52'b1111000000000000000011111111111100001111111111111111) in ../user_source/hdl_source/ip/memory/ph1p35_ddr/ddr2/src/rtl/phy/ph1p_ddrphy_byte_wrapper.v(11)
HDL-1007 : elaborate module PH1P_PHY_DDRPHY_BYTE(BYTE_TYPE="AC",DCC_EN="ENABLE") in D:\Anlogic\TD_6.2.1_Engineer_6.2.168.116\arch/ph1p_macro.v(7044)
HDL-1007 : elaborate module PH1P_PHY_DDRPHY_PAD_V2(DISABLE_GSR="ENABLE",MODE="OUT",DRV="48",ODT="60") in D:\Anlogic\TD_6.2.1_Engineer_6.2.168.116\arch/ph1p_macro.v(7464)
HDL-5314 WARNING: net 'phy_rdata[103]' does not have a driver in ../user_source/hdl_source/ip/memory/ph1p35_ddr/ddr2/src/rtl/phy/ph1p_ddrphy_byte_wrapper.v(152)
HDL-5314 WARNING: net 'phy_rdqs[7]' does not have a driver in ../user_source/hdl_source/ip/memory/ph1p35_ddr/ddr2/src/rtl/phy/ph1p_ddrphy_byte_wrapper.v(157)
HDL-5317 WARNING: input port 'dl_in' is not connected on this instance in ../user_source/hdl_source/ip/memory/ph1p35_ddr/ddr2/src/rtl/phy/ph1p_ddrphy_byte_wrapper.v(390)
HDL-1007 : elaborate module ph1p_ddrphy_byte_wrapper(BYTE_TYPE="AC",PAD_TYPE=52'b1111111111110000000011111111000000001111111100000000) in ../user_source/hdl_source/ip/memory/ph1p35_ddr/ddr2/src/rtl/phy/ph1p_ddrphy_byte_wrapper.v(11)
HDL-5314 WARNING: net 'phy_rdata[103]' does not have a driver in ../user_source/hdl_source/ip/memory/ph1p35_ddr/ddr2/src/rtl/phy/ph1p_ddrphy_byte_wrapper.v(152)
HDL-5314 WARNING: net 'phy_rdqs[7]' does not have a driver in ../user_source/hdl_source/ip/memory/ph1p35_ddr/ddr2/src/rtl/phy/ph1p_ddrphy_byte_wrapper.v(157)
HDL-5317 WARNING: input port 'dl_in' is not connected on this instance in ../user_source/hdl_source/ip/memory/ph1p35_ddr/ddr2/src/rtl/phy/ph1p_ddrphy_byte_wrapper.v(390)
HDL-1007 : elaborate module ph1p_ddrphy_byte_wrapper(BYTE_TYPE="AC",PAD_TYPE=52'b1111111111110000000000000000000000001111111111111111) in ../user_source/hdl_source/ip/memory/ph1p35_ddr/ddr2/src/rtl/phy/ph1p_ddrphy_byte_wrapper.v(11)
HDL-5314 WARNING: net 'phy_rdata[103]' does not have a driver in ../user_source/hdl_source/ip/memory/ph1p35_ddr/ddr2/src/rtl/phy/ph1p_ddrphy_byte_wrapper.v(152)
HDL-5317 WARNING: input port 'dl_in' is not connected on this instance in ../user_source/hdl_source/ip/memory/ph1p35_ddr/ddr2/src/rtl/phy/ph1p_ddrphy_byte_wrapper.v(390)
HDL-1007 : elaborate module ph1p_ddrphy_byte_wrapper(PAD_TYPE=52'b1111011001100110011001010100011001100110011011110110,AC_DRV="75",DX_DRV="75",DX_ODT="75") in ../user_source/hdl_source/ip/memory/ph1p35_ddr/ddr2/src/rtl/phy/ph1p_ddrphy_byte_wrapper.v(11)
HDL-1007 : elaborate module PH1P_PHY_DDRPHY_BYTE(DCC_EN="ENABLE") in D:\Anlogic\TD_6.2.1_Engineer_6.2.168.116\arch/ph1p_macro.v(7044)
HDL-1007 : elaborate module PH1P_PHY_DDRPHY_PAD_V2(DDR_SIGNAL_TYPE="DQ",OCLK_SEL="CLK_WDQ",DISABLE_GSR="ENABLE",MODE="BI",DRV="75",ODT="75") in D:\Anlogic\TD_6.2.1_Engineer_6.2.168.116\arch/ph1p_macro.v(7464)
HDL-1007 : elaborate module PH1P_PHY_DDRPHY_PAD_V2(DDR_SIGNAL_TYPE="DQSP",OCLK_SEL="CLK_WL",DISABLE_GSR="ENABLE",MODE="BI",DRV="75",ODT="75") in D:\Anlogic\TD_6.2.1_Engineer_6.2.168.116\arch/ph1p_macro.v(7464)
HDL-1007 : elaborate module PH1P_PHY_DDRPHY_PAD_V2(DDR_SIGNAL_TYPE="DQSN",OCLK_SEL="CLK_WL",DISABLE_GSR="ENABLE",MODE="BI",DRV="75",ODT="75") in D:\Anlogic\TD_6.2.1_Engineer_6.2.168.116\arch/ph1p_macro.v(7464)
HDL-5314 WARNING: net 'phy_rdata[103]' does not have a driver in ../user_source/hdl_source/ip/memory/ph1p35_ddr/ddr2/src/rtl/phy/ph1p_ddrphy_byte_wrapper.v(152)
HDL-5317 WARNING: input port 'dl_in' is not connected on this instance in ../user_source/hdl_source/ip/memory/ph1p35_ddr/ddr2/src/rtl/phy/ph1p_ddrphy_byte_wrapper.v(390)
HDL-5007 WARNING: actual bit length 2 differs from formal bit length 1 for port 'dx_rfifo_en' in ../user_source/hdl_source/ip/memory/ph1p35_ddr/ddr2/src/rtl/phy/ph1p_ddrphy.v(620)
HDL-1007 : elaborate module ph1p_ddrphy_byte_wrapper(PAD_TYPE=52'b1111011001100110011001010100111101100110011001100110,AC_DRV="75",DX_DRV="75",DX_ODT="75") in ../user_source/hdl_source/ip/memory/ph1p35_ddr/ddr2/src/rtl/phy/ph1p_ddrphy_byte_wrapper.v(11)
HDL-5314 WARNING: net 'phy_rdata[103]' does not have a driver in ../user_source/hdl_source/ip/memory/ph1p35_ddr/ddr2/src/rtl/phy/ph1p_ddrphy_byte_wrapper.v(152)
HDL-5317 WARNING: input port 'dl_in' is not connected on this instance in ../user_source/hdl_source/ip/memory/ph1p35_ddr/ddr2/src/rtl/phy/ph1p_ddrphy_byte_wrapper.v(390)
HDL-5007 WARNING: actual bit length 2 differs from formal bit length 1 for port 'dx_rfifo_en' in ../user_source/hdl_source/ip/memory/ph1p35_ddr/ddr2/src/rtl/phy/ph1p_ddrphy.v(620)
HDL-5314 WARNING: net 'dx2_wdata[103]' does not have a driver in ../user_source/hdl_source/ip/memory/ph1p35_ddr/ddr2/src/rtl/phy/ph1p_ddrphy.v(187)
HDL-5314 WARNING: net 'dx3_wdata[103]' does not have a driver in ../user_source/hdl_source/ip/memory/ph1p35_ddr/ddr2/src/rtl/phy/ph1p_ddrphy.v(188)
HDL-5314 WARNING: net 'dx4_wdata[103]' does not have a driver in ../user_source/hdl_source/ip/memory/ph1p35_ddr/ddr2/src/rtl/phy/ph1p_ddrphy.v(189)
HDL-5314 Similar messages will be suppressed.
HDL-5317 WARNING: input port 'i_scan_clk' is not connected on this instance in ../user_source/hdl_source/ip/memory/ph1p35_ddr/ddr2/src/rtl/phy/ph1p_ddrphy.v(438)
HDL-5323 WARNING: input port 'dqs_pupd_en' remains unconnected for this instance in ../user_source/hdl_source/ip/memory/ph1p35_ddr/ddr2/src/rtl/phy/ph1p_ddrphy.v(528)
HDL-5317 WARNING: input port 'dly_full[1]' is not connected on this instance in ../user_source/hdl_source/ip/memory/ph1p35_ddr/ddr2/src/rtl/phy/ph1p_ddrphy_top.v(457)
HDL-5323 WARNING: input port 'dhi_bg[11]' remains unconnected for this instance in ../user_source/hdl_source/ip/memory/ph1p35_ddr/ddr2/src/rtl/phy/ph1p_ddrphy_top.v(658)
HDL-1007 : elaborate module alc_phy2mc_fifo_ctrl(DX_NUM=2) in ../user_source/hdl_source/ip/memory/ph1p35_ddr/ddr2/src/rtl/mc/alc_phy2mc_fifo_ctrl.v(4)
HDL-1007 : elaborate module ph1p_ddr_fifo_dram_sync(DW=64) in ../user_source/hdl_source/ip/memory/ph1p35_ddr/ddr2/src/rtl/misc/ph1p_ddr_fifo_dram_sync.v(9)
HDL-1007 : extracting RAM for identifier 'data' in ../user_source/hdl_source/ip/memory/ph1p35_ddr/ddr2/src/rtl/misc/ph1p_ddr_fifo_dram_sync.v(31)
HDL-5007 WARNING: delay control is not supported for synthesis in ../user_source/hdl_source/ip/memory/ph1p35_ddr/ddr2/src/rtl/misc/ph1p_ddr_fifo_dram_sync.v(49)
HDL-5007 WARNING: delay control is not supported for synthesis in ../user_source/hdl_source/ip/memory/ph1p35_ddr/ddr2/src/rtl/misc/ph1p_ddr_fifo_dram_sync.v(51)
HDL-5007 WARNING: delay control is not supported for synthesis in ../user_source/hdl_source/ip/memory/ph1p35_ddr/ddr2/src/rtl/misc/ph1p_ddr_fifo_dram_sync.v(58)
HDL-5007 WARNING: delay control is not supported for synthesis in ../user_source/hdl_source/ip/memory/ph1p35_ddr/ddr2/src/rtl/misc/ph1p_ddr_fifo_dram_sync.v(60)
HDL-5007 WARNING: delay control is not supported for synthesis in ../user_source/hdl_source/ip/memory/ph1p35_ddr/ddr2/src/rtl/misc/ph1p_ddr_fifo_dram_sync.v(67)
HDL-5007 WARNING: delay control is not supported for synthesis in ../user_source/hdl_source/ip/memory/ph1p35_ddr/ddr2/src/rtl/misc/ph1p_ddr_fifo_dram_sync.v(74)
HDL-5007 WARNING: delay control is not supported for synthesis in ../user_source/hdl_source/ip/memory/ph1p35_ddr/ddr2/src/rtl/misc/ph1p_ddr_fifo_dram_sync.v(75)
HDL-5007 WARNING: delay control is not supported for synthesis in ../user_source/hdl_source/ip/memory/ph1p35_ddr/ddr2/src/rtl/misc/ph1p_ddr_fifo_dram_sync.v(76)
HDL-5007 WARNING: delay control is not supported for synthesis in ../user_source/hdl_source/ip/memory/ph1p35_ddr/ddr2/src/rtl/misc/ph1p_ddr_fifo_dram_sync.v(78)
HDL-5007 WARNING: delay control is not supported for synthesis in ../user_source/hdl_source/ip/memory/ph1p35_ddr/ddr2/src/rtl/misc/ph1p_ddr_fifo_dram_sync.v(79)
HDL-5007 Similar messages will be suppressed.
HDL-1007 : elaborate module alc_mc_top(DRAM_TYPE="DDR2",ECC="OFF",REORDER="NORMAL",CWL=6,BA_WIDTH=2) in ../user_source/hdl_source/ip/memory/ph1p35_ddr/ddr2/src/rtl/mc/alc_mc_top_all.enc.sv(7)
HDL-1007 : elaborate module ph1p_ddr_fifo_dram_sync(DW=4,AW=3) in ../user_source/hdl_source/ip/memory/ph1p35_ddr/ddr2/src/rtl/misc/ph1p_ddr_fifo_dram_sync.v(9)
HDL-1007 : extracting RAM for identifier 'data' in ../user_source/hdl_source/ip/memory/ph1p35_ddr/ddr2/src/rtl/misc/ph1p_ddr_fifo_dram_sync.v(31)
HDL-5007 WARNING: delay control is not supported for synthesis in ../user_source/hdl_source/ip/memory/ph1p35_ddr/ddr2/src/rtl/misc/ph1p_ddr_fifo_dram_sync.v(49)
HDL-5007 WARNING: delay control is not supported for synthesis in ../user_source/hdl_source/ip/memory/ph1p35_ddr/ddr2/src/rtl/misc/ph1p_ddr_fifo_dram_sync.v(51)
HDL-5007 WARNING: delay control is not supported for synthesis in ../user_source/hdl_source/ip/memory/ph1p35_ddr/ddr2/src/rtl/misc/ph1p_ddr_fifo_dram_sync.v(58)
HDL-5007 WARNING: delay control is not supported for synthesis in ../user_source/hdl_source/ip/memory/ph1p35_ddr/ddr2/src/rtl/misc/ph1p_ddr_fifo_dram_sync.v(60)
HDL-5007 WARNING: delay control is not supported for synthesis in ../user_source/hdl_source/ip/memory/ph1p35_ddr/ddr2/src/rtl/misc/ph1p_ddr_fifo_dram_sync.v(67)
HDL-5007 WARNING: delay control is not supported for synthesis in ../user_source/hdl_source/ip/memory/ph1p35_ddr/ddr2/src/rtl/misc/ph1p_ddr_fifo_dram_sync.v(74)
HDL-5007 WARNING: delay control is not supported for synthesis in ../user_source/hdl_source/ip/memory/ph1p35_ddr/ddr2/src/rtl/misc/ph1p_ddr_fifo_dram_sync.v(75)
HDL-5007 WARNING: delay control is not supported for synthesis in ../user_source/hdl_source/ip/memory/ph1p35_ddr/ddr2/src/rtl/misc/ph1p_ddr_fifo_dram_sync.v(76)
HDL-5007 WARNING: delay control is not supported for synthesis in ../user_source/hdl_source/ip/memory/ph1p35_ddr/ddr2/src/rtl/misc/ph1p_ddr_fifo_dram_sync.v(78)
HDL-5007 Similar messages will be suppressed.
HDL-1007 : elaborate module ph1p_ddr_fifo_dram_sync(DW=5,AW=5) in ../user_source/hdl_source/ip/memory/ph1p35_ddr/ddr2/src/rtl/misc/ph1p_ddr_fifo_dram_sync.v(9)
HDL-1007 : extracting RAM for identifier 'data' in ../user_source/hdl_source/ip/memory/ph1p35_ddr/ddr2/src/rtl/misc/ph1p_ddr_fifo_dram_sync.v(31)
HDL-1007 : elaborate module ** in ../user_source/hdl_source/ip/memory/ph1p35_ddr/ddr2/src/rtl/mc/alc_mc_top_all.enc.sv(4317)
HDL-1007 : elaborate module ** in ../user_source/hdl_source/ip/memory/ph1p35_ddr/ddr2/src/rtl/mc/alc_mc_top_all.enc.sv(2687)
HDL-1007 : extracting RAM for identifier '**' in ../user_source/hdl_source/ip/memory/ph1p35_ddr/ddr2/src/rtl/mc/alc_mc_top_all.enc.sv(2701)
HDL-1007 : elaborate module ** in ../user_source/hdl_source/ip/memory/ph1p35_ddr/ddr2/src/rtl/mc/alc_mc_top_all.enc.sv(2687)
HDL-1007 : extracting RAM for identifier '**' in ../user_source/hdl_source/ip/memory/ph1p35_ddr/ddr2/src/rtl/mc/alc_mc_top_all.enc.sv(2701)
HDL-1007 : elaborate module ** in ../user_source/hdl_source/ip/memory/ph1p35_ddr/ddr2/src/rtl/mc/alc_mc_top_all.enc.sv(2687)
HDL-1007 : extracting RAM for identifier '**' in ../user_source/hdl_source/ip/memory/ph1p35_ddr/ddr2/src/rtl/mc/alc_mc_top_all.enc.sv(2701)
HDL-1007 : elaborate module ** in ../user_source/hdl_source/ip/memory/ph1p35_ddr/ddr2/src/rtl/mc/alc_mc_top_all.enc.sv(3845)
HDL-1007 : elaborate module ** in ../user_source/hdl_source/ip/memory/ph1p35_ddr/ddr2/src/rtl/mc/alc_mc_top_all.enc.sv(2687)
HDL-1007 : extracting RAM for identifier '**' in ../user_source/hdl_source/ip/memory/ph1p35_ddr/ddr2/src/rtl/mc/alc_mc_top_all.enc.sv(2701)
HDL-1007 : elaborate module ** in ../user_source/hdl_source/ip/memory/ph1p35_ddr/ddr2/src/rtl/mc/alc_mc_top_all.enc.sv(2687)
HDL-1007 : extracting RAM for identifier '**' in ../user_source/hdl_source/ip/memory/ph1p35_ddr/ddr2/src/rtl/mc/alc_mc_top_all.enc.sv(2701)
HDL-5007 WARNING: actual bit length ** differs from formal bit length *** for port '**' in ../user_source/hdl_source/ip/memory/ph1p35_ddr/ddr2/src/rtl/mc/alc_mc_top_all.enc.sv(4019)
HDL-5007 WARNING: actual bit length ** differs from formal bit length *** for port '**' in ../user_source/hdl_source/ip/memory/ph1p35_ddr/ddr2/src/rtl/mc/alc_mc_top_all.enc.sv(4019)
HDL-5007 WARNING: actual bit length ** differs from formal bit length *** for port '**' in ../user_source/hdl_source/ip/memory/ph1p35_ddr/ddr2/src/rtl/mc/alc_mc_top_all.enc.sv(177)
HDL-1007 : elaborate module ** in ../user_source/hdl_source/ip/memory/ph1p35_ddr/ddr2/src/rtl/mc/alc_mc_top_all.enc.sv(2019)
HDL-1007 : elaborate module ** in ../user_source/hdl_source/ip/memory/ph1p35_ddr/ddr2/src/rtl/mc/alc_mc_top_all.enc.sv(2728)
HDL-1007 : extracting RAM for identifier '**' in ../user_source/hdl_source/ip/memory/ph1p35_ddr/ddr2/src/rtl/mc/alc_mc_top_all.enc.sv(2822)
HDL-1007 : elaborate module ** in ../user_source/hdl_source/ip/memory/ph1p35_ddr/ddr2/src/rtl/mc/alc_mc_top_all.enc.sv(1189)
HDL-1007 : elaborate module ** in ../user_source/hdl_source/ip/memory/ph1p35_ddr/ddr2/src/rtl/mc/alc_mc_top_all.enc.sv(1826)
HDL-1007 : elaborate module ** in ../user_source/hdl_source/ip/memory/ph1p35_ddr/ddr2/src/rtl/mc/alc_mc_top_all.enc.sv(4665)
HDL-1007 : elaborate module ** in ../user_source/hdl_source/ip/memory/ph1p35_ddr/ddr2/src/rtl/mc/alc_mc_top_all.enc.sv(946)
HDL-1007 : elaborate module ** in ../user_source/hdl_source/ip/memory/ph1p35_ddr/ddr2/src/rtl/mc/alc_mc_top_all.enc.sv(787)
HDL-1007 : elaborate module ** in ../user_source/hdl_source/ip/memory/ph1p35_ddr/ddr2/src/rtl/mc/alc_mc_top_all.enc.sv(1068)
HDL-1007 : elaborate module ** in ../user_source/hdl_source/ip/memory/ph1p35_ddr/ddr2/src/rtl/mc/alc_mc_top_all.enc.sv(1493)
HDL-1007 : elaborate module ** in ../user_source/hdl_source/ip/memory/ph1p35_ddr/ddr2/src/rtl/mc/alc_mc_top_all.enc.sv(1424)
HDL-1007 : elaborate module ** in ../user_source/hdl_source/ip/memory/ph1p35_ddr/ddr2/src/rtl/mc/alc_mc_top_all.enc.sv(1583)
HDL-1007 : elaborate module ** in ../user_source/hdl_source/ip/memory/ph1p35_ddr/ddr2/src/rtl/mc/alc_mc_top_all.enc.sv(1724)
HDL-1007 : elaborate module ** in ../user_source/hdl_source/ip/memory/ph1p35_ddr/ddr2/src/rtl/mc/alc_mc_top_all.enc.sv(2280)
HDL-1007 : elaborate module ** in ../user_source/hdl_source/ip/memory/ph1p35_ddr/ddr2/src/rtl/mc/alc_mc_top_all.enc.sv(2320)
HDL-5369 WARNING: latch inferred for net '**' in ../user_source/hdl_source/ip/memory/ph1p35_ddr/ddr2/src/rtl/mc/alc_mc_top_all.enc.sv(2464)
HDL-1007 : elaborate module ** in ../user_source/hdl_source/ip/memory/ph1p35_ddr/ddr2/src/rtl/mc/alc_mc_top_all.enc.sv(4116)
HDL-1007 : elaborate module ** in ../user_source/hdl_source/ip/memory/ph1p35_ddr/ddr2/src/rtl/mc/alc_mc_top_all.enc.sv(3500)
HDL-5323 WARNING: input port 'apb_psel' remains unconnected for this instance in ../user_source/hdl_source/ip/memory/ph1p35_ddr/ph1p35_324_ddr_wrapper.v(78)
HDL-1007 : elaborate module uivtc(H_ActiveSize=1024,H_FrameSize=1344,H_SyncStart=1184,H_SyncEnd=1208,V_ActiveSize=600,V_FrameSize=635,V_SyncStart=612,V_SyncEnd=614) in ../user_source/hdl_source/ip/video/vtc/uivtc.v(42)
HDL-1007 : elaborate module hdmi_mixer(H_OFFSET=0,V_OFFSET=0) in ../user_source/hdl_source/ip/video/osd/hdmi_mixer.v(1)
HDL-1007 : elaborate module anlogic_logo_rom in ../user_source/hdl_source/ip/video/osd/anlogic_logo_rom.v(1)
HDL-1007 : elaborate module osd_char_lib in ../user_source/hdl_source/ip/video/osd/osd_char_lib.v(1)
HDL-1007 : elaborate module hdmi_tx in ../user_source/hdl_source/ip/display/hdmi/hdmi_tx.v(3)
HDL-1007 : elaborate module I2S_receiver in ../user_source/hdl_source/ip/audio/I2S_receiver.v(3)
HDL-1007 : elaborate module audio_arc_calculate in ../user_source/hdl_source/ip/audio/audio_arc_calculate.v(4)
HDL-1007 : elaborate module key_remove_shakes in ../user_source/hdl_source/ip/control/key_remove_shakes.v(12)
HDL-1007 : elaborate module hdmi_1_4b_transmitter_core_wrapper(DEVICE="PH1P",HTOTAL=1344,HSA=24,HFP=160,HBP=136,HACTIVE=1024,VTOTAL=635,VSA=2,VFP=12,VBP=21,VACTIVE=600,VIDEO_TPG="Disable",VIDEO_VIC=0) in ../user_source/hdl_source/ip/display/hdmi/hdmi_1_4b_transmitter_core_wrapper.enc.v(2)
HDL-1007 : elaborate module ** in ../user_source/hdl_source/ip/display/hdmi/hdmi_1_4b_transmitter_core_wrapper.enc.v(91)
HDL-1007 : elaborate module ** in ../user_source/hdl_source/ip/display/hdmi/hdmi_1_4b_transmitter_core_wrapper.enc.v(137)
HDL-1007 : elaborate module ** in ../user_source/hdl_source/ip/display/hdmi/hdmi_1_4b_transmitter_core_wrapper.enc.v(208)
HDL-1007 : elaborate module ** in ../user_source/hdl_source/ip/display/hdmi/hdmi_1_4b_transmitter_core_wrapper.enc.v(285)
HDL-1007 : elaborate module ** in ../user_source/hdl_source/ip/display/hdmi/hdmi_1_4b_transmitter_core_wrapper.enc.v(396)
HDL-1007 : elaborate module ** in ../user_source/hdl_source/ip/display/hdmi/hdmi_1_4b_transmitter_core_wrapper.enc.v(803)
HDL-1007 : elaborate module PH1P_LOGIC_RAMFIFO(DATA_WIDTH=11,ADDR_WIDTH=10) in D:\Anlogic\TD_6.2.1_Engineer_6.2.168.116\arch/ph1p_macro.v(327)
HDL-1007 : elaborate module ** in ../user_source/hdl_source/ip/display/hdmi/hdmi_1_4b_transmitter_core_wrapper.enc.v(1338)
HDL-1007 : elaborate module ** in ../user_source/hdl_source/ip/display/hdmi/hdmi_1_4b_transmitter_core_wrapper.enc.v(1480)
HDL-1007 : elaborate module PH1P_LOGIC_RAMFIFO(DATA_WIDTH=9,ADDR_WIDTH=10) in D:\Anlogic\TD_6.2.1_Engineer_6.2.168.116\arch/ph1p_macro.v(327)
HDL-1007 : elaborate module ** in ../user_source/hdl_source/ip/display/hdmi/hdmi_1_4b_transmitter_core_wrapper.enc.v(2012)
HDL-1007 : port '**' remains unconnected for this instance in ../user_source/hdl_source/ip/display/hdmi/hdmi_1_4b_transmitter_core_wrapper.enc.v(2733)
HDL-1007 : elaborate module ** in ../user_source/hdl_source/ip/display/hdmi/hdmi_1_4b_transmitter_core_wrapper.enc.v(2403)
HDL-1007 : elaborate module ** in ../user_source/hdl_source/ip/display/hdmi/hdmi_1_4b_transmitter_core_wrapper.enc.v(2842)
HDL-1007 : elaborate module ** in ../user_source/hdl_source/ip/display/hdmi/hdmi_1_4b_transmitter_core_wrapper.enc.v(2939)
HDL-1007 : elaborate module ** in ../user_source/hdl_source/ip/display/hdmi/hdmi_1_4b_transmitter_core_wrapper.enc.v(3138)
HDL-1007 : elaborate module ** in ../user_source/hdl_source/ip/display/hdmi/hdmi_1_4b_transmitter_core_wrapper.enc.v(3177)
HDL-1007 : elaborate module ** in ../user_source/hdl_source/ip/display/hdmi/hdmi_1_4b_transmitter_core_wrapper.enc.v(3511)
HDL-1007 : elaborate module ** in ../user_source/hdl_source/ip/display/hdmi/hdmi_1_4b_transmitter_core_wrapper.enc.v(3666)
HDL-1007 : elaborate module ** in ../user_source/hdl_source/ip/display/hdmi/hdmi_1_4b_transmitter_core_wrapper.enc.v(3730)
HDL-1007 : elaborate module ** in ../user_source/hdl_source/ip/display/hdmi/hdmi_1_4b_transmitter_core_wrapper.enc.v(3860)
HDL-5007 WARNING: actual bit length ** differs from formal bit length *** for port '**' in ../user_source/hdl_source/ip/display/hdmi/hdmi_1_4b_transmitter_core_wrapper.enc.v(3307)
HDL-1007 : elaborate module ** in ../user_source/hdl_source/ip/display/hdmi/hdmi_1_4b_transmitter_core_wrapper.enc.v(3949)
HDL-5007 Similar messages will be suppressed.
HDL-1007 : elaborate module ** in ../user_source/hdl_source/ip/display/hdmi/hdmi_1_4b_transmitter_core_wrapper.enc.v(4034)
HDL-1007 : elaborate module ** in ../user_source/hdl_source/ip/display/hdmi/hdmi_1_4b_transmitter_core_wrapper.enc.v(4127)
HDL-1007 : elaborate module ** in ../user_source/hdl_source/ip/display/hdmi/hdmi_1_4b_transmitter_core_wrapper.enc.v(4285)
HDL-1007 : elaborate module ** in ../user_source/hdl_source/ip/display/hdmi/hdmi_1_4b_transmitter_core_wrapper.enc.v(4586)
HDL-1007 : elaborate module PH1P_LOGIC_RAMFIFO(DATA_WIDTH=96,ADDR_WIDTH=10) in D:\Anlogic\TD_6.2.1_Engineer_6.2.168.116\arch/ph1p_macro.v(327)
HDL-1007 : elaborate module ** in ../user_source/hdl_source/ip/display/hdmi/hdmi_1_4b_transmitter_core_wrapper.enc.v(5534)
HDL-1007 : elaborate module ** in ../user_source/hdl_source/ip/display/hdmi/hdmi_1_4b_transmitter_core_wrapper.enc.v(5657)
HDL-1007 : elaborate module PH1P_LOGIC_RAMFIFO(DATA_WIDTH=24,ADDR_WIDTH=10) in D:\Anlogic\TD_6.2.1_Engineer_6.2.168.116\arch/ph1p_macro.v(327)
HDL-1007 : elaborate module ** in ../user_source/hdl_source/ip/display/hdmi/hdmi_1_4b_transmitter_core_wrapper.enc.v(6273)
HDL-1007 : elaborate module ** in ../user_source/hdl_source/ip/display/hdmi/hdmi_1_4b_transmitter_core_wrapper.enc.v(6501)
HDL-1007 : elaborate module ** in ../user_source/hdl_source/ip/display/hdmi/hdmi_1_4b_transmitter_core_wrapper.enc.v(6575)
HDL-1007 : elaborate module ** in ../user_source/hdl_source/ip/display/hdmi/hdmi_1_4b_transmitter_core_wrapper.enc.v(6924)
HDL-1007 : elaborate module ** in ../user_source/hdl_source/ip/display/hdmi/hdmi_1_4b_transmitter_core_wrapper.enc.v(6994)
HDL-1007 : elaborate module ** in ../user_source/hdl_source/ip/display/hdmi/hdmi_1_4b_transmitter_core_wrapper.enc.v(6994)
HDL-1007 : elaborate module ** in ../user_source/hdl_source/ip/display/hdmi/hdmi_1_4b_transmitter_core_wrapper.enc.v(6994)
HDL-1007 : elaborate module hdmi_phy_wrapper(DEVICE="PH1P") in ../user_source/hdl_source/ip/display/hdmi/hdmi_phy_warpper.v(3)
HDL-1007 : elaborate module lane_lvds_10_1(DEVICE="PH1P") in ../user_source/hdl_source/ip/display/hdmi/lane_lvds_10_1.v(4)
HDL-1007 : elaborate module PH1P_LOGIC_ODDR in D:\Anlogic\TD_6.2.1_Engineer_6.2.168.116\arch/ph1p_macro.v(8343)
HDL-5317 WARNING: input port 'I_camera_black_level[9]' is not connected on this instance in ../user_source/hdl_source/design_top_wrapper.v(545)
HDL-5001 WARNING: Contains anonymous inst(s) and/or net(s) that have not been renamed
HDL-5001 WARNING: Contains anonymous inst(s) and/or net(s) that have not been renamed
