============================================================
   Tang Dynasty, V6.2.168116
   Copyright (c) 2012-2025 Anlogic Inc.
   Executable = D:/Anlogic/TD_6.2.1_Engineer_6.2.168.116/bin/td_commands_prompt.exe
   Built at =   16:32:07 Jun 12 2025
   Run by =     »ÆÂúöÎ
   Run Date =   Thu Sep  3 09:36:29 2026

   Run on =     LAPTOP-JS31KT7K
============================================================
RUN-1002 : start command "import_device ph1_35p.db -package PH1P35MDG324 -speed 3"
ARC-1001 : Device Initialization.
ARC-1001 : ----------------------------------------------------------------
ARC-1001 :           OPTION          |          IO           |   SETTING   
ARC-1001 : ----------------------------------------------------------------
ARC-1001 :   non_jtag_persist(none)  |        35 IOs         |    gpio    
ARC-1001 :            jtag           |  P13/P15/L14/R13/T13  |  dedicate  
ARC-1001 : ----------------------------------------------------------------
RUN-1003 : finish command "import_device ph1_35p.db -package PH1P35MDG324 -speed 3" in  1.330421s wall, 1.062500s user + 0.078125s system = 1.140625s CPU (85.7%)

RUN-1004 : used memory is 324 MB, reserved memory is 321 MB, peak memory is 324 MB
RUN-1002 : start command "open_project D:/anlu/rtl/td_project/camera_to_dsi_display.al -single_run"
RUN-1002 : start command "commit_param -step design"
RUN-1001 : Print Global Property
RUN-1001 : -------------------------------------------------------------
RUN-1001 :     Parameters    |   Settings   |  Default Values  |  Note  
RUN-1001 : -------------------------------------------------------------
RUN-1001 :    enable_seed    |     off      |       off        |        
RUN-1001 :    hfn_to_clock   |  1000000000  |    1000000000    |        
RUN-1001 :      message      |   standard   |     standard     |        
RUN-1001 :    qor_monitor    |      on      |        on        |        
RUN-1001 :   speedup_effort  |      0       |        0         |        
RUN-1001 :    syn_ip_flow    |     off      |       off        |        
RUN-1001 :       thread      |     auto     |       auto       |        
RUN-1001 : -------------------------------------------------------------
RUN-1001 : Print Design Property
RUN-1001 : ----------------------------------------------------------------
RUN-1001 :       Parameters       |  Settings  |  Default Values  |  Note  
RUN-1001 : ----------------------------------------------------------------
RUN-1001 :   default_reg_initial  |    auto    |       auto       |        
RUN-1001 :    hdl_warning_level   |   normal   |      normal      |        
RUN-1001 : ----------------------------------------------------------------
HDL-1007 : analyze verilog file ../user_source/hdl_source/ip/image/demosaic_4x_2_0/blk_mem_gen_demosaic/RTL/ram_c36c2ca3b3a7.v
HDL-1007 : analyze verilog file ../user_source/hdl_source/ip/image/demosaic_4x_2_0/blk_mem_gen_demosaic/blk_mem_gen_demosaic.v
HDL-1007 : analyze verilog file ../user_source/hdl_source/ip/image/demosaic_4x_2_0/blk_mem_gen_zhenghe/RTL/ram_d32970204f32.v
HDL-1007 : analyze verilog file ../user_source/hdl_source/ip/image/demosaic_4x_2_0/blk_mem_gen_zhenghe/blk_mem_gen_zhenghe.v
HDL-1007 : analyze verilog file ../user_source/hdl_source/ip/memory/ph1p35_ddr/ddr2/ph1p_ddrmc_wrapper_63f4ac254419.v
HDL-1007 : analyze included file ../user_source/hdl_source/ip/memory/ph1p35_ddr/ddr2/./src/rtl/include/ph1p_mis_define.vh in ../user_source/hdl_source/ip/memory/ph1p35_ddr/ddr2/ph1p_ddrmc_wrapper_63f4ac254419.v(11)
HDL-1007 : back to file '../user_source/hdl_source/ip/memory/ph1p35_ddr/ddr2/ph1p_ddrmc_wrapper_63f4ac254419.v' in ../user_source/hdl_source/ip/memory/ph1p35_ddr/ddr2/ph1p_ddrmc_wrapper_63f4ac254419.v(11)
Copyright (c) 1998-2019 The OpenSSL Project.  All rights reserved.
This product includes software developed by the OpenSSL Project
for use in the OpenSSL Toolkit (http://www.openssl.org/)
Copyright (C) 1995-1998 Eric Young (eay@cryptsoft.com)
All rights reserved.
This product includes cryptographic software written by Eric Young (eay@cryptsoft.com)
HDL-1007 : back to file '../user_source/hdl_source/ip/memory/ph1p35_ddr/ddr2/ph1p_ddrmc_wrapper_63f4ac254419.v' in ../user_source/hdl_source/ip/memory/ph1p35_ddr/ddr2/ph1p_ddrmc_wrapper_63f4ac254419.v(417)
HDL-1007 : analyze verilog file ../user_source/hdl_source/ip/memory/ph1p35_ddr/ddr2/ddr2.v
HDL-1007 : analyze verilog file ../user_source/hdl_source/ip/memory/ph1p35_ddr/ddr2/src/rtl/clk/ph1p_ddrphy_clk_top.v
HDL-1007 : analyze verilog file ../user_source/hdl_source/ip/memory/ph1p35_ddr/ddr2/src/rtl/clk/ph1p_ddrphy_pll0.v
HDL-1007 : analyze verilog file ../user_source/hdl_source/ip/memory/ph1p35_ddr/ddr2/src/rtl/clk/ph1p_ddrphy_pll1.v
HDL-1007 : analyze verilog file ../user_source/hdl_source/ip/memory/ph1p35_ddr/ddr2/src/rtl/init/ph1p_ddrphy_dram_init_ddr2.v
HDL-1007 : analyze verilog file ../user_source/hdl_source/ip/memory/ph1p35_ddr/ddr2/src/rtl/mc/alc_phy2mc_fifo_ctrl.v
HDL-1007 : analyze verilog file ../user_source/hdl_source/ip/memory/ph1p35_ddr/ddr2/src/rtl/misc/ph1p_ddr_fifo_dram_sync.v
HDL-1007 : analyze verilog file ../user_source/hdl_source/ip/memory/ph1p35_ddr/ddr2/src/rtl/misc/ph1p_ddrphy_sync_rst_gen.v
HDL-1007 : analyze verilog file ../user_source/hdl_source/ip/memory/ph1p35_ddr/ddr2/src/rtl/phy/ph1p_ddrphy.v
HDL-1007 : analyze included file ../user_source/hdl_source/ip/memory/ph1p35_ddr/ddr2/src/rtl/phy/./include/ph1p_ddrphy_pad_type.vh in ../user_source/hdl_source/ip/memory/ph1p35_ddr/ddr2/src/rtl/phy/ph1p_ddrphy.v(105)
HDL-1007 : back to file '../user_source/hdl_source/ip/memory/ph1p35_ddr/ddr2/src/rtl/phy/ph1p_ddrphy.v' in ../user_source/hdl_source/ip/memory/ph1p35_ddr/ddr2/src/rtl/phy/ph1p_ddrphy.v(105)
HDL-1007 : analyze included file ../user_source/hdl_source/ip/memory/ph1p35_ddr/ddr2/src/rtl/phy/./include/ph1p_ddrphy_bus_matrix.vh in ../user_source/hdl_source/ip/memory/ph1p35_ddr/ddr2/src/rtl/phy/ph1p_ddrphy.v(507)
HDL-1007 : back to file '../user_source/hdl_source/ip/memory/ph1p35_ddr/ddr2/src/rtl/phy/ph1p_ddrphy.v' in ../user_source/hdl_source/ip/memory/ph1p35_ddr/ddr2/src/rtl/phy/ph1p_ddrphy.v(507)
HDL-1007 : analyze verilog file ../user_source/hdl_source/ip/memory/ph1p35_ddr/ddr2/src/rtl/phy/ph1p_ddrphy_apb_bridge.v
HDL-1007 : analyze verilog file ../user_source/hdl_source/ip/memory/ph1p35_ddr/ddr2/src/rtl/phy/ph1p_ddrphy_bankref_cfg.v
HDL-1007 : analyze verilog file ../user_source/hdl_source/ip/memory/ph1p35_ddr/ddr2/src/rtl/phy/ph1p_ddrphy_byte_wrapper.v
HDL-1007 : analyze verilog file ../user_source/hdl_source/ip/memory/ph1p35_ddr/ddr2/src/rtl/phy/ph1p_ddrphy_cmd_decode.v
HDL-1007 : analyze verilog file ../user_source/hdl_source/ip/memory/ph1p35_ddr/ddr2/src/rtl/phy/ph1p_ddrphy_cmd_execution.v
HDL-1007 : analyze verilog file ../user_source/hdl_source/ip/memory/ph1p35_ddr/ddr2/src/rtl/phy/ph1p_ddrphy_cmd_wrapper.v
HDL-1007 : analyze verilog file ../user_source/hdl_source/ip/memory/ph1p35_ddr/ddr2/src/rtl/phy/ph1p_ddrphy_dcu.v
HDL-1007 : analyze verilog file ../user_source/hdl_source/ip/memory/ph1p35_ddr/ddr2/src/rtl/phy/ph1p_ddrphy_dcu_wrapper.v
HDL-1007 : analyze verilog file ../user_source/hdl_source/ip/memory/ph1p35_ddr/ddr2/src/rtl/phy/ph1p_ddrphy_fast_init.v
HDL-1007 : analyze verilog file ../user_source/hdl_source/ip/memory/ph1p35_ddr/ddr2/src/rtl/phy/ph1p_ddrphy_fast_init_wrapper.v
HDL-1007 : analyze included file ../user_source/hdl_source/ip/memory/ph1p35_ddr/ddr2/src/rtl/phy/./include/ph1p_ddrphy_board_delay.vh in ../user_source/hdl_source/ip/memory/ph1p35_ddr/ddr2/src/rtl/phy/ph1p_ddrphy_fast_init_wrapper.v(71)
HDL-1007 : back to file '../user_source/hdl_source/ip/memory/ph1p35_ddr/ddr2/src/rtl/phy/ph1p_ddrphy_fast_init_wrapper.v' in ../user_source/hdl_source/ip/memory/ph1p35_ddr/ddr2/src/rtl/phy/ph1p_ddrphy_fast_init_wrapper.v(71)
HDL-1007 : analyze verilog file ../user_source/hdl_source/ip/memory/ph1p35_ddr/ddr2/src/rtl/phy/ph1p_ddrphy_init.v
HDL-1007 : analyze verilog file ../user_source/hdl_source/ip/memory/ph1p35_ddr/ddr2/src/rtl/phy/ph1p_ddrphy_mdl_cal.v
HDL-1007 : analyze verilog file ../user_source/hdl_source/ip/memory/ph1p35_ddr/ddr2/src/rtl/phy/ph1p_ddrphy_mdl_cal_wrapper.v
HDL-1007 : analyze verilog file ../user_source/hdl_source/ip/memory/ph1p35_ddr/ddr2/src/rtl/phy/ph1p_ddrphy_rphase_ctl.v
HDL-1007 : analyze verilog file ../user_source/hdl_source/ip/memory/ph1p35_ddr/ddr2/src/rtl/phy/ph1p_ddrphy_top.v
HDL-1007 : analyze included file ../user_source/hdl_source/ip/memory/ph1p35_ddr/ddr2/src/rtl/phy/./include/ph1p_ddrphy_ddrio.vh in ../user_source/hdl_source/ip/memory/ph1p35_ddr/ddr2/src/rtl/phy/ph1p_ddrphy_top.v(736)
HDL-1007 : back to file '../user_source/hdl_source/ip/memory/ph1p35_ddr/ddr2/src/rtl/phy/ph1p_ddrphy_top.v' in ../user_source/hdl_source/ip/memory/ph1p35_ddr/ddr2/src/rtl/phy/ph1p_ddrphy_top.v(736)
HDL-1007 : analyze verilog file ../user_source/hdl_source/ip/memory/ph1p35_ddr/ddr2/src/rtl/phy/ph1p_ddrphy_wphase_ctl.v
HDL-1007 : analyze verilog file ../user_source/hdl_source/ip/memory/ph1p35_ddr/ddr2/src/rtl/phy/ph1p_ddrphy_wrapper.v
HDL-1007 : analyze verilog file ../user_source/hdl_source/ip/memory/ph1p35_ddr/ddr2/src/rtl/top/ph1p_ddrmc_top.v
HDL-1007 : analyze verilog file ../user_source/hdl_source/ip/memory/ph1p35_ddr/ddr2/src/rtl/mc/alc_mc_top_all.enc.sv
HDL-1007 : analyze included file ../user_source/hdl_source/ip/memory/ph1p35_ddr/ddr2/src/rtl/mc/../include/ph1p_mis_define.vh in ../user_source/hdl_source/ip/memory/ph1p35_ddr/ddr2/src/rtl/mc/alc_mc_top_all.enc.sv(4)
HDL-1007 : back to file '../user_source/hdl_source/ip/memory/ph1p35_ddr/ddr2/src/rtl/mc/alc_mc_top_all.enc.sv' in ../user_source/hdl_source/ip/memory/ph1p35_ddr/ddr2/src/rtl/mc/alc_mc_top_all.enc.sv(4)
HDL-1007 : analyze included file ../user_source/hdl_source/ip/memory/ph1p35_ddr/ddr2/src/rtl/mc/../timing/ddr2/ddr2_parameter.vh in ../user_source/hdl_source/ip/memory/ph1p35_ddr/ddr2/src/rtl/mc/alc_mc_top_all.enc.sv(106)
HDL-1007 : analyze included file ../user_source/hdl_source/ip/memory/ph1p35_ddr/ddr2/src/rtl/mc/../timing/ddr2/ddr2_1066.vh in ../user_source/hdl_source/ip/memory/ph1p35_ddr/ddr2/src/rtl/mc/../timing/ddr2/ddr2_parameter.vh(118)
HDL-1007 : back to file '../user_source/hdl_source/ip/memory/ph1p35_ddr/ddr2/src/rtl/mc/../timing/ddr2/ddr2_parameter.vh' in ../user_source/hdl_source/ip/memory/ph1p35_ddr/ddr2/src/rtl/mc/../timing/ddr2/ddr2_parameter.vh(118)
HDL-1007 : back to file '../user_source/hdl_source/ip/memory/ph1p35_ddr/ddr2/src/rtl/mc/alc_mc_top_all.enc.sv' in ../user_source/hdl_source/ip/memory/ph1p35_ddr/ddr2/src/rtl/mc/alc_mc_top_all.enc.sv(106)
HDL-1007 : back to file '../user_source/hdl_source/ip/memory/ph1p35_ddr/ddr2/src/rtl/mc/alc_mc_top_all.enc.sv' in ../user_source/hdl_source/ip/memory/ph1p35_ddr/ddr2/src/rtl/mc/alc_mc_top_all.enc.sv(121)
HDL-1007 : analyze verilog file ../user_source/ip_source/PLL/RTL/ph1p_phy_pll_wrapper_25a56e5ce2f9.v
HDL-1007 : analyze verilog file ../user_source/ip_source/PLL/PLL.v
HDL-1007 : analyze verilog file ../user_source/ip_source/blk_mem_gen_awb_delay_signal/blk_mem_gen_awb_delay_signal.v
HDL-1007 : analyze verilog file ../user_source/ip_source/blk_mem_gen_awb_delay_signal/ram_f84573da5ab5.v
HDL-1007 : analyze verilog file ../user_source/ip_source/divider/divider_gate.v
HDL-1007 : undeclared symbol 'open_n2', assumed default net type 'wire' in ../user_source/ip_source/divider/divider_gate.v(2729)
HDL-1007 : undeclared symbol 'open_n5', assumed default net type 'wire' in ../user_source/ip_source/divider/divider_gate.v(2811)
HDL-1007 : undeclared symbol 'open_n8', assumed default net type 'wire' in ../user_source/ip_source/divider/divider_gate.v(3783)
HDL-1007 : undeclared symbol 'open_n11', assumed default net type 'wire' in ../user_source/ip_source/divider/divider_gate.v(3872)
HDL-1007 : undeclared symbol 'open_n14', assumed default net type 'wire' in ../user_source/ip_source/divider/divider_gate.v(4854)
HDL-1007 : undeclared symbol 'open_n17', assumed default net type 'wire' in ../user_source/ip_source/divider/divider_gate.v(4950)
HDL-1007 : undeclared symbol 'open_n20', assumed default net type 'wire' in ../user_source/ip_source/divider/divider_gate.v(5948)
HDL-1007 : undeclared symbol 'open_n23', assumed default net type 'wire' in ../user_source/ip_source/divider/divider_gate.v(6051)
HDL-1007 : undeclared symbol 'open_n26', assumed default net type 'wire' in ../user_source/ip_source/divider/divider_gate.v(7065)
HDL-1007 : undeclared symbol 'open_n29', assumed default net type 'wire' in ../user_source/ip_source/divider/divider_gate.v(7175)
HDL-1007 : undeclared symbol 'open_n32', assumed default net type 'wire' in ../user_source/ip_source/divider/divider_gate.v(8205)
HDL-1007 : undeclared symbol 'open_n35', assumed default net type 'wire' in ../user_source/ip_source/divider/divider_gate.v(8322)
HDL-1007 : undeclared symbol 'open_n38', assumed default net type 'wire' in ../user_source/ip_source/divider/divider_gate.v(9368)
HDL-1007 : undeclared symbol 'open_n41', assumed default net type 'wire' in ../user_source/ip_source/divider/divider_gate.v(9492)
HDL-1007 : undeclared symbol 'open_n44', assumed default net type 'wire' in ../user_source/ip_source/divider/divider_gate.v(10548)
HDL-1007 : undeclared symbol 'open_n47', assumed default net type 'wire' in ../user_source/ip_source/divider/divider_gate.v(10679)
HDL-1007 : undeclared symbol 'open_n50', assumed default net type 'wire' in ../user_source/ip_source/divider/divider_gate.v(11751)
HDL-1007 : undeclared symbol 'open_n53', assumed default net type 'wire' in ../user_source/ip_source/divider/divider_gate.v(11889)
HDL-1007 : undeclared symbol 'open_n56', assumed default net type 'wire' in ../user_source/ip_source/divider/divider_gate.v(12977)
HDL-1007 : undeclared symbol 'open_n59', assumed default net type 'wire' in ../user_source/ip_source/divider/divider_gate.v(13122)
HDL-1007 : undeclared symbol 'open_n62', assumed default net type 'wire' in ../user_source/ip_source/divider/divider_gate.v(15070)
HDL-1007 : undeclared symbol 'open_n65', assumed default net type 'wire' in ../user_source/ip_source/divider/divider_gate.v(15222)
HDL-1007 : undeclared symbol 'open_n68', assumed default net type 'wire' in ../user_source/ip_source/divider/divider_gate.v(16342)
HDL-1007 : undeclared symbol 'open_n71', assumed default net type 'wire' in ../user_source/ip_source/divider/divider_gate.v(16501)
HDL-1007 : undeclared symbol 'open_n74', assumed default net type 'wire' in ../user_source/ip_source/divider/divider_gate.v(17631)
HDL-1007 : undeclared symbol 'open_n77', assumed default net type 'wire' in ../user_source/ip_source/divider/divider_gate.v(17797)
HDL-1007 : undeclared symbol 'open_n80', assumed default net type 'wire' in ../user_source/ip_source/divider/divider_gate.v(18943)
HDL-1007 : undeclared symbol 'open_n83', assumed default net type 'wire' in ../user_source/ip_source/divider/divider_gate.v(19116)
HDL-1007 : undeclared symbol 'open_n86', assumed default net type 'wire' in ../user_source/ip_source/divider/divider_gate.v(20278)
HDL-1007 : undeclared symbol 'open_n89', assumed default net type 'wire' in ../user_source/ip_source/divider/divider_gate.v(20458)
HDL-1007 : undeclared symbol 'open_n92', assumed default net type 'wire' in ../user_source/ip_source/divider/divider_gate.v(21636)
HDL-1007 : undeclared symbol 'open_n95', assumed default net type 'wire' in ../user_source/ip_source/divider/divider_gate.v(21823)
HDL-1007 : undeclared symbol 'open_n98', assumed default net type 'wire' in ../user_source/ip_source/divider/divider_gate.v(23017)
HDL-1007 : undeclared symbol 'open_n101', assumed default net type 'wire' in ../user_source/ip_source/divider/divider_gate.v(23211)
HDL-1007 : undeclared symbol 'open_n104', assumed default net type 'wire' in ../user_source/ip_source/divider/divider_gate.v(24415)
HDL-1007 : undeclared symbol 'open_n107', assumed default net type 'wire' in ../user_source/ip_source/divider/divider_gate.v(24616)
HDL-1007 : undeclared symbol 'open_n110', assumed default net type 'wire' in ../user_source/ip_source/divider/divider_gate.v(25836)
HDL-1007 : undeclared symbol 'open_n113', assumed default net type 'wire' in ../user_source/ip_source/divider/divider_gate.v(26044)
HDL-1007 : undeclared symbol 'open_n116', assumed default net type 'wire' in ../user_source/ip_source/divider/divider_gate.v(27280)
HDL-1007 : undeclared symbol 'open_n119', assumed default net type 'wire' in ../user_source/ip_source/divider/divider_gate.v(27495)
HDL-1007 : undeclared symbol 'open_n122', assumed default net type 'wire' in ../user_source/ip_source/divider/divider_gate.v(29638)
HDL-1007 : undeclared symbol 'open_n125', assumed default net type 'wire' in ../user_source/ip_source/divider/divider_gate.v(29860)
HDL-1007 : undeclared symbol 'open_n128', assumed default net type 'wire' in ../user_source/ip_source/divider/divider_gate.v(31128)
HDL-1007 : undeclared symbol 'open_n129', assumed default net type 'wire' in ../user_source/ip_source/divider/divider_gate.v(31359)
HDL-1007 : undeclared symbol 'open_n132', assumed default net type 'wire' in ../user_source/ip_source/divider/divider_gate.v(32637)
HDL-1007 : undeclared symbol 'open_n133', assumed default net type 'wire' in ../user_source/ip_source/divider/divider_gate.v(32868)
HDL-1007 : undeclared symbol 'open_n134', assumed default net type 'wire' in ../user_source/ip_source/divider/divider_gate.v(32875)
HDL-1007 : undeclared symbol 'open_n137', assumed default net type 'wire' in ../user_source/ip_source/divider/divider_gate.v(34153)
HDL-1007 : undeclared symbol 'open_n138', assumed default net type 'wire' in ../user_source/ip_source/divider/divider_gate.v(34384)
HDL-1007 : undeclared symbol 'open_n139', assumed default net type 'wire' in ../user_source/ip_source/divider/divider_gate.v(34391)
HDL-1007 : undeclared symbol 'open_n142', assumed default net type 'wire' in ../user_source/ip_source/divider/divider_gate.v(35669)
HDL-1007 : undeclared symbol 'open_n143', assumed default net type 'wire' in ../user_source/ip_source/divider/divider_gate.v(35900)
HDL-1007 : undeclared symbol 'open_n144', assumed default net type 'wire' in ../user_source/ip_source/divider/divider_gate.v(35907)
HDL-1007 : undeclared symbol 'open_n147', assumed default net type 'wire' in ../user_source/ip_source/divider/divider_gate.v(37185)
HDL-1007 : undeclared symbol 'open_n148', assumed default net type 'wire' in ../user_source/ip_source/divider/divider_gate.v(37416)
HDL-1007 : undeclared symbol 'open_n149', assumed default net type 'wire' in ../user_source/ip_source/divider/divider_gate.v(37423)
HDL-1007 : undeclared symbol 'open_n152', assumed default net type 'wire' in ../user_source/ip_source/divider/divider_gate.v(38701)
HDL-1007 : undeclared symbol 'open_n153', assumed default net type 'wire' in ../user_source/ip_source/divider/divider_gate.v(38932)
HDL-1007 : undeclared symbol 'open_n154', assumed default net type 'wire' in ../user_source/ip_source/divider/divider_gate.v(38939)
HDL-1007 : undeclared symbol 'open_n157', assumed default net type 'wire' in ../user_source/ip_source/divider/divider_gate.v(40217)
HDL-1007 : undeclared symbol 'open_n158', assumed default net type 'wire' in ../user_source/ip_source/divider/divider_gate.v(40448)
HDL-1007 : undeclared symbol 'open_n159', assumed default net type 'wire' in ../user_source/ip_source/divider/divider_gate.v(40455)
HDL-1007 : undeclared symbol 'open_n162', assumed default net type 'wire' in ../user_source/ip_source/divider/divider_gate.v(41733)
HDL-1007 : undeclared symbol 'open_n163', assumed default net type 'wire' in ../user_source/ip_source/divider/divider_gate.v(41964)
HDL-1007 : undeclared symbol 'open_n164', assumed default net type 'wire' in ../user_source/ip_source/divider/divider_gate.v(41971)
HDL-1007 : undeclared symbol 'open_n167', assumed default net type 'wire' in ../user_source/ip_source/divider/divider_gate.v(43249)
HDL-1007 : undeclared symbol 'open_n168', assumed default net type 'wire' in ../user_source/ip_source/divider/divider_gate.v(43480)
HDL-1007 : undeclared symbol 'open_n169', assumed default net type 'wire' in ../user_source/ip_source/divider/divider_gate.v(43487)
HDL-1007 : undeclared symbol 'open_n172', assumed default net type 'wire' in ../user_source/ip_source/divider/divider_gate.v(45678)
HDL-1007 : undeclared symbol 'open_n173', assumed default net type 'wire' in ../user_source/ip_source/divider/divider_gate.v(45909)
HDL-1007 : undeclared symbol 'open_n174', assumed default net type 'wire' in ../user_source/ip_source/divider/divider_gate.v(45916)
HDL-1007 : undeclared symbol 'open_n177', assumed default net type 'wire' in ../user_source/ip_source/divider/divider_gate.v(47194)
HDL-1007 : undeclared symbol 'open_n178', assumed default net type 'wire' in ../user_source/ip_source/divider/divider_gate.v(47425)
HDL-1007 : undeclared symbol 'open_n179', assumed default net type 'wire' in ../user_source/ip_source/divider/divider_gate.v(47432)
HDL-1007 : undeclared symbol 'open_n182', assumed default net type 'wire' in ../user_source/ip_source/divider/divider_gate.v(48710)
HDL-1007 : undeclared symbol 'open_n183', assumed default net type 'wire' in ../user_source/ip_source/divider/divider_gate.v(48941)
HDL-1007 : undeclared symbol 'open_n184', assumed default net type 'wire' in ../user_source/ip_source/divider/divider_gate.v(48948)
HDL-1007 : undeclared symbol 'open_n187', assumed default net type 'wire' in ../user_source/ip_source/divider/divider_gate.v(50226)
HDL-1007 : undeclared symbol 'open_n188', assumed default net type 'wire' in ../user_source/ip_source/divider/divider_gate.v(50457)
HDL-1007 : undeclared symbol 'open_n189', assumed default net type 'wire' in ../user_source/ip_source/divider/divider_gate.v(50464)
HDL-1007 : undeclared symbol 'open_n192', assumed default net type 'wire' in ../user_source/ip_source/divider/divider_gate.v(51742)
HDL-1007 : undeclared symbol 'open_n193', assumed default net type 'wire' in ../user_source/ip_source/divider/divider_gate.v(51973)
HDL-1007 : undeclared symbol 'open_n194', assumed default net type 'wire' in ../user_source/ip_source/divider/divider_gate.v(51980)
HDL-1007 : undeclared symbol 'open_n197', assumed default net type 'wire' in ../user_source/ip_source/divider/divider_gate.v(53258)
HDL-1007 : undeclared symbol 'open_n198', assumed default net type 'wire' in ../user_source/ip_source/divider/divider_gate.v(53489)
HDL-1007 : undeclared symbol 'open_n199', assumed default net type 'wire' in ../user_source/ip_source/divider/divider_gate.v(53496)
HDL-1007 : undeclared symbol 'open_n202', assumed default net type 'wire' in ../user_source/ip_source/divider/divider_gate.v(54774)
HDL-1007 : undeclared symbol 'open_n203', assumed default net type 'wire' in ../user_source/ip_source/divider/divider_gate.v(55005)
HDL-1007 : undeclared symbol 'open_n204', assumed default net type 'wire' in ../user_source/ip_source/divider/divider_gate.v(55012)
HDL-1007 : undeclared symbol 'open_n207', assumed default net type 'wire' in ../user_source/ip_source/divider/divider_gate.v(57048)
HDL-1007 : undeclared symbol 'open_n208', assumed default net type 'wire' in ../user_source/ip_source/divider/divider_gate.v(57167)
HDL-1007 : undeclared symbol 'open_n209', assumed default net type 'wire' in ../user_source/ip_source/divider/divider_gate.v(57174)
HDL-1007 : undeclared symbol 'open_n212', assumed default net type 'wire' in ../user_source/ip_source/divider/divider_gate.v(58502)
HDL-1007 : undeclared symbol 'open_n215', assumed default net type 'wire' in ../user_source/ip_source/divider/divider_gate.v(58507)
HDL-1007 : undeclared symbol 'open_n218', assumed default net type 'wire' in ../user_source/ip_source/divider/divider_gate.v(59405)
HDL-1007 : undeclared symbol 'open_n221', assumed default net type 'wire' in ../user_source/ip_source/divider/divider_gate.v(59459)
HDL-1007 : undeclared symbol 'open_n224', assumed default net type 'wire' in ../user_source/ip_source/divider/divider_gate.v(60367)
HDL-1007 : undeclared symbol 'open_n227', assumed default net type 'wire' in ../user_source/ip_source/divider/divider_gate.v(60428)
HDL-1007 : undeclared symbol 'open_n230', assumed default net type 'wire' in ../user_source/ip_source/divider/divider_gate.v(61352)
HDL-1007 : undeclared symbol 'open_n233', assumed default net type 'wire' in ../user_source/ip_source/divider/divider_gate.v(61420)
HDL-1007 : undeclared symbol 'open_n236', assumed default net type 'wire' in ../user_source/ip_source/divider/divider_gate.v(62360)
HDL-1007 : undeclared symbol 'open_n239', assumed default net type 'wire' in ../user_source/ip_source/divider/divider_gate.v(62435)
HDL-1007 : analyze verilog file ../user_source/ip_source/w128_d512_fifo/soft_fifo_al_4057d6b76aa6.v
HDL-1007 : analyze verilog file ../user_source/ip_source/w128_d512_fifo/w128_d512_fifo.v
HDL-1007 : analyze verilog file ../user_source/ip_source/w155_d512_fifo/soft_fifo_al_f58e8b3e1f3d.v
HDL-1007 : analyze verilog file ../user_source/ip_source/w155_d512_fifo/w155_d512_fifo.v
HDL-1007 : analyze verilog file ../user_source/hdl_source/design_top_wrapper.v
HDL-1007 : analyze verilog file ../user_source/hdl_source/ip/control/mode_selector.v
HDL-1007 : analyze verilog file ../user_source/hdl_source/ip/camera/mipi/mipi_dphy_rx/mipi_dphy_rx_ph1p_mipiio_wrapper.sv
HDL-1007 : analyze verilog file ../user_source/hdl_source/ip/camera/mipi/mipi_dphy_rx/ph1p_mipiio_rx_wrapper.v
HDL-1007 : analyze verilog file ../user_source/hdl_source/ip/video/video_in.v
HDL-1007 : analyze verilog file ../user_source/hdl_source/ip/video/video_out.v
HDL-1007 : analyze verilog file ../user_source/hdl_source/ip/memory/mc_to_user_interface.v
HDL-1007 : analyze verilog file ../user_source/hdl_source/ip/camera/mipi/mipi_dphy_rx/byte_aligner.enc.v
HDL-1007 : back to file '../user_source/hdl_source/ip/camera/mipi/mipi_dphy_rx/byte_aligner.enc.v' in ../user_source/hdl_source/ip/camera/mipi/mipi_dphy_rx/byte_aligner.enc.v(18)
HDL-1007 : analyze verilog file ../user_source/hdl_source/ip/camera/mipi/mipi_dphy_rx/byte_aligner_wrapper.enc.sv
HDL-1007 : back to file '../user_source/hdl_source/ip/camera/mipi/mipi_dphy_rx/byte_aligner_wrapper.enc.sv' in ../user_source/hdl_source/ip/camera/mipi/mipi_dphy_rx/byte_aligner_wrapper.enc.sv(20)
HDL-1007 : analyze verilog file ../user_source/hdl_source/ip/camera/mipi/mipi_dphy_rx/channel_aligner.enc.v
HDL-1007 : back to file '../user_source/hdl_source/ip/camera/mipi/mipi_dphy_rx/channel_aligner.enc.v' in ../user_source/hdl_source/ip/camera/mipi/mipi_dphy_rx/channel_aligner.enc.v(17)
HDL-1007 : analyze verilog file ../user_source/hdl_source/ip/camera/mipi/mipi_dphy_rx/channel_aligner_wrapper.enc.sv
HDL-1007 : back to file '../user_source/hdl_source/ip/camera/mipi/mipi_dphy_rx/channel_aligner_wrapper.enc.sv' in ../user_source/hdl_source/ip/camera/mipi/mipi_dphy_rx/channel_aligner_wrapper.enc.sv(17)
HDL-1007 : analyze verilog file ../user_source/hdl_source/ip/camera/mipi/mipi_dphy_rx/hs_detect.enc.v
HDL-1007 : back to file '../user_source/hdl_source/ip/camera/mipi/mipi_dphy_rx/hs_detect.enc.v' in ../user_source/hdl_source/ip/camera/mipi/mipi_dphy_rx/hs_detect.enc.v(13)
HDL-1007 : analyze verilog file ../user_source/hdl_source/ip/image/signal_delay.v
HDL-1007 : analyze verilog file ../user_source/hdl_source/ip/image/awb.v
HDL-1007 : analyze verilog file ../user_source/hdl_source/ip/memory/ph1p35_ddr/ph1p35_324_ddr_wrapper.v
HDL-1007 : undeclared symbol 'dhi_clk', assumed default net type 'wire' in ../user_source/hdl_source/ip/memory/ph1p35_ddr/ph1p35_324_ddr_wrapper.v(83)
HDL-1007 : analyze verilog file ../user_source/hdl_source/ip/camera/mipi/csi_unpacket_2lane.v
HDL-1007 : analyze verilog file ../user_source/hdl_source/ip/image/image_process_stream_96.v
HDL-1007 : analyze verilog file ../user_source/hdl_source/ip/image/isp_top.v
HDL-1007 : analyze verilog file ../user_source/hdl_source/ip/camera/mipi/raw10_unpacket_2lane.v
HDL-1007 : analyze verilog file ../user_source/hdl_source/ip/camera/mipi/uial2axis.v
HDL-1007 : analyze verilog file ../user_source/hdl_source/ip/image/demosaic_4x_2_0/bilinear_interpolation.v
HDL-1007 : analyze verilog file ../user_source/hdl_source/ip/image/demosaic_4x_2_0/demosaic.v
HDL-5007 WARNING: /* is inside a comment in ../user_source/hdl_source/ip/image/demosaic_4x_2_0/demosaic.v(89)
HDL-5007 WARNING: /* is inside a comment in ../user_source/hdl_source/ip/image/demosaic_4x_2_0/demosaic.v(100)
HDL-1007 : analyze verilog file ../user_source/hdl_source/ip/image/demosaic_4x_2_0/line_buffer_demosaic.v
HDL-1007 : analyze verilog file ../user_source/hdl_source/ip/image/demosaic_4x_2_0/mipi_to_raw_converter.v
HDL-1007 : analyze verilog file ../user_source/hdl_source/ip/image/demosaic_4x_2_0/raw_matrix_3x3_buffer.v
HDL-1007 : analyze verilog file ../user_source/hdl_source/ip/image/demosaic_4x_2_0/zhenghe.v
HDL-1007 : undeclared symbol 'rd_valid', assumed default net type 'wire' in ../user_source/hdl_source/ip/image/demosaic_4x_2_0/zhenghe.v(146)
HDL-1007 : analyze verilog file ../user_source/hdl_source/ip/image/data128_96/data128_96.v
HDL-1007 : analyze verilog file ../user_source/hdl_source/ip/image/data96_128/data96_128.v
HDL-1007 : analyze verilog file ../user_source/hdl_source/ip/image/image_correction.v
HDL-1007 : analyze verilog file ../user_source/hdl_source/ip/camera/config/uics500_cfg/SC500GainTbl.v
HDL-1007 : analyze verilog file ../user_source/hdl_source/ip/camera/config/uics500_cfg/uicfgcs500.v
HDL-1007 : undeclared symbol 'iic_busy', assumed default net type 'wire' in ../user_source/hdl_source/ip/camera/config/uics500_cfg/uicfgcs500.v(141)
HDL-1007 : analyze verilog file ../user_source/hdl_source/ip/camera/config/uics500_cfg/uics500reg.v
HDL-1007 : analyze verilog file ../user_source/hdl_source/ip/camera/config/uics500_cfg/uics500regAE.v
HDL-1007 : analyze verilog file ../user_source/hdl_source/ip/camera/config/uics500_cfg/uii2c.v
HDL-1007 : analyze verilog file ../user_source/hdl_source/ip/camera/config/uiisp_beta/ae_set.v
HDL-1007 : analyze verilog file ../user_source/hdl_source/ip/display/hdmi/hdmi_tx.v
HDL-1007 : analyze verilog file ../user_source/hdl_source/ip/display/hdmi/hdmi_1_4b_transmitter_core_wrapper.enc.v
HDL-1007 : undeclared symbol '**', assumed default net type '**' in ../user_source/hdl_source/ip/display/hdmi/hdmi_1_4b_transmitter_core_wrapper.enc.v(2614)
HDL-1007 : undeclared symbol '**', assumed default net type '**' in ../user_source/hdl_source/ip/display/hdmi/hdmi_1_4b_transmitter_core_wrapper.enc.v(2716)
HDL-1007 : undeclared symbol '**', assumed default net type '**' in ../user_source/hdl_source/ip/display/hdmi/hdmi_1_4b_transmitter_core_wrapper.enc.v(2724)
HDL-1007 : undeclared symbol '**', assumed default net type '**' in ../user_source/hdl_source/ip/display/hdmi/hdmi_1_4b_transmitter_core_wrapper.enc.v(4936)
HDL-1007 : undeclared symbol '**', assumed default net type '**' in ../user_source/hdl_source/ip/display/hdmi/hdmi_1_4b_transmitter_core_wrapper.enc.v(5989)
HDL-1007 : back to file '../user_source/hdl_source/ip/display/hdmi/hdmi_1_4b_transmitter_core_wrapper.enc.v' in ../user_source/hdl_source/ip/display/hdmi/hdmi_1_4b_transmitter_core_wrapper.enc.v(77)
HDL-1007 : analyze verilog file ../user_source/hdl_source/ip/display/hdmi/hdmi_phy_warpper.v
HDL-1007 : analyze verilog file ../user_source/hdl_source/ip/display/hdmi/lane_lvds_10_1.v
HDL-1007 : analyze verilog file ../user_source/hdl_source/ip/video/vtc/uivtc.v
HDL-1007 : analyze verilog file ../user_source/hdl_source/ip/video/osd/hdmi_mixer.v
HDL-1007 : analyze verilog file ../user_source/hdl_source/ip/audio/I2S_receiver.v
HDL-1007 : analyze verilog file ../user_source/hdl_source/ip/audio/audio_arc_calculate.v
HDL-1007 : analyze verilog file ../user_source/hdl_source/ip/control/key_remove_shakes.v
HDL-1007 : analyze verilog file ../user_source/hdl_source/ip/video/osd/anlogic_logo_rom.v
HDL-1007 : analyze verilog file ../user_source/hdl_source/ip/video/osd/osd_char_lib.v
HDL-1007 : analyze verilog file ../user_source/hdl_source/ip/image/cnn/cnn_input_bram.v
HDL-1007 : analyze verilog file ../user_source/hdl_source/ip/image/cnn/cnn_feat_bram.v
HDL-1007 : analyze verilog file ../user_source/hdl_source/ip/image/cnn/cnn_bias_rom.v
HDL-1007 : analyze verilog file ../user_source/hdl_source/ip/image/cnn/cnn_weight_rom.v
HDL-5007 WARNING: root scope declaration is not allowed in Verilog 95/2K mode in ../user_source/hdl_source/ip/image/cnn/cnn_weight_rom.v(44)
HDL-5007 WARNING: root scope declaration is not allowed in Verilog 95/2K mode in ../user_source/hdl_source/ip/image/cnn/cnn_weight_rom.v(45)
HDL-5007 WARNING: root scope declaration is not allowed in Verilog 95/2K mode in ../user_source/hdl_source/ip/image/cnn/cnn_weight_rom.v(46)
HDL-1007 : analyze verilog file ../user_source/hdl_source/ip/image/cnn/cnn_core.v
HDL-1007 : analyze included file ../user_source/hdl_source/ip/image/cnn/cnn_quant_params.vh in ../user_source/hdl_source/ip/image/cnn/cnn_core.v(2)
HDL-1007 : back to file '../user_source/hdl_source/ip/image/cnn/cnn_core.v' in ../user_source/hdl_source/ip/image/cnn/cnn_core.v(2)
HDL-1007 : analyze verilog file ../user_source/hdl_source/ip/image/cnn/cnn_input_sampler_96.v
HDL-1007 : analyze verilog file ../user_source/hdl_source/ip/image/cnn/cnn_result_cdc.v
PRJ-1401 : Successfully analyzed 95 source files.
RUN-1002 : start command "load_run_param -run syn_1"
RUN-1002 : start command "import_db D:/anlu/rtl/reports/cnn_final_maparea_gate.db"
RUN-1001 : Importing database generated by Tang Dynasty, V6.2.168116.
RUN-1001 : Database version number 46207
RUN-1001 : Import flow parameters
RUN-1001 : Import netlist
RUN-1001 : Import timing constraints
RUN-1001 : Import IO constraints
RUN-1001 : Import Inst constraints
RUN-1001 : Import ChipWatcher
RUN-1001 : Import design success TD_VERSION=6.2.168116 , DB_VERSION=46207
RUN-1003 : finish command "import_db D:/anlu/rtl/reports/cnn_final_maparea_gate.db" in  2.070993s wall, 0.718750s user + 0.031250s system = 0.750000s CPU (36.2%)

RUN-1004 : used memory is 807 MB, reserved memory is 800 MB, peak memory is 807 MB
RUN-1002 : start command "commit_param -step place"
RUN-1001 : Print Global Property
RUN-1001 : -------------------------------------------------------------
RUN-1001 :     Parameters    |   Settings   |  Default Values  |  Note  
RUN-1001 : -------------------------------------------------------------
RUN-1001 :    enable_seed    |     off      |       off        |        
RUN-1001 :    hfn_to_clock   |  1000000000  |    1000000000    |        
RUN-1001 :      message      |   standard   |     standard     |        
RUN-1001 :    qor_monitor    |      on      |        on        |        
RUN-1001 :   speedup_effort  |      0       |        0         |        
RUN-1001 :    syn_ip_flow    |     off      |       off        |        
RUN-1001 :       thread      |     auto     |       auto       |        
RUN-1001 : -------------------------------------------------------------
RUN-1001 : Print Place Property
RUN-1001 : ---------------------------------------------------------------
RUN-1001 :       Parameters      |  Settings  |  Default Values  |  Note  
RUN-1001 : ---------------------------------------------------------------
RUN-1001 :         effort        |   medium   |      medium      |        
RUN-1001 :     hfn_opt_effort    |   medium   |      medium      |        
RUN-1001 :    logic_level_opt    |    off     |       off        |        
RUN-1001 :   macro_performance   |    auto    |       auto       |        
RUN-1001 :       max_fanout      |   999999   |      999999      |        
RUN-1001 :       opt_timing      |   medium   |      medium      |        
RUN-1001 :     post_place_opt    |    auto    |       auto       |        
RUN-1001 :      pr_strategy      |     1      |        1         |        
RUN-1001 :   preplace_floorplan  |    off     |       off        |        
RUN-1001 : ---------------------------------------------------------------
RUN-1002 : start command "read_adc ../user_source/constraints_source/pin.adc"
RUN-1002 : start command "set_pin_assignment  I_sys_clk   LOCATION = C4; IOSTANDARD  = LVCMOS33; PULLTYPE = PULLUP; "
RUN-1002 : start command "set_pin_assignment  I_rst_n   LOCATION = R10; IOSTANDARD = LVCMOS33; PULLTYPE = PULLUP; "
RUN-1002 : start command "set_pin_assignment  O_cam_scl   LOCATION = K3; IOSTANDARD  = LVCMOS33; DRIVESTRENGTH = 8; PULLTYPE = PULLUP; "
RUN-1002 : start command "set_pin_assignment  IO_cam_sda   LOCATION = J3; IOSTANDARD  = LVCMOS33; DRIVESTRENGTH = 8; PULLTYPE = PULLUP; "
RUN-1002 : start command "set_pin_assignment  O_cam_24m   LOCATION = L3; IOSTANDARD  = LVCMOS33; DRIVESTRENGTH = 8; PULLTYPE = PULLUP; "
RUN-1002 : start command "set_pin_assignment  O_cam_rst   LOCATION = L2; IOSTANDARD  = LVCMOS33; DRIVESTRENGTH = 8; PULLTYPE = PULLUP; "
RUN-1002 : start command "set_pin_assignment  I_button[0]   LOCATION = N2;  IOSTANDARD = LVCMOS33; DRIVESTRENGTH = 8; PULLTYPE = PULLUP; "
RUN-1002 : start command "set_pin_assignment  I_button[1]   LOCATION = J14; IOSTANDARD = LVCMOS33; DRIVESTRENGTH = 8; PULLTYPE = PULLUP; "
RUN-1002 : start command "set_pin_assignment  O_screen_pwm   LOCATION = R11; IOSTANDARD = LVCMOS33; DRIVESTRENGTH = 8; PULLTYPE = PULLDOWN; "
RUN-1002 : start command "set_pin_assignment  O_tmds_ch0_p   LOCATION = G16; IOSTANDARD = TMDS33; PULLTYPE = NONE; "
RUN-1002 : start command "set_pin_assignment  O_tmds_ch1_p   LOCATION = F17; IOSTANDARD = TMDS33; PULLTYPE = NONE; "
RUN-1002 : start command "set_pin_assignment  O_tmds_ch2_p   LOCATION = H14; IOSTANDARD = TMDS33; PULLTYPE = NONE; "
RUN-1002 : start command "set_pin_assignment  O_tmds_clk_p   LOCATION = C17; IOSTANDARD = TMDS33; PULLTYPE = NONE; "
RUN-1001 : Starting of IO setups legality check.
RUN-1003 : finish command "read_adc ../user_source/constraints_source/pin.adc" in  1.727361s wall, 1.718750s user + 0.000000s system = 1.718750s CPU (99.5%)

RUN-1004 : used memory is 762 MB, reserved memory is 754 MB, peak memory is 808 MB
RUN-1002 : start command "read_ip_adc -ip ddr2 -file ../user_source/hdl_source/ip/memory/ph1p35_ddr/ddr2/src/adc/ddr2.adc"
RUN-1001 : Starting of IO setups legality check.
RUN-1003 : finish command "read_ip_adc -ip ddr2 -file ../user_source/hdl_source/ip/memory/ph1p35_ddr/ddr2/src/adc/ddr2.adc" in  1.651049s wall, 1.609375s user + 0.000000s system = 1.609375s CPU (97.5%)

RUN-1004 : used memory is 762 MB, reserved memory is 754 MB, peak memory is 808 MB
RUN-1002 : start command "read_sdc camera_to_dsi_display.sdc"
RUN-1002 : start command "read_sdc -ip w128_d512_fifo ../user_source/ip_source/w128_d512_fifo/w128_d512_fifo.tcl"
RUN-1002 : start command "read_sdc -ip ddr2 ../user_source/hdl_source/ip/memory/ph1p35_ddr/ddr2/src/sdc/ddr2.sdc"
RUN-1002 : start command "place"
RUN-1001 : Open license file D:/Anlogic/TD_6.2.1_Engineer_6.2.168.116/license/Anlogic.lic
PHY-3001 : Placer runs in 32 thread(s).
PHY-1001 : Stage 1 | Initialize Design
PHY-1001 : Stage 1.1 | Build Design
PHY-1001 : 15204 luts, 23322 seqs, 536 mslices, 6473 lslices, 54 pads, 108 brams, 31 dsps
RUN-1002 : start command "legalize_phy_inst"
SYN-1011 : Flatten model design_top_wrapper
SYN-1001 : ADC: Instance "u_ph1p35_324_ddr_wrapper/u_ddr2/ph1p_ddrmc_wrapper/ph1p_ddrmc_top/u_ddr_phy/u_ddrphy_top/u_ddrphy/ac_byte[0]$ac_byte_used$u_ddrphy_ac_byte_wrapper/u_ddrphy_byte" LOCATION="X0Y70Z0"
SYN-1001 : ADC: Instance "u_ph1p35_324_ddr_wrapper/u_ddr2/ph1p_ddrmc_wrapper/ph1p_ddrmc_top/u_ddr_phy/u_ddrphy_top/u_ddrphy/ac_byte[1]$ac_byte_used$u_ddrphy_ac_byte_wrapper/u_ddrphy_byte" LOCATION="X0Y60Z0"
SYN-1001 : ADC: Instance "u_ph1p35_324_ddr_wrapper/u_ddr2/ph1p_ddrmc_wrapper/ph1p_ddrmc_top/u_ddr_phy/u_ddrphy_top/u_ddrphy/ac_byte[2]$ac_byte_used$u_ddrphy_ac_byte_wrapper/u_ddrphy_byte" LOCATION="X0Y50Z0"
SYN-1001 : ADC: Instance "u_ph1p35_324_ddr_wrapper/u_ddr2/ph1p_ddrmc_wrapper/ph1p_ddrmc_top/u_ddr_phy/u_ddrphy_top/u_ddrphy/ac_byte[3]$ac_byte_used$u_ddrphy_ac_byte_wrapper/u_ddrphy_byte" LOCATION="X0Y40Z0"
SYN-1001 : ADC: Instance "u_ph1p35_324_ddr_wrapper/u_ddr2/ph1p_ddrmc_wrapper/ph1p_ddrmc_top/u_ddr_phy/u_ddrphy_top/u_ddrphy/bkref[0]$u_ddrphy_bankref" LOCATION="X0Y19Z0"
SYN-1001 : ADC: Instance "u_ph1p35_324_ddr_wrapper/u_ddr2/ph1p_ddrmc_wrapper/ph1p_ddrmc_top/u_ddr_phy/u_ddrphy_top/u_ddrphy/bkref[1]$u_ddrphy_bankref" LOCATION="X0Y59Z0"
SYN-1001 : ADC: Instance "u_ph1p35_324_ddr_wrapper/u_ddr2/ph1p_ddrmc_wrapper/ph1p_ddrmc_top/u_ddr_phy/u_ddrphy_top/u_ddrphy/dx_byte[0]$dx_byte_used$u_ddrphy_dx_byte_wrapper/u_ddrphy_byte" LOCATION="X0Y30Z0"
SYN-1001 : ADC: Instance "u_ph1p35_324_ddr_wrapper/u_ddr2/ph1p_ddrmc_wrapper/ph1p_ddrmc_top/u_ddr_phy/u_ddrphy_top/u_ddrphy/dx_byte[1]$dx_byte_used$u_ddrphy_dx_byte_wrapper/u_ddrphy_byte" LOCATION="X0Y10Z0"
SYN-1001 : ADC: Instance "u_ph1p35_324_ddr_wrapper/u_ddr2/ph1p_ddrmc_wrapper/ph1p_ddrmc_top/u_ddr_phy/u_ddrphy_top/u_ddrphy_clk/ioclk[0]$u_ioclk_0" LOCATION="X0Y59Z0"
SYN-1001 : ADC: Instance "u_ph1p35_324_ddr_wrapper/u_ddr2/ph1p_ddrmc_wrapper/ph1p_ddrmc_top/u_ddr_phy/u_ddrphy_top/u_ddrphy_clk/ioclk[0]$u_ioclk_1" LOCATION="X0Y59Z1"
SYN-1001 : ADC: Instance "u_ph1p35_324_ddr_wrapper/u_ddr2/ph1p_ddrmc_wrapper/ph1p_ddrmc_top/u_ddr_phy/u_ddrphy_top/u_ddrphy_clk/ioclk[1]$u_ioclk_0" LOCATION="X0Y19Z0"
SYN-1001 : ADC: Instance "u_ph1p35_324_ddr_wrapper/u_ddr2/ph1p_ddrmc_wrapper/ph1p_ddrmc_top/u_ddr_phy/u_ddrphy_top/u_ddrphy_clk/ioclk[1]$u_ioclk_1" LOCATION="X0Y19Z1"
SYN-1001 : ADC: Instance "u_ph1p35_324_ddr_wrapper/u_ddr2/ph1p_ddrmc_wrapper/ph1p_ddrmc_top/u_ddr_phy/u_ddrphy_top/u_ddrphy_clk/u_mlclk_1" LOCATION="X0Y59Z0"
SYN-1001 : ADC: Instance "u_ph1p35_324_ddr_wrapper/u_ddr2/ph1p_ddrmc_wrapper/ph1p_ddrmc_top/u_ddr_phy/u_ddrphy_top/u_ddrphy_clk/u_mlclk_2" LOCATION="X0Y59Z1"
SYN-1001 : ADC: Instance "u_ph1p35_324_ddr_wrapper/u_ddr2/ph1p_ddrmc_wrapper/ph1p_ddrmc_top/u_ddr_phy/u_ddrphy_top/u_ddrphy_clk/u_pll0/u_pll_inst" LOCATION="X0Y40Z0"
SYN-1001 : ADC: Instance "u_ph1p35_324_ddr_wrapper/u_ddr2/ph1p_ddrmc_wrapper/ph1p_ddrmc_top/u_ddr_phy/u_ddrphy_top/u_ddrphy_clk/u_pll1/u_pll_inst" LOCATION="X0Y79Z0"
PHY-1001 : Remove keep and sweep redundant instances ...
PHY-1001 : 14895 luts, 22979 seqs, 536 mslices, 6442 lslices, 54 pads, 108 brams, 31 dsps
PHY-1001 : End Stage 1.1 | Build Design; Time: 0.287206s wall, 0.296875s user + 0.000000s system = 0.296875s CPU (103.4%); Memory(MB): used = 766, reserved = 757, peak = 808;

PHY-1001 : Stage 1.2 | Optimize Design
OPT-1001 : Stage 1.2.1 | Simplify Lut
OPT-1001 : End Stage 1.2.1 | Simplify Lut; Time: 0.045961s wall, 0.046875s user + 0.000000s system = 0.046875s CPU (102.0%); Memory(MB): used = 773, reserved = 765, peak = 808;

OPT-1001 : Stage 1.2.2 | Sweep
OPT-1001 : End Stage 1.2.2 | Sweep; Time: 0.017009s wall, 0.015625s user + 0.000000s system = 0.015625s CPU (91.9%); Memory(MB): used = 773, reserved = 765, peak = 808;

OPT-1001 : Stage 1.2.3 | Merge Lut
OPT-1001 : Start remap optimization ...
RUN-1001 :   Added 0 lut1 for undup drivers
OPT-1001 : skip lut merge since lut number 14893 is similar to or less than reg number 22979
OPT-1001 : End Stage 1.2.3 | Merge Lut; Time: 0.022054s wall, 0.015625s user + 0.000000s system = 0.015625s CPU (70.8%); Memory(MB): used = 773, reserved = 765, peak = 808;

OPT-1001 : Stage 1.2.4 | Synthesize High-fanout Net
OPT-1001 : Start high-fanout net optimization in pre-place flow with medium effort ...
RUN-1001 : HFN opt statistic
RUN-1001 : ------------------------------------------------------
RUN-1001 :   DriverCell type  |  HFN count  |  Duplicated count  
RUN-1001 : ------------------------------------------------------
RUN-1001 :       LSLICE       |      0      |         0          
RUN-1001 :       MSLICE       |      0      |         0          
RUN-1001 :        TOTAL       |      0      |         0          
RUN-1001 : ------------------------------------------------------
OPT-1001 : End high-fanout net optimization;  0.000061s wall, 0.000000s user + 0.000000s system = 0.000000s CPU (n/a%)

OPT-1001 : Current memory(MB): used = 773, reserved = 765, peak = 808.
OPT-1001 : End Stage 1.2.4 | Synthesize High-fanout Net; Time: 0.000115s wall, 0.000000s user + 0.000000s system = 0.000000s CPU (n/a%); Memory(MB): used = 773, reserved = 765, peak = 808;

OPT-1001 : End physical optimization;  0.085312s wall, 0.078125s user + 0.000000s system = 0.078125s CPU (91.6%)

PHY-1001 : End Stage 1.2 | Optimize Design; Time: 0.085440s wall, 0.078125s user + 0.000000s system = 0.078125s CPU (91.4%); Memory(MB): used = 773, reserved = 765, peak = 808;

PHY-1001 : Stage 1.3 | Initialize Clock
PHY-1001 : Start to synthesize physical clock networks.
RUN-1002 : start command "start_timer"
USR-1002 : Derived clock:  create_generated_clock -name {u_PLL/ph1p_phy_pll_wrapper_25a56e5ce2f9_Inst/u_PH1P_PHY_PLL.clkc[0]} -source [get_ports {I_sys_clk}] -master_clock {sys_clk_50m} -multiply_by 2.0000 -duty_cycle 50.0000 [get_pins {u_PLL/ph1p_phy_pll_wrapper_25a56e5ce2f9_Inst/u_PH1P_PHY_PLL.clkc[0]}]
USR-1002 : Derived clock:  create_generated_clock -name {u_PLL/ph1p_phy_pll_wrapper_25a56e5ce2f9_Inst/u_PH1P_PHY_PLL.clkc[1]} -source [get_ports {I_sys_clk}] -master_clock {sys_clk_50m} -divide_by 2.0769 -duty_cycle 50.0000 [get_pins {u_PLL/ph1p_phy_pll_wrapper_25a56e5ce2f9_Inst/u_PH1P_PHY_PLL.clkc[1]}]
USR-1002 : Derived clock:  create_generated_clock -name {u_PLL/ph1p_phy_pll_wrapper_25a56e5ce2f9_Inst/u_PH1P_PHY_PLL.clkc[4]} -source [get_ports {I_sys_clk}] -master_clock {sys_clk_50m} -multiply_by 1.0400 -duty_cycle 50.0000 [get_pins {u_PLL/ph1p_phy_pll_wrapper_25a56e5ce2f9_Inst/u_PH1P_PHY_PLL.clkc[4]}]
USR-1002 : Derived clock:  create_generated_clock -name {u_PLL/ph1p_phy_pll_wrapper_25a56e5ce2f9_Inst/u_PH1P_PHY_PLL.clkc[5]} -source [get_ports {I_sys_clk}] -master_clock {sys_clk_50m} -multiply_by 5.2000 -duty_cycle 50.0000 [get_pins {u_PLL/ph1p_phy_pll_wrapper_25a56e5ce2f9_Inst/u_PH1P_PHY_PLL.clkc[5]}]
USR-1002 : Derived clock:  create_generated_clock -name {u_ph1p35_324_ddr_wrapper/u_ddr2/ph1p_ddrmc_wrapper/ph1p_ddrmc_top/u_ddr_phy/u_ddrphy_top/u_ddrphy_clk/u_pll0/u_pll_inst.clkc[0]} -source [get_ports {I_sys_clk}] -master_clock {sys_clk_50m} -multiply_by 1.3333 -duty_cycle 50.0000 [get_pins {u_ph1p35_324_ddr_wrapper/u_ddr2/ph1p_ddrmc_wrapper/ph1p_ddrmc_top/u_ddr_phy/u_ddrphy_top/u_ddrphy_clk/u_pll0/u_pll_inst.clkc[0]}]
USR-1002 : Derived clock:  create_generated_clock -name {u_ph1p35_324_ddr_wrapper/u_ddr2/ph1p_ddrmc_wrapper/ph1p_ddrmc_top/u_ddr_phy/u_ddrphy_top/u_ddrphy_clk/u_pll0/u_pll_inst.clkc[1]} -source [get_ports {I_sys_clk}] -master_clock {sys_clk_50m} -multiply_by 1.3333 -duty_cycle 50.0000 [get_pins {u_ph1p35_324_ddr_wrapper/u_ddr2/ph1p_ddrmc_wrapper/ph1p_ddrmc_top/u_ddr_phy/u_ddrphy_top/u_ddrphy_clk/u_pll0/u_pll_inst.clkc[1]}]
USR-1002 : Derived clock:  create_generated_clock -name {u_ph1p35_324_ddr_wrapper/u_ddr2/ph1p_ddrmc_wrapper/ph1p_ddrmc_top/u_ddr_phy/u_ddrphy_top/u_ddrphy_clk/u_pll0/u_pll_inst.clkc[2]} -source [get_ports {I_sys_clk}] -master_clock {sys_clk_50m} -multiply_by 5.3333 -duty_cycle 50.0000 [get_pins {u_ph1p35_324_ddr_wrapper/u_ddr2/ph1p_ddrmc_wrapper/ph1p_ddrmc_top/u_ddr_phy/u_ddrphy_top/u_ddrphy_clk/u_pll0/u_pll_inst.clkc[2]}]
USR-1002 : Derived clock:  create_generated_clock -name {u_ph1p35_324_ddr_wrapper/u_ddr2/ph1p_ddrmc_wrapper/ph1p_ddrmc_top/u_ddr_phy/u_ddrphy_top/u_ddrphy_clk/u_pll0/u_pll_inst.clkc[3]} -source [get_ports {I_sys_clk}] -master_clock {sys_clk_50m} -divide_by 1.9687 -duty_cycle 50.0000 [get_pins {u_ph1p35_324_ddr_wrapper/u_ddr2/ph1p_ddrmc_wrapper/ph1p_ddrmc_top/u_ddr_phy/u_ddrphy_top/u_ddrphy_clk/u_pll0/u_pll_inst.clkc[3]}]
USR-1002 : Derived clock:  create_generated_clock -name {u_ph1p35_324_ddr_wrapper/u_ddr2/ph1p_ddrmc_wrapper/ph1p_ddrmc_top/u_ddr_phy/u_ddrphy_top/u_ddrphy_clk/u_pll1/u_pll_inst.clkc[0]} -source [get_pins {u_ph1p35_324_ddr_wrapper/u_ddr2/ph1p_ddrmc_wrapper/ph1p_ddrmc_top/u_ddr_phy/u_ddrphy_top/u_ddrphy_clk/u_pll0/u_pll_inst.clkc[0]}] -master_clock {u_ph1p35_324_ddr_wrapper/u_ddr2/ph1p_ddrmc_wrapper/ph1p_ddrmc_top/u_ddr_phy/u_ddrphy_top/u_ddrphy_clk/u_pll0/u_pll_inst.clkc[0]} -multiply_by 1.0000 -duty_cycle 50.0000 [get_pins {u_ph1p35_324_ddr_wrapper/u_ddr2/ph1p_ddrmc_wrapper/ph1p_ddrmc_top/u_ddr_phy/u_ddrphy_top/u_ddrphy_clk/u_pll1/u_pll_inst.clkc[0]}]
8.888000
15.000000
15.000000
19.230000
RUN-1003 : finish command "start_timer" in  1.726543s wall, 1.671875s user + 0.015625s system = 1.687500s CPU (97.7%)

RUN-1004 : used memory is 1131 MB, reserved memory is 1127 MB, peak memory is 1131 MB
TMR-2502 : Net delay update with mode: Synthesized
PHY-5060 CRITICAL-WARNING: Clock net candidate u_uicfgcs500/uii2c_inst/scl_clk has mixed fanouts of 1 clock pins; 2 data/ctrl pins. Please check connection of the net in design.
PHY-5060 CRITICAL-WARNING: Clock net candidate O_cam_24m_syn_3 has mixed fanouts of 83 clock pins; 1 data/ctrl pins. Please check connection of the net in design.
PHY-1001 : Populate physical database on model design_top_wrapper.
RUN-1001 : There are total 45925 instances
RUN-0007 : 14893 luts, 22979 seqs, 536 mslices, 6442 lslices, 54 pads, 108 brams, 31 dsps
RUN-1001 : There are total 61385 nets
RUN-1001 : 43833 nets have 2 pins
RUN-1001 : 14043 nets have [3 - 5] pins
RUN-1001 : 2243 nets have [6 - 10] pins
RUN-1001 : 564 nets have [11 - 20] pins
RUN-1001 : 597 nets have [21 - 99] pins
RUN-1001 : 105 nets have 100+ pins
PHY-1001 : Start to check user instance location assignments; please refer to ADC constraint.
PHY-1001 : End Stage 1.3 | Initialize Clock; Time: 2.825834s wall, 2.765625s user + 0.015625s system = 2.781250s CPU (98.4%); Memory(MB): used = 1286, reserved = 1281, peak = 1286;

PHY-1001 : End Stage 1 | Initialize Design; Time: 3.241272s wall, 3.187500s user + 0.015625s system = 3.203125s CPU (98.8%); Memory(MB): used = 1286, reserved = 1281, peak = 1286;

PHY-1001 : Stage 2 | Global Placement
RUN-1001 : Report Control nets information:
RUN-1001 : DFF Distribution
RUN-1001 : -------------------------------------
RUN-1001 :   CE   |  SSR  |  ASR  |  DFF Count  
RUN-1001 : -------------------------------------
RUN-1001 :   No   |  No   |  No   |    6682     
RUN-1001 :   No   |  No   |  Yes  |    4258     
RUN-1001 :   No   |  Yes  |  No   |     217     
RUN-1001 :   Yes  |  No   |  No   |     424     
RUN-1001 :   Yes  |  No   |  Yes  |    11476    
RUN-1001 :   Yes  |  Yes  |  No   |     146     
RUN-1001 : -------------------------------------
RUN-1001 : Control Group Statistic
RUN-1001 : -----------------------------
RUN-1001 :   #CLK  |  #CE  |  #SSR/ASR  
RUN-1001 : -----------------------------
RUN-1001 :    9    |  346  |     26     
RUN-1001 : -----------------------------
RUN-0007 : Control Set = 382
PHY-1001 : Stage 2.1 | Place Fixed Instances
PHY-1001 : Processing 2 clock pins of DDR instance u_ph1p35_324_ddr_wrapper/u_ddr2/ph1p_ddrmc_wrapper/ph1p_ddrmc_top/u_ddr_phy/u_ddrphy_top/u_ddrphy/ac_byte[0]$ac_byte_used$u_ddrphy_ac_byte_wrapper/u_ddrphy_byte, location = x0y70z0.
PHY-1001 :   User location X0Y59Z1 of ioclk instance u_ph1p35_324_ddr_wrapper/u_ddr2/ph1p_ddrmc_wrapper/ph1p_ddrmc_top/u_ddr_phy/u_ddrphy_top/u_ddrphy_clk/ioclk[0]$u_ioclk_1.
PHY-1001 :   Placement of ioclk instance u_ph1p35_324_ddr_wrapper/u_ddr2/ph1p_ddrmc_wrapper/ph1p_ddrmc_top/u_ddr_phy/u_ddrphy_top/u_ddrphy_clk/ioclk[0]$u_ioclk_1; location = x0y59z1.
PHY-1001 :   User location X0Y59Z0 of ioclk instance u_ph1p35_324_ddr_wrapper/u_ddr2/ph1p_ddrmc_wrapper/ph1p_ddrmc_top/u_ddr_phy/u_ddrphy_top/u_ddrphy_clk/ioclk[0]$u_ioclk_0.
PHY-1001 :   Placement of ioclk instance u_ph1p35_324_ddr_wrapper/u_ddr2/ph1p_ddrmc_wrapper/ph1p_ddrmc_top/u_ddr_phy/u_ddrphy_top/u_ddrphy_clk/ioclk[0]$u_ioclk_0; location = x0y59z0.
PHY-1001 : Processing 2 clock pins of DDR instance u_ph1p35_324_ddr_wrapper/u_ddr2/ph1p_ddrmc_wrapper/ph1p_ddrmc_top/u_ddr_phy/u_ddrphy_top/u_ddrphy/ac_byte[1]$ac_byte_used$u_ddrphy_ac_byte_wrapper/u_ddrphy_byte, location = x0y60z0.
PHY-1001 :   Placed ioclk instance u_ph1p35_324_ddr_wrapper/u_ddr2/ph1p_ddrmc_wrapper/ph1p_ddrmc_top/u_ddr_phy/u_ddrphy_top/u_ddrphy_clk/ioclk[0]$u_ioclk_1, location = x0y59z1.
PHY-1001 :   Placed ioclk instance u_ph1p35_324_ddr_wrapper/u_ddr2/ph1p_ddrmc_wrapper/ph1p_ddrmc_top/u_ddr_phy/u_ddrphy_top/u_ddrphy_clk/ioclk[0]$u_ioclk_0, location = x0y59z0.
PHY-1001 : Processing 2 clock pins of DDR instance u_ph1p35_324_ddr_wrapper/u_ddr2/ph1p_ddrmc_wrapper/ph1p_ddrmc_top/u_ddr_phy/u_ddrphy_top/u_ddrphy/ac_byte[2]$ac_byte_used$u_ddrphy_ac_byte_wrapper/u_ddrphy_byte, location = x0y50z0.
PHY-1001 :   Placed ioclk instance u_ph1p35_324_ddr_wrapper/u_ddr2/ph1p_ddrmc_wrapper/ph1p_ddrmc_top/u_ddr_phy/u_ddrphy_top/u_ddrphy_clk/ioclk[0]$u_ioclk_1, location = x0y59z1.
PHY-1001 :   Placed ioclk instance u_ph1p35_324_ddr_wrapper/u_ddr2/ph1p_ddrmc_wrapper/ph1p_ddrmc_top/u_ddr_phy/u_ddrphy_top/u_ddrphy_clk/ioclk[0]$u_ioclk_0, location = x0y59z0.
PHY-1001 : Processing 2 clock pins of DDR instance u_ph1p35_324_ddr_wrapper/u_ddr2/ph1p_ddrmc_wrapper/ph1p_ddrmc_top/u_ddr_phy/u_ddrphy_top/u_ddrphy/ac_byte[3]$ac_byte_used$u_ddrphy_ac_byte_wrapper/u_ddrphy_byte, location = x0y40z0.
PHY-1001 :   Placed ioclk instance u_ph1p35_324_ddr_wrapper/u_ddr2/ph1p_ddrmc_wrapper/ph1p_ddrmc_top/u_ddr_phy/u_ddrphy_top/u_ddrphy_clk/ioclk[0]$u_ioclk_1, location = x0y59z1.
PHY-1001 :   Placed ioclk instance u_ph1p35_324_ddr_wrapper/u_ddr2/ph1p_ddrmc_wrapper/ph1p_ddrmc_top/u_ddr_phy/u_ddrphy_top/u_ddrphy_clk/ioclk[0]$u_ioclk_0, location = x0y59z0.
PHY-1001 : Processing 2 clock pins of DDR instance u_ph1p35_324_ddr_wrapper/u_ddr2/ph1p_ddrmc_wrapper/ph1p_ddrmc_top/u_ddr_phy/u_ddrphy_top/u_ddrphy/dx_byte[0]$dx_byte_used$u_ddrphy_dx_byte_wrapper/u_ddrphy_byte, location = x0y30z0.
PHY-1001 :   User location X0Y19Z1 of ioclk instance u_ph1p35_324_ddr_wrapper/u_ddr2/ph1p_ddrmc_wrapper/ph1p_ddrmc_top/u_ddr_phy/u_ddrphy_top/u_ddrphy_clk/ioclk[1]$u_ioclk_1.
PHY-1001 :   Placement of ioclk instance u_ph1p35_324_ddr_wrapper/u_ddr2/ph1p_ddrmc_wrapper/ph1p_ddrmc_top/u_ddr_phy/u_ddrphy_top/u_ddrphy_clk/ioclk[1]$u_ioclk_1; location = x0y19z1.
PHY-1001 :   User location X0Y19Z0 of ioclk instance u_ph1p35_324_ddr_wrapper/u_ddr2/ph1p_ddrmc_wrapper/ph1p_ddrmc_top/u_ddr_phy/u_ddrphy_top/u_ddrphy_clk/ioclk[1]$u_ioclk_0.
PHY-1001 :   Placement of ioclk instance u_ph1p35_324_ddr_wrapper/u_ddr2/ph1p_ddrmc_wrapper/ph1p_ddrmc_top/u_ddr_phy/u_ddrphy_top/u_ddrphy_clk/ioclk[1]$u_ioclk_0; location = x0y19z0.
PHY-1001 : Processing 2 clock pins of DDR instance u_ph1p35_324_ddr_wrapper/u_ddr2/ph1p_ddrmc_wrapper/ph1p_ddrmc_top/u_ddr_phy/u_ddrphy_top/u_ddrphy/dx_byte[1]$dx_byte_used$u_ddrphy_dx_byte_wrapper/u_ddrphy_byte, location = x0y10z0.
PHY-1001 :   Placed ioclk instance u_ph1p35_324_ddr_wrapper/u_ddr2/ph1p_ddrmc_wrapper/ph1p_ddrmc_top/u_ddr_phy/u_ddrphy_top/u_ddrphy_clk/ioclk[1]$u_ioclk_1, location = x0y19z1.
PHY-1001 :   Placed ioclk instance u_ph1p35_324_ddr_wrapper/u_ddr2/ph1p_ddrmc_wrapper/ph1p_ddrmc_top/u_ddr_phy/u_ddrphy_top/u_ddrphy_clk/ioclk[1]$u_ioclk_0, location = x0y19z0.
PHY-1001 : DDR MLCLK topology u_ph1p35_324_ddr_wrapper/u_ddr2/ph1p_ddrmc_wrapper/ph1p_ddrmc_top/u_ddr_phy/u_ddrphy_top/u_ddrphy_clk/u_mlclk_1.
PHY-1001 :   Driver: PH1P_PHY_PLL_V2 u_ph1p35_324_ddr_wrapper/u_ddr2/ph1p_ddrmc_wrapper/ph1p_ddrmc_top/u_ddr_phy/u_ddrphy_top/u_ddrphy_clk/u_pll0/u_pll_inst.clkc[1], user location :X0Y40Z0.
PHY-1001 :   Sink: PH1P_PHY_IOCLK u_ph1p35_324_ddr_wrapper/u_ddr2/ph1p_ddrmc_wrapper/ph1p_ddrmc_top/u_ddr_phy/u_ddrphy_top/u_ddrphy_clk/ioclk[0]$u_ioclk_0, location = x0y59z0, sectorID = 1.
PHY-1001 :   Sink: PH1P_PHY_IOCLK u_ph1p35_324_ddr_wrapper/u_ddr2/ph1p_ddrmc_wrapper/ph1p_ddrmc_top/u_ddr_phy/u_ddrphy_top/u_ddrphy_clk/ioclk[1]$u_ioclk_0, location = x0y19z0, sectorID = 0.
PHY-1001 : Placement of MLCLK instance u_ph1p35_324_ddr_wrapper/u_ddr2/ph1p_ddrmc_wrapper/ph1p_ddrmc_top/u_ddr_phy/u_ddrphy_top/u_ddrphy_clk/u_mlclk_1; location = x0y59z0,  sectorID = 1.
PHY-1001 : DDR MLCLK topology u_ph1p35_324_ddr_wrapper/u_ddr2/ph1p_ddrmc_wrapper/ph1p_ddrmc_top/u_ddr_phy/u_ddrphy_top/u_ddrphy_clk/u_mlclk_2.
PHY-1001 :   Driver: PH1P_PHY_PLL_V2 u_ph1p35_324_ddr_wrapper/u_ddr2/ph1p_ddrmc_wrapper/ph1p_ddrmc_top/u_ddr_phy/u_ddrphy_top/u_ddrphy_clk/u_pll0/u_pll_inst.clkc[2], user location :X0Y40Z0.
PHY-1001 :   Sink: PH1P_PHY_IOCLK u_ph1p35_324_ddr_wrapper/u_ddr2/ph1p_ddrmc_wrapper/ph1p_ddrmc_top/u_ddr_phy/u_ddrphy_top/u_ddrphy_clk/ioclk[0]$u_ioclk_1, location = x0y59z1, sectorID = 1.
PHY-1001 :   Sink: PH1P_PHY_IOCLK u_ph1p35_324_ddr_wrapper/u_ddr2/ph1p_ddrmc_wrapper/ph1p_ddrmc_top/u_ddr_phy/u_ddrphy_top/u_ddrphy_clk/ioclk[1]$u_ioclk_1, location = x0y19z1, sectorID = 0.
PHY-1001 : Placement of MLCLK instance u_ph1p35_324_ddr_wrapper/u_ddr2/ph1p_ddrmc_wrapper/ph1p_ddrmc_top/u_ddr_phy/u_ddrphy_top/u_ddrphy_clk/u_mlclk_2; location = x0y59z1,  sectorID = 1.
PHY-5016 WARNING: PLL clkc is driving an IO without location.
PHY-5016 WARNING: PLL clkc is not driving a clock-capable IO.
PHY-5016 WARNING: PLL clkc is driving an IO without location.
PHY-5016 WARNING: PLL clkc is not driving a clock-capable IO.
PHY-1001 : End Stage 2.1 | Place Fixed Instances; Time: 0.054210s wall, 0.046875s user + 0.000000s system = 0.046875s CPU (86.5%); Memory(MB): used = 1313, reserved = 1308, peak = 1313;

PHY-1001 : Stage 2.2 | Pre-Place DRC Check
PHY-1001 : Stage 2.2.1 | Force Route Constraint Check
PHY-1001 : Check Pass.
PHY-1001 : End Stage 2.2.1 | Force Route Constraint Check; Time: 0.002384s wall, 0.015625s user + 0.000000s system = 0.015625s CPU (655.5%); Memory(MB): used = 1313, reserved = 1308, peak = 1313;

PHY-1001 : End Stage 2.2 | Pre-Place DRC Check; Time: 0.002414s wall, 0.015625s user + 0.000000s system = 0.015625s CPU (647.2%); Memory(MB): used = 1313, reserved = 1308, peak = 1313;

PHY-1001 : Clock GCLK Statistics:
RUN-1001 : GCLK Index: 
RUN-1001 : -------------------------------------------------------------------------------------------------------------------------------------------------------
RUN-1001 :   Index  |                                                          Clock GCLK                                                           |  Location   
RUN-1001 : -------------------------------------------------------------------------------------------------------------------------------------------------------
RUN-1001 :     1    |                           u_mipi_dphy_rx_ph1p_mipiio_wrapper/u_ph1p_mipiio_rx_wrapper/bufg_feedback                           |  x23y39z0   
RUN-1001 :     2    |   u_ph1p35_324_ddr_wrapper/u_ddr2/ph1p_ddrmc_wrapper/ph1p_ddrmc_top/u_ddr_phy/u_ddrphy_top/u_ddrphy_clk/u_pll1/u_bufg_fbclk   |  x23y39z16  
RUN-1001 :     3    |                                              u_hdmi_mixer/I_clk_created_gclkinst                                              |  x23y39z17  
RUN-1001 :     4    |                                               I_sys_clk_dup_6_created_gclkinst                                                |  x23y39z22  
RUN-1001 :     5    |                                               O_cam_24m_dup_1_created_gclkinst                                                |  x23y39z18  
RUN-1001 :     6    |                          u_hdmi_tx/u_hdmi2phy_wrapper/u0_lane_lvds_8_1/I_serial_clk_created_gclkinst                          |  x23y39z19  
RUN-1001 :     7    |  u_ph1p35_324_ddr_wrapper/u_ddr2/ph1p_ddrmc_wrapper/ph1p_ddrmc_top/u_ddr_phy/u_ddrphy_top/u_ddrphy/apb_pclk_created_gclkinst  |  x23y39z20  
RUN-1001 :     8    |                                       u_uicfgcs500/uii2c_inst/scl_clk_created_gclkinst                                        |  x23y39z1   
RUN-1001 :     9    |                                                      u_PLL/bufg_feedback                                                      |  x23y39z21  
RUN-1001 : -------------------------------------------------------------------------------------------------------------------------------------------------------
RUN-1001 : Clock Nets Connect To GCLK Statistics: 
RUN-1001 : -----------------------------------------------------------------------------------------------------------------------------------------------------------------------------------------
RUN-1001 :   Index  |                        Leading Net                        |  CLK/DATA/IO/PLL Sink(s)  |                       Following Net                       |  CLK/DATA/IO/PLL Sink(s)  
RUN-1001 : -----------------------------------------------------------------------------------------------------------------------------------------------------------------------------------------
RUN-1001 :     1    | u_mipi_dphy_rx_ph1p_mipiio_wrapper/u_ph1p_mipiio_rx_w...  |          1/0/0/0          | u_isp_top/u_demosaic/raw_matrix_3x3_buffer_d/zhenghe_...  |        17892/0/0/0        
RUN-1001 :     2    | u_ph1p35_324_ddr_wrapper/u_ddr2/ph1p_ddrmc_wrapper/ph...  |          1/0/0/0          | u_ph1p35_324_ddr_wrapper/u_ddr2/ph1p_ddrmc_wrapper/ph...  |        3529/0/0/0         
RUN-1001 :     3    |                    u_hdmi_mixer/I_clk                     |          1/0/0/0          |                u_hdmi_mixer/I_clk_syn_652                 |        1572/0/0/0         
RUN-1001 :     4    |                      I_sys_clk_dup_6                      |          3/0/0/0          |                      I_sys_clk_syn_8                      |         137/0/0/0         
RUN-1001 :     5    |                      O_cam_24m_dup_1                      |          1/0/0/0          |                      O_cam_24m_syn_3                      |         83/1/0/0          
RUN-1001 :     6    | u_hdmi_tx/u_hdmi2phy_wrapper/u0_lane_lvds_8_1/I_seria...  |          1/0/0/0          | u_hdmi_tx/u_hdmi2phy_wrapper/u0_lane_lvds_8_1/I_seria...  |         61/0/0/0          
RUN-1001 :     7    | u_ph1p35_324_ddr_wrapper/u_ddr2/ph1p_ddrmc_wrapper/ph...  |          1/0/0/0          | u_ph1p35_324_ddr_wrapper/u_ddr2/ph1p_ddrmc_wrapper/ph...  |         43/0/0/0          
RUN-1001 :     8    |              u_uicfgcs500/uii2c_inst/scl_clk              |          1/2/0/0          |           u_uicfgcs500/uii2c_inst/scl_clk_syn_9           |         24/0/0/0          
RUN-1001 :     9    |                      u_PLL/clk0_buf                       |          1/0/0/0          | u_mipi_dphy_rx_ph1p_mipiio_wrapper/u_ph1p_mipiio_rx_w...  |         13/0/0/0          
RUN-1001 : -----------------------------------------------------------------------------------------------------------------------------------------------------------------------------------------
PHY-1001 : Stage 2.3 | Global Placement Step 1
PHY-3001 : Target density is 60%
PHY-1001 : Stage 2.3.1 | Update Timing
RUN-1002 : start command "start_timer"
RUN-1003 : finish command "start_timer" in  1.401760s wall, 1.375000s user + 0.000000s system = 1.375000s CPU (98.1%)

RUN-1004 : used memory is 1377 MB, reserved memory is 1378 MB, peak memory is 1377 MB
PHY-1001 : SWNS: 321, STNS: 0, FEP: 0
PHY-1001 : End Stage 2.3.1 | Update Timing; Time: 2.614988s wall, 2.593750s user + 0.000000s system = 2.593750s CPU (99.2%); Memory(MB): used = 1395, reserved = 1391, peak = 1395;

PHY-0007 : Cell area utilization is 87%
RUN-1001 : Huge Net Statistic
RUN-1001 : ----------------------------------------------------------------------------------------------------------------------------------------------------------------------------------------
RUN-1001 :   Fanout  |  Slack  |                                                                                Net                                                                                
RUN-1001 : ----------------------------------------------------------------------------------------------------------------------------------------------------------------------------------------
RUN-1001 :   12396   |   Inf   |                                u_ph1p35_324_ddr_wrapper/u_ddr2/ph1p_ddrmc_wrapper/ph1p_ddrmc_top/u_ddr_phy/u_ddrphy_top/sys_rst_n                                 
RUN-1001 :    1472   |  11982  |                                u_ph1p35_324_ddr_wrapper/u_ddr2/ph1p_ddrmc_wrapper/ph1p_ddrmc_top/u_alc_mc_top/u_rbuf_addr_fifo/rst                                
RUN-1001 :    1089   |   Inf   |  u_ph1p35_324_ddr_wrapper/u_ddr2/ph1p_ddrmc_wrapper/ph1p_ddrmc_top/u_ddr_phy/u_ddrphy_top/u_ddrphy/dx_byte[1]$dx_byte_used$u_ddrphy_dx_byte_wrapper/dx_phy_rst_n  
RUN-1001 :    1066   |  2183   |                                                                  u_isp_top/u_cnn_core/conv_x[0]                                                                   
RUN-1001 :    1056   |  2185   |                                                                  u_isp_top/u_cnn_core/conv_x[1]                                                                   
RUN-1001 : ----------------------------------------------------------------------------------------------------------------------------------------------------------------------------------------
PHY-3001 : Clustering ...
PHY-3001 : End clustering;  0.179319s wall, 0.250000s user + 0.234375s system = 0.484375s CPU (270.1%)

PHY-3001 : Target density is 60%
PHY-1001 : Stage 2.3.2 | GP Iteration
PHY-1001 : End Stage 2.3.2 | GP Iteration; Time: 1.396315s wall, 3.906250s user + 1.468750s system = 5.375000s CPU (384.9%); Memory(MB): used = 1415, reserved = 1410, peak = 1415;

PHY-3001 : Multithread accelerating rate: 3.67
PHY-3001 : Low accelerating rate: 3.67. This may happen when it is heavy-loaded.
RUN-1002 : start command "start_timer"
USR-1002 : Derived clock:  create_generated_clock -name {u_PLL/ph1p_phy_pll_wrapper_25a56e5ce2f9_Inst/u_PH1P_PHY_PLL.clkc[0]} -source [get_ports {I_sys_clk}] -master_clock {sys_clk_50m} -multiply_by 2.0000 -duty_cycle 50.0000 [get_pins {u_PLL/ph1p_phy_pll_wrapper_25a56e5ce2f9_Inst/u_PH1P_PHY_PLL.clkc[0]}]
USR-1002 : Derived clock:  create_generated_clock -name {u_PLL/ph1p_phy_pll_wrapper_25a56e5ce2f9_Inst/u_PH1P_PHY_PLL.clkc[1]} -source [get_ports {I_sys_clk}] -master_clock {sys_clk_50m} -divide_by 2.0769 -duty_cycle 50.0000 [get_pins {u_PLL/ph1p_phy_pll_wrapper_25a56e5ce2f9_Inst/u_PH1P_PHY_PLL.clkc[1]}]
USR-1002 : Derived clock:  create_generated_clock -name {u_PLL/ph1p_phy_pll_wrapper_25a56e5ce2f9_Inst/u_PH1P_PHY_PLL.clkc[4]} -source [get_ports {I_sys_clk}] -master_clock {sys_clk_50m} -multiply_by 1.0400 -duty_cycle 50.0000 [get_pins {u_PLL/ph1p_phy_pll_wrapper_25a56e5ce2f9_Inst/u_PH1P_PHY_PLL.clkc[4]}]
USR-1002 : Derived clock:  create_generated_clock -name {u_PLL/ph1p_phy_pll_wrapper_25a56e5ce2f9_Inst/u_PH1P_PHY_PLL.clkc[5]} -source [get_ports {I_sys_clk}] -master_clock {sys_clk_50m} -multiply_by 5.2000 -duty_cycle 50.0000 [get_pins {u_PLL/ph1p_phy_pll_wrapper_25a56e5ce2f9_Inst/u_PH1P_PHY_PLL.clkc[5]}]
USR-1002 : Derived clock:  create_generated_clock -name {u_ph1p35_324_ddr_wrapper/u_ddr2/ph1p_ddrmc_wrapper/ph1p_ddrmc_top/u_ddr_phy/u_ddrphy_top/u_ddrphy_clk/u_pll0/u_pll_inst.clkc[0]} -source [get_ports {I_sys_clk}] -master_clock {sys_clk_50m} -multiply_by 1.3333 -duty_cycle 50.0000 [get_pins {u_ph1p35_324_ddr_wrapper/u_ddr2/ph1p_ddrmc_wrapper/ph1p_ddrmc_top/u_ddr_phy/u_ddrphy_top/u_ddrphy_clk/u_pll0/u_pll_inst.clkc[0]}]
USR-1002 : Derived clock:  create_generated_clock -name {u_ph1p35_324_ddr_wrapper/u_ddr2/ph1p_ddrmc_wrapper/ph1p_ddrmc_top/u_ddr_phy/u_ddrphy_top/u_ddrphy_clk/u_pll0/u_pll_inst.clkc[1]} -source [get_ports {I_sys_clk}] -master_clock {sys_clk_50m} -multiply_by 1.3333 -duty_cycle 50.0000 [get_pins {u_ph1p35_324_ddr_wrapper/u_ddr2/ph1p_ddrmc_wrapper/ph1p_ddrmc_top/u_ddr_phy/u_ddrphy_top/u_ddrphy_clk/u_pll0/u_pll_inst.clkc[1]}]
USR-1002 : Derived clock:  create_generated_clock -name {u_ph1p35_324_ddr_wrapper/u_ddr2/ph1p_ddrmc_wrapper/ph1p_ddrmc_top/u_ddr_phy/u_ddrphy_top/u_ddrphy_clk/u_pll0/u_pll_inst.clkc[2]} -source [get_ports {I_sys_clk}] -master_clock {sys_clk_50m} -multiply_by 5.3333 -duty_cycle 50.0000 [get_pins {u_ph1p35_324_ddr_wrapper/u_ddr2/ph1p_ddrmc_wrapper/ph1p_ddrmc_top/u_ddr_phy/u_ddrphy_top/u_ddrphy_clk/u_pll0/u_pll_inst.clkc[2]}]
USR-1002 : Derived clock:  create_generated_clock -name {u_ph1p35_324_ddr_wrapper/u_ddr2/ph1p_ddrmc_wrapper/ph1p_ddrmc_top/u_ddr_phy/u_ddrphy_top/u_ddrphy_clk/u_pll0/u_pll_inst.clkc[3]} -source [get_ports {I_sys_clk}] -master_clock {sys_clk_50m} -divide_by 1.9687 -duty_cycle 50.0000 [get_pins {u_ph1p35_324_ddr_wrapper/u_ddr2/ph1p_ddrmc_wrapper/ph1p_ddrmc_top/u_ddr_phy/u_ddrphy_top/u_ddrphy_clk/u_pll0/u_pll_inst.clkc[3]}]
USR-1002 : Derived clock:  create_generated_clock -name {u_ph1p35_324_ddr_wrapper/u_ddr2/ph1p_ddrmc_wrapper/ph1p_ddrmc_top/u_ddr_phy/u_ddrphy_top/u_ddrphy_clk/u_pll1/u_pll_inst.clkc[0]} -source [get_pins {u_ph1p35_324_ddr_wrapper/u_ddr2/ph1p_ddrmc_wrapper/ph1p_ddrmc_top/u_ddr_phy/u_ddrphy_top/u_ddrphy_clk/u_pll0/u_pll_inst.clkc[0]}] -master_clock {u_ph1p35_324_ddr_wrapper/u_ddr2/ph1p_ddrmc_wrapper/ph1p_ddrmc_top/u_ddr_phy/u_ddrphy_top/u_ddrphy_clk/u_pll0/u_pll_inst.clkc[0]} -multiply_by 1.0000 -duty_cycle 50.0000 [get_pins {u_ph1p35_324_ddr_wrapper/u_ddr2/ph1p_ddrmc_wrapper/ph1p_ddrmc_top/u_ddr_phy/u_ddrphy_top/u_ddrphy_clk/u_pll1/u_pll_inst.clkc[0]}]
8.888000
15.000000
15.000000
19.230000
RUN-1003 : finish command "start_timer" in  1.640573s wall, 1.609375s user + 0.000000s system = 1.609375s CPU (98.1%)

RUN-1004 : used memory is 1415 MB, reserved memory is 1410 MB, peak memory is 1415 MB
TMR-2502 : Net delay update with mode: Placed
PHY-3001 : No need to merge 9x9 Dsps.
PHY-1001 : Populate physical database on model design_top_wrapper.
PHY-1001 : End Stage 2.3 | Global Placement Step 1; Time: 7.680704s wall, 10.125000s user + 1.703125s system = 11.828125s CPU (154.0%); Memory(MB): used = 1518, reserved = 1513, peak = 1518;

PHY-1001 : Stage 2.4 | RAM/DSP Legalization and Detailed Placement
PHY-1001 : Stage 2.4.1 | Legalization
PHY-3001 : Before Legalized: Len = 2.80444e+06
PHY-3001 : After Legalized: Len = 2.97749e+06, Over = 723.375
PHY-1001 : End Stage 2.4.1 | Legalization; Time: 1.430543s wall, 1.375000s user + 0.000000s system = 1.375000s CPU (96.1%); Memory(MB): used = 1521, reserved = 1515, peak = 1521;

PHY-1001 : Stage 2.4.2 | Detailed Placement
PHY-1001 : Stage 2.4.2.1 | Simulated Annealing Based DP
PHY-0007 : Initial: WL Cost = 307563, TD Cost = 1.10011e+07, SWNS = -335, STNS = -1292, Nums per T = 1390, Range Limit = 2x32
PHY-0007 : Finally: WL Cost = 300664, TD Cost = 1.10776e+07, WL Ratio = 0.97757, TD Ratio = 1.00696, SWNS = -335, STNS = -1238
RUN-1001 : Print Detailed placement's Summary information
RUN-1001 : -------------------------------------------------------------------------------------------------------------------------------
RUN-1001 :             |  Total  |  Accept  |  Reject by overFlow  |  Reject by worseCost  |  Failed by noTarget  |  Failed by gridCheck  
RUN-1001 : -------------------------------------------------------------------------------------------------------------------------------
RUN-1001 :   RAM/DSPs  |  5560   |   346    |          0           |         5214          |          0           |           0           
RUN-1001 :    Macros   |  1256   |    35    |          0           |         1221          |          0           |           0           
RUN-1001 : -------------------------------------------------------------------------------------------------------------------------------
PHY-1001 : End Stage 2.4.2.1 | Simulated Annealing Based DP; Time: 3.088380s wall, 3.890625s user + 0.265625s system = 4.156250s CPU (134.6%); Memory(MB): used = 1527, reserved = 1520, peak = 1527;

PHY-3001 : End Detailed Place; 
PHY-1001 : End Stage 2.4.2 | Detailed Placement; Time: 3.248741s wall, 4.046875s user + 0.265625s system = 4.312500s CPU (132.7%); Memory(MB): used = 1527, reserved = 1520, peak = 1527;

PHY-1001 : End Stage 2.4 | RAM/DSP Legalization and Detailed Placement; Time: 4.679948s wall, 5.421875s user + 0.265625s system = 5.687500s CPU (121.5%); Memory(MB): used = 1527, reserved = 1520, peak = 1527;

PHY-1001 : Stage 2.5 | Global Placement Step 2
PHY-3001 : Target density is 60%
PHY-1001 : Stage 2.5.1 | Update Timing
PHY-1001 : SWNS: -335, STNS: -1238, FEP: 5
PHY-1001 : End Stage 2.5.1 | Update Timing; Time: 0.114095s wall, 0.109375s user + 0.000000s system = 0.109375s CPU (95.9%); Memory(MB): used = 1527, reserved = 1520, peak = 1527;

PHY-1001 : Stage 2.5.2 | Refresh Congestion
RUN-1001 : Generating global routing grids ...
RUN-1001 : Building simple global routing graph ...
PHY-1001 : Generate routing nets ...
PHY-1001 : Reuse net number 0/16737.
PHY-1001 : Global iterations in 32 thread ...
PHY-1002 : len = 3.29648e+06, over cnt = 3691(5%), over = 32030, worst = 113
PHY-1001 : End global iterations;  0.473055s wall, 0.671875s user + 0.000000s system = 0.671875s CPU (142.0%)

PHY-1001 : Congestion index:
PHY-1001 : top1  = 365.05(S 191.34, N 206.64, E 181.09, W 360.28, I 604.25, O 632.48)
PHY-1001 : top5  = 231.93(S 119.90, N 130.85, E 121.70, W 204.18, I 357.54, O 399.27)
PHY-1001 : top10 = 181.29(S 90.28, N 99.70, E 93.45, W 147.25, I 250.59, O 283.11)
PHY-1001 : top15 = 153.64(S 74.00, N 82.54, E 76.61, W 117.61, I 190.01, O 215.88)
PHY-1001 : End Stage 2.5.2 | Refresh Congestion; Time: 0.753581s wall, 0.937500s user + 0.000000s system = 0.937500s CPU (124.4%); Memory(MB): used = 1631, reserved = 1626, peak = 1631;

PHY-1001 : Stage 2.5.3 | GP Iteration
PHY-1001 : End Stage 2.5.3 | GP Iteration; Time: 0.899432s wall, 3.968750s user + 0.343750s system = 4.312500s CPU (479.5%); Memory(MB): used = 1632, reserved = 1626, peak = 1632;

PHY-3001 : Target density is 60%
PHY-1001 : Stage 2.5.4 | Update Timing
PHY-1001 : SWNS: 132, STNS: 0, FEP: 0
PHY-1001 : End Stage 2.5.4 | Update Timing; Time: 1.492047s wall, 1.453125s user + 0.015625s system = 1.468750s CPU (98.4%); Memory(MB): used = 1637, reserved = 1631, peak = 1637;

PHY-1001 : Stage 2.5.5 | Refresh Congestion
RUN-1001 : Generating global routing grids ...
PHY-1001 : Generate routing nets ...
PHY-1001 : Reuse net number 278/20020.
PHY-1001 : Global iterations in 32 thread ...
PHY-1002 : len = 2.99526e+06, over cnt = 4170(5%), over = 26758, worst = 106
PHY-1001 : End global iterations;  0.645378s wall, 0.984375s user + 0.000000s system = 0.984375s CPU (152.5%)

PHY-1001 : Congestion index:
PHY-1001 : top1  = 264.45(S 140.82, N 168.84, E 168.84, W 258.12, I 400.30, O 468.75)
PHY-1001 : top5  = 181.44(S 94.80, N 111.34, E 110.27, W 160.51, I 243.52, O 281.82)
PHY-1001 : top10 = 147.31(S 76.01, N 88.54, E 86.47, W 124.38, I 182.62, O 207.75)
PHY-1001 : top15 = 128.72(S 65.06, N 75.58, E 73.37, W 104.31, I 149.33, O 170.15)
PHY-1001 : End Stage 2.5.5 | Refresh Congestion; Time: 0.803538s wall, 1.140625s user + 0.000000s system = 1.140625s CPU (142.0%); Memory(MB): used = 1638, reserved = 1632, peak = 1638;

PHY-1001 : Stage 2.5.6 | GP Iteration
PHY-1001 : End Stage 2.5.6 | GP Iteration; Time: 1.167509s wall, 6.625000s user + 0.250000s system = 6.875000s CPU (588.9%); Memory(MB): used = 1646, reserved = 1640, peak = 1646;

PHY-3001 : Multithread accelerating rate: 5.32
PHY-1001 : End Stage 2.5 | Global Placement Step 2; Time: 6.633720s wall, 15.625000s user + 0.625000s system = 16.250000s CPU (245.0%); Memory(MB): used = 1649, reserved = 1643, peak = 1649;

PHY-1001 : Stage 2.6 | RAM/DSP Detailed Placement
PHY-1001 : Stage 2.6.1 | Detailed Placement
PHY-1001 : Stage 2.6.1.1 | Simulated Annealing Based DP
PHY-0007 : Initial: WL Cost = 259413, TD Cost = 3.11625e+06, SWNS = 368, STNS = 0, Nums per T = 1390, Range Limit = 2x32
PHY-0007 : Finally: WL Cost = 259437, TD Cost = 3.05293e+06, WL Ratio = 1.00009, TD Ratio = 0.979679, SWNS = 368, STNS = 0
RUN-1001 : Print Detailed placement's Summary information
RUN-1001 : -------------------------------------------------------------------------------------------------------------------------------
RUN-1001 :             |  Total  |  Accept  |  Reject by overFlow  |  Reject by worseCost  |  Failed by noTarget  |  Failed by gridCheck  
RUN-1001 : -------------------------------------------------------------------------------------------------------------------------------
RUN-1001 :   RAM/DSPs  |  5560   |   202    |          0           |         5358          |          0           |           0           
RUN-1001 :    Macros   |  1262   |    22    |          0           |         1240          |          0           |           0           
RUN-1001 : -------------------------------------------------------------------------------------------------------------------------------
PHY-1001 : End Stage 2.6.1.1 | Simulated Annealing Based DP; Time: 1.947730s wall, 3.000000s user + 0.031250s system = 3.031250s CPU (155.6%); Memory(MB): used = 1652, reserved = 1645, peak = 1652;

PHY-3001 : End Detailed Place; 
PHY-1001 : End Stage 2.6.1 | Detailed Placement; Time: 2.110922s wall, 3.171875s user + 0.031250s system = 3.203125s CPU (151.7%); Memory(MB): used = 1652, reserved = 1645, peak = 1652;

PHY-1001 : Stage 2.6.2 | Spreading
OPT-1001 : Total overflow 1300.81 peak overflow 10.00
PHY-3001 : Spreading for sector grids.
PHY-3001 : Iter 1, total overflow: 0
PHY-3001 : tot_capacity: 48, usage_cnt: 20, movable_cnt: 35
PHY-3001 : End spreading;  0.062194s wall, 0.062500s user + 0.000000s system = 0.062500s CPU (100.5%)

PHY-1001 : End Stage 2.6.2 | Spreading; Time: 0.062253s wall, 0.062500s user + 0.000000s system = 0.062500s CPU (100.4%); Memory(MB): used = 1652, reserved = 1645, peak = 1652;

PHY-1001 : End Stage 2.6 | RAM/DSP Detailed Placement; Time: 2.348962s wall, 3.421875s user + 0.031250s system = 3.453125s CPU (147.0%); Memory(MB): used = 1652, reserved = 1645, peak = 1652;

PHY-1001 : Stage 2.7 | Optimize Design
OPT-1001 : Start physical optimization ...
OPT-1001 : Total overflow 1300.81 peak overflow 10.00
OPT-1001 : Stage 2.7.1 | Synthesize High-fanout Net
OPT-1001 : Start high-fanout net optimization in pre-pack flow with medium effort ...
OPT-1001 : Update timing in Manhattan mode
OPT-1001 : End timing update;  1.313454s wall, 1.296875s user + 0.000000s system = 1.296875s CPU (98.7%)

OPT-1001 : Start: SWNS 368 STNS 0 NUM_FEPS 0
OPT-1001 : Total overflow 1300.81 peak overflow 10.00
PHY-1001 : Populate physical database on model design_top_wrapper.
OPT-1001 : 231 high-fanout net processed.
PHY-3001 : Start incremental placement ...
PHY-1001 : Populate physical database on model design_top_wrapper.
PHY-1001 : Processing 2 clock pins of DDR instance u_ph1p35_324_ddr_wrapper/u_ddr2/ph1p_ddrmc_wrapper/ph1p_ddrmc_top/u_ddr_phy/u_ddrphy_top/u_ddrphy/ac_byte[0]$ac_byte_used$u_ddrphy_ac_byte_wrapper/u_ddrphy_byte, location = x0y70z0.
PHY-1001 :   Placed ioclk instance u_ph1p35_324_ddr_wrapper/u_ddr2/ph1p_ddrmc_wrapper/ph1p_ddrmc_top/u_ddr_phy/u_ddrphy_top/u_ddrphy_clk/ioclk[0]$u_ioclk_1, location = x0y59z1.
PHY-1001 :   Placed ioclk instance u_ph1p35_324_ddr_wrapper/u_ddr2/ph1p_ddrmc_wrapper/ph1p_ddrmc_top/u_ddr_phy/u_ddrphy_top/u_ddrphy_clk/ioclk[0]$u_ioclk_0, location = x0y59z0.
PHY-1001 : Processing 2 clock pins of DDR instance u_ph1p35_324_ddr_wrapper/u_ddr2/ph1p_ddrmc_wrapper/ph1p_ddrmc_top/u_ddr_phy/u_ddrphy_top/u_ddrphy/ac_byte[1]$ac_byte_used$u_ddrphy_ac_byte_wrapper/u_ddrphy_byte, location = x0y60z0.
PHY-1001 :   Placed ioclk instance u_ph1p35_324_ddr_wrapper/u_ddr2/ph1p_ddrmc_wrapper/ph1p_ddrmc_top/u_ddr_phy/u_ddrphy_top/u_ddrphy_clk/ioclk[0]$u_ioclk_1, location = x0y59z1.
PHY-1001 :   Placed ioclk instance u_ph1p35_324_ddr_wrapper/u_ddr2/ph1p_ddrmc_wrapper/ph1p_ddrmc_top/u_ddr_phy/u_ddrphy_top/u_ddrphy_clk/ioclk[0]$u_ioclk_0, location = x0y59z0.
PHY-1001 : Processing 2 clock pins of DDR instance u_ph1p35_324_ddr_wrapper/u_ddr2/ph1p_ddrmc_wrapper/ph1p_ddrmc_top/u_ddr_phy/u_ddrphy_top/u_ddrphy/ac_byte[2]$ac_byte_used$u_ddrphy_ac_byte_wrapper/u_ddrphy_byte, location = x0y50z0.
PHY-1001 :   Placed ioclk instance u_ph1p35_324_ddr_wrapper/u_ddr2/ph1p_ddrmc_wrapper/ph1p_ddrmc_top/u_ddr_phy/u_ddrphy_top/u_ddrphy_clk/ioclk[0]$u_ioclk_1, location = x0y59z1.
PHY-1001 :   Placed ioclk instance u_ph1p35_324_ddr_wrapper/u_ddr2/ph1p_ddrmc_wrapper/ph1p_ddrmc_top/u_ddr_phy/u_ddrphy_top/u_ddrphy_clk/ioclk[0]$u_ioclk_0, location = x0y59z0.
PHY-1001 : Processing 2 clock pins of DDR instance u_ph1p35_324_ddr_wrapper/u_ddr2/ph1p_ddrmc_wrapper/ph1p_ddrmc_top/u_ddr_phy/u_ddrphy_top/u_ddrphy/ac_byte[3]$ac_byte_used$u_ddrphy_ac_byte_wrapper/u_ddrphy_byte, location = x0y40z0.
PHY-1001 :   Placed ioclk instance u_ph1p35_324_ddr_wrapper/u_ddr2/ph1p_ddrmc_wrapper/ph1p_ddrmc_top/u_ddr_phy/u_ddrphy_top/u_ddrphy_clk/ioclk[0]$u_ioclk_1, location = x0y59z1.
PHY-1001 :   Placed ioclk instance u_ph1p35_324_ddr_wrapper/u_ddr2/ph1p_ddrmc_wrapper/ph1p_ddrmc_top/u_ddr_phy/u_ddrphy_top/u_ddrphy_clk/ioclk[0]$u_ioclk_0, location = x0y59z0.
PHY-1001 : Processing 2 clock pins of DDR instance u_ph1p35_324_ddr_wrapper/u_ddr2/ph1p_ddrmc_wrapper/ph1p_ddrmc_top/u_ddr_phy/u_ddrphy_top/u_ddrphy/dx_byte[0]$dx_byte_used$u_ddrphy_dx_byte_wrapper/u_ddrphy_byte, location = x0y30z0.
PHY-1001 :   Placed ioclk instance u_ph1p35_324_ddr_wrapper/u_ddr2/ph1p_ddrmc_wrapper/ph1p_ddrmc_top/u_ddr_phy/u_ddrphy_top/u_ddrphy_clk/ioclk[1]$u_ioclk_1, location = x0y19z1.
PHY-1001 :   Placed ioclk instance u_ph1p35_324_ddr_wrapper/u_ddr2/ph1p_ddrmc_wrapper/ph1p_ddrmc_top/u_ddr_phy/u_ddrphy_top/u_ddrphy_clk/ioclk[1]$u_ioclk_0, location = x0y19z0.
PHY-1001 : Processing 2 clock pins of DDR instance u_ph1p35_324_ddr_wrapper/u_ddr2/ph1p_ddrmc_wrapper/ph1p_ddrmc_top/u_ddr_phy/u_ddrphy_top/u_ddrphy/dx_byte[1]$dx_byte_used$u_ddrphy_dx_byte_wrapper/u_ddrphy_byte, location = x0y10z0.
PHY-1001 :   Placed ioclk instance u_ph1p35_324_ddr_wrapper/u_ddr2/ph1p_ddrmc_wrapper/ph1p_ddrmc_top/u_ddr_phy/u_ddrphy_top/u_ddrphy_clk/ioclk[1]$u_ioclk_1, location = x0y19z1.
PHY-1001 :   Placed ioclk instance u_ph1p35_324_ddr_wrapper/u_ddr2/ph1p_ddrmc_wrapper/ph1p_ddrmc_top/u_ddr_phy/u_ddrphy_top/u_ddrphy_clk/ioclk[1]$u_ioclk_0, location = x0y19z0.
PHY-3001 : Target density is 60%
PHY-3001 : Target density is 60%
PHY-1001 : Stage 2.7.1.1 | Update Timing
PHY-1001 : SWNS: 418, STNS: 0, FEP: 0
PHY-1001 : End Stage 2.7.1.1 | Update Timing; Time: 0.159026s wall, 0.171875s user + 0.000000s system = 0.171875s CPU (108.1%); Memory(MB): used = 1652, reserved = 1645, peak = 1652;

PHY-1001 : Stage 2.7.1.2 | GP Iteration
PHY-1001 : End Stage 2.7.1.2 | GP Iteration; Time: 1.058792s wall, 6.218750s user + 0.062500s system = 6.281250s CPU (593.2%); Memory(MB): used = 1652, reserved = 1645, peak = 1652;

PHY-3001 : Multithread accelerating rate: 5.80
OPT-1001 : Total overflow 1316.34 peak overflow 10.25
PHY-3001 : Spreading for sector grids.
PHY-3001 : Iter 1, total overflow: 0
PHY-3001 : tot_capacity: 48, usage_cnt: 20, movable_cnt: 37
PHY-3001 : End spreading;  0.062940s wall, 0.062500s user + 0.000000s system = 0.062500s CPU (99.3%)

PHY-3001 : Final: Len = 2.19421e+06, Over = 560.875
PHY-3001 : End incremental placement;  1.547922s wall, 6.765625s user + 0.078125s system = 6.843750s CPU (442.1%)

OPT-1001 : Total overflow 1316.34 peak overflow 10.25
RUN-1001 : HFN opt statistic
RUN-1001 : ------------------------------------------------------
RUN-1001 :   DriverCell type  |  HFN count  |  Duplicated count  
RUN-1001 : ------------------------------------------------------
RUN-1001 :         REG        |     25      |        189         
RUN-1001 :        LUT6        |     34      |         33         
RUN-1001 :        LUT5        |      4      |         29         
RUN-1001 :        LUT4        |     33      |         85         
RUN-1001 :        LUT3        |     49      |         9          
RUN-1001 :        LUT2        |     86      |        222         
RUN-1001 :        TOTAL       |     231     |        567         
RUN-1001 : ------------------------------------------------------
OPT-1001 : End high-fanout net optimization;  6.803741s wall, 11.921875s user + 0.078125s system = 12.000000s CPU (176.4%)

OPT-1001 : Update timing in Manhattan mode
OPT-1001 : End timing update;  1.397534s wall, 1.359375s user + 0.000000s system = 1.359375s CPU (97.3%)

OPT-1001 : Current memory(MB): used = 1653, reserved = 1647, peak = 1653.
OPT-1001 : End Stage 2.7.1 | Synthesize High-fanout Net; Time: 8.361113s wall, 13.437500s user + 0.078125s system = 13.515625s CPU (161.6%); Memory(MB): used = 1653, reserved = 1647, peak = 1653;

OPT-1001 : Stage 2.7.2 | Global Optimization
OPT-1001 : Start global optimization ...
OPT-0007 : Start: SWNS 404 STNS 0 NUM_FEPS 0
OPT-1001 : Start congestion update ...
RUN-1001 : Generating global routing grids ...
PHY-1001 : Generate routing nets ...
PHY-1001 : Reuse net number 599/33836.
PHY-1001 : Global iterations in 32 thread ...
PHY-1002 : len = 2.76635e+06, over cnt = 4887(6%), over = 16411, worst = 24
PHY-1002 : len = 3.02592e+06, over cnt = 4321(6%), over = 10675, worst = 19
PHY-1002 : len = 3.28891e+06, over cnt = 2454(3%), over = 5506, worst = 18
PHY-1002 : len = 3.48107e+06, over cnt = 785(1%), over = 1652, worst = 16
PHY-1002 : len = 3.53314e+06, over cnt = 304(0%), over = 920, worst = 13
PHY-1001 : End global iterations;  5.030927s wall, 6.031250s user + 0.000000s system = 6.031250s CPU (119.9%)

PHY-1001 : Congestion index:
PHY-1001 : top1  = 107.12(S 99.86, N 92.91, E 98.11, W 102.89, I 298.19, O 343.42)
PHY-1001 : top5  = 92.71(S 78.59, N 74.67, E 79.09, W 88.82, I 190.17, O 207.62)
PHY-1001 : top10 = 85.82(S 68.48, N 67.51, E 70.33, W 80.77, I 144.94, O 157.25)
PHY-1001 : top15 = 81.13(S 62.49, N 62.71, E 64.49, W 75.00, I 119.81, O 130.81)
OPT-1001 : End congestion update;  5.316436s wall, 6.328125s user + 0.000000s system = 6.328125s CPU (119.0%)

OPT-0007 : Iter 1: improved SWNS 481 STNS 0 NUM_FEPS 0 with 19 cells processed and 1827 slack improved
OPT-0007 : Iter 2: improved SWNS 481 STNS 0 NUM_FEPS 0 with 22 cells processed and 14480 slack improved
OPT-0007 : Iter 3: improved SWNS 481 STNS 0 NUM_FEPS 0 with 9 cells processed and 256 slack improved
OPT-1001 : Overall commit ratio 0.44
OPT-1001 : End global optimization;  5.478001s wall, 6.468750s user + 0.000000s system = 6.468750s CPU (118.1%)

OPT-1001 : Current memory(MB): used = 1655, reserved = 1647, peak = 1655.
OPT-1001 : End Stage 2.7.2 | Global Optimization; Time: 6.336465s wall, 7.312500s user + 0.000000s system = 7.312500s CPU (115.4%); Memory(MB): used = 1655, reserved = 1647, peak = 1655;

OPT-0007 : End flow prepack: SWNS 481 STNS 0 NUM_FEPS 0
OPT-1001 : End physical optimization;  14.737843s wall, 20.796875s user + 0.078125s system = 20.875000s CPU (141.6%)

PHY-1001 : End Stage 2.7 | Optimize Design; Time: 14.741251s wall, 20.796875s user + 0.078125s system = 20.875000s CPU (141.6%); Memory(MB): used = 1655, reserved = 1647, peak = 1655;

PHY-1001 : Stage 2.8 | Pack and Legalization
PHY-1001 : Stage 2.8.1 | Direct Legalization
PHY-3001 : Start Direct Legalization ...
PHY-3001 : Get top1 grid util = 1.086451, top1_avg = 1.086451.
PHY-3001 : Bad prepacking score, goto packing flow.
PHY-1001 : End Stage 2.8.1 | Direct Legalization; Time: 0.304342s wall, 0.750000s user + 0.031250s system = 0.781250s CPU (256.7%); Memory(MB): used = 1655, reserved = 1647, peak = 1656;

PHY-1001 : End Stage 2.8 | Pack and Legalization; Time: 0.304371s wall, 0.750000s user + 0.031250s system = 0.781250s CPU (256.7%); Memory(MB): used = 1655, reserved = 1647, peak = 1656;

PHY-1001 : Stage 2.9 | Place Packing
PHY-1001 : Stage 2.9.1 | Packing
SYN-4011 : Packing model "design_top_wrapper" (AL_USER_NORMAL) with 37945/47778 primitive instances ...
RUN-1001 : Summary of LUT-FF Pairs
RUN-1001 : ---------------------------------------------------------------
RUN-1001 :   Num of Fanout Seqs  |   1x   |  2x  |  3~5  |  6~10  |  >10  
RUN-1001 : ---------------------------------------------------------------
RUN-1001 :         Total         |  7954  |  78  |  83   |   70   |  342  
RUN-1001 :          Bank         |  7944  |  78  |  82   |   70   |  342  
RUN-1001 :         Paired        |  7944  |  78  |  82   |   70   |  342  
RUN-1001 : ---------------------------------------------------------------
RUN-1001 : Summary of LUT Pairs
RUN-1001 : ---------------------------------------------------------------------------------------------------------------------
RUN-1001 :            |           |           |           |           |           |  O5 + O6  |  Only O5  |  Only O6  |  Total  
RUN-1001 : ---------------------------------------------------------------------------------------------------------------------
RUN-1001 :   5 Share  |  4 Share  |  3 Share  |  2 Share  |  1 Share  |  0 Share  |           |           |           |         
RUN-1001 :     102    |    251    |    328    |    755    |   1799    |   5035    |   8270    |   1977    |   6878    |  17125  
RUN-1001 : ---------------------------------------------------------------------------------------------------------------------
PHY-1001 : Populate physical database on model design_top_wrapper.
RUN-1001 : There are total 23890 instances
RUN-1001 : 536 mslices, 20499 lslices, 54 pads, 108 brams, 31 dsps
RUN-1001 : There are total 56126 nets
RUN-1001 : 38765 nets have 2 pins
RUN-1001 : 13468 nets have [3 - 5] pins
RUN-1001 : 2253 nets have [6 - 10] pins
RUN-1001 : 841 nets have [11 - 20] pins
RUN-1001 : 727 nets have [21 - 99] pins
RUN-1001 : 72 nets have 100+ pins
PHY-3001 : Target density is 60%
PHY-7022 WARNING: Design's estimated slice utilization = 102, exceeds the limit 95, which probably leads to long P&R runtime and bad QoR.
RUN-1002 : start command "start_timer"
RUN-1003 : finish command "start_timer" in  2.884361s wall, 2.828125s user + 0.015625s system = 2.843750s CPU (98.6%)

RUN-1004 : used memory is 1755 MB, reserved memory is 1749 MB, peak memory is 1755 MB
PHY-1001 : End Stage 2.9.1 | Packing; Time: 8.138018s wall, 7.937500s user + 0.031250s system = 7.968750s CPU (97.9%); Memory(MB): used = 1815, reserved = 1807, peak = 1815;

PHY-1001 : Stage 2.9.2 | Post Pack GP
PHY-3001 : Target density is 60%
PHY-3001 : Cell area utilization is 99%
PHY-3001 : After packing: Len = 2.3729e+06, Over = 808.375
PHY-3001 : Target density is 60%
PHY-1001 : Stage 2.9.2.1 | Update Timing
PHY-1001 : SWNS: 819, STNS: 0, FEP: 0
PHY-1001 : End Stage 2.9.2.1 | Update Timing; Time: 0.144496s wall, 0.140625s user + 0.000000s system = 0.140625s CPU (97.3%); Memory(MB): used = 1820, reserved = 1812, peak = 1820;

PHY-1001 : Stage 2.9.2.2 | GP Iteration
PHY-1001 : End Stage 2.9.2.2 | GP Iteration; Time: 0.310910s wall, 3.171875s user + 0.031250s system = 3.203125s CPU (1030.2%); Memory(MB): used = 1820, reserved = 1813, peak = 1820;

PHY-3001 : Multithread accelerating rate: 9.43
PHY-1001 : End Stage 2.9.2 | Post Pack GP; Time: 0.504516s wall, 3.390625s user + 0.031250s system = 3.421875s CPU (678.2%); Memory(MB): used = 1820, reserved = 1813, peak = 1820;

PHY-1001 : End Stage 2.9 | Place Packing; Time: 8.642650s wall, 11.328125s user + 0.062500s system = 11.390625s CPU (131.8%); Memory(MB): used = 1820, reserved = 1813, peak = 1820;

PHY-1001 : Stage 2.10 | Legalization
PHY-3001 : Before Legalized: Len = 2.18904e+06
RUN-1001 : Legalization top10 inst displacement:
RUN-1001 : ---------------------------------------------------------------------------------------------------------------------------------------------------------------------------------------------------------------------------------------------------------------------
RUN-1001 :   Index  |  Bounded  |  Height  |        Location        |  Disp. (slots)  |  Disp. (grids)  |                                                                                 Name                                                                                  
RUN-1001 : ---------------------------------------------------------------------------------------------------------------------------------------------------------------------------------------------------------------------------------------------------------------------
RUN-1001 :     1    |     N     |    1     |   x13y1z0 to x17y5z2   |       66        |        8        |                                                          u_isp_top/u_cnn_core/conv1_prev_row_reg[278]_syn_2                                                           
RUN-1001 :     2    |     N     |    1     |   x12y1z2 to x18y3z4   |       66        |        8        |                                                          u_isp_top/u_cnn_core/conv1_prev_row_reg[2390]_syn_2                                                          
RUN-1001 :     3    |     N     |    1     |  x30y7z0 to x35y10z2   |       66        |        8        |                                                           u_isp_top/u_cnn_core/conv1_prev_row_reg[96]_syn_2                                                           
RUN-1001 :     4    |     N     |    1     |   x3y6z0 to x10y7z2    |       66        |        8        |                                                          u_isp_top/u_cnn_core/conv1_prev_row_reg[1198]_syn_2                                                          
RUN-1001 :     5    |     N     |    1     |  x28y7z6 to x30y14z0   |       66        |        9        |                                                          u_isp_top/u_cnn_core/conv1_prev_row_reg[2826]_syn_2                                                          
RUN-1001 :     6    |     N     |    1     |   x1y24z5 to x9y24z7   |       66        |        8        |  u_ph1p35_324_ddr_wrapper/u_ddr2/ph1p_ddrmc_wrapper/ph1p_ddrmc_top/u_ddr_phy/u_ddrphy_top/u_ddrphy_cmd_wrapper/wphase[1]$u_ddrphy_wphase_ctl/wdq_load_r_b[132]_syn_6  
RUN-1001 :     7    |     N     |    1     |  x46y78z6 to x39y77z4  |       66        |        8        |                         u_hdmi_tx/u_hdmi_1_4b_transmitter_core_wrapper/u_hdmi_tx_controller_wrapper/u0_hdmi_tmds_encode/S_q_m_1d_reg[4]_syn_2                         
RUN-1001 :     8    |     N     |    1     |  x46y78z7 to x41y75z5  |       66        |        8        |                         u_hdmi_tx/u_hdmi_1_4b_transmitter_core_wrapper/u_hdmi_tx_controller_wrapper/u0_hdmi_tmds_encode/S_q_m_1d_reg[6]_syn_2                         
RUN-1001 :     9    |     N     |    1     |  x40y73z5 to x40y65z3  |       66        |        8        |                      u_hdmi_tx/u_hdmi_1_4b_transmitter_core_wrapper/u_hdmi_tx_controller_wrapper/u0_hdmi_tmds_encode/S_video_valid_4d_reg_syn_3                       
RUN-1001 :    10    |     N     |    1     |  x10y2z0 to x10y10z2   |       66        |        8        |                                                          u_isp_top/u_cnn_core/conv1_prev_row_reg[3157]_syn_2                                                          
RUN-1001 : ---------------------------------------------------------------------------------------------------------------------------------------------------------------------------------------------------------------------------------------------------------------------
PHY-3001 : After Legalized: Len = 3.25099e+06, Over = 0
PHY-1001 : End Stage 2.10 | Legalization; Time: 2.932143s wall, 3.531250s user + 0.015625s system = 3.546875s CPU (121.0%); Memory(MB): used = 2021, reserved = 2035, peak = 2021;

PHY-1001 : Stage 2.11 | Global Placement Step 3
PHY-3001 : Target density is 60%
PHY-1001 : Stage 2.11.1 | Update Timing
PHY-1001 : SWNS: 410, STNS: 0, FEP: 0
PHY-1001 : End Stage 2.11.1 | Update Timing; Time: 1.426766s wall, 1.390625s user + 0.000000s system = 1.390625s CPU (97.5%); Memory(MB): used = 2021, reserved = 2035, peak = 2021;

PHY-1001 : Stage 2.11.2 | GP Iteration
PHY-1001 : End Stage 2.11.2 | GP Iteration; Time: 0.578174s wall, 6.531250s user + 0.140625s system = 6.671875s CPU (1154.0%); Memory(MB): used = 2021, reserved = 2035, peak = 2021;

PHY-3001 : Multithread accelerating rate: 11.11
PHY-1001 : End Stage 2.11 | Global Placement Step 3; Time: 2.038407s wall, 7.968750s user + 0.140625s system = 8.109375s CPU (397.8%); Memory(MB): used = 2021, reserved = 2035, peak = 2021;

PHY-1001 : Stage 2.12 | Final Legalization
PHY-3001 : Before Legalized: Len = 2.22901e+06
PHY-1001 : Stage 2.12.1 | Refresh Congestion
RUN-1001 : Generating global routing grids ...
PHY-1001 : Generate routing nets ...
PHY-1001 : Reuse net number 866/36827.
PHY-1001 : Global iterations in 32 thread ...
PHY-1002 : len = 3.81933e+06, over cnt = 6927(9%), over = 14401, worst = 9
PHY-1002 : len = 4.13197e+06, over cnt = 4407(6%), over = 7078, worst = 9
PHY-1002 : len = 4.35442e+06, over cnt = 1779(2%), over = 2538, worst = 9
PHY-1002 : len = 4.40877e+06, over cnt = 963(1%), over = 1456, worst = 7
PHY-1002 : len = 4.50618e+06, over cnt = 32(0%), over = 44, worst = 5
PHY-1001 : End global iterations;  4.962544s wall, 6.078125s user + 0.000000s system = 6.078125s CPU (122.5%)

PHY-1001 : Congestion index:
PHY-1001 : top1  = 100.49(S 84.91, N 76.07, E 84.15, W 100.49, I 67.54, O 82.81)
PHY-1001 : top5  = 96.41(S 77.62, N 70.11, E 74.77, W 96.32, I 63.15, O 73.65)
PHY-1001 : top10 = 90.98(S 72.57, N 66.07, E 69.34, W 90.67, I 60.48, O 68.42)
PHY-1001 : top15 = 86.91(S 68.53, N 63.24, E 65.74, W 85.98, I 58.68, O 64.88)
PHY-1001 : End Stage 2.12.1 | Refresh Congestion; Time: 6.637518s wall, 7.796875s user + 0.015625s system = 7.812500s CPU (117.7%); Memory(MB): used = 2022, reserved = 2035, peak = 2022;

RUN-1001 : There are 2777/14998 slices in 415/443/2652 high-util grids without refreshing the congo.
RUN-1001 : Legalization top10 inst displacement:
RUN-1001 : -----------------------------------------------------------------------------------------------------------------------------------------------------------------------------------------------------------------------------------------------
RUN-1001 :   Index  |  Bounded  |  Height  |        Location        |  Disp. (slots)  |  Disp. (grids)  |                                                                      Name                                                                       
RUN-1001 : -----------------------------------------------------------------------------------------------------------------------------------------------------------------------------------------------------------------------------------------------
RUN-1001 :     1    |     N     |    1     |  x46y78z7 to x41y75z6  |       65        |        8        |       u_hdmi_tx/u_hdmi_1_4b_transmitter_core_wrapper/u_hdmi_tx_controller_wrapper/u0_hdmi_tmds_encode/S_data_island_code_3d_reg[5]_syn_2        
RUN-1001 :     2    |     N     |    1     |  x46y78z7 to x40y76z7  |       64        |        8        |                                     u_hdmi_tx/u_hdmi2phy_wrapper/u0_lane_lvds_8_1/S_shift_data_reg[3]_syn_2                                     
RUN-1001 :     3    |     N     |    1     |  x46y78z7 to x40y77z0  |       63        |        7        |                                     u_hdmi_tx/u_hdmi2phy_wrapper/u0_lane_lvds_8_1/S_shift_data_reg[5]_syn_2                                     
RUN-1001 :     4    |     N     |    1     |  x46y78z7 to x39y78z0  |       63        |        7        |  u_hdmi_tx/u_hdmi_1_4b_transmitter_core_wrapper/u_hdmi_tx_controller_wrapper/u0_hdmi_tmds_encode/S_data_island_guard_band_code_2d_reg[2]_syn_2  
RUN-1001 :     5    |     N     |    1     |  x46y78z7 to x41y76z1  |       62        |        7        |  u_hdmi_tx/u_hdmi_1_4b_transmitter_core_wrapper/u_hdmi_tx_controller_wrapper/u0_hdmi_tmds_encode/S_data_island_guard_band_code_3d_reg[4]_syn_2  
RUN-1001 :     6    |     N     |    1     |  x46y78z7 to x39y78z2  |       61        |        7        |  u_hdmi_tx/u_hdmi_1_4b_transmitter_core_wrapper/u_hdmi_tx_controller_wrapper/u0_hdmi_tmds_encode/S_data_island_guard_band_code_1d_reg[2]_syn_2  
RUN-1001 :     7    |     N     |    1     |  x46y78z7 to x40y77z2  |       61        |        7        |         u_hdmi_tx/u_hdmi_1_4b_transmitter_core_wrapper/u_hdmi_tx_controller_wrapper/u0_hdmi_tmds_encode/S_data_island_code_reg[4]_syn_2         
RUN-1001 :     8    |     N     |    1     |  x45y78z7 to x41y75z2  |       61        |        7        |         u_hdmi_tx/u_hdmi_1_4b_transmitter_core_wrapper/u_hdmi_tx_controller_wrapper/u0_hdmi_tmds_encode/S_video_data_code_reg[1]_syn_2          
RUN-1001 :     9    |     N     |    1     |  x46y78z7 to x41y76z2  |       61        |        7        |         u_hdmi_tx/u_hdmi_1_4b_transmitter_core_wrapper/u_hdmi_tx_controller_wrapper/u0_hdmi_tmds_encode/S_video_data_code_reg[5]_syn_2          
RUN-1001 :    10    |     N     |    1     |  x46y78z7 to x40y77z3  |       60        |        7        |          u_hdmi_tx/u_hdmi_1_4b_transmitter_core_wrapper/u_hdmi_tx_controller_wrapper/u0_hdmi_tmds_encode/O_tmds_code_data_reg[0]_syn_2          
RUN-1001 : -----------------------------------------------------------------------------------------------------------------------------------------------------------------------------------------------------------------------------------------------
RUN-1001 : There are 2305/14998 slices in 409/443/2652 high-util grids without refreshing the congo.
PHY-3001 : After Legalized: Len = 3.13238e+06, Over = 0
PHY-1001 : End Stage 2.12 | Final Legalization; Time: 12.119969s wall, 13.484375s user + 0.015625s system = 13.500000s CPU (111.4%); Memory(MB): used = 2022, reserved = 2035, peak = 2022;

PHY-1001 : End Stage 2 | Global Placement; Time: 62.259886s wall, 92.656250s user + 2.968750s system = 95.625000s CPU (153.6%); Memory(MB): used = 2022, reserved = 2035, peak = 2022;

PHY-1001 : Stage 3 | Detailed Placement
PHY-1001 : Stage 3.1 | SLICE Detailed Placement
PHY-1001 : Stage 3.1.1 | Spreading
PHY-3001 : Design contains 358 ce signals.
PHY-3001 : Spreading for sector grids.
PHY-3001 : Iter 1, total overflow: 0
PHY-3001 : tot_capacity: 24, usage_cnt: 11, movable_cnt: 18
PHY-3001 : Spreading for clock grids.
PHY-3001 : clock grid count for 24 x 4 grids
PHY-3001 : Spreading for plb grids.
PHY-3001 : Iter 1: 3048 overflows spread with total dist 763114 and max dist 1220.
PHY-3001 : Iter 2: 438 overflows spread with total dist 214338 and max dist 922.
PHY-3001 : Iter 3: 101 overflows spread with total dist 72642 and max dist 888.
PHY-3001 : Iter 4: 36 overflows spread with total dist 44088 and max dist 1016.
PHY-3001 : Iter 5: 9 overflows spread with total dist 4440 and max dist 980.
PHY-3001 : total displace: 485312, max displace: 1200.
PHY-3001 : End spreading;  100.952127s wall, 99.562500s user + 0.093750s system = 99.656250s CPU (98.7%)

PHY-1001 : End Stage 3.1.1 | Spreading; Time: 100.952190s wall, 99.562500s user + 0.093750s system = 99.656250s CPU (98.7%); Memory(MB): used = 2022, reserved = 2035, peak = 2022;

RUN-1002 : start command "start_timer"
RUN-1003 : finish command "start_timer" in  1.786799s wall, 1.750000s user + 0.000000s system = 1.750000s CPU (97.9%)

RUN-1004 : used memory is 2022 MB, reserved memory is 2035 MB, peak memory is 2022 MB
PHY-1001 : Stage 3.1.2 | Simulated Annealing Based DP
RUN-1001 : Generating global routing grids ...
PHY-1001 : Generate routing nets ...
PHY-1001 : Reuse net number 5790/37374.
PHY-1001 : Global iterations in 32 thread ...
PHY-1002 : len = 5.64573e+06, over cnt = 7179(10%), over = 12978, worst = 9
PHY-1002 : len = 5.84872e+06, over cnt = 4855(6%), over = 7344, worst = 8
PHY-1002 : len = 5.9977e+06, over cnt = 2437(3%), over = 3640, worst = 8
PHY-1002 : len = 6.13442e+06, over cnt = 668(0%), over = 824, worst = 8
PHY-1002 : len = 6.18584e+06, over cnt = 10(0%), over = 10, worst = 1
PHY-1001 : End global iterations;  7.590749s wall, 8.406250s user + 0.031250s system = 8.437500s CPU (111.2%)

PHY-1001 : Congestion index:
PHY-1001 : top1  = 100.33(S 96.42, N 87.87, E 97.40, W 100.33, I 65.82, O 83.88)
PHY-1001 : top5  = 98.71(S 90.10, N 80.80, E 90.67, W 98.26, I 61.17, O 74.06)
PHY-1001 : top10 = 95.98(S 85.39, N 76.55, E 85.65, W 94.90, I 58.56, O 68.99)
PHY-1001 : top15 = 93.56(S 81.29, N 73.27, E 81.62, W 91.69, I 57.10, O 65.52)
PHY-0007 : Initial: WL Cost = 380352, TD Cost = 7.27429e+06, SWNS = -4067, STNS = -1110484, Nums per T = 150550, Range Limit = 4x8
PHY-0007 : Finally: WL Cost = 324187, TD Cost = 4.20481e+06, WL Ratio = 0.852334, TD Ratio = 0.578037, SWNS = -1486, STNS = -114469
RUN-1001 : Print Detailed placement's Summary information
RUN-1001 : -------------------------------------------------------------------------------------------------------------------------------
RUN-1001 :           |   Total   |  Accept  |  Reject by overFlow  |  Reject by worseCost  |  Failed by noTarget  |  Failed by gridCheck  
RUN-1001 : -------------------------------------------------------------------------------------------------------------------------------
RUN-1001 :   Slices  |  1505500  |  35261   |         5505         |        1308314        |         3711         |        152709         
RUN-1001 :   Macros  |   99599   |   3836   |         931          |         92527         |         1347         |          958          
RUN-1001 : -------------------------------------------------------------------------------------------------------------------------------
PHY-1001 : End Stage 3.1.2 | Simulated Annealing Based DP; Time: 29.617832s wall, 31.921875s user + 0.109375s system = 32.031250s CPU (108.1%); Memory(MB): used = 2022, reserved = 2035, peak = 2022;

PHY-3001 : End Detailed Place; 
PHY-3001 : Final: Len = 3.68155e+06, Over = 0
PHY-1001 : End Stage 3.1 | SLICE Detailed Placement; Time: 133.973886s wall, 134.828125s user + 0.203125s system = 135.031250s CPU (100.8%); Memory(MB): used = 2022, reserved = 2035, peak = 2022;

PHY-3001 : End Detailed Place; 
PHY-1001 : Stage 3.2 | Optimize Design
OPT-1001 : Start physical optimization ...
OPT-1001 : Total overflow 0.00 peak overflow 0.00
OPT-1001 : Stage 3.2.1 | Physical Optimization
OPT-1001 : Start high-fanout net optimization in optimize equivalent flow with medium effort ...
OPT-1001 : Clean unloaded insts before merging registers
PHY-1001 : Populate physical database on model design_top_wrapper.
PHY-1001 : Populate physical database on model design_top_wrapper.
OPT-1001 : Total overflow 0.00 peak overflow 0.00
OPT-1001 : End optimize duplicated nets. Total 99 instances are merged and 4851 sinks are reconnected,  1.696497s wall, 1.687500s user + 0.000000s system = 1.687500s CPU (99.5%)

OPT-1001 : End high-fanout net optimization;  1.697609s wall, 1.687500s user + 0.000000s system = 1.687500s CPU (99.4%)

OPT-1001 : Update timing in Manhattan mode
RUN-1002 : start command "start_timer"
RUN-1003 : finish command "start_timer" in  2.282899s wall, 2.234375s user + 0.000000s system = 2.234375s CPU (97.9%)

RUN-1004 : used memory is 2022 MB, reserved memory is 2035 MB, peak memory is 2022 MB
OPT-1001 : End timing update;  3.668005s wall, 3.609375s user + 0.000000s system = 3.609375s CPU (98.4%)

OPT-1001 : Current memory(MB): used = 2022, reserved = 2035, peak = 2022.
OPT-1001 : End Stage 3.2.1 | Physical Optimization; Time: 5.521407s wall, 5.453125s user + 0.000000s system = 5.453125s CPU (98.8%); Memory(MB): used = 2022, reserved = 2035, peak = 2022;

OPT-1001 : Stage 3.2.2 | Synthesize High-fanout Net
OPT-1001 : Start high-fanout net optimization in post-pack flow with medium effort ...
OPT-1001 : Start: SWNS -667 STNS -7490 NUM_FEPS 27
OPT-1001 : Total overflow 0.00 peak overflow 0.00
PHY-1001 : Populate physical database on model design_top_wrapper.
OPT-1001 : 0 high-fanout net processed.
OPT-1001 : Total overflow 0.00 peak overflow 0.00
RUN-1001 : HFN opt statistic
RUN-1001 : ------------------------------------------------------
RUN-1001 :   DriverCell type  |  HFN count  |  Duplicated count  
RUN-1001 : ------------------------------------------------------
RUN-1001 :       LSLICE       |      0      |         0          
RUN-1001 :       MSLICE       |      0      |         0          
RUN-1001 :        TOTAL       |      0      |         0          
RUN-1001 : ------------------------------------------------------
OPT-1001 : End high-fanout net optimization;  0.538794s wall, 0.546875s user + 0.000000s system = 0.546875s CPU (101.5%)

OPT-1001 : Current memory(MB): used = 2022, reserved = 2035, peak = 2022.
OPT-1001 : End Stage 3.2.2 | Synthesize High-fanout Net; Time: 0.696613s wall, 0.703125s user + 0.000000s system = 0.703125s CPU (100.9%); Memory(MB): used = 2022, reserved = 2035, peak = 2022;

OPT-1001 : Stage 3.2.3 | Optimize Path
OPT-1001 : Start unpack path based optimization ...
OPT-0007 : Start: SWNS -667 STNS -7490 NUM_FEPS 27 with mode 2
OPT-1001 : Start congestion update ...
RUN-1001 : Generating global routing grids ...
PHY-1001 : Generate routing nets ...
PHY-1001 : Reuse net number 7337/36229.
PHY-1001 : Global iterations in 32 thread ...
PHY-1002 : len = 4.6628e+06, over cnt = 5859(8%), over = 11332, worst = 9
PHY-1002 : len = 4.83869e+06, over cnt = 3976(5%), over = 6252, worst = 9
PHY-1002 : len = 5.0129e+06, over cnt = 1868(2%), over = 2837, worst = 9
PHY-1002 : len = 5.1276e+06, over cnt = 427(0%), over = 686, worst = 8
PHY-1002 : len = 5.15496e+06, over cnt = 4(0%), over = 10, worst = 5
PHY-1001 : End global iterations;  4.024965s wall, 4.546875s user + 0.000000s system = 4.546875s CPU (113.0%)

PHY-1001 : Congestion index:
PHY-1001 : top1  = 99.84(S 89.23, N 82.48, E 93.26, W 99.75, I 65.90, O 83.22)
PHY-1001 : top5  = 95.35(S 81.29, N 74.26, E 84.21, W 94.82, I 61.47, O 73.60)
PHY-1001 : top10 = 91.34(S 75.77, N 69.25, E 78.28, W 89.80, I 58.99, O 68.82)
PHY-1001 : top15 = 88.01(S 71.91, N 65.84, E 74.39, W 85.68, I 57.40, O 65.30)
OPT-1001 : End congestion update;  4.460205s wall, 4.984375s user + 0.000000s system = 4.984375s CPU (111.8%)

OPT-0007 : Iter 1: improved SWNS 253 STNS 0 NUM_FEPS 0 with 10(2027) cells and 1000(34998) paths processed with 8820 slack improved, crit_thod: 1566 ratio: 0.91(10/11) rt: 3.2s
OPT-0007 : Iter 2: improved SWNS 253 STNS 0 NUM_FEPS 0 with 12(4982) cells and 2491(2491) paths processed with 6301 slack improved, crit_thod: 1824 ratio: 0.87(13/15) rt: 1.1s
OPT-0007 : Iter 3: improved SWNS 253 STNS 0 NUM_FEPS 0 with 3(4666) cells and 2333(2333) paths processed with 678 slack improved, crit_thod: 1876 ratio: 0.60(3/5) rt: 0.7s
OPT-1001 : End path based optimization;  9.501474s wall, 9.953125s user + 0.031250s system = 9.984375s CPU (105.1%)

OPT-1001 : Current memory(MB): used = 2023, reserved = 2035, peak = 2023.
OPT-1001 : End Stage 3.2.3 | Optimize Path; Time: 9.661259s wall, 10.109375s user + 0.031250s system = 10.140625s CPU (105.0%); Memory(MB): used = 2023, reserved = 2035, peak = 2023;

OPT-1001 : Stage 3.2.4 | Optimize Duplicated Nets
OPT-1001 : Start: WNS 253 TNS 0 NUM_FEPS 0
OPT-1001 : Clean unloaded insts before merging registers
PHY-1001 : Populate physical database on model design_top_wrapper.
PHY-1001 : Populate physical database on model design_top_wrapper.
OPT-1001 : Total overflow 0.00 peak overflow 0.00
OPT-1001 : End optimize duplicated nets. Total 4 instances are merged and 116 sinks are reconnected,  1.430552s wall, 1.406250s user + 0.000000s system = 1.406250s CPU (98.3%)

OPT-1001 : Update timing in Manhattan mode
RUN-1002 : start command "start_timer"
RUN-1003 : finish command "start_timer" in  2.264741s wall, 2.218750s user + 0.015625s system = 2.234375s CPU (98.7%)

RUN-1004 : used memory is 2022 MB, reserved memory is 2035 MB, peak memory is 2023 MB
OPT-1001 : End timing update;  3.692745s wall, 3.640625s user + 0.015625s system = 3.656250s CPU (99.0%)

OPT-1001 : Current memory(MB): used = 2022, reserved = 2035, peak = 2023.
OPT-1001 : End Stage 3.2.4 | Optimize Duplicated Nets; Time: 5.287288s wall, 5.218750s user + 0.015625s system = 5.234375s CPU (99.0%); Memory(MB): used = 2022, reserved = 2035, peak = 2023;

OPT-1001 : Stage 3.2.5 | Swap Pins
OPT-1001 : Start pin optimization...
OPT-1001 : Start: SWNS 253 STNS 0 NUM_FEPS 0
OPT-1001 : Successfully optimized 3463 instances
OPT-1001 : Successfully optimized 838 instances
OPT-1001 : End pin optimization;  3.311724s wall, 3.312500s user + 0.000000s system = 3.312500s CPU (100.0%)

OPT-1001 : Current memory(MB): used = 2022, reserved = 2035, peak = 2023.
OPT-1001 : End Stage 3.2.5 | Swap Pins; Time: 3.467870s wall, 3.468750s user + 0.000000s system = 3.468750s CPU (100.0%); Memory(MB): used = 2022, reserved = 2035, peak = 2023;

OPT-1001 : Stage 3.2.6 | Optimize Beeline
OPT-1001 : Start beeline optimization...
OPT-1001 : Start: SWNS 382 STNS 0 NUM_FEPS 0
PHY-1001 : Beeline DP, 26 out of 7924 (0.33)%; hop = 32.
PHY-1001 : Beeline DP, 6 out of 7890 (0.08)%; hop = 8.
PHY-1001 : Beeline DP, 2 out of 7891 (0.03)%; hop = 2.
PHY-1001 : Beeline DP, 1 out of 7889 (0.01)%; hop = 1.
PHY-1001 : Beeline DP, 1 out of 7890 (0.01)%; hop = 1.
PHY-1001 : Beeline optimization intraPLB, 1019 1-hop(42.21%), 902 2-hop(37.37%), 194 3-hop( 8.04%), 299 others (12.39%)
PHY-1001 :  1.812658s wall, 1.812500s user + 0.000000s system = 1.812500s CPU (100.0%)

RUN-1001 : Beeline optimization outerPLB: 1-hop 3282, 2-hop 5789, 3-hop 3257, 4-hop 1015, other 2675 
OPT-1001 : End beeline optimization;  2.242160s wall, 2.218750s user + 0.000000s system = 2.218750s CPU (99.0%)

OPT-1001 : Update timing in Manhattan mode
OPT-1001 : End timing update;  1.414013s wall, 1.375000s user + 0.015625s system = 1.390625s CPU (98.3%)

OPT-1001 : End Stage 3.2.6 | Optimize Beeline; Time: 3.903920s wall, 3.828125s user + 0.015625s system = 3.843750s CPU (98.5%); Memory(MB): used = 2022, reserved = 2035, peak = 2023;

OPT-0007 : End flow postpack: SWNS 382 STNS 0 NUM_FEPS 0
RUN-1001 : Generating global routing grids ...
PHY-1001 : Generate routing nets ...
PHY-1001 : Reuse net number 36046/36198.
PHY-1001 : Global iterations in 32 thread ...
PHY-1002 : len = 5.14648e+06, over cnt = 137(0%), over = 159, worst = 5
PHY-1002 : len = 5.14813e+06, over cnt = 71(0%), over = 73, worst = 2
PHY-1002 : len = 5.14909e+06, over cnt = 22(0%), over = 24, worst = 2
PHY-1002 : len = 5.14963e+06, over cnt = 7(0%), over = 7, worst = 1
PHY-1002 : len = 5.15e+06, over cnt = 0(0%), over = 0, worst = 0
PHY-1001 : End global iterations;  0.402525s wall, 0.562500s user + 0.000000s system = 0.562500s CPU (139.7%)

PHY-1001 : Congestion index:
PHY-1001 : top1  = 99.84(S 89.27, N 82.48, E 93.26, W 99.75, I 65.90, O 83.22)
PHY-1001 : top5  = 95.59(S 81.25, N 74.18, E 84.20, W 95.05, I 61.48, O 73.60)
PHY-1001 : top10 = 91.51(S 75.71, N 69.14, E 78.35, W 90.02, I 58.97, O 68.85)
PHY-1001 : top15 = 88.16(S 71.81, N 65.71, E 74.45, W 85.89, I 57.38, O 65.30)
RUN-1001 : top one percent high-util tile is with util 96 and average util is 99.789474
RUN-1001 : QoR Analysis:
OPT-0007 :   SWNS 382 STNS 0 NUM_FEPS 0
RUN-1001 :   Local congestion issue exists, and most congested 1% tile average routing util is 99.789474
OPT-1002 :   please consider adjusting placer strategy to avoid the congestion issue
RUN-1001 :   Top critical paths
RUN-1001 :       #1 path slack 382ps with logic level 8 
RUN-1001 :       #2 path slack 391ps with logic level 8 
RUN-1001 :   extra opt step will be enabled to improve QoR
PHY-3001 : Start incremental legalization ...
PHY-1001 : Populate physical database on model design_top_wrapper.
PHY-1001 : Processing 2 clock pins of DDR instance u_ph1p35_324_ddr_wrapper/u_ddr2/ph1p_ddrmc_wrapper/ph1p_ddrmc_top/u_ddr_phy/u_ddrphy_top/u_ddrphy/ac_byte[0]$ac_byte_used$u_ddrphy_ac_byte_wrapper/u_ddrphy_byte, location = x0y70z0.
PHY-1001 :   Placed ioclk instance u_ph1p35_324_ddr_wrapper/u_ddr2/ph1p_ddrmc_wrapper/ph1p_ddrmc_top/u_ddr_phy/u_ddrphy_top/u_ddrphy_clk/ioclk[0]$u_ioclk_1, location = x0y59z1.
PHY-1001 :   Placed ioclk instance u_ph1p35_324_ddr_wrapper/u_ddr2/ph1p_ddrmc_wrapper/ph1p_ddrmc_top/u_ddr_phy/u_ddrphy_top/u_ddrphy_clk/ioclk[0]$u_ioclk_0, location = x0y59z0.
PHY-1001 : Processing 2 clock pins of DDR instance u_ph1p35_324_ddr_wrapper/u_ddr2/ph1p_ddrmc_wrapper/ph1p_ddrmc_top/u_ddr_phy/u_ddrphy_top/u_ddrphy/ac_byte[1]$ac_byte_used$u_ddrphy_ac_byte_wrapper/u_ddrphy_byte, location = x0y60z0.
PHY-1001 :   Placed ioclk instance u_ph1p35_324_ddr_wrapper/u_ddr2/ph1p_ddrmc_wrapper/ph1p_ddrmc_top/u_ddr_phy/u_ddrphy_top/u_ddrphy_clk/ioclk[0]$u_ioclk_1, location = x0y59z1.
PHY-1001 :   Placed ioclk instance u_ph1p35_324_ddr_wrapper/u_ddr2/ph1p_ddrmc_wrapper/ph1p_ddrmc_top/u_ddr_phy/u_ddrphy_top/u_ddrphy_clk/ioclk[0]$u_ioclk_0, location = x0y59z0.
PHY-1001 : Processing 2 clock pins of DDR instance u_ph1p35_324_ddr_wrapper/u_ddr2/ph1p_ddrmc_wrapper/ph1p_ddrmc_top/u_ddr_phy/u_ddrphy_top/u_ddrphy/ac_byte[2]$ac_byte_used$u_ddrphy_ac_byte_wrapper/u_ddrphy_byte, location = x0y50z0.
PHY-1001 :   Placed ioclk instance u_ph1p35_324_ddr_wrapper/u_ddr2/ph1p_ddrmc_wrapper/ph1p_ddrmc_top/u_ddr_phy/u_ddrphy_top/u_ddrphy_clk/ioclk[0]$u_ioclk_1, location = x0y59z1.
PHY-1001 :   Placed ioclk instance u_ph1p35_324_ddr_wrapper/u_ddr2/ph1p_ddrmc_wrapper/ph1p_ddrmc_top/u_ddr_phy/u_ddrphy_top/u_ddrphy_clk/ioclk[0]$u_ioclk_0, location = x0y59z0.
PHY-1001 : Processing 2 clock pins of DDR instance u_ph1p35_324_ddr_wrapper/u_ddr2/ph1p_ddrmc_wrapper/ph1p_ddrmc_top/u_ddr_phy/u_ddrphy_top/u_ddrphy/ac_byte[3]$ac_byte_used$u_ddrphy_ac_byte_wrapper/u_ddrphy_byte, location = x0y40z0.
PHY-1001 :   Placed ioclk instance u_ph1p35_324_ddr_wrapper/u_ddr2/ph1p_ddrmc_wrapper/ph1p_ddrmc_top/u_ddr_phy/u_ddrphy_top/u_ddrphy_clk/ioclk[0]$u_ioclk_1, location = x0y59z1.
PHY-1001 :   Placed ioclk instance u_ph1p35_324_ddr_wrapper/u_ddr2/ph1p_ddrmc_wrapper/ph1p_ddrmc_top/u_ddr_phy/u_ddrphy_top/u_ddrphy_clk/ioclk[0]$u_ioclk_0, location = x0y59z0.
PHY-1001 : Processing 2 clock pins of DDR instance u_ph1p35_324_ddr_wrapper/u_ddr2/ph1p_ddrmc_wrapper/ph1p_ddrmc_top/u_ddr_phy/u_ddrphy_top/u_ddrphy/dx_byte[0]$dx_byte_used$u_ddrphy_dx_byte_wrapper/u_ddrphy_byte, location = x0y30z0.
PHY-1001 :   Placed ioclk instance u_ph1p35_324_ddr_wrapper/u_ddr2/ph1p_ddrmc_wrapper/ph1p_ddrmc_top/u_ddr_phy/u_ddrphy_top/u_ddrphy_clk/ioclk[1]$u_ioclk_1, location = x0y19z1.
PHY-1001 :   Placed ioclk instance u_ph1p35_324_ddr_wrapper/u_ddr2/ph1p_ddrmc_wrapper/ph1p_ddrmc_top/u_ddr_phy/u_ddrphy_top/u_ddrphy_clk/ioclk[1]$u_ioclk_0, location = x0y19z0.
PHY-1001 : Processing 2 clock pins of DDR instance u_ph1p35_324_ddr_wrapper/u_ddr2/ph1p_ddrmc_wrapper/ph1p_ddrmc_top/u_ddr_phy/u_ddrphy_top/u_ddrphy/dx_byte[1]$dx_byte_used$u_ddrphy_dx_byte_wrapper/u_ddrphy_byte, location = x0y10z0.
PHY-1001 :   Placed ioclk instance u_ph1p35_324_ddr_wrapper/u_ddr2/ph1p_ddrmc_wrapper/ph1p_ddrmc_top/u_ddr_phy/u_ddrphy_top/u_ddrphy_clk/ioclk[1]$u_ioclk_1, location = x0y19z1.
PHY-1001 :   Placed ioclk instance u_ph1p35_324_ddr_wrapper/u_ddr2/ph1p_ddrmc_wrapper/ph1p_ddrmc_top/u_ddr_phy/u_ddrphy_top/u_ddrphy_clk/ioclk[1]$u_ioclk_0, location = x0y19z0.
PHY-3001 : Target density is 60%
PHY-7022 WARNING: Design's estimated slice utilization = 99, exceeds the limit 95, which probably leads to long P&R runtime and bad QoR.
PHY-3001 : Target density is 60%
PHY-3001 : Initial: Len = 3.64767e+06, Over = 0
PHY-1001 : Stage 3.2.7 | Spreading
PHY-3001 : Design contains 354 ce signals.
PHY-3001 : Spreading for sector grids.
PHY-3001 : Iter 1, total overflow: 0
PHY-3001 : tot_capacity: 36, usage_cnt: 18, movable_cnt: 28
PHY-3001 : Spreading for clock grids.
PHY-3001 : clock grid count for 24 x 4 grids
PHY-3001 : Spreading for plb grids.
PHY-3001 : total displace: 0, max displace: 0.
PHY-3001 : End spreading;  0.248173s wall, 0.234375s user + 0.000000s system = 0.234375s CPU (94.4%)

PHY-1001 : End Stage 3.2.7 | Spreading; Time: 0.248231s wall, 0.234375s user + 0.000000s system = 0.234375s CPU (94.4%); Memory(MB): used = 2023, reserved = 2035, peak = 2023;

PHY-3001 : Final: Len = 3.64767e+06, Over = 0
PHY-3001 : End incremental legalization;  0.495334s wall, 0.500000s user + 0.000000s system = 0.500000s CPU (100.9%)

OPT-1001 : Total overflow 0.00 peak overflow 0.00
OPT-1001 : Stage 3.2.8 | Synthesize High-fanout Net
OPT-1001 : Current memory(MB): used = 2023, reserved = 2035, peak = 2023.
OPT-1001 : End Stage 3.2.8 | Synthesize High-fanout Net; Time: 0.229317s wall, 0.234375s user + 0.000000s system = 0.234375s CPU (102.2%); Memory(MB): used = 2023, reserved = 2035, peak = 2023;

OPT-1001 : Stage 3.2.9 | Optimize Path
OPT-1001 : Start unpack path based optimization ...
OPT-0007 : Start: SWNS 382 STNS 0 NUM_FEPS 0 with mode 2
OPT-1001 : Start congestion update ...
RUN-1001 : Generating global routing grids ...
PHY-1001 : Generate routing nets ...
PHY-1001 : Reuse net number 36198/36198.
PHY-1001 : Global iterations in 32 thread ...
PHY-1002 : len = 5.15e+06, over cnt = 0(0%), over = 0, worst = 0
PHY-1001 : End global iterations;  0.058167s wall, 0.062500s user + 0.000000s system = 0.062500s CPU (107.4%)

PHY-1001 : Congestion index:
PHY-1001 : top1  = 99.84(S 89.27, N 82.48, E 93.26, W 99.75, I 65.90, O 83.22)
PHY-1001 : top5  = 95.59(S 81.25, N 74.18, E 84.20, W 95.05, I 61.48, O 73.60)
PHY-1001 : top10 = 91.51(S 75.71, N 69.14, E 78.35, W 90.02, I 58.97, O 68.85)
PHY-1001 : top15 = 88.16(S 71.81, N 65.71, E 74.45, W 85.89, I 57.38, O 65.30)
OPT-1001 : End congestion update;  0.420494s wall, 0.421875s user + 0.000000s system = 0.421875s CPU (100.3%)

OPT-0007 : Iter 1: improved SWNS 382 STNS 0 NUM_FEPS 0 with 0(818) cells and 409(409) paths processed with 0 slack improved, crit_thod: 1000 ratio: -1.00(0/0) rt: 0.1s
OPT-1001 : End path based optimization;  0.589213s wall, 0.578125s user + 0.000000s system = 0.578125s CPU (98.1%)

OPT-1001 : Current memory(MB): used = 2023, reserved = 2035, peak = 2023.
OPT-1001 : End Stage 3.2.9 | Optimize Path; Time: 0.752554s wall, 0.750000s user + 0.000000s system = 0.750000s CPU (99.7%); Memory(MB): used = 2023, reserved = 2035, peak = 2023;

OPT-1001 : Stage 3.2.10 | Aggressive Optimization
OPT-1001 : End Stage 3.2.10 | Aggressive Optimization; Time: 0.163458s wall, 0.156250s user + 0.000000s system = 0.156250s CPU (95.6%); Memory(MB): used = 2023, reserved = 2035, peak = 2023;

OPT-1001 : Stage 3.2.11 | Optimize Bottleneck
OPT-1001 : Start bottleneck based optimization ...
OPT-0007 : Start: SWNS 382 STNS 0 NUM_FEPS 0
OPT-1001 : Start congestion update ...
RUN-1001 : Generating global routing grids ...
PHY-1001 : Generate routing nets ...
PHY-1001 : Reuse net number 36198/36198.
PHY-1001 : Global iterations in 32 thread ...
PHY-1002 : len = 5.15e+06, over cnt = 0(0%), over = 0, worst = 0
PHY-1001 : End global iterations;  0.060988s wall, 0.062500s user + 0.000000s system = 0.062500s CPU (102.5%)

PHY-1001 : Congestion index:
PHY-1001 : top1  = 99.84(S 89.27, N 82.48, E 93.26, W 99.75, I 65.90, O 83.22)
PHY-1001 : top5  = 95.59(S 81.25, N 74.18, E 84.20, W 95.05, I 61.48, O 73.60)
PHY-1001 : top10 = 91.51(S 75.71, N 69.14, E 78.35, W 90.02, I 58.97, O 68.85)
PHY-1001 : top15 = 88.16(S 71.81, N 65.71, E 74.45, W 85.89, I 57.38, O 65.30)
OPT-1001 : End congestion update;  0.422742s wall, 0.390625s user + 0.000000s system = 0.390625s CPU (92.4%)

OPT-0007 : Iter 1: improved SWNS 382 STNS 0 NUM_FEPS 0 with 0(45) cells processed with 0 slack improved, crit_thod: 582 ratio: -1.00(0/0) rt: 0.2s
OPT-0007 : Iter 2: improved SWNS 382 STNS 0 NUM_FEPS 0 with 0(45) cells processed with 0 slack improved, crit_thod: 582 ratio: -1.00(0/0) rt: 0.2s
OPT-1001 : End bottleneck based optimization;  0.845025s wall, 0.812500s user + 0.000000s system = 0.812500s CPU (96.2%)

OPT-1001 : Current memory(MB): used = 2023, reserved = 2035, peak = 2023.
OPT-1001 : End Stage 3.2.11 | Optimize Bottleneck; Time: 1.008821s wall, 0.984375s user + 0.000000s system = 0.984375s CPU (97.6%); Memory(MB): used = 2023, reserved = 2035, peak = 2023;

OPT-1001 : Stage 3.2.12 | Swap Pins
OPT-1001 : Start pin optimization...
OPT-1001 : Start: SWNS 382 STNS 0 NUM_FEPS 0
OPT-1001 : Successfully optimized 0 instances
OPT-1001 : End pin optimization;  0.309549s wall, 0.312500s user + 0.000000s system = 0.312500s CPU (101.0%)

OPT-1001 : Current memory(MB): used = 2023, reserved = 2035, peak = 2023.
OPT-1001 : End Stage 3.2.12 | Swap Pins; Time: 0.469928s wall, 0.453125s user + 0.000000s system = 0.453125s CPU (96.4%); Memory(MB): used = 2023, reserved = 2035, peak = 2023;

OPT-1001 : Stage 3.2.13 | Optimize Duplicated Nets
OPT-1001 : Start: WNS 382 TNS 0 NUM_FEPS 0
OPT-1001 : Clean unloaded insts before merging registers
PHY-1001 : Populate physical database on model design_top_wrapper.
PHY-1001 : Populate physical database on model design_top_wrapper.
OPT-1001 : Total overflow 0.00 peak overflow 0.00
OPT-1001 : End optimize duplicated nets. Total 0 instances are merged and 0 sinks are reconnected,  1.499821s wall, 1.750000s user + 0.000000s system = 1.750000s CPU (116.7%)

OPT-1001 : Update timing in Manhattan mode
RUN-1002 : start command "start_timer"
RUN-1003 : finish command "start_timer" in  2.438732s wall, 2.421875s user + 0.000000s system = 2.421875s CPU (99.3%)

RUN-1004 : used memory is 2022 MB, reserved memory is 2034 MB, peak memory is 2023 MB
OPT-1001 : End timing update;  4.046770s wall, 4.031250s user + 0.000000s system = 4.031250s CPU (99.6%)

OPT-1001 : Current memory(MB): used = 2022, reserved = 2034, peak = 2023.
OPT-1001 : End Stage 3.2.13 | Optimize Duplicated Nets; Time: 5.724323s wall, 5.937500s user + 0.000000s system = 5.937500s CPU (103.7%); Memory(MB): used = 2022, reserved = 2034, peak = 2023;

OPT-0007 : End flow postplace: SWNS 382 STNS 0 NUM_FEPS 0
OPT-1001 : End physical optimization;  38.464583s wall, 39.015625s user + 0.062500s system = 39.078125s CPU (101.6%)

PHY-1001 : End Stage 3.2 | Optimize Design; Time: 38.464744s wall, 39.015625s user + 0.062500s system = 39.078125s CPU (101.6%); Memory(MB): used = 2022, reserved = 2034, peak = 2023;

RUN-1001 : Report Control nets information:
RUN-1001 : DFF Distribution
RUN-1001 : -------------------------------------
RUN-1001 :   CE   |  SSR  |  ASR  |  DFF Count  
RUN-1001 : -------------------------------------
RUN-1001 :   No   |  No   |  No   |     224     
RUN-1001 :   No   |  No   |  Yes  |      0      
RUN-1001 :   No   |  Yes  |  No   |      0      
RUN-1001 :   Yes  |  No   |  No   |    6882     
RUN-1001 :   Yes  |  No   |  Yes  |    15883    
RUN-1001 :   Yes  |  Yes  |  No   |     363     
RUN-1001 : -------------------------------------
RUN-1001 : Control Group Statistic
RUN-1001 : -----------------------------
RUN-1001 :   #CLK  |  #CE  |  #SSR/ASR  
RUN-1001 : -----------------------------
RUN-1001 :    10   |  772  |     31     
RUN-1001 : -----------------------------
RUN-0007 : Control Set = 853
PHY-1001 : End Stage 3 | Detailed Placement; Time: 172.592418s wall, 174.000000s user + 0.265625s system = 174.265625s CPU (101.0%); Memory(MB): used = 2022, reserved = 2034, peak = 2023;

PHY-1001 : Populate physical database on model design_top_wrapper.
PHY-1001 : Stage 4 | Optimize Design
PHY-3001 : Start incremental legalization ...
PHY-1001 : Populate physical database on model design_top_wrapper.
PHY-1001 : Processing 2 clock pins of DDR instance u_ph1p35_324_ddr_wrapper/u_ddr2/ph1p_ddrmc_wrapper/ph1p_ddrmc_top/u_ddr_phy/u_ddrphy_top/u_ddrphy/ac_byte[0]$ac_byte_used$u_ddrphy_ac_byte_wrapper/u_ddrphy_byte, location = x0y70z0.
PHY-1001 :   Placed ioclk instance u_ph1p35_324_ddr_wrapper/u_ddr2/ph1p_ddrmc_wrapper/ph1p_ddrmc_top/u_ddr_phy/u_ddrphy_top/u_ddrphy_clk/ioclk[0]$u_ioclk_1, location = x0y59z1.
PHY-1001 :   Placed ioclk instance u_ph1p35_324_ddr_wrapper/u_ddr2/ph1p_ddrmc_wrapper/ph1p_ddrmc_top/u_ddr_phy/u_ddrphy_top/u_ddrphy_clk/ioclk[0]$u_ioclk_0, location = x0y59z0.
PHY-1001 : Processing 2 clock pins of DDR instance u_ph1p35_324_ddr_wrapper/u_ddr2/ph1p_ddrmc_wrapper/ph1p_ddrmc_top/u_ddr_phy/u_ddrphy_top/u_ddrphy/ac_byte[1]$ac_byte_used$u_ddrphy_ac_byte_wrapper/u_ddrphy_byte, location = x0y60z0.
PHY-1001 :   Placed ioclk instance u_ph1p35_324_ddr_wrapper/u_ddr2/ph1p_ddrmc_wrapper/ph1p_ddrmc_top/u_ddr_phy/u_ddrphy_top/u_ddrphy_clk/ioclk[0]$u_ioclk_1, location = x0y59z1.
PHY-1001 :   Placed ioclk instance u_ph1p35_324_ddr_wrapper/u_ddr2/ph1p_ddrmc_wrapper/ph1p_ddrmc_top/u_ddr_phy/u_ddrphy_top/u_ddrphy_clk/ioclk[0]$u_ioclk_0, location = x0y59z0.
PHY-1001 : Processing 2 clock pins of DDR instance u_ph1p35_324_ddr_wrapper/u_ddr2/ph1p_ddrmc_wrapper/ph1p_ddrmc_top/u_ddr_phy/u_ddrphy_top/u_ddrphy/ac_byte[2]$ac_byte_used$u_ddrphy_ac_byte_wrapper/u_ddrphy_byte, location = x0y50z0.
PHY-1001 :   Placed ioclk instance u_ph1p35_324_ddr_wrapper/u_ddr2/ph1p_ddrmc_wrapper/ph1p_ddrmc_top/u_ddr_phy/u_ddrphy_top/u_ddrphy_clk/ioclk[0]$u_ioclk_1, location = x0y59z1.
PHY-1001 :   Placed ioclk instance u_ph1p35_324_ddr_wrapper/u_ddr2/ph1p_ddrmc_wrapper/ph1p_ddrmc_top/u_ddr_phy/u_ddrphy_top/u_ddrphy_clk/ioclk[0]$u_ioclk_0, location = x0y59z0.
PHY-1001 : Processing 2 clock pins of DDR instance u_ph1p35_324_ddr_wrapper/u_ddr2/ph1p_ddrmc_wrapper/ph1p_ddrmc_top/u_ddr_phy/u_ddrphy_top/u_ddrphy/ac_byte[3]$ac_byte_used$u_ddrphy_ac_byte_wrapper/u_ddrphy_byte, location = x0y40z0.
PHY-1001 :   Placed ioclk instance u_ph1p35_324_ddr_wrapper/u_ddr2/ph1p_ddrmc_wrapper/ph1p_ddrmc_top/u_ddr_phy/u_ddrphy_top/u_ddrphy_clk/ioclk[0]$u_ioclk_1, location = x0y59z1.
PHY-1001 :   Placed ioclk instance u_ph1p35_324_ddr_wrapper/u_ddr2/ph1p_ddrmc_wrapper/ph1p_ddrmc_top/u_ddr_phy/u_ddrphy_top/u_ddrphy_clk/ioclk[0]$u_ioclk_0, location = x0y59z0.
PHY-1001 : Processing 2 clock pins of DDR instance u_ph1p35_324_ddr_wrapper/u_ddr2/ph1p_ddrmc_wrapper/ph1p_ddrmc_top/u_ddr_phy/u_ddrphy_top/u_ddrphy/dx_byte[0]$dx_byte_used$u_ddrphy_dx_byte_wrapper/u_ddrphy_byte, location = x0y30z0.
PHY-1001 :   Placed ioclk instance u_ph1p35_324_ddr_wrapper/u_ddr2/ph1p_ddrmc_wrapper/ph1p_ddrmc_top/u_ddr_phy/u_ddrphy_top/u_ddrphy_clk/ioclk[1]$u_ioclk_1, location = x0y19z1.
PHY-1001 :   Placed ioclk instance u_ph1p35_324_ddr_wrapper/u_ddr2/ph1p_ddrmc_wrapper/ph1p_ddrmc_top/u_ddr_phy/u_ddrphy_top/u_ddrphy_clk/ioclk[1]$u_ioclk_0, location = x0y19z0.
PHY-1001 : Processing 2 clock pins of DDR instance u_ph1p35_324_ddr_wrapper/u_ddr2/ph1p_ddrmc_wrapper/ph1p_ddrmc_top/u_ddr_phy/u_ddrphy_top/u_ddrphy/dx_byte[1]$dx_byte_used$u_ddrphy_dx_byte_wrapper/u_ddrphy_byte, location = x0y10z0.
PHY-1001 :   Placed ioclk instance u_ph1p35_324_ddr_wrapper/u_ddr2/ph1p_ddrmc_wrapper/ph1p_ddrmc_top/u_ddr_phy/u_ddrphy_top/u_ddrphy_clk/ioclk[1]$u_ioclk_1, location = x0y19z1.
PHY-1001 :   Placed ioclk instance u_ph1p35_324_ddr_wrapper/u_ddr2/ph1p_ddrmc_wrapper/ph1p_ddrmc_top/u_ddr_phy/u_ddrphy_top/u_ddrphy_clk/ioclk[1]$u_ioclk_0, location = x0y19z0.
PHY-3001 : Target density is 60%
PHY-7022 WARNING: Design's estimated slice utilization = 99, exceeds the limit 95, which probably leads to long P&R runtime and bad QoR.
PHY-3001 : Target density is 60%
PHY-3001 : Initial: Len = 3.67629e+06, Over = 0
PHY-1001 : Stage 4.1 | Spreading
PHY-3001 : Design contains 354 ce signals.
PHY-3001 : Spreading for sector grids.
PHY-3001 : Iter 1, total overflow: 0
PHY-3001 : tot_capacity: 36, usage_cnt: 18, movable_cnt: 28
PHY-3001 : Spreading for clock grids.
PHY-3001 : clock grid count for 24 x 4 grids
PHY-3001 : Spreading for plb grids.
PHY-3001 : total displace: 0, max displace: 0.
PHY-3001 : End spreading;  0.240315s wall, 0.234375s user + 0.000000s system = 0.234375s CPU (97.5%)

PHY-1001 : End Stage 4.1 | Spreading; Time: 0.240369s wall, 0.234375s user + 0.000000s system = 0.234375s CPU (97.5%); Memory(MB): used = 2023, reserved = 2034, peak = 2023;

PHY-3001 : Final: Len = 3.67629e+06, Over = 0
PHY-3001 : End incremental legalization;  0.520320s wall, 0.562500s user + 0.000000s system = 0.562500s CPU (108.1%)

RUN-1002 : start command "report_qor -step place -file place.qor"
RUN-1002 : start command "start_timer"
RUN-1003 : finish command "start_timer" in  1.982813s wall, 1.984375s user + 0.000000s system = 1.984375s CPU (100.1%)

RUN-1004 : used memory is 2022 MB, reserved memory is 2034 MB, peak memory is 2023 MB
RUN-1001 : Generating global routing grids ...
-----------------------------------------------------------
| QoR metrics               |         value               |
-----------------------------------------------------------
| Timing                    |                             |
|     Setup WNS             |          382                |
|     Setup TNS             |            0                |
|     Num of violated S-EP  |            0                |
|     FMAX                  |   117.564MHz                |
|     SWNS path clock period |       8888ps                |
|     Hold WNS              |         -273                |
|     Hold TNS              |       -78256                |
|     Num of violated H-EP  |          610                |
-----------------------------------------------------------
| Routing Resource          |                             |
|     Wire length           |      3668638                |
|     Route Net Num         |        38304                |
|     DontRoute Net Num     |        15930                |
|     RouteSinks Num        |       139029                |
-----------------------------------------------------------
| Utilization               |                             |
|     #slices               |        21046                |
|     slices percentage     |       99.20%                |
|     #RAMs                 |          108                |
|     #DSPs                 |           31                |
|     #DRAMHARDCON          |           53                |
-----------------------------------------------------------
| Congestion                |                             |
|     Top 1% tile util      |           96                |
|     Top 1% tile avg util  |       99.79%                |
|     Over 100% util #tile  |           36                |
|     Max level             |            4                |
|     Window                |  [  6   2] - [ 20  29]      |
-----------------------------------------------------------
Report place stage QoR done.

RUN-1003 : finish command "report_qor -step place -file place.qor" in  4.389743s wall, 4.453125s user + 0.000000s system = 4.453125s CPU (101.4%)

RUN-1004 : used memory is 2022 MB, reserved memory is 2034 MB, peak memory is 2023 MB
PHY-1001 : End Stage 4 | Optimize Design; Time: 4.924535s wall, 5.031250s user + 0.000000s system = 5.031250s CPU (102.2%); Memory(MB): used = 2022, reserved = 2034, peak = 2023;

PHY-1001 : Stage 5 | DRC Check
PHY-1001 : Stage 5.1 | Slice Attributes Check
PHY-1035 : Redundant attributes/nets in slice detected. You can use tcl "check_slice_attr -verbose" to get full message.
PHY-1039 : Found 112 mslices getting no used reg attributes, eg: u_hdmi_tx/u_hdmi_1_4b_transmitter_core_wrapper/u_hdmi_tx_controller_wrapper/u_hdmi_video_data_assemble/S_island_guard_band_1d_syn_10.
PHY-1039 : Found 112 mslices getting no used ce attributes, eg: u_hdmi_tx/u_hdmi_1_4b_transmitter_core_wrapper/u_hdmi_tx_controller_wrapper/u_hdmi_video_data_assemble/S_island_guard_band_1d_syn_10.
PHY-1001 : End Stage 5.1 | Slice Attributes Check; Time: 0.043673s wall, 0.046875s user + 0.000000s system = 0.046875s CPU (107.3%); Memory(MB): used = 2022, reserved = 2034, peak = 2023;

PHY-1001 : Stage 5.2 | Clock Bound Check
PHY-1001 : Check pass.
PHY-1001 : End Stage 5.2 | Clock Bound Check; Time: 0.002222s wall, 0.000000s user + 0.000000s system = 0.000000s CPU (n/a%); Memory(MB): used = 2022, reserved = 2034, peak = 2023;

PHY-1001 : Stage 5.3 | Force Route Constraint Check
PHY-1001 : Check Pass.
PHY-1001 : End Stage 5.3 | Force Route Constraint Check; Time: 0.002312s wall, 0.000000s user + 0.000000s system = 0.000000s CPU (n/a%); Memory(MB): used = 2022, reserved = 2034, peak = 2023;

PHY-1001 : Stage 5.4 | Sigmap Check
PHY-1001 : Check pass.
PHY-1001 : End Stage 5.4 | Sigmap Check; Time: 0.079375s wall, 0.078125s user + 0.000000s system = 0.078125s CPU (98.4%); Memory(MB): used = 2022, reserved = 2034, peak = 2023;

PHY-1001 : Stage 5.5 | Duplicated SelfDriven Check
PHY-1001 : Check pass.
PHY-1001 : End Stage 5.5 | Duplicated SelfDriven Check; Time: 0.359170s wall, 0.359375s user + 0.000000s system = 0.359375s CPU (100.1%); Memory(MB): used = 2022, reserved = 2034, peak = 2023;

PHY-1001 : Stage 5.6 | Clock Rule Check
PHY-5088 WARNING: Clock_Analyzer: Detected 1 buffer(s) clkin net because they drive non-clock sinks. Run "analyze_clock -detail" for more infomation.
PHY-5088 WARNING: Clock_Analyzer: Detected 1 buffer(s) clkout net because they drive non-clock sinks. Run "analyze_clock -detail" for more infomation.
PHY-5088 WARNING: Clock_Analyzer: 3 clock-net(s) because they drive other clock net, may cause clock skew. Run "analyze_clock -detail" for more infomation.
PHY-1001 : End Stage 5.6 | Clock Rule Check; Time: 0.081206s wall, 0.046875s user + 0.031250s system = 0.078125s CPU (96.2%); Memory(MB): used = 2023, reserved = 2034, peak = 2023;

PHY-1001 : End Stage 5 | DRC Check; Time: 0.618562s wall, 0.578125s user + 0.031250s system = 0.609375s CPU (98.5%); Memory(MB): used = 2023, reserved = 2034, peak = 2023;

OPT-1001 : QoR tracer report on placement steps:
    SWNS [   incr ]      STNS [     incr ]    FEPS [   incr ]    CRIT [   incr ]      CELL [     incr ]        WL [     incr ]    CONG [   incr ]    PDES [   incr ]   RT(s) [   incr ]   MEM(mb) [     incr ]
       0 [      0 ]         0 [        0 ]       0 [      0 ]       0 [      0 ]     45919 [        0 ]         0 [        0 ]    0.00 [   0.00 ]       0 [      0 ]       0 [      0 ]       808 [        0 ] : preplace:simplify_lut
       0 [      0 ]         0 [        0 ]       0 [      0 ]       0 [      0 ]     45919 [        0 ]         0 [        0 ]    0.00 [   0.00 ]       0 [      0 ]       0 [      0 ]       808 [        0 ] : preplace:sweep
       0 [      0 ]         0 [        0 ]       0 [      0 ]       0 [      0 ]     45919 [        0 ]         0 [        0 ]    0.00 [   0.00 ]       0 [      0 ]       0 [      0 ]       808 [        0 ] : preplace:lut_merge
       0 [      0 ]         0 [        0 ]       0 [      0 ]       0 [      0 ]     45919 [        0 ]         0 [        0 ]    0.00 [   0.00 ]       0 [      0 ]       0 [      0 ]       808 [        0 ] : preplace:hfn_opt
     -54 [    -54 ]       -54 [      -54 ]       1 [      1 ]    3629 [   3629 ]     47705 [     1786 ]   2860899 [  2860899 ]    0.00 [   0.00 ]       0 [      0 ]      11 [     11 ]      1514 [      706 ] : step1_gp
    -335 [   -281 ]     -1292 [    -1238 ]       6 [      5 ]    3075 [   -554 ]     47705 [        0 ]   3032857 [   171958 ]    0.00 [   0.00 ]       0 [      0 ]      12 [      1 ]      1521 [        7 ] : step1_legal
    -335 [      0 ]     -1238 [       54 ]       5 [     -1 ]    2977 [    -98 ]     47705 [        0 ]   2931974 [  -100883 ]    0.00 [   0.00 ]       0 [      0 ]      15 [      3 ]      1527 [        6 ] : step1_dp
     368 [    703 ]         0 [     1238 ]       0 [     -5 ]    3542 [    565 ]     47705 [        0 ]   2389159 [  -542815 ]  263.97 [ 263.97 ]       0 [      0 ]      22 [      7 ]      1649 [      122 ] : step2_gp
     368 [      0 ]         0 [        0 ]       0 [      0 ]    3544 [      2 ]     47705 [        0 ]   2391112 [     1953 ]  263.97 [   0.00 ]       0 [      0 ]      24 [      2 ]      1652 [        3 ] : step2_dp
     368 [      0 ]         0 [        0 ]       0 [      0 ]    3544 [      0 ]     47705 [        0 ]   2391112 [        0 ]  263.97 [   0.00 ]       0 [      0 ]      24 [      0 ]      1652 [        0 ] : prepack_spreading
     404 [     36 ]         0 [        0 ]       0 [      0 ]    3865 [    321 ]     48272 [      567 ]   2184684 [  -206428 ]  263.97 [   0.00 ]       0 [      0 ]      33 [      9 ]      1653 [        1 ] : prepack:hfn_opt
     481 [     77 ]         0 [        0 ]       0 [      0 ]    3891 [     26 ]     48272 [        0 ]   2188940 [     4256 ]  106.74 [-157.24 ]       0 [      0 ]      39 [      6 ]      1655 [        2 ] : prepack:global_opt
     819 [    338 ]         0 [        0 ]       0 [      0 ]    3729 [   -162 ]     23890 [   -24382 ]   2365218 [   176278 ]  106.74 [   0.00 ]       0 [      0 ]      47 [      8 ]      1815 [      160 ] : pack
     355 [   -464 ]         0 [        0 ]       0 [      0 ]    3797 [     68 ]     23890 [        0 ]   3124698 [   759480 ]  100.47 [  -6.26 ]       0 [      0 ]      66 [     19 ]      2022 [      207 ] : post_pack_place
   -4067 [  -4422 ]  -1110484 [ -1110484 ]     850 [    850 ]    2122 [  -1675 ]     23890 [        0 ]   4399366 [  1274668 ]  100.47 [   0.00 ]       0 [      0 ]     171 [    105 ]      2022 [        0 ] : post_pack_spreading
   -1486 [   2581 ]   -114469 [   996015 ]     317 [   -533 ]    3040 [    918 ]     23890 [        0 ]   3673594 [  -725772 ]  100.32 [  -0.16 ]       0 [      0 ]     200 [     29 ]      2022 [        0 ] : post_pack_dp
    -667 [    819 ]     -7490 [   106979 ]      27 [   -290 ]    3170 [    130 ]     23886 [       -4 ]   3628959 [   -44635 ]  100.32 [   0.00 ]       0 [      0 ]     206 [      6 ]      2022 [        0 ] : postpack:optimize_equivalent_quick
    -667 [      0 ]     -7490 [        0 ]      27 [      0 ]    3170 [      0 ]     23886 [        0 ]   3628959 [        0 ]  100.32 [   0.00 ]       0 [      0 ]     207 [      1 ]      2022 [        0 ] : postpack:hfn_opt
     253 [    920 ]         0 [     7490 ]       0 [    -27 ]    3225 [     55 ]     23901 [       15 ]   3626406 [    -2553 ]   99.79 [  -0.53 ]       0 [      0 ]     216 [      9 ]      2023 [        1 ] : postpack:path_opt
     253 [      0 ]         0 [        0 ]       0 [      0 ]    3245 [     20 ]     23901 [        0 ]   3625246 [    -1160 ]   99.79 [   0.00 ]       0 [      0 ]     222 [      6 ]      2023 [        0 ] : postpack:optimize_equivalent
     382 [    129 ]         0 [        0 ]       0 [      0 ]    3516 [    271 ]     23901 [        0 ]   3625246 [        0 ]   99.79 [   0.00 ]       0 [      0 ]     225 [      3 ]      2023 [        0 ] : postpack:pin_opt
     382 [      0 ]         0 [        0 ]       0 [      0 ]    3510 [     -6 ]     23901 [        0 ]   3640011 [    14765 ]   99.79 [   0.00 ]       0 [      0 ]     229 [      4 ]      2023 [        0 ] : postpack:beeline_opt
     382 [      0 ]         0 [        0 ]       0 [      0 ]    3510 [      0 ]     23901 [        0 ]   3640011 [        0 ]   99.79 [   0.00 ]       0 [      0 ]     231 [      2 ]      2023 [        0 ] : postplace:crit_hfn_opt
     382 [      0 ]         0 [        0 ]       0 [      0 ]    3510 [      0 ]     23901 [        0 ]   3640011 [        0 ]   99.79 [   0.00 ]       0 [      0 ]     232 [      1 ]      2023 [        0 ] : postplace:path_opt
     382 [      0 ]         0 [        0 ]       0 [      0 ]    3510 [      0 ]     23901 [        0 ]   3640011 [        0 ]   99.79 [   0.00 ]       0 [      0 ]     232 [      0 ]      2023 [        0 ] : postplace:aggressive_opt
     382 [      0 ]         0 [        0 ]       0 [      0 ]    3510 [      0 ]     23901 [        0 ]   3640011 [        0 ]   99.79 [   0.00 ]       0 [      0 ]     233 [      1 ]      2023 [        0 ] : postplace:bn_opt
     382 [      0 ]         0 [        0 ]       0 [      0 ]    3510 [      0 ]     23901 [        0 ]   3640011 [        0 ]   99.79 [   0.00 ]       0 [      0 ]     233 [      0 ]      2023 [        0 ] : postplace:pin_opt
     382 [      0 ]         0 [        0 ]       0 [      0 ]    3510 [      0 ]     23901 [        0 ]   3640011 [        0 ]   99.79 [   0.00 ]       0 [      0 ]     239 [      6 ]      2023 [        0 ] : postplace:optimize_equivalent

RUN-1003 : finish command "place" in  245.241495s wall, 277.000000s user + 3.281250s system = 280.281250s CPU (114.3%)

RUN-1004 : used memory is 2022 MB, reserved memory is 2034 MB, peak memory is 2023 MB
RUN-1002 : start command "update_timing -mode manhattan"
RUN-1002 : start command "start_timer"
RUN-1003 : finish command "start_timer" in  2.021691s wall, 2.015625s user + 0.000000s system = 2.015625s CPU (99.7%)

RUN-1004 : used memory is 2022 MB, reserved memory is 2034 MB, peak memory is 2023 MB
RUN-1003 : finish command "update_timing -mode manhattan" in  3.483598s wall, 3.468750s user + 0.000000s system = 3.468750s CPU (99.6%)

RUN-1004 : used memory is 2022 MB, reserved memory is 2034 MB, peak memory is 2023 MB
RUN-1002 : start command "report_timing_summary -file D:/anlu/rtl/reports/cnn_final_place.timing"
RUN-1002 : start command "report_area -io_info -file D:/anlu/rtl/reports/cnn_final_place.area"
SYN-4034 : The count of slices with lut is 13726.
SYN-4035 : The count of slices with lut+ripple is 3422.
RUN-1001 : standard
***Report Model: design_top_wrapper Device: PH1P35MDG324***

Design Statistics
#IO                        58   out of    160   36.25%
  #input                    2
  #output                  31
  #inout                   25
#lut6                   17684   out of  21216   83.35%
#reg                    23128
  #slice reg            23128   out of  42432   54.51%
  #pad reg                  0

Utilization Statistics
#slice                  21046   out of  21216   99.20%
  #used ram               536
    #dram lut             424
    #shifter lut          112
  #used logic           20510
    #with luts          13726
    #with adder          3422
    #reg only            3362
#f7mux                   1380   out of  10608   13.01%
#f8mux                    634   out of   5304   11.95%
#eram                     108   out of    108  100.00%
  #eram20k                108
  #fifo20k                  0
#dsp                       31   out of     40   77.50%
#ddr_byte                   6   out of     12   50.00%
#mipi_tx                    0   out of      2    0.00%
#mipi_rx                    1   out of      2   50.00%
#pad                       17   out of    160   10.62%
#pll                        3   out of      6   50.00%
#gclk                       9   out of     32   28.12%
#lclk                       0   out of     12    0.00%
#sclk                       0   out of     48    0.00%
#mlclk                      2   out of      6   33.33%
#ioclk                      4   out of     18   22.22%

RUN-1002 : start command "report_clock_utilization -file D:/anlu/rtl/reports/cnn_final_place.clock"
RUN-1002 : start command "flow_status -file D:/anlu/rtl/reports/cnn_final_place.flow"
Location         : D:\anlu\rtl\td_project
Running with     : Tang Dynasty v6.2.168116
                   Copyright (c) 2012-2025 Anlogic Inc.
Top Model        : design_top_wrapper
Device           : PH1P35MDG324
Speed            : 3

Timing Mode      : manhattan
Setup            : WNS   382ps  TNS        0ps  NUM_FEPS     0
Hold             : WNS  -273ps  TNS   -78256ps  NUM_FEPS   610

Flow Statistics  :
RUN-1001 : Flow Statistics:
RUN-1001 : --------------------------------------------------------------------------------------------------
RUN-1001 :      command     |  #calls  |  wall time  |  cpu time(s)  |  used memory(mb)  |  peak memory(mb)  
RUN-1001 : --------------------------------------------------------------------------------------------------
RUN-1001 :       place      |    1     |  4m5s(98%)  |   280(99%)    |       2022        |       2023        
RUN-1001 :     import_db    |    1     |   2s(0%)    |     0(0%)     |        807        |        807        
RUN-1001 :   import_device  |    1     |   1s(0%)    |     1(0%)     |        324        |        324        
RUN-1001 :     read_adc     |    1     |   1s(0%)    |     1(0%)     |        762        |        808        
RUN-1001 :     read_sdc     |    3     |   0s(0%)    |     0(0%)     |        762        |        808        
RUN-1001 : --------------------------------------------------------------------------------------------------
RUN-1001 :       total      |    7     |    4m9s     |      282      |       2022        |       2023        
RUN-1001 : --------------------------------------------------------------------------------------------------
RUN-1002 : start command "export_db D:/anlu/rtl/reports/cnn_final_place.db"
RUN-1001 : Exported flow parameters
RUN-1001 : Exported /
RUN-1001 : Exported libs
RUN-1001 : Exported entities
RUN-1001 : Exported ports
RUN-1001 : Exported pins
RUN-1001 : Exported instances
RUN-1001 : Exported nets
RUN-1001 : Exported buses
RUN-1001 : Exported models
RUN-1001 : Exported phy database
RUN-1001 : Exported packer
RUN-1001 : Exported congestions
RUN-1001 : Exported violations
RUN-1001 : Exported ATMR Setting
RUN-1001 : Exported timing constraints
RUN-1001 : Exported IO constraints
RUN-1001 : Exported Inst constraints
RUN-1001 : Exported ChipWatcher
RUN-1003 : finish command "export_db D:/anlu/rtl/reports/cnn_final_place.db" in  1.237334s wall, 1.578125s user + 0.046875s system = 1.625000s CPU (131.3%)

RUN-1004 : used memory is 2041 MB, reserved memory is 2114 MB, peak memory is 2042 MB
RUN-1002 : start command "commit_param -step route"
RUN-1001 : Print Global Property
RUN-1001 : -------------------------------------------------------------
RUN-1001 :     Parameters    |   Settings   |  Default Values  |  Note  
RUN-1001 : -------------------------------------------------------------
RUN-1001 :    enable_seed    |     off      |       off        |        
RUN-1001 :    hfn_to_clock   |  1000000000  |    1000000000    |        
RUN-1001 :      message      |   standard   |     standard     |        
RUN-1001 :    qor_monitor    |      on      |        on        |        
RUN-1001 :   speedup_effort  |      0       |        0         |        
RUN-1001 :    syn_ip_flow    |     off      |       off        |        
RUN-1001 :       thread      |     auto     |       auto       |        
RUN-1001 : -------------------------------------------------------------
RUN-1001 : Print Route Property
RUN-1001 : ---------------------------------------------------------------
RUN-1001 :       Parameters      |  Settings  |  Default Values  |  Note  
RUN-1001 : ---------------------------------------------------------------
RUN-1001 :         effort        |   normal   |      normal      |        
RUN-1001 :        fix_hold       |     on     |        on        |        
RUN-1001 :   hold_fix_iteration  |     5      |        5         |        
RUN-1001 :     post_route_opt    |    auto    |       auto       |        
RUN-1001 :         timing        |     on     |        on        |        
RUN-1001 : ---------------------------------------------------------------
RUN-1002 : start command "route"
RUN-1001 : Open license file D:/Anlogic/TD_6.2.1_Engineer_6.2.168.116/license/Anlogic.lic
PHY-1001 : Reconnected 29 VDD pins with routing demanding
PHY-1001 : Populate physical database on model design_top_wrapper.
RUN-1001 : Dedicate pll clock connection statistics:
RUN-1001 : Clock Region s_1_l [0,40][23,79]; Utilization: 1 out of 12
RUN-1001 : ----------------------------------------------------------------------------------------------------------------------------------------------------------------------------------------------------------------------------------
RUN-1001 :   Index  |                                    Leading Clock                                     |                                                          Special Sink                                                           
RUN-1001 : ----------------------------------------------------------------------------------------------------------------------------------------------------------------------------------------------------------------------------------
RUN-1001 :     1    |  u_ph1p35_324_ddr_wrapper/u_ddr2/ph1p_ddrmc_wrapper/ph1p_ddrmc_top/u_alc_mc_top/clk  |  u_ph1p35_324_ddr_wrapper/u_ddr2/ph1p_ddrmc_wrapper/ph1p_ddrmc_top/u_ddr_phy/u_ddrphy_top/u_ddrphy_clk/u_pll1/u_pll_inst.fbclk  
RUN-1001 : ----------------------------------------------------------------------------------------------------------------------------------------------------------------------------------------------------------------------------------
RUN-1001 : Clock Region s_1_r [24,40][43,79]; Utilization: 1 out of 12
RUN-1001 : -----------------------------------------------------------------------------------------------------------------------------------------------------------------------
RUN-1001 :   Index  |                                     Leading Clock                                     |                            Special Sink                             
RUN-1001 : -----------------------------------------------------------------------------------------------------------------------------------------------------------------------
RUN-1001 :     1    |  u_mipi_dphy_rx_ph1p_mipiio_wrapper/u_ph1p_mipiio_rx_wrapper/u_lane0_hs_detect/I_clk  |  u_PLL/ph1p_phy_pll_wrapper_25a56e5ce2f9_Inst/u_PH1P_PHY_PLL.fbclk  
RUN-1001 : -----------------------------------------------------------------------------------------------------------------------------------------------------------------------
PHY-1001 : Working orders of clock nets being processed in bank assignment:
PHY-1001 : u_ph1p35_324_ddr_wrapper/u_ddr2/ph1p_ddrmc_wrapper/ph1p_ddrmc_top/u_alc_mc_top/clk;
PHY-1001 : u_mipi_dphy_rx_ph1p_mipiio_wrapper/u_ph1p_mipiio_rx_wrapper/u_lane0_hs_detect/I_clk;
PHY-1001 : u_isp_top/u_demosaic/raw_matrix_3x3_buffer_d/zhenghe_d/blk_mem_gen_zhenghe_d1/ram_d32970204f32_Inst/clkb;
PHY-1001 : u_hdmi_mixer/I_clk_syn_652;
PHY-1001 : I_sys_clk_syn_8;
PHY-1001 : O_cam_24m_syn_3;
PHY-1001 : u_hdmi_tx/u_hdmi2phy_wrapper/u0_lane_lvds_8_1/I_serial_clk_syn_1;
PHY-1001 : u_ph1p35_324_ddr_wrapper/u_ddr2/ph1p_ddrmc_wrapper/ph1p_ddrmc_top/u_ddr_phy/u_ddrphy_top/u_ddrphy/apb_pclk_syn_1;
PHY-1001 : u_uicfgcs500/uii2c_inst/scl_clk_syn_9;
PHY-1001 : Internal bound Intnl_0_0_25_40 is being created by clock MIPI_RX_BYTE_CLK through SCLK.
PHY-1001 : Internal bound Intnl_25_0_23_40 is being created by clock MIPI_RX_BYTE_CLK through SCLK.
PHY-1001 : Internal bound Intnl_0_40_25_40 is being created by clock u_ph1p35_324_ddr_wrapper/u_ddr2/usr_clk through SCLK.
PHY-1001 : Internal bound Intnl_25_40_19_40 is being created by clock MIPI_RX_BYTE_CLK through SCLK.
RUN-1001 : Clock region assignment statistics:
RUN-1001 : Clock Region s_0_l [0,0][23,39]; Utilization: 7 out of 12
RUN-1001 : ----------------------------------------------------------------------------------------------------------------------------------------------------------------------------------------------------------------------------------------------------------------------------------------------------------------------------------------
RUN-1001 :   Bank  |                                                   Leading Clock                                                    |       Type        |                                                                          Buffer                                                                           |  Regional Clock Fanouts  
RUN-1001 : ----------------------------------------------------------------------------------------------------------------------------------------------------------------------------------------------------------------------------------------------------------------------------------------------------------------------------------------
RUN-1001 :    1    |      u_isp_top/u_demosaic/raw_matrix_3x3_buffer_d/zhenghe_d/blk_mem_gen_zhenghe_d1/ram_d32970204f32_Inst/clkb      |  (infered sclk)   |                           u_mipi_dphy_rx_ph1p_mipiio_wrapper/u_ph1p_mipiio_rx_wrapper/bufg_feedback_auto_created_sclk_s_0_l_bk1                           |           2438           
RUN-1001 :    2    |                 u_ph1p35_324_ddr_wrapper/u_ddr2/ph1p_ddrmc_wrapper/ph1p_ddrmc_top/u_alc_mc_top/clk                 |  (infered sclk)   |   u_ph1p35_324_ddr_wrapper/u_ddr2/ph1p_ddrmc_wrapper/ph1p_ddrmc_top/u_ddr_phy/u_ddrphy_top/u_ddrphy_clk/u_pll1/u_bufg_fbclk_auto_created_sclk_s_0_l_bk2   |           619            
RUN-1001 :    3    |                                             u_hdmi_mixer/I_clk_syn_652                                             |  (infered sclk)   |                                              u_hdmi_mixer/I_clk_created_gclkinst_auto_created_sclk_s_0_l_bk3                                              |           147            
RUN-1001 :    4    |                                                  I_sys_clk_syn_8                                                   |  (infered sclk)   |                                               I_sys_clk_dup_6_created_gclkinst_auto_created_sclk_s_0_l_bk4                                                |            73            
RUN-1001 :    5    |                                                  O_cam_24m_syn_3                                                   |  (infered sclk)   |                                               O_cam_24m_dup_1_created_gclkinst_auto_created_sclk_s_0_l_bk5                                                |            43            
RUN-1001 :    6    |                                       u_uicfgcs500/uii2c_inst/scl_clk_syn_9                                        |  (infered sclk)   |                                       u_uicfgcs500/uii2c_inst/scl_clk_created_gclkinst_auto_created_sclk_s_0_l_bk6                                        |            16            
RUN-1001 :    7    |  u_ph1p35_324_ddr_wrapper/u_ddr2/ph1p_ddrmc_wrapper/ph1p_ddrmc_top/u_ddr_phy/u_ddrphy_top/u_ddrphy/apb_pclk_syn_1  |  (infered sclk)   |  u_ph1p35_324_ddr_wrapper/u_ddr2/ph1p_ddrmc_wrapper/ph1p_ddrmc_top/u_ddr_phy/u_ddrphy_top/u_ddrphy/apb_pclk_created_gclkinst_auto_created_sclk_s_0_l_bk7  |            3             
RUN-1001 : ----------------------------------------------------------------------------------------------------------------------------------------------------------------------------------------------------------------------------------------------------------------------------------------------------------------------------------------
RUN-1001 : Clock Region s_0_r [24,0][47,39]; Utilization: 6 out of 12
RUN-1001 : ------------------------------------------------------------------------------------------------------------------------------------------------------------------------------------------------------------------------------------------------------------------------------------------------------------------------------
RUN-1001 :   Bank  |                                               Leading Clock                                                |       Type        |                                                                         Buffer                                                                          |  Regional Clock Fanouts  
RUN-1001 : ------------------------------------------------------------------------------------------------------------------------------------------------------------------------------------------------------------------------------------------------------------------------------------------------------------------------------
RUN-1001 :    1    |  u_isp_top/u_demosaic/raw_matrix_3x3_buffer_d/zhenghe_d/blk_mem_gen_zhenghe_d1/ram_d32970204f32_Inst/clkb  |  (infered sclk)   |                          u_mipi_dphy_rx_ph1p_mipiio_wrapper/u_ph1p_mipiio_rx_wrapper/bufg_feedback_auto_created_sclk_s_0_r_bk1                          |           3059           
RUN-1001 :    2    |                                              O_cam_24m_syn_3                                               |  (infered sclk)   |                                              O_cam_24m_dup_1_created_gclkinst_auto_created_sclk_s_0_r_bk2                                               |            13            
RUN-1001 :    3    |            u_mipi_dphy_rx_ph1p_mipiio_wrapper/u_ph1p_mipiio_rx_wrapper/u_lane0_hs_detect/I_clk             |  (infered sclk)   |                                                     u_PLL/bufg_feedback_auto_created_sclk_s_0_r_bk3                                                     |            8             
RUN-1001 :    4    |             u_ph1p35_324_ddr_wrapper/u_ddr2/ph1p_ddrmc_wrapper/ph1p_ddrmc_top/u_alc_mc_top/clk             |  (infered sclk)   |  u_ph1p35_324_ddr_wrapper/u_ddr2/ph1p_ddrmc_wrapper/ph1p_ddrmc_top/u_ddr_phy/u_ddrphy_top/u_ddrphy_clk/u_pll1/u_bufg_fbclk_auto_created_sclk_s_0_r_bk4  |            7             
RUN-1001 :    5    |                                         u_hdmi_mixer/I_clk_syn_652                                         |  (infered sclk)   |                                             u_hdmi_mixer/I_clk_created_gclkinst_auto_created_sclk_s_0_r_bk5                                             |            5             
RUN-1001 :    6    |                                   u_uicfgcs500/uii2c_inst/scl_clk_syn_9                                    |  (infered sclk)   |                                      u_uicfgcs500/uii2c_inst/scl_clk_created_gclkinst_auto_created_sclk_s_0_r_bk6                                       |            1             
RUN-1001 : ------------------------------------------------------------------------------------------------------------------------------------------------------------------------------------------------------------------------------------------------------------------------------------------------------------------------------
RUN-1001 : Clock Region s_1_l [0,40][23,79]; Utilization: 4 out of 12
RUN-1001 : ----------------------------------------------------------------------------------------------------------------------------------------------------------------------------------------------------------------------------------------------------------------------------------------------------------------------------------------
RUN-1001 :   Bank  |                                                   Leading Clock                                                    |       Type        |                                                                          Buffer                                                                           |  Regional Clock Fanouts  
RUN-1001 : ----------------------------------------------------------------------------------------------------------------------------------------------------------------------------------------------------------------------------------------------------------------------------------------------------------------------------------------
RUN-1001 :    1    |                 u_ph1p35_324_ddr_wrapper/u_ddr2/ph1p_ddrmc_wrapper/ph1p_ddrmc_top/u_alc_mc_top/clk                 |  (infered sclk)   |   u_ph1p35_324_ddr_wrapper/u_ddr2/ph1p_ddrmc_wrapper/ph1p_ddrmc_top/u_ddr_phy/u_ddrphy_top/u_ddrphy_clk/u_pll1/u_bufg_fbclk_auto_created_sclk_s_1_l_bk1   |           1418           
RUN-1001 :    2    |      u_isp_top/u_demosaic/raw_matrix_3x3_buffer_d/zhenghe_d/blk_mem_gen_zhenghe_d1/ram_d32970204f32_Inst/clkb      |  (infered sclk)   |                           u_mipi_dphy_rx_ph1p_mipiio_wrapper/u_ph1p_mipiio_rx_wrapper/bufg_feedback_auto_created_sclk_s_1_l_bk2                           |           2258           
RUN-1001 :    3    |                                             u_hdmi_mixer/I_clk_syn_652                                             |  (infered sclk)   |                                              u_hdmi_mixer/I_clk_created_gclkinst_auto_created_sclk_s_1_l_bk3                                              |            77            
RUN-1001 :    4    |  u_ph1p35_324_ddr_wrapper/u_ddr2/ph1p_ddrmc_wrapper/ph1p_ddrmc_top/u_ddr_phy/u_ddrphy_top/u_ddrphy/apb_pclk_syn_1  |  (infered sclk)   |  u_ph1p35_324_ddr_wrapper/u_ddr2/ph1p_ddrmc_wrapper/ph1p_ddrmc_top/u_ddr_phy/u_ddrphy_top/u_ddrphy/apb_pclk_created_gclkinst_auto_created_sclk_s_1_l_bk4  |            25            
RUN-1001 : ----------------------------------------------------------------------------------------------------------------------------------------------------------------------------------------------------------------------------------------------------------------------------------------------------------------------------------------
RUN-1001 : Clock Region s_1_r [24,40][43,79]; Utilization: 5 out of 12
RUN-1001 : ------------------------------------------------------------------------------------------------------------------------------------------------------------------------------------------------------------------------------------------------------------------------------------------------------------------------------
RUN-1001 :   Bank  |                                               Leading Clock                                                |       Type        |                                                                         Buffer                                                                          |  Regional Clock Fanouts  
RUN-1001 : ------------------------------------------------------------------------------------------------------------------------------------------------------------------------------------------------------------------------------------------------------------------------------------------------------------------------------
RUN-1001 :    1    |            u_mipi_dphy_rx_ph1p_mipiio_wrapper/u_ph1p_mipiio_rx_wrapper/u_lane0_hs_detect/I_clk             |  (infered sclk)   |                                                     u_PLL/bufg_feedback_auto_created_sclk_s_1_r_bk1                                                     |            1             
RUN-1001 :    2    |  u_isp_top/u_demosaic/raw_matrix_3x3_buffer_d/zhenghe_d/blk_mem_gen_zhenghe_d1/ram_d32970204f32_Inst/clkb  |  (infered sclk)   |                          u_mipi_dphy_rx_ph1p_mipiio_wrapper/u_ph1p_mipiio_rx_wrapper/bufg_feedback_auto_created_sclk_s_1_r_bk2                          |           2354           
RUN-1001 :    3    |                                         u_hdmi_mixer/I_clk_syn_652                                         |  (infered sclk)   |                                             u_hdmi_mixer/I_clk_created_gclkinst_auto_created_sclk_s_1_r_bk3                                             |           654            
RUN-1001 :    4    |                      u_hdmi_tx/u_hdmi2phy_wrapper/u0_lane_lvds_8_1/I_serial_clk_syn_1                      |  (infered sclk)   |                         u_hdmi_tx/u_hdmi2phy_wrapper/u0_lane_lvds_8_1/I_serial_clk_created_gclkinst_auto_created_sclk_s_1_r_bk4                         |            37            
RUN-1001 :    5    |             u_ph1p35_324_ddr_wrapper/u_ddr2/ph1p_ddrmc_wrapper/ph1p_ddrmc_top/u_alc_mc_top/clk             |  (infered sclk)   |  u_ph1p35_324_ddr_wrapper/u_ddr2/ph1p_ddrmc_wrapper/ph1p_ddrmc_top/u_ddr_phy/u_ddrphy_top/u_ddrphy_clk/u_pll1/u_bufg_fbclk_auto_created_sclk_s_1_r_bk5  |            5             
RUN-1001 : ------------------------------------------------------------------------------------------------------------------------------------------------------------------------------------------------------------------------------------------------------------------------------------------------------------------------------
PHY-1001 : Populate physical database on model design_top_wrapper.
PHY-1001 : Route runs in 32 thread(s)
RUN-1001 : There are total 22649 instances
RUN-1001 : 536 mslices, 20510 lslices, 54 pads, 108 brams, 31 dsps
RUN-1001 : There are total 54779 nets
RUN-1001 : 37086 nets have 2 pins
RUN-1001 : 13568 nets have [3 - 5] pins
RUN-1001 : 2368 nets have [6 - 10] pins
RUN-1001 : 937 nets have [11 - 20] pins
RUN-1001 : 738 nets have [21 - 99] pins
RUN-1001 : 82 nets have 100+ pins
RUN-1002 : start command "start_timer"
RUN-1003 : finish command "start_timer" in  3.176489s wall, 3.078125s user + 0.015625s system = 3.093750s CPU (97.4%)

RUN-1004 : used memory is 2042 MB, reserved memory is 2115 MB, peak memory is 2042 MB
PHY-1001 : 536 mslices, 20510 lslices, 54 pads, 108 brams, 31 dsps

PHY-1001 : Stage 1 | Global Routing
PHY-1001 : Start global routing, caller is route ...
RUN-1001 : Generating global routing grids ...
PHY-1001 : Generate routing nets ...
RUN-1001 : Generate nets statistics:
RUN-1001 : ----------------------------
RUN-1001 :        Type       |  Nets   
RUN-1001 : ----------------------------
RUN-1001 :   TotalRouteNets  |  38326  
RUN-1001 :   DontRouteNets   |  2128   
RUN-1001 :     RouteNets     |  36198  
RUN-1001 :     RouteSinks    |  78308  
RUN-1001 : ----------------------------
PHY-1001 : Global iterations in 32 thread ...
PHY-1002 : len = 4.39437e+06, over cnt = 6335(8%), over = 12715, worst = 9
PHY-1002 : len = 4.68342e+06, over cnt = 3966(5%), over = 6282, worst = 9
PHY-1002 : len = 4.92974e+06, over cnt = 2103(2%), over = 3284, worst = 9
PHY-1002 : len = 5.07947e+06, over cnt = 11(0%), over = 11, worst = 1
PHY-1002 : len = 5.07974e+06, over cnt = 0(0%), over = 0, worst = 0
PHY-1001 : End global iterations;  6.021351s wall, 6.718750s user + 0.015625s system = 6.734375s CPU (111.8%)

PHY-1001 : Congestion index:
PHY-1001 : top1  = 100.00(S 89.43, N 81.87, E 91.69, W 100.00, I 71.98, O 90.30)
PHY-1001 : top5  = 95.58(S 82.11, N 73.33, E 83.04, W 95.25, I 62.77, O 75.10)
PHY-1001 : top10 = 91.49(S 76.59, N 68.45, E 77.12, W 90.20, I 59.65, O 69.61)
PHY-1001 : top15 = 87.93(S 72.44, N 65.01, E 72.93, W 85.45, I 57.84, O 65.80)
PHY-1001 : End global routing;  6.407920s wall, 7.109375s user + 0.015625s system = 7.125000s CPU (111.2%)

PHY-1001 : End Stage 1 | Global Routing; Time: 6.408008s wall, 7.109375s user + 0.015625s system = 7.125000s CPU (111.2%); Memory(MB): used = 2042, reserved = 2115, peak = 2042;

PHY-1001 : Stage 2 | Detail Routing
PHY-1001 : Stage 2.1 | Build Routing Design
PHY-1001 : Routing in high effort: false
PHY-1001 : Routing Mode: normal
PHY-1001 : Generate detailed routing grids ...
RUN-1001 : Constructing routing connections ...
PHY-1001 : End build routing graph; 1.912313s wall, 17.765625s user + 0.062500s system = 17.828125s CPU (932.3%)

PHY-1001 : Generate nets ...
RUN-1001 : Generate nets statistics:
RUN-1001 : -------------------------------
RUN-1001 :         Type        |   Nets   
RUN-1001 : -------------------------------
RUN-1001 :        Route        |  38850   
RUN-1001 :      DontRoute      |  15929   
RUN-1001 :      RouteSinks     |  142591  
RUN-1001 :   RouteEntitySinks  |    0     
RUN-1001 :       Lut2Dff       |    0     
RUN-1001 :       Ram2Dff       |    0     
RUN-1001 :      Carry2Dff      |    0     
RUN-1001 : -------------------------------
RUN-1001 : DR clock net summary:
RUN-1001 : ---------------------------------------------------------------------------------------------------------------------------------------------------
RUN-1001 :   Net Idx  |                                                        Net Name                                                        |  Clock Type  
RUN-1001 : ---------------------------------------------------------------------------------------------------------------------------------------------------
RUN-1001 :      1     |                                                    I_sys_clk_dup_6                                                     |    Normal    
RUN-1001 :      2     |                                                    I_sys_clk_syn_8                                                     |    Normal    
RUN-1001 :      3     |                                                    O_cam_24m_dup_1                                                     |    Normal    
RUN-1001 :      4     |                                                    O_cam_24m_syn_3                                                     |    Normal    
RUN-1001 :      5     |                                                     u_PLL/clk0_buf                                                     |    Normal    
RUN-1001 :      6     |                                                   u_hdmi_mixer/I_clk                                                   |    Normal    
RUN-1001 :      7     |                                               u_hdmi_mixer/I_clk_syn_652                                               |    Normal    
RUN-1001 :      8     |                               u_hdmi_tx/u_hdmi2phy_wrapper/u0_lane_lvds_8_1/I_serial_clk                               |    Normal    
RUN-1001 :      9     |                            u_hdmi_tx/u_hdmi2phy_wrapper/u0_lane_lvds_8_1/I_serial_clk_syn_1                            |    Normal    
RUN-1001 :     10     |        u_isp_top/u_demosaic/raw_matrix_3x3_buffer_d/zhenghe_d/blk_mem_gen_zhenghe_d1/ram_d32970204f32_Inst/clkb        |    Normal    
RUN-1001 :     11     |                     u_mipi_dphy_rx_ph1p_mipiio_wrapper/u_ph1p_mipiio_rx_wrapper/S_mipiio_hs_rx_clk                     |    Normal    
RUN-1001 :     12     |                  u_mipi_dphy_rx_ph1p_mipiio_wrapper/u_ph1p_mipiio_rx_wrapper/u_lane0_hs_detect/I_clk                   |    Normal    
RUN-1001 :     13     |                   u_ph1p35_324_ddr_wrapper/u_ddr2/ph1p_ddrmc_wrapper/ph1p_ddrmc_top/u_alc_mc_top/clk                   |    Normal    
RUN-1001 :     14     |       u_ph1p35_324_ddr_wrapper/u_ddr2/ph1p_ddrmc_wrapper/ph1p_ddrmc_top/u_ddr_phy/u_ddrphy_top/u_ddrphy/apb_pclk       |    Normal    
RUN-1001 :     15     |    u_ph1p35_324_ddr_wrapper/u_ddr2/ph1p_ddrmc_wrapper/ph1p_ddrmc_top/u_ddr_phy/u_ddrphy_top/u_ddrphy/apb_pclk_syn_1    |    Normal    
RUN-1001 :     16     |      u_ph1p35_324_ddr_wrapper/u_ddr2/ph1p_ddrmc_wrapper/ph1p_ddrmc_top/u_ddr_phy/u_ddrphy_top/u_ddrphy/ctl_clk[0]      |    Normal    
RUN-1001 :     17     |      u_ph1p35_324_ddr_wrapper/u_ddr2/ph1p_ddrmc_wrapper/ph1p_ddrmc_top/u_ddr_phy/u_ddrphy_top/u_ddrphy/ctl_clk[1]      |    Normal    
RUN-1001 :     18     |      u_ph1p35_324_ddr_wrapper/u_ddr2/ph1p_ddrmc_wrapper/ph1p_ddrmc_top/u_ddr_phy/u_ddrphy_top/u_ddrphy/ddr_clk[0]      |    Normal    
RUN-1001 :     19     |      u_ph1p35_324_ddr_wrapper/u_ddr2/ph1p_ddrmc_wrapper/ph1p_ddrmc_top/u_ddr_phy/u_ddrphy_top/u_ddrphy/ddr_clk[1]      |    Normal    
RUN-1001 :     20     |    u_ph1p35_324_ddr_wrapper/u_ddr2/ph1p_ddrmc_wrapper/ph1p_ddrmc_top/u_ddr_phy/u_ddrphy_top/u_ddrphy_clk/pll0_clk_1    |    Normal    
RUN-1001 :     21     |    u_ph1p35_324_ddr_wrapper/u_ddr2/ph1p_ddrmc_wrapper/ph1p_ddrmc_top/u_ddr_phy/u_ddrphy_top/u_ddrphy_clk/pll0_clk_2    |    Normal    
RUN-1001 :     22     |   u_ph1p35_324_ddr_wrapper/u_ddr2/ph1p_ddrmc_wrapper/ph1p_ddrmc_top/u_ddr_phy/u_ddrphy_top/u_ddrphy_clk/pll0_mlclk_1   |    Normal    
RUN-1001 :     23     |   u_ph1p35_324_ddr_wrapper/u_ddr2/ph1p_ddrmc_wrapper/ph1p_ddrmc_top/u_ddr_phy/u_ddrphy_top/u_ddrphy_clk/pll0_mlclk_2   |    Normal    
RUN-1001 :     24     |  u_ph1p35_324_ddr_wrapper/u_ddr2/ph1p_ddrmc_wrapper/ph1p_ddrmc_top/u_ddr_phy/u_ddrphy_top/u_ddrphy_clk/u_pll1/clkc[0]  |    Normal    
RUN-1001 :     25     |  u_ph1p35_324_ddr_wrapper/u_ddr2/ph1p_ddrmc_wrapper/ph1p_ddrmc_top/u_ddr_phy/u_ddrphy_top/u_ddrphy_clk/u_pll1/refclk   |    Normal    
RUN-1001 :     26     |                                            u_uicfgcs500/uii2c_inst/scl_clk                                             |    Normal    
RUN-1001 :     27     |                                         u_uicfgcs500/uii2c_inst/scl_clk_syn_9                                          |    Normal    
RUN-1001 : ---------------------------------------------------------------------------------------------------------------------------------------------------
RUN-1001 : DR clock buffer summary:
RUN-1001 : -------------------------------------------------------------------------------------------------------------------------------------------------------------------
RUN-1001 :   Idx  |                                                                           Name                                                                            
RUN-1001 : -------------------------------------------------------------------------------------------------------------------------------------------------------------------
RUN-1001 :    1   |                           u_mipi_dphy_rx_ph1p_mipiio_wrapper/u_ph1p_mipiio_rx_wrapper/bufg_feedback_auto_created_sclk_s_0_l_bk1                           
RUN-1001 :    2   |   u_ph1p35_324_ddr_wrapper/u_ddr2/ph1p_ddrmc_wrapper/ph1p_ddrmc_top/u_ddr_phy/u_ddrphy_top/u_ddrphy_clk/u_pll1/u_bufg_fbclk_auto_created_sclk_s_0_l_bk2   
RUN-1001 :    3   |                                              u_hdmi_mixer/I_clk_created_gclkinst_auto_created_sclk_s_0_l_bk3                                              
RUN-1001 :    4   |                                               I_sys_clk_dup_6_created_gclkinst_auto_created_sclk_s_0_l_bk4                                                
RUN-1001 :    5   |                                               O_cam_24m_dup_1_created_gclkinst_auto_created_sclk_s_0_l_bk5                                                
RUN-1001 :    6   |                                       u_uicfgcs500/uii2c_inst/scl_clk_created_gclkinst_auto_created_sclk_s_0_l_bk6                                        
RUN-1001 :    7   |  u_ph1p35_324_ddr_wrapper/u_ddr2/ph1p_ddrmc_wrapper/ph1p_ddrmc_top/u_ddr_phy/u_ddrphy_top/u_ddrphy/apb_pclk_created_gclkinst_auto_created_sclk_s_0_l_bk7  
RUN-1001 :    8   |                           u_mipi_dphy_rx_ph1p_mipiio_wrapper/u_ph1p_mipiio_rx_wrapper/bufg_feedback_auto_created_sclk_s_0_r_bk1                           
RUN-1001 :    9   |                                               O_cam_24m_dup_1_created_gclkinst_auto_created_sclk_s_0_r_bk2                                                
RUN-1001 :   10   |                                                      u_PLL/bufg_feedback_auto_created_sclk_s_0_r_bk3                                                      
RUN-1001 :   11   |   u_ph1p35_324_ddr_wrapper/u_ddr2/ph1p_ddrmc_wrapper/ph1p_ddrmc_top/u_ddr_phy/u_ddrphy_top/u_ddrphy_clk/u_pll1/u_bufg_fbclk_auto_created_sclk_s_0_r_bk4   
RUN-1001 :   12   |                                              u_hdmi_mixer/I_clk_created_gclkinst_auto_created_sclk_s_0_r_bk5                                              
RUN-1001 :   13   |                                       u_uicfgcs500/uii2c_inst/scl_clk_created_gclkinst_auto_created_sclk_s_0_r_bk6                                        
RUN-1001 :   14   |   u_ph1p35_324_ddr_wrapper/u_ddr2/ph1p_ddrmc_wrapper/ph1p_ddrmc_top/u_ddr_phy/u_ddrphy_top/u_ddrphy_clk/u_pll1/u_bufg_fbclk_auto_created_sclk_s_1_l_bk1   
RUN-1001 :   15   |                           u_mipi_dphy_rx_ph1p_mipiio_wrapper/u_ph1p_mipiio_rx_wrapper/bufg_feedback_auto_created_sclk_s_1_l_bk2                           
RUN-1001 :   16   |                                              u_hdmi_mixer/I_clk_created_gclkinst_auto_created_sclk_s_1_l_bk3                                              
RUN-1001 :   17   |  u_ph1p35_324_ddr_wrapper/u_ddr2/ph1p_ddrmc_wrapper/ph1p_ddrmc_top/u_ddr_phy/u_ddrphy_top/u_ddrphy/apb_pclk_created_gclkinst_auto_created_sclk_s_1_l_bk4  
RUN-1001 :   18   |                                                      u_PLL/bufg_feedback_auto_created_sclk_s_1_r_bk1                                                      
RUN-1001 :   19   |                           u_mipi_dphy_rx_ph1p_mipiio_wrapper/u_ph1p_mipiio_rx_wrapper/bufg_feedback_auto_created_sclk_s_1_r_bk2                           
RUN-1001 :   20   |                                              u_hdmi_mixer/I_clk_created_gclkinst_auto_created_sclk_s_1_r_bk3                                              
RUN-1001 :   21   |                          u_hdmi_tx/u_hdmi2phy_wrapper/u0_lane_lvds_8_1/I_serial_clk_created_gclkinst_auto_created_sclk_s_1_r_bk4                          
RUN-1001 :   22   |   u_ph1p35_324_ddr_wrapper/u_ddr2/ph1p_ddrmc_wrapper/ph1p_ddrmc_top/u_ddr_phy/u_ddrphy_top/u_ddrphy_clk/u_pll1/u_bufg_fbclk_auto_created_sclk_s_1_r_bk5   
RUN-1001 : -------------------------------------------------------------------------------------------------------------------------------------------------------------------
PHY-1001 : End Stage 2.1 | Build Routing Design; Time: 2.423304s wall, 18.250000s user + 0.093750s system = 18.343750s CPU (757.0%); Memory(MB): used = 2310, reserved = 2304, peak = 2310;

RUN-1001 : Top Percentage Crit. Net Stat.
RUN-1001 : -------------------------------------------------------
RUN-1001 :   Top %  |  Net Count  |  Avg. Fanout  |  Avg. Slack   
RUN-1001 : -------------------------------------------------------
RUN-1001 :     1    |     547     |   3.723949    |  1342.753199  
RUN-1001 :     2    |    1095     |   6.799087    |  1897.323288  
RUN-1001 :     3    |    1643     |   5.996348    |  2260.351187  
RUN-1001 :     4    |    2191     |   5.712004    |  2499.977179  
RUN-1001 :     5    |    2738     |   5.434989    |  2680.852447  
RUN-1001 :     6    |    3286     |   5.277845    |  2830.854534  
RUN-1001 :     7    |    3834     |   5.181012    |  2965.567032  
RUN-1001 :     8    |    4382     |   5.086947    |  3098.509813  
RUN-1001 :     9    |    4930     |   5.429006    |  3240.146247  
RUN-1001 :    10    |    5477     |   5.436553    |  3391.925324  
RUN-1001 : -------------------------------------------------------
PHY-1001 : Stage 2.2 | Tile Base Routing
PHY-1001 : 396 nets need to preroute.
PHY-1001 : len = 0, over cnt = 0(0%), over = 0, worst = 0, crit = 0
PHY-1001 : End Stage 2.2 | Tile Base Routing; Time: 0.449709s wall, 10.078125s user + 0.000000s system = 10.078125s CPU (2241.0%); Memory(MB): used = 2313, reserved = 2307, peak = 2314;

PHY-1001 : Stage 2.3 | Clock Nets Routing
PHY-1001 : Routed 0% nets.
PHY-1001 : len = 468032, over cnt = 0(0%), over = 0, worst = 0, crit = 0
PHY-1001 : End Stage 2.3 | Clock Nets Routing; Time: 0.417668s wall, 0.406250s user + 0.000000s system = 0.406250s CPU (97.3%); Memory(MB): used = 2341, reserved = 2335, peak = 2341;

PHY-1001 : Stage 2.4 | Routing Initialization
PHY-1001 : Mark 1% net(place mode slack < 2022ps) as critical nets.
PHY-1001 : Stage 2.4.1 | Normal Nets Routing
PHY-1001 : Routed 70% nets.
PHY-1001 : len = 6.91352e+06, over cnt = 46544(3%), over = 51689, worst = 4, crit = 0
PHY-1001 : End Stage 2.4.1 | Normal Nets Routing; Time: 26.713850s wall, 48.046875s user + 0.109375s system = 48.156250s CPU (180.3%); Memory(MB): used = 2421, reserved = 2414, peak = 2421;

PHY-1001 : Stage 2.4.2 | Update Timing
RUN-1002 : start command "start_timer"
USR-1002 : Derived clock:  create_generated_clock -name {u_PLL/ph1p_phy_pll_wrapper_25a56e5ce2f9_Inst/u_PH1P_PHY_PLL.clkc[0]} -source [get_ports {I_sys_clk}] -master_clock {sys_clk_50m} -multiply_by 2.0000 -duty_cycle 50.0000 [get_pins {u_PLL/ph1p_phy_pll_wrapper_25a56e5ce2f9_Inst/u_PH1P_PHY_PLL.clkc[0]}]
USR-1002 : Derived clock:  create_generated_clock -name {u_PLL/ph1p_phy_pll_wrapper_25a56e5ce2f9_Inst/u_PH1P_PHY_PLL.clkc[1]} -source [get_ports {I_sys_clk}] -master_clock {sys_clk_50m} -divide_by 2.0769 -duty_cycle 50.0000 [get_pins {u_PLL/ph1p_phy_pll_wrapper_25a56e5ce2f9_Inst/u_PH1P_PHY_PLL.clkc[1]}]
USR-1002 : Derived clock:  create_generated_clock -name {u_PLL/ph1p_phy_pll_wrapper_25a56e5ce2f9_Inst/u_PH1P_PHY_PLL.clkc[4]} -source [get_ports {I_sys_clk}] -master_clock {sys_clk_50m} -multiply_by 1.0400 -duty_cycle 50.0000 [get_pins {u_PLL/ph1p_phy_pll_wrapper_25a56e5ce2f9_Inst/u_PH1P_PHY_PLL.clkc[4]}]
USR-1002 : Derived clock:  create_generated_clock -name {u_PLL/ph1p_phy_pll_wrapper_25a56e5ce2f9_Inst/u_PH1P_PHY_PLL.clkc[5]} -source [get_ports {I_sys_clk}] -master_clock {sys_clk_50m} -multiply_by 5.2000 -duty_cycle 50.0000 [get_pins {u_PLL/ph1p_phy_pll_wrapper_25a56e5ce2f9_Inst/u_PH1P_PHY_PLL.clkc[5]}]
USR-1002 : Derived clock:  create_generated_clock -name {u_ph1p35_324_ddr_wrapper/u_ddr2/ph1p_ddrmc_wrapper/ph1p_ddrmc_top/u_ddr_phy/u_ddrphy_top/u_ddrphy_clk/u_pll0/u_pll_inst.clkc[0]} -source [get_ports {I_sys_clk}] -master_clock {sys_clk_50m} -multiply_by 1.3333 -duty_cycle 50.0000 [get_pins {u_ph1p35_324_ddr_wrapper/u_ddr2/ph1p_ddrmc_wrapper/ph1p_ddrmc_top/u_ddr_phy/u_ddrphy_top/u_ddrphy_clk/u_pll0/u_pll_inst.clkc[0]}]
USR-1002 : Derived clock:  create_generated_clock -name {u_ph1p35_324_ddr_wrapper/u_ddr2/ph1p_ddrmc_wrapper/ph1p_ddrmc_top/u_ddr_phy/u_ddrphy_top/u_ddrphy_clk/u_pll0/u_pll_inst.clkc[1]} -source [get_ports {I_sys_clk}] -master_clock {sys_clk_50m} -multiply_by 1.3333 -duty_cycle 50.0000 [get_pins {u_ph1p35_324_ddr_wrapper/u_ddr2/ph1p_ddrmc_wrapper/ph1p_ddrmc_top/u_ddr_phy/u_ddrphy_top/u_ddrphy_clk/u_pll0/u_pll_inst.clkc[1]}]
USR-1002 : Derived clock:  create_generated_clock -name {u_ph1p35_324_ddr_wrapper/u_ddr2/ph1p_ddrmc_wrapper/ph1p_ddrmc_top/u_ddr_phy/u_ddrphy_top/u_ddrphy_clk/u_pll0/u_pll_inst.clkc[2]} -source [get_ports {I_sys_clk}] -master_clock {sys_clk_50m} -multiply_by 5.3333 -duty_cycle 50.0000 [get_pins {u_ph1p35_324_ddr_wrapper/u_ddr2/ph1p_ddrmc_wrapper/ph1p_ddrmc_top/u_ddr_phy/u_ddrphy_top/u_ddrphy_clk/u_pll0/u_pll_inst.clkc[2]}]
USR-1002 : Derived clock:  create_generated_clock -name {u_ph1p35_324_ddr_wrapper/u_ddr2/ph1p_ddrmc_wrapper/ph1p_ddrmc_top/u_ddr_phy/u_ddrphy_top/u_ddrphy_clk/u_pll0/u_pll_inst.clkc[3]} -source [get_ports {I_sys_clk}] -master_clock {sys_clk_50m} -divide_by 1.9687 -duty_cycle 50.0000 [get_pins {u_ph1p35_324_ddr_wrapper/u_ddr2/ph1p_ddrmc_wrapper/ph1p_ddrmc_top/u_ddr_phy/u_ddrphy_top/u_ddrphy_clk/u_pll0/u_pll_inst.clkc[3]}]
USR-1002 : Derived clock:  create_generated_clock -name {u_ph1p35_324_ddr_wrapper/u_ddr2/ph1p_ddrmc_wrapper/ph1p_ddrmc_top/u_ddr_phy/u_ddrphy_top/u_ddrphy_clk/u_pll1/u_pll_inst.clkc[0]} -source [get_pins {u_ph1p35_324_ddr_wrapper/u_ddr2/ph1p_ddrmc_wrapper/ph1p_ddrmc_top/u_ddr_phy/u_ddrphy_top/u_ddrphy_clk/u_pll0/u_pll_inst.clkc[0]}] -master_clock {u_ph1p35_324_ddr_wrapper/u_ddr2/ph1p_ddrmc_wrapper/ph1p_ddrmc_top/u_ddr_phy/u_ddrphy_top/u_ddrphy_clk/u_pll0/u_pll_inst.clkc[0]} -multiply_by 1.0000 -duty_cycle 50.0000 [get_pins {u_ph1p35_324_ddr_wrapper/u_ddr2/ph1p_ddrmc_wrapper/ph1p_ddrmc_top/u_ddr_phy/u_ddrphy_top/u_ddrphy_clk/u_pll1/u_pll_inst.clkc[0]}]
8.888000
15.000000
15.000000
19.230000
RUN-1003 : finish command "start_timer" in  2.066446s wall, 2.062500s user + 0.000000s system = 2.062500s CPU (99.8%)

RUN-1004 : used memory is 2423 MB, reserved memory is 2416 MB, peak memory is 2423 MB
TMR-2502 : Net delay update with mode: Routed
PHY-1001 : 267/38326(0%) critical/total net(s).
PHY-1001 : Setup: WNS(ns) = -1.513, TNS(ns) = -19.356, FEP = 62 | Hold: WNS(ns) = -0.157, TNS(ns) = -11.046, FEP = 269.
PHY-1001 : End Stage 2.4.2 | Update Timing; Time: 6.430823s wall, 6.343750s user + 0.046875s system = 6.390625s CPU (99.4%); Memory(MB): used = 2741, reserved = 2735, peak = 2741;

PHY-1001 : Stage 2.4.3 | Deskew Clock Tree
RUN-1001 : Deskew Summary
RUN-1001 : ---------------------------------------------------------------------------------------------------------------------------------
RUN-1001 :                                                 Clock                                                 |  Pre-Skew  |  Post-Skew  
RUN-1001 : ---------------------------------------------------------------------------------------------------------------------------------
RUN-1001 :                                             mipi_rx_ck_pad                                            |     32     |     32      
RUN-1001 :   u_mipi_dphy_rx_ph1p_mipiio_wrapper/u_ph1p_mipiio_rx_wrapper/u_PH1P_LOGIC_DPHY_MIPI_RX.io_clk_pad_p  |     32     |     32      
RUN-1001 :                                            MIPI_RX_BYTE_CLK                                           |     32     |     32      
RUN-1001 :                                              pll_clk_100m                                             |     20     |     20      
RUN-1001 :                                u_ph1p35_324_ddr_wrapper/u_ddr2/usr_clk                                |     15     |     15      
RUN-1001 :                                             HDMI_PIXEL_CLK                                            |     15     |     15      
RUN-1001 :                                u_ph1p35_324_ddr_wrapper/u_ddr2/mcu_clk                                |     12     |     12      
RUN-1001 :                                              pll_clk_24m                                              |     4      |      4      
RUN-1001 : ---------------------------------------------------------------------------------------------------------------------------------
PHY-1001 : 267/38326(0%) critical/total net(s).
PHY-1001 : Setup: WNS(ns) = -1.513, TNS(ns) = -19.356, FEP = 62 | Hold: WNS(ns) = -0.157, TNS(ns) = -11.046, FEP = 269.
PHY-1001 : End Stage 2.4.3 | Deskew Clock Tree; Time: 4.388129s wall, 4.343750s user + 0.000000s system = 4.343750s CPU (99.0%); Memory(MB): used = 2812, reserved = 2806, peak = 2812;

PHY-1001 : End Stage 2.4 | Routing Initialization; Time: 37.653972s wall, 58.828125s user + 0.156250s system = 58.984375s CPU (156.6%); Memory(MB): used = 2812, reserved = 2806, peak = 2812;

PHY-1001 : Stage 2.5 | Routing Optimization
PHY-1001 : Build lut bridge;  0.102555s wall, 0.093750s user + 0.000000s system = 0.093750s CPU (91.4%)

PHY-1001 : Stage 2.5.1 | Phase 1
PHY-1001 : Stage 2.5.1.1 | Hold TimeOptimization
PHY-1001 : Iter 0; Processed 356 pins with HWNS -0.157ns HTNS -10.815ns FEP 260 took 0.263576 seconds.
PHY-1001 : Iter 1; Processed 672 pins with HWNS -0.004ns HTNS -0.004ns FEP 1 took 4.24564 seconds.
PHY-1001 : len = 6.99192e+06, over cnt = 46386(3%), over = 51511, worst = 4, crit = 0
PHY-1001 : End Stage 2.5.1.1 | Hold TimeOptimization; Time: 4.614896s wall, 4.765625s user + 0.000000s system = 4.765625s CPU (103.3%); Memory(MB): used = 2817, reserved = 2810, peak = 2817;

PHY-1001 : Stage 2.5.1.2 | High Fanout Nets Optimization
PHY-1001 : High fanout net optimize summary:
PHY-1001 : Process 7 nets and 12 pins with SWNS -0.709ns STNS -8.246ns FEP 42.
PHY-1001 : len = 6.99443e+06, over cnt = 46397(3%), over = 51526, worst = 4, crit = 0
PHY-1001 : End Stage 2.5.1.2 | High Fanout Nets Optimization; Time: 0.689113s wall, 0.687500s user + 0.000000s system = 0.687500s CPU (99.8%); Memory(MB): used = 2817, reserved = 2810, peak = 2817;

PHY-1001 : Stage 2.5.1.3 | Setup TimeOptimization
PHY-1001 : Start to optimize setup violation with net base ...
PHY-1001 : Iter 1; Processed 27 pins with SWNS -0.102ns STNS -0.126ns FEP 2 took 1.22267 seconds.
PHY-1001 : Mark 353 critical net(s) and 573 critical pin(s).
PHY-1001 : len = 6.99605e+06, over cnt = 46410(3%), over = 51544, worst = 4, crit = 66
PHY-1001 : End Stage 2.5.1.3 | Setup TimeOptimization; Time: 1.761806s wall, 2.156250s user + 0.015625s system = 2.171875s CPU (123.3%); Memory(MB): used = 2817, reserved = 2810, peak = 2817;

PHY-1001 : Stage 2.5.1.4 | Rip-up And ReRoute
PHY-0007 : Congestion: {95.51, 91.04, 86.99, 84.07}; Timing: {-0.102ns, -0.126ns, 2}
PHY-1001 : Iter 1: len = 7.30427e+06, over cnt = 34103(2%), over = 35860, worst = 4, crit = 63, time(s) = 25.68
PHY-1001 : Iter 2: len = 7.39378e+06, over cnt = 28183(1%), over = 28979, worst = 4, crit = 6, time(s) = 22.30
PHY-1001 : Iter 3: len = 7.41531e+06, over cnt = 25018(1%), over = 25462, worst = 4, crit = 6, time(s) = 23.78
PHY-1001 : Iter 4: len = 7.61947e+06, over cnt = 19276(1%), over = 19417, worst = 2, crit = 6, time(s) = 28.69
PHY-1001 : Iter 5: len = 7.68472e+06, over cnt = 16765(1%), over = 16836, worst = 2, crit = 3, time(s) = 22.20
PHY-1001 : Iter 6: len = 7.70853e+06, over cnt = 15807(1%), over = 15897, worst = 2, crit = 3, time(s) = 20.08
PHY-1001 : Iter 7: len = 7.72248e+06, over cnt = 14764(0%), over = 14835, worst = 2, crit = 3, time(s) = 20.18
PHY-1001 : Marking 450 (11.72%) hot zones with cutoff utilization 81.08.
PHY-1001 : Iter 8: len = 8.10254e+06, over cnt = 10729(0%), over = 10743, worst = 2, crit = 1, time(s) = 57.29
PHY-1001 : Iter 9: len = 8.18586e+06, over cnt = 9461(0%), over = 9473, worst = 2, crit = 1, time(s) = 32.96
PHY-1001 : Iter 10: len = 8.50166e+06, over cnt = 8555(0%), over = 8577, worst = 2, crit = 1, time(s) = 39.00
PHY-1001 : Iter 11: len = 8.70722e+06, over cnt = 8356(0%), over = 8391, worst = 2, crit = 1, time(s) = 42.24
PHY-1001 : Iter 12: len = 9.25746e+06, over cnt = 6455(0%), over = 6484, worst = 2, crit = 0, time(s) = 99.88
PHY-1001 : Marking 450 (11.72%) hot zones with cutoff utilization 81.08.
PHY-1001 : Iter 13: len = 9.55885e+06, over cnt = 5756(0%), over = 5783, worst = 2, crit = 0, time(s) = 108.66
PHY-1001 : Iter 14: len = 9.64029e+06, over cnt = 4853(0%), over = 4858, worst = 2, crit = 0, time(s) = 72.38
PHY-1001 : Iter 15: len = 9.77608e+06, over cnt = 4814(0%), over = 4828, worst = 2, crit = 0, time(s) = 112.17
PHY-1001 : Iter 16: len = 1.01856e+07, over cnt = 4151(0%), over = 4160, worst = 2, crit = 0, time(s) = 198.58
PHY-1001 : Iter 17: len = 1.04124e+07, over cnt = 3807(0%), over = 3815, worst = 2, crit = 0, time(s) = 208.87
PHY-1001 : Iter 18: len = 1.05784e+07, over cnt = 3786(0%), over = 3795, worst = 2, crit = 0, time(s) = 221.35
PHY-1001 : Marking 450 (11.72%) hot zones with cutoff utilization 81.08.
PHY-1001 : Iter 19: len = 1.06627e+07, over cnt = 3759(0%), over = 3767, worst = 2, crit = 0, time(s) = 124.86
PHY-1001 : Iter 20: len = 1.08577e+07, over cnt = 2955(0%), over = 2962, worst = 2, crit = 0, time(s) = 270.59
PHY-1001 : Iter 21: len = 1.09956e+07, over cnt = 2991(0%), over = 2999, worst = 2, crit = 0, time(s) = 310.01
PHY-1001 : Iter 22: len = 1.11456e+07, over cnt = 3147(0%), over = 3154, worst = 2, crit = 0, time(s) = 329.41
PHY-1001 : Iter 23: len = 1.1252e+07, over cnt = 3211(0%), over = 3216, worst = 2, crit = 0, time(s) = 212.93
PHY-1001 : Iter 24: len = 1.15581e+07, over cnt = 3275(0%), over = 3281, worst = 2, crit = 0, time(s) = 623.20
