============================================================
   Tang Dynasty, V6.2.168116
   Copyright (c) 2012-2025 Anlogic Inc.
   Executable = D:/Anlogic/TD_6.2.1_Engineer_6.2.168.116/bin/td_commands_prompt.exe
   Built at =   16:32:07 Jun 12 2025
   Run by =     »ÆÂúöÎ
   Run Date =   Thu Sep 10 16:51:59 2026

   Run on =     LAPTOP-JS31KT7K
============================================================
ph1_35p.db
PH1P35MDG324
3
read_design
opt_route
camera_to_dsi_display
design_top_wrapper
-packarea
syn_1
off
off
0
../user_source/constraints_source/pin.adc
ddr2 ../user_source/hdl_source/ip/memory/ph1p35_ddr/ddr2/src/adc/ddr2.adc
ddr2 ../user_source/hdl_source/ip/memory/ph1p35_ddr/ddr2/src/sdc/ddr2.sdc w128_d512_fifo ../user_source/ip_source/w128_d512_fifo/w128_d512_fifo.tcl
camera_to_dsi_display.sdc
RUN-1002 : start command "import_device ph1_35p.db -package PH1P35MDG324 -speed 3"
ARC-1001 : Device Initialization.
ARC-1001 : ----------------------------------------------------------------
ARC-1001 :           OPTION          |          IO           |   SETTING   
ARC-1001 : ----------------------------------------------------------------
ARC-1001 :   non_jtag_persist(none)  |        35 IOs         |    gpio    
ARC-1001 :            jtag           |  P13/P15/L14/R13/T13  |  dedicate  
ARC-1001 : ----------------------------------------------------------------
RUN-1003 : finish command "import_device ph1_35p.db -package PH1P35MDG324 -speed 3" in  1.338828s wall, 1.031250s user + 0.046875s system = 1.078125s CPU (80.5%)

RUN-1004 : used memory is 324 MB, reserved memory is 321 MB, peak memory is 324 MB
RUN-1002 : start command "open_project camera_to_dsi_display.al -single_run"
RUN-1002 : start command "commit_param -step design"
RUN-1001 : Print Global Property
RUN-1001 : -------------------------------------------------------------
RUN-1001 :     Parameters    |   Settings   |  Default Values  |  Note  
RUN-1001 : -------------------------------------------------------------
RUN-1001 :    enable_seed    |     off      |       off        |        
RUN-1001 :    hfn_to_clock   |  1000000000  |    1000000000    |        
RUN-1001 :      message      |   standard   |     standard     |        
RUN-1001 :    qor_monitor    |      on      |        on        |        
RUN-1001 :   speedup_effort  |      0       |        0         |        
RUN-1001 :    syn_ip_flow    |     off      |       off        |        
RUN-1001 :       thread      |     auto     |       auto       |        
RUN-1001 : -------------------------------------------------------------
RUN-1001 : Print Design Property
RUN-1001 : ----------------------------------------------------------------
RUN-1001 :       Parameters       |  Settings  |  Default Values  |  Note  
RUN-1001 : ----------------------------------------------------------------
RUN-1001 :   default_reg_initial  |    auto    |       auto       |        
RUN-1001 :    hdl_warning_level   |   normal   |      normal      |        
RUN-1001 : ----------------------------------------------------------------
HDL-1007 : analyze verilog file ../user_source/hdl_source/ip/image/demosaic_4x_2_0/blk_mem_gen_demosaic/RTL/ram_c36c2ca3b3a7.v
HDL-1007 : analyze verilog file ../user_source/hdl_source/ip/image/demosaic_4x_2_0/blk_mem_gen_demosaic/blk_mem_gen_demosaic.v
HDL-1007 : analyze verilog file ../user_source/hdl_source/ip/image/demosaic_4x_2_0/blk_mem_gen_zhenghe/RTL/ram_d32970204f32.v
HDL-1007 : analyze verilog file ../user_source/hdl_source/ip/image/demosaic_4x_2_0/blk_mem_gen_zhenghe/blk_mem_gen_zhenghe.v
HDL-1007 : analyze verilog file ../user_source/hdl_source/ip/memory/ph1p35_ddr/ddr2/ph1p_ddrmc_wrapper_63f4ac254419.v
HDL-1007 : analyze included file ../user_source/hdl_source/ip/memory/ph1p35_ddr/ddr2/./src/rtl/include/ph1p_mis_define.vh in ../user_source/hdl_source/ip/memory/ph1p35_ddr/ddr2/ph1p_ddrmc_wrapper_63f4ac254419.v(11)
HDL-1007 : back to file '../user_source/hdl_source/ip/memory/ph1p35_ddr/ddr2/ph1p_ddrmc_wrapper_63f4ac254419.v' in ../user_source/hdl_source/ip/memory/ph1p35_ddr/ddr2/ph1p_ddrmc_wrapper_63f4ac254419.v(11)
Copyright (c) 1998-2019 The OpenSSL Project.  All rights reserved.
This product includes software developed by the OpenSSL Project
for use in the OpenSSL Toolkit (http://www.openssl.org/)
Copyright (C) 1995-1998 Eric Young (eay@cryptsoft.com)
All rights reserved.
This product includes cryptographic software written by Eric Young (eay@cryptsoft.com)
HDL-1007 : back to file '../user_source/hdl_source/ip/memory/ph1p35_ddr/ddr2/ph1p_ddrmc_wrapper_63f4ac254419.v' in ../user_source/hdl_source/ip/memory/ph1p35_ddr/ddr2/ph1p_ddrmc_wrapper_63f4ac254419.v(417)
HDL-1007 : analyze verilog file ../user_source/hdl_source/ip/memory/ph1p35_ddr/ddr2/ddr2.v
HDL-1007 : analyze verilog file ../user_source/hdl_source/ip/memory/ph1p35_ddr/ddr2/src/rtl/clk/ph1p_ddrphy_clk_top.v
HDL-1007 : analyze verilog file ../user_source/hdl_source/ip/memory/ph1p35_ddr/ddr2/src/rtl/clk/ph1p_ddrphy_pll0.v
HDL-1007 : analyze verilog file ../user_source/hdl_source/ip/memory/ph1p35_ddr/ddr2/src/rtl/clk/ph1p_ddrphy_pll1.v
HDL-1007 : analyze verilog file ../user_source/hdl_source/ip/memory/ph1p35_ddr/ddr2/src/rtl/init/ph1p_ddrphy_dram_init_ddr2.v
HDL-1007 : analyze verilog file ../user_source/hdl_source/ip/memory/ph1p35_ddr/ddr2/src/rtl/mc/alc_phy2mc_fifo_ctrl.v
HDL-1007 : analyze verilog file ../user_source/hdl_source/ip/memory/ph1p35_ddr/ddr2/src/rtl/misc/ph1p_ddr_fifo_dram_sync.v
HDL-1007 : analyze verilog file ../user_source/hdl_source/ip/memory/ph1p35_ddr/ddr2/src/rtl/misc/ph1p_ddrphy_sync_rst_gen.v
HDL-1007 : analyze verilog file ../user_source/hdl_source/ip/memory/ph1p35_ddr/ddr2/src/rtl/phy/ph1p_ddrphy.v
HDL-1007 : analyze included file ../user_source/hdl_source/ip/memory/ph1p35_ddr/ddr2/src/rtl/phy/./include/ph1p_ddrphy_pad_type.vh in ../user_source/hdl_source/ip/memory/ph1p35_ddr/ddr2/src/rtl/phy/ph1p_ddrphy.v(105)
HDL-1007 : back to file '../user_source/hdl_source/ip/memory/ph1p35_ddr/ddr2/src/rtl/phy/ph1p_ddrphy.v' in ../user_source/hdl_source/ip/memory/ph1p35_ddr/ddr2/src/rtl/phy/ph1p_ddrphy.v(105)
HDL-1007 : analyze included file ../user_source/hdl_source/ip/memory/ph1p35_ddr/ddr2/src/rtl/phy/./include/ph1p_ddrphy_bus_matrix.vh in ../user_source/hdl_source/ip/memory/ph1p35_ddr/ddr2/src/rtl/phy/ph1p_ddrphy.v(507)
HDL-1007 : back to file '../user_source/hdl_source/ip/memory/ph1p35_ddr/ddr2/src/rtl/phy/ph1p_ddrphy.v' in ../user_source/hdl_source/ip/memory/ph1p35_ddr/ddr2/src/rtl/phy/ph1p_ddrphy.v(507)
HDL-1007 : analyze verilog file ../user_source/hdl_source/ip/memory/ph1p35_ddr/ddr2/src/rtl/phy/ph1p_ddrphy_apb_bridge.v
HDL-1007 : analyze verilog file ../user_source/hdl_source/ip/memory/ph1p35_ddr/ddr2/src/rtl/phy/ph1p_ddrphy_bankref_cfg.v
HDL-1007 : analyze verilog file ../user_source/hdl_source/ip/memory/ph1p35_ddr/ddr2/src/rtl/phy/ph1p_ddrphy_byte_wrapper.v
HDL-1007 : analyze verilog file ../user_source/hdl_source/ip/memory/ph1p35_ddr/ddr2/src/rtl/phy/ph1p_ddrphy_cmd_decode.v
HDL-1007 : analyze verilog file ../user_source/hdl_source/ip/memory/ph1p35_ddr/ddr2/src/rtl/phy/ph1p_ddrphy_cmd_execution.v
HDL-1007 : analyze verilog file ../user_source/hdl_source/ip/memory/ph1p35_ddr/ddr2/src/rtl/phy/ph1p_ddrphy_cmd_wrapper.v
HDL-1007 : analyze verilog file ../user_source/hdl_source/ip/memory/ph1p35_ddr/ddr2/src/rtl/phy/ph1p_ddrphy_dcu.v
HDL-1007 : analyze verilog file ../user_source/hdl_source/ip/memory/ph1p35_ddr/ddr2/src/rtl/phy/ph1p_ddrphy_dcu_wrapper.v
HDL-1007 : analyze verilog file ../user_source/hdl_source/ip/memory/ph1p35_ddr/ddr2/src/rtl/phy/ph1p_ddrphy_fast_init.v
HDL-1007 : analyze verilog file ../user_source/hdl_source/ip/memory/ph1p35_ddr/ddr2/src/rtl/phy/ph1p_ddrphy_fast_init_wrapper.v
HDL-1007 : analyze included file ../user_source/hdl_source/ip/memory/ph1p35_ddr/ddr2/src/rtl/phy/./include/ph1p_ddrphy_board_delay.vh in ../user_source/hdl_source/ip/memory/ph1p35_ddr/ddr2/src/rtl/phy/ph1p_ddrphy_fast_init_wrapper.v(71)
HDL-1007 : back to file '../user_source/hdl_source/ip/memory/ph1p35_ddr/ddr2/src/rtl/phy/ph1p_ddrphy_fast_init_wrapper.v' in ../user_source/hdl_source/ip/memory/ph1p35_ddr/ddr2/src/rtl/phy/ph1p_ddrphy_fast_init_wrapper.v(71)
HDL-1007 : analyze verilog file ../user_source/hdl_source/ip/memory/ph1p35_ddr/ddr2/src/rtl/phy/ph1p_ddrphy_init.v
HDL-1007 : analyze verilog file ../user_source/hdl_source/ip/memory/ph1p35_ddr/ddr2/src/rtl/phy/ph1p_ddrphy_mdl_cal.v
HDL-1007 : analyze verilog file ../user_source/hdl_source/ip/memory/ph1p35_ddr/ddr2/src/rtl/phy/ph1p_ddrphy_mdl_cal_wrapper.v
HDL-1007 : analyze verilog file ../user_source/hdl_source/ip/memory/ph1p35_ddr/ddr2/src/rtl/phy/ph1p_ddrphy_rphase_ctl.v
HDL-1007 : analyze verilog file ../user_source/hdl_source/ip/memory/ph1p35_ddr/ddr2/src/rtl/phy/ph1p_ddrphy_top.v
HDL-1007 : analyze included file ../user_source/hdl_source/ip/memory/ph1p35_ddr/ddr2/src/rtl/phy/./include/ph1p_ddrphy_ddrio.vh in ../user_source/hdl_source/ip/memory/ph1p35_ddr/ddr2/src/rtl/phy/ph1p_ddrphy_top.v(736)
HDL-1007 : back to file '../user_source/hdl_source/ip/memory/ph1p35_ddr/ddr2/src/rtl/phy/ph1p_ddrphy_top.v' in ../user_source/hdl_source/ip/memory/ph1p35_ddr/ddr2/src/rtl/phy/ph1p_ddrphy_top.v(736)
HDL-1007 : analyze verilog file ../user_source/hdl_source/ip/memory/ph1p35_ddr/ddr2/src/rtl/phy/ph1p_ddrphy_wphase_ctl.v
HDL-1007 : analyze verilog file ../user_source/hdl_source/ip/memory/ph1p35_ddr/ddr2/src/rtl/phy/ph1p_ddrphy_wrapper.v
HDL-1007 : analyze verilog file ../user_source/hdl_source/ip/memory/ph1p35_ddr/ddr2/src/rtl/top/ph1p_ddrmc_top.v
HDL-1007 : analyze verilog file ../user_source/hdl_source/ip/memory/ph1p35_ddr/ddr2/src/rtl/mc/alc_mc_top_all.enc.sv
HDL-1007 : analyze included file ../user_source/hdl_source/ip/memory/ph1p35_ddr/ddr2/src/rtl/mc/../include/ph1p_mis_define.vh in ../user_source/hdl_source/ip/memory/ph1p35_ddr/ddr2/src/rtl/mc/alc_mc_top_all.enc.sv(4)
HDL-1007 : back to file '../user_source/hdl_source/ip/memory/ph1p35_ddr/ddr2/src/rtl/mc/alc_mc_top_all.enc.sv' in ../user_source/hdl_source/ip/memory/ph1p35_ddr/ddr2/src/rtl/mc/alc_mc_top_all.enc.sv(4)
HDL-1007 : analyze included file ../user_source/hdl_source/ip/memory/ph1p35_ddr/ddr2/src/rtl/mc/../timing/ddr2/ddr2_parameter.vh in ../user_source/hdl_source/ip/memory/ph1p35_ddr/ddr2/src/rtl/mc/alc_mc_top_all.enc.sv(106)
HDL-1007 : analyze included file ../user_source/hdl_source/ip/memory/ph1p35_ddr/ddr2/src/rtl/mc/../timing/ddr2/ddr2_1066.vh in ../user_source/hdl_source/ip/memory/ph1p35_ddr/ddr2/src/rtl/mc/../timing/ddr2/ddr2_parameter.vh(118)
HDL-1007 : back to file '../user_source/hdl_source/ip/memory/ph1p35_ddr/ddr2/src/rtl/mc/../timing/ddr2/ddr2_parameter.vh' in ../user_source/hdl_source/ip/memory/ph1p35_ddr/ddr2/src/rtl/mc/../timing/ddr2/ddr2_parameter.vh(118)
HDL-1007 : back to file '../user_source/hdl_source/ip/memory/ph1p35_ddr/ddr2/src/rtl/mc/alc_mc_top_all.enc.sv' in ../user_source/hdl_source/ip/memory/ph1p35_ddr/ddr2/src/rtl/mc/alc_mc_top_all.enc.sv(106)
HDL-1007 : back to file '../user_source/hdl_source/ip/memory/ph1p35_ddr/ddr2/src/rtl/mc/alc_mc_top_all.enc.sv' in ../user_source/hdl_source/ip/memory/ph1p35_ddr/ddr2/src/rtl/mc/alc_mc_top_all.enc.sv(121)
HDL-1007 : analyze verilog file ../user_source/ip_source/PLL/RTL/ph1p_phy_pll_wrapper_25a56e5ce2f9.v
HDL-1007 : analyze verilog file ../user_source/ip_source/PLL/PLL.v
HDL-1007 : analyze verilog file ../user_source/ip_source/blk_mem_gen_awb_delay_signal/blk_mem_gen_awb_delay_signal.v
HDL-1007 : analyze verilog file ../user_source/ip_source/blk_mem_gen_awb_delay_signal/ram_f84573da5ab5.v
HDL-1007 : analyze verilog file ../user_source/ip_source/divider/divider_gate.v
HDL-1007 : undeclared symbol 'open_n2', assumed default net type 'wire' in ../user_source/ip_source/divider/divider_gate.v(2729)
HDL-1007 : undeclared symbol 'open_n5', assumed default net type 'wire' in ../user_source/ip_source/divider/divider_gate.v(2811)
HDL-1007 : undeclared symbol 'open_n8', assumed default net type 'wire' in ../user_source/ip_source/divider/divider_gate.v(3783)
HDL-1007 : undeclared symbol 'open_n11', assumed default net type 'wire' in ../user_source/ip_source/divider/divider_gate.v(3872)
HDL-1007 : undeclared symbol 'open_n14', assumed default net type 'wire' in ../user_source/ip_source/divider/divider_gate.v(4854)
HDL-1007 : undeclared symbol 'open_n17', assumed default net type 'wire' in ../user_source/ip_source/divider/divider_gate.v(4950)
HDL-1007 : undeclared symbol 'open_n20', assumed default net type 'wire' in ../user_source/ip_source/divider/divider_gate.v(5948)
HDL-1007 : undeclared symbol 'open_n23', assumed default net type 'wire' in ../user_source/ip_source/divider/divider_gate.v(6051)
HDL-1007 : undeclared symbol 'open_n26', assumed default net type 'wire' in ../user_source/ip_source/divider/divider_gate.v(7065)
HDL-1007 : undeclared symbol 'open_n29', assumed default net type 'wire' in ../user_source/ip_source/divider/divider_gate.v(7175)
HDL-1007 : undeclared symbol 'open_n32', assumed default net type 'wire' in ../user_source/ip_source/divider/divider_gate.v(8205)
HDL-1007 : undeclared symbol 'open_n35', assumed default net type 'wire' in ../user_source/ip_source/divider/divider_gate.v(8322)
HDL-1007 : undeclared symbol 'open_n38', assumed default net type 'wire' in ../user_source/ip_source/divider/divider_gate.v(9368)
HDL-1007 : undeclared symbol 'open_n41', assumed default net type 'wire' in ../user_source/ip_source/divider/divider_gate.v(9492)
HDL-1007 : undeclared symbol 'open_n44', assumed default net type 'wire' in ../user_source/ip_source/divider/divider_gate.v(10548)
HDL-1007 : undeclared symbol 'open_n47', assumed default net type 'wire' in ../user_source/ip_source/divider/divider_gate.v(10679)
HDL-1007 : undeclared symbol 'open_n50', assumed default net type 'wire' in ../user_source/ip_source/divider/divider_gate.v(11751)
HDL-1007 : undeclared symbol 'open_n53', assumed default net type 'wire' in ../user_source/ip_source/divider/divider_gate.v(11889)
HDL-1007 : undeclared symbol 'open_n56', assumed default net type 'wire' in ../user_source/ip_source/divider/divider_gate.v(12977)
HDL-1007 : undeclared symbol 'open_n59', assumed default net type 'wire' in ../user_source/ip_source/divider/divider_gate.v(13122)
HDL-1007 : undeclared symbol 'open_n62', assumed default net type 'wire' in ../user_source/ip_source/divider/divider_gate.v(15070)
HDL-1007 : undeclared symbol 'open_n65', assumed default net type 'wire' in ../user_source/ip_source/divider/divider_gate.v(15222)
HDL-1007 : undeclared symbol 'open_n68', assumed default net type 'wire' in ../user_source/ip_source/divider/divider_gate.v(16342)
HDL-1007 : undeclared symbol 'open_n71', assumed default net type 'wire' in ../user_source/ip_source/divider/divider_gate.v(16501)
HDL-1007 : undeclared symbol 'open_n74', assumed default net type 'wire' in ../user_source/ip_source/divider/divider_gate.v(17631)
HDL-1007 : undeclared symbol 'open_n77', assumed default net type 'wire' in ../user_source/ip_source/divider/divider_gate.v(17797)
HDL-1007 : undeclared symbol 'open_n80', assumed default net type 'wire' in ../user_source/ip_source/divider/divider_gate.v(18943)
HDL-1007 : undeclared symbol 'open_n83', assumed default net type 'wire' in ../user_source/ip_source/divider/divider_gate.v(19116)
HDL-1007 : undeclared symbol 'open_n86', assumed default net type 'wire' in ../user_source/ip_source/divider/divider_gate.v(20278)
HDL-1007 : undeclared symbol 'open_n89', assumed default net type 'wire' in ../user_source/ip_source/divider/divider_gate.v(20458)
HDL-1007 : undeclared symbol 'open_n92', assumed default net type 'wire' in ../user_source/ip_source/divider/divider_gate.v(21636)
HDL-1007 : undeclared symbol 'open_n95', assumed default net type 'wire' in ../user_source/ip_source/divider/divider_gate.v(21823)
HDL-1007 : undeclared symbol 'open_n98', assumed default net type 'wire' in ../user_source/ip_source/divider/divider_gate.v(23017)
HDL-1007 : undeclared symbol 'open_n101', assumed default net type 'wire' in ../user_source/ip_source/divider/divider_gate.v(23211)
HDL-1007 : undeclared symbol 'open_n104', assumed default net type 'wire' in ../user_source/ip_source/divider/divider_gate.v(24415)
HDL-1007 : undeclared symbol 'open_n107', assumed default net type 'wire' in ../user_source/ip_source/divider/divider_gate.v(24616)
HDL-1007 : undeclared symbol 'open_n110', assumed default net type 'wire' in ../user_source/ip_source/divider/divider_gate.v(25836)
HDL-1007 : undeclared symbol 'open_n113', assumed default net type 'wire' in ../user_source/ip_source/divider/divider_gate.v(26044)
HDL-1007 : undeclared symbol 'open_n116', assumed default net type 'wire' in ../user_source/ip_source/divider/divider_gate.v(27280)
HDL-1007 : undeclared symbol 'open_n119', assumed default net type 'wire' in ../user_source/ip_source/divider/divider_gate.v(27495)
HDL-1007 : undeclared symbol 'open_n122', assumed default net type 'wire' in ../user_source/ip_source/divider/divider_gate.v(29638)
HDL-1007 : undeclared symbol 'open_n125', assumed default net type 'wire' in ../user_source/ip_source/divider/divider_gate.v(29860)
HDL-1007 : undeclared symbol 'open_n128', assumed default net type 'wire' in ../user_source/ip_source/divider/divider_gate.v(31128)
HDL-1007 : undeclared symbol 'open_n129', assumed default net type 'wire' in ../user_source/ip_source/divider/divider_gate.v(31359)
HDL-1007 : undeclared symbol 'open_n132', assumed default net type 'wire' in ../user_source/ip_source/divider/divider_gate.v(32637)
HDL-1007 : undeclared symbol 'open_n133', assumed default net type 'wire' in ../user_source/ip_source/divider/divider_gate.v(32868)
HDL-1007 : undeclared symbol 'open_n134', assumed default net type 'wire' in ../user_source/ip_source/divider/divider_gate.v(32875)
HDL-1007 : undeclared symbol 'open_n137', assumed default net type 'wire' in ../user_source/ip_source/divider/divider_gate.v(34153)
HDL-1007 : undeclared symbol 'open_n138', assumed default net type 'wire' in ../user_source/ip_source/divider/divider_gate.v(34384)
HDL-1007 : undeclared symbol 'open_n139', assumed default net type 'wire' in ../user_source/ip_source/divider/divider_gate.v(34391)
HDL-1007 : undeclared symbol 'open_n142', assumed default net type 'wire' in ../user_source/ip_source/divider/divider_gate.v(35669)
HDL-1007 : undeclared symbol 'open_n143', assumed default net type 'wire' in ../user_source/ip_source/divider/divider_gate.v(35900)
HDL-1007 : undeclared symbol 'open_n144', assumed default net type 'wire' in ../user_source/ip_source/divider/divider_gate.v(35907)
HDL-1007 : undeclared symbol 'open_n147', assumed default net type 'wire' in ../user_source/ip_source/divider/divider_gate.v(37185)
HDL-1007 : undeclared symbol 'open_n148', assumed default net type 'wire' in ../user_source/ip_source/divider/divider_gate.v(37416)
HDL-1007 : undeclared symbol 'open_n149', assumed default net type 'wire' in ../user_source/ip_source/divider/divider_gate.v(37423)
HDL-1007 : undeclared symbol 'open_n152', assumed default net type 'wire' in ../user_source/ip_source/divider/divider_gate.v(38701)
HDL-1007 : undeclared symbol 'open_n153', assumed default net type 'wire' in ../user_source/ip_source/divider/divider_gate.v(38932)
HDL-1007 : undeclared symbol 'open_n154', assumed default net type 'wire' in ../user_source/ip_source/divider/divider_gate.v(38939)
HDL-1007 : undeclared symbol 'open_n157', assumed default net type 'wire' in ../user_source/ip_source/divider/divider_gate.v(40217)
HDL-1007 : undeclared symbol 'open_n158', assumed default net type 'wire' in ../user_source/ip_source/divider/divider_gate.v(40448)
HDL-1007 : undeclared symbol 'open_n159', assumed default net type 'wire' in ../user_source/ip_source/divider/divider_gate.v(40455)
HDL-1007 : undeclared symbol 'open_n162', assumed default net type 'wire' in ../user_source/ip_source/divider/divider_gate.v(41733)
HDL-1007 : undeclared symbol 'open_n163', assumed default net type 'wire' in ../user_source/ip_source/divider/divider_gate.v(41964)
HDL-1007 : undeclared symbol 'open_n164', assumed default net type 'wire' in ../user_source/ip_source/divider/divider_gate.v(41971)
HDL-1007 : undeclared symbol 'open_n167', assumed default net type 'wire' in ../user_source/ip_source/divider/divider_gate.v(43249)
HDL-1007 : undeclared symbol 'open_n168', assumed default net type 'wire' in ../user_source/ip_source/divider/divider_gate.v(43480)
HDL-1007 : undeclared symbol 'open_n169', assumed default net type 'wire' in ../user_source/ip_source/divider/divider_gate.v(43487)
HDL-1007 : undeclared symbol 'open_n172', assumed default net type 'wire' in ../user_source/ip_source/divider/divider_gate.v(45678)
HDL-1007 : undeclared symbol 'open_n173', assumed default net type 'wire' in ../user_source/ip_source/divider/divider_gate.v(45909)
HDL-1007 : undeclared symbol 'open_n174', assumed default net type 'wire' in ../user_source/ip_source/divider/divider_gate.v(45916)
HDL-1007 : undeclared symbol 'open_n177', assumed default net type 'wire' in ../user_source/ip_source/divider/divider_gate.v(47194)
HDL-1007 : undeclared symbol 'open_n178', assumed default net type 'wire' in ../user_source/ip_source/divider/divider_gate.v(47425)
HDL-1007 : undeclared symbol 'open_n179', assumed default net type 'wire' in ../user_source/ip_source/divider/divider_gate.v(47432)
HDL-1007 : undeclared symbol 'open_n182', assumed default net type 'wire' in ../user_source/ip_source/divider/divider_gate.v(48710)
HDL-1007 : undeclared symbol 'open_n183', assumed default net type 'wire' in ../user_source/ip_source/divider/divider_gate.v(48941)
HDL-1007 : undeclared symbol 'open_n184', assumed default net type 'wire' in ../user_source/ip_source/divider/divider_gate.v(48948)
HDL-1007 : undeclared symbol 'open_n187', assumed default net type 'wire' in ../user_source/ip_source/divider/divider_gate.v(50226)
HDL-1007 : undeclared symbol 'open_n188', assumed default net type 'wire' in ../user_source/ip_source/divider/divider_gate.v(50457)
HDL-1007 : undeclared symbol 'open_n189', assumed default net type 'wire' in ../user_source/ip_source/divider/divider_gate.v(50464)
HDL-1007 : undeclared symbol 'open_n192', assumed default net type 'wire' in ../user_source/ip_source/divider/divider_gate.v(51742)
HDL-1007 : undeclared symbol 'open_n193', assumed default net type 'wire' in ../user_source/ip_source/divider/divider_gate.v(51973)
HDL-1007 : undeclared symbol 'open_n194', assumed default net type 'wire' in ../user_source/ip_source/divider/divider_gate.v(51980)
HDL-1007 : undeclared symbol 'open_n197', assumed default net type 'wire' in ../user_source/ip_source/divider/divider_gate.v(53258)
HDL-1007 : undeclared symbol 'open_n198', assumed default net type 'wire' in ../user_source/ip_source/divider/divider_gate.v(53489)
HDL-1007 : undeclared symbol 'open_n199', assumed default net type 'wire' in ../user_source/ip_source/divider/divider_gate.v(53496)
HDL-1007 : undeclared symbol 'open_n202', assumed default net type 'wire' in ../user_source/ip_source/divider/divider_gate.v(54774)
HDL-1007 : undeclared symbol 'open_n203', assumed default net type 'wire' in ../user_source/ip_source/divider/divider_gate.v(55005)
HDL-1007 : undeclared symbol 'open_n204', assumed default net type 'wire' in ../user_source/ip_source/divider/divider_gate.v(55012)
HDL-1007 : undeclared symbol 'open_n207', assumed default net type 'wire' in ../user_source/ip_source/divider/divider_gate.v(57048)
HDL-1007 : undeclared symbol 'open_n208', assumed default net type 'wire' in ../user_source/ip_source/divider/divider_gate.v(57167)
HDL-1007 : undeclared symbol 'open_n209', assumed default net type 'wire' in ../user_source/ip_source/divider/divider_gate.v(57174)
HDL-1007 : undeclared symbol 'open_n212', assumed default net type 'wire' in ../user_source/ip_source/divider/divider_gate.v(58502)
HDL-1007 : undeclared symbol 'open_n215', assumed default net type 'wire' in ../user_source/ip_source/divider/divider_gate.v(58507)
HDL-1007 : undeclared symbol 'open_n218', assumed default net type 'wire' in ../user_source/ip_source/divider/divider_gate.v(59405)
HDL-1007 : undeclared symbol 'open_n221', assumed default net type 'wire' in ../user_source/ip_source/divider/divider_gate.v(59459)
HDL-1007 : undeclared symbol 'open_n224', assumed default net type 'wire' in ../user_source/ip_source/divider/divider_gate.v(60367)
HDL-1007 : undeclared symbol 'open_n227', assumed default net type 'wire' in ../user_source/ip_source/divider/divider_gate.v(60428)
HDL-1007 : undeclared symbol 'open_n230', assumed default net type 'wire' in ../user_source/ip_source/divider/divider_gate.v(61352)
HDL-1007 : undeclared symbol 'open_n233', assumed default net type 'wire' in ../user_source/ip_source/divider/divider_gate.v(61420)
HDL-1007 : undeclared symbol 'open_n236', assumed default net type 'wire' in ../user_source/ip_source/divider/divider_gate.v(62360)
HDL-1007 : undeclared symbol 'open_n239', assumed default net type 'wire' in ../user_source/ip_source/divider/divider_gate.v(62435)
HDL-1007 : analyze verilog file ../user_source/ip_source/w128_d512_fifo/soft_fifo_al_4057d6b76aa6.v
HDL-1007 : analyze verilog file ../user_source/ip_source/w128_d512_fifo/w128_d512_fifo.v
HDL-1007 : analyze verilog file ../user_source/ip_source/w155_d512_fifo/soft_fifo_al_f58e8b3e1f3d.v
HDL-1007 : analyze verilog file ../user_source/ip_source/w155_d512_fifo/w155_d512_fifo.v
HDL-1007 : analyze verilog file ../user_source/hdl_source/design_top_wrapper.v
HDL-1007 : analyze verilog file ../user_source/hdl_source/ip/control/mode_selector.v
HDL-1007 : analyze verilog file ../user_source/hdl_source/ip/camera/mipi/mipi_dphy_rx/mipi_dphy_rx_ph1p_mipiio_wrapper.sv
HDL-1007 : analyze verilog file ../user_source/hdl_source/ip/camera/mipi/mipi_dphy_rx/ph1p_mipiio_rx_wrapper.v
HDL-1007 : analyze verilog file ../user_source/hdl_source/ip/video/video_in.v
HDL-1007 : analyze verilog file ../user_source/hdl_source/ip/video/video_out.v
HDL-1007 : analyze verilog file ../user_source/hdl_source/ip/memory/mc_to_user_interface.v
HDL-1007 : analyze verilog file ../user_source/hdl_source/ip/camera/mipi/mipi_dphy_rx/byte_aligner.enc.v
HDL-1007 : back to file '../user_source/hdl_source/ip/camera/mipi/mipi_dphy_rx/byte_aligner.enc.v' in ../user_source/hdl_source/ip/camera/mipi/mipi_dphy_rx/byte_aligner.enc.v(18)
HDL-1007 : analyze verilog file ../user_source/hdl_source/ip/camera/mipi/mipi_dphy_rx/byte_aligner_wrapper.enc.sv
HDL-1007 : back to file '../user_source/hdl_source/ip/camera/mipi/mipi_dphy_rx/byte_aligner_wrapper.enc.sv' in ../user_source/hdl_source/ip/camera/mipi/mipi_dphy_rx/byte_aligner_wrapper.enc.sv(20)
HDL-1007 : analyze verilog file ../user_source/hdl_source/ip/camera/mipi/mipi_dphy_rx/channel_aligner.enc.v
HDL-1007 : back to file '../user_source/hdl_source/ip/camera/mipi/mipi_dphy_rx/channel_aligner.enc.v' in ../user_source/hdl_source/ip/camera/mipi/mipi_dphy_rx/channel_aligner.enc.v(17)
HDL-1007 : analyze verilog file ../user_source/hdl_source/ip/camera/mipi/mipi_dphy_rx/channel_aligner_wrapper.enc.sv
HDL-1007 : back to file '../user_source/hdl_source/ip/camera/mipi/mipi_dphy_rx/channel_aligner_wrapper.enc.sv' in ../user_source/hdl_source/ip/camera/mipi/mipi_dphy_rx/channel_aligner_wrapper.enc.sv(17)
HDL-1007 : analyze verilog file ../user_source/hdl_source/ip/camera/mipi/mipi_dphy_rx/hs_detect.enc.v
HDL-1007 : back to file '../user_source/hdl_source/ip/camera/mipi/mipi_dphy_rx/hs_detect.enc.v' in ../user_source/hdl_source/ip/camera/mipi/mipi_dphy_rx/hs_detect.enc.v(13)
HDL-1007 : analyze verilog file ../user_source/hdl_source/ip/image/signal_delay.v
HDL-1007 : analyze verilog file ../user_source/hdl_source/ip/image/awb.v
HDL-1007 : analyze verilog file ../user_source/hdl_source/ip/memory/ph1p35_ddr/ph1p35_324_ddr_wrapper.v
HDL-1007 : undeclared symbol 'dhi_clk', assumed default net type 'wire' in ../user_source/hdl_source/ip/memory/ph1p35_ddr/ph1p35_324_ddr_wrapper.v(83)
HDL-1007 : analyze verilog file ../user_source/hdl_source/ip/camera/mipi/csi_unpacket_2lane.v
HDL-1007 : analyze verilog file ../user_source/hdl_source/ip/image/image_process_stream_96.v
HDL-1007 : analyze verilog file ../user_source/hdl_source/ip/image/isp_top.v
HDL-1007 : analyze verilog file ../user_source/hdl_source/ip/camera/mipi/raw10_unpacket_2lane.v
HDL-1007 : analyze verilog file ../user_source/hdl_source/ip/camera/mipi/uial2axis.v
HDL-1007 : analyze verilog file ../user_source/hdl_source/ip/image/demosaic_4x_2_0/bilinear_interpolation.v
HDL-1007 : analyze verilog file ../user_source/hdl_source/ip/image/demosaic_4x_2_0/demosaic.v
HDL-5007 WARNING: /* is inside a comment in ../user_source/hdl_source/ip/image/demosaic_4x_2_0/demosaic.v(89)
HDL-5007 WARNING: /* is inside a comment in ../user_source/hdl_source/ip/image/demosaic_4x_2_0/demosaic.v(100)
HDL-1007 : analyze verilog file ../user_source/hdl_source/ip/image/demosaic_4x_2_0/line_buffer_demosaic.v
HDL-1007 : analyze verilog file ../user_source/hdl_source/ip/image/demosaic_4x_2_0/mipi_to_raw_converter.v
HDL-1007 : analyze verilog file ../user_source/hdl_source/ip/image/demosaic_4x_2_0/raw_matrix_3x3_buffer.v
HDL-1007 : analyze verilog file ../user_source/hdl_source/ip/image/demosaic_4x_2_0/zhenghe.v
HDL-1007 : undeclared symbol 'rd_valid', assumed default net type 'wire' in ../user_source/hdl_source/ip/image/demosaic_4x_2_0/zhenghe.v(146)
HDL-1007 : analyze verilog file ../user_source/hdl_source/ip/image/data128_96/data128_96.v
HDL-1007 : analyze verilog file ../user_source/hdl_source/ip/image/data96_128/data96_128.v
HDL-1007 : analyze verilog file ../user_source/hdl_source/ip/image/image_correction.v
HDL-1007 : analyze verilog file ../user_source/hdl_source/ip/camera/config/uics500_cfg/SC500GainTbl.v
HDL-1007 : analyze verilog file ../user_source/hdl_source/ip/camera/config/uics500_cfg/uicfgcs500.v
HDL-1007 : undeclared symbol 'iic_busy', assumed default net type 'wire' in ../user_source/hdl_source/ip/camera/config/uics500_cfg/uicfgcs500.v(141)
HDL-1007 : analyze verilog file ../user_source/hdl_source/ip/camera/config/uics500_cfg/uics500reg.v
HDL-1007 : analyze verilog file ../user_source/hdl_source/ip/camera/config/uics500_cfg/uics500regAE.v
HDL-1007 : analyze verilog file ../user_source/hdl_source/ip/camera/config/uics500_cfg/uii2c.v
HDL-1007 : analyze verilog file ../user_source/hdl_source/ip/camera/config/uiisp_beta/ae_set.v
HDL-1007 : analyze verilog file ../user_source/hdl_source/ip/display/hdmi/hdmi_tx.v
HDL-1007 : analyze verilog file ../user_source/hdl_source/ip/display/hdmi/hdmi_1_4b_transmitter_core_wrapper.enc.v
HDL-1007 : undeclared symbol '**', assumed default net type '**' in ../user_source/hdl_source/ip/display/hdmi/hdmi_1_4b_transmitter_core_wrapper.enc.v(2614)
HDL-1007 : undeclared symbol '**', assumed default net type '**' in ../user_source/hdl_source/ip/display/hdmi/hdmi_1_4b_transmitter_core_wrapper.enc.v(2716)
HDL-1007 : undeclared symbol '**', assumed default net type '**' in ../user_source/hdl_source/ip/display/hdmi/hdmi_1_4b_transmitter_core_wrapper.enc.v(2724)
HDL-1007 : undeclared symbol '**', assumed default net type '**' in ../user_source/hdl_source/ip/display/hdmi/hdmi_1_4b_transmitter_core_wrapper.enc.v(4936)
HDL-1007 : undeclared symbol '**', assumed default net type '**' in ../user_source/hdl_source/ip/display/hdmi/hdmi_1_4b_transmitter_core_wrapper.enc.v(5989)
HDL-1007 : back to file '../user_source/hdl_source/ip/display/hdmi/hdmi_1_4b_transmitter_core_wrapper.enc.v' in ../user_source/hdl_source/ip/display/hdmi/hdmi_1_4b_transmitter_core_wrapper.enc.v(77)
HDL-1007 : analyze verilog file ../user_source/hdl_source/ip/display/hdmi/hdmi_phy_warpper.v
HDL-1007 : analyze verilog file ../user_source/hdl_source/ip/display/hdmi/lane_lvds_10_1.v
HDL-1007 : analyze verilog file ../user_source/hdl_source/ip/video/vtc/uivtc.v
HDL-1007 : analyze verilog file ../user_source/hdl_source/ip/video/osd/hdmi_mixer.v
HDL-1007 : analyze verilog file ../user_source/hdl_source/ip/audio/I2S_receiver.v
HDL-1007 : analyze verilog file ../user_source/hdl_source/ip/audio/audio_arc_calculate.v
HDL-1007 : analyze verilog file ../user_source/hdl_source/ip/control/key_remove_shakes.v
HDL-1007 : analyze verilog file ../user_source/hdl_source/ip/video/osd/anlogic_logo_rom.v
HDL-1007 : analyze verilog file ../user_source/hdl_source/ip/video/osd/osd_char_lib.v
HDL-1007 : analyze verilog file ../user_source/hdl_source/ip/image/cnn/cnn_input_bram.v
HDL-1007 : analyze verilog file ../user_source/hdl_source/ip/image/cnn/cnn_feat_bram.v
HDL-1007 : analyze verilog file ../user_source/hdl_source/ip/image/cnn/cnn_bias_rom.v
HDL-1007 : analyze verilog file ../user_source/hdl_source/ip/image/cnn/cnn_weight_rom.v
HDL-5007 WARNING: root scope declaration is not allowed in Verilog 95/2K mode in ../user_source/hdl_source/ip/image/cnn/cnn_weight_rom.v(44)
HDL-5007 WARNING: root scope declaration is not allowed in Verilog 95/2K mode in ../user_source/hdl_source/ip/image/cnn/cnn_weight_rom.v(45)
HDL-5007 WARNING: root scope declaration is not allowed in Verilog 95/2K mode in ../user_source/hdl_source/ip/image/cnn/cnn_weight_rom.v(46)
HDL-1007 : analyze verilog file ../user_source/hdl_source/ip/image/cnn/cnn_core.v
HDL-1007 : analyze included file ../user_source/hdl_source/ip/image/cnn/cnn_quant_params.vh in ../user_source/hdl_source/ip/image/cnn/cnn_core.v(2)
HDL-1007 : back to file '../user_source/hdl_source/ip/image/cnn/cnn_core.v' in ../user_source/hdl_source/ip/image/cnn/cnn_core.v(2)
HDL-1007 : analyze verilog file ../user_source/hdl_source/ip/image/cnn/cnn_input_sampler_96.v
HDL-1007 : analyze verilog file ../user_source/hdl_source/ip/image/cnn/cnn_result_cdc.v
PRJ-1401 : Successfully analyzed 95 source files.
RUN-1002 : start command "load_run_param -run syn_1"
RUN-1002 : start command "commit_param -step design"
RUN-1001 : Print Global Property
RUN-1001 : -------------------------------------------------------------
RUN-1001 :     Parameters    |   Settings   |  Default Values  |  Note  
RUN-1001 : -------------------------------------------------------------
RUN-1001 :    enable_seed    |     off      |       off        |        
RUN-1001 :    hfn_to_clock   |  1000000000  |    1000000000    |        
RUN-1001 :      message      |   standard   |     standard     |        
RUN-1001 :    qor_monitor    |      on      |        on        |        
RUN-1001 :   speedup_effort  |      0       |        0         |        
RUN-1001 :    syn_ip_flow    |     off      |       off        |        
RUN-1001 :       thread      |     auto     |       auto       |        
RUN-1001 : -------------------------------------------------------------
RUN-1001 : Print Design Property
RUN-1001 : ----------------------------------------------------------------
RUN-1001 :       Parameters       |  Settings  |  Default Values  |  Note  
RUN-1001 : ----------------------------------------------------------------
RUN-1001 :   default_reg_initial  |    auto    |       auto       |        
RUN-1001 :    hdl_warning_level   |   normal   |      normal      |        
RUN-1001 : ----------------------------------------------------------------
RUN-1002 : start command "elaborate -top design_top_wrapper"
HDL-1007 : port 'O_csi_hs' remains unconnected for this instance in ../user_source/hdl_source/design_top_wrapper.v(656)
HDL-1007 : port 'IO_ddc_sda' remains unconnected for this instance in ../user_source/hdl_source/design_top_wrapper.v(952)
HDL-1007 : elaborate module design_top_wrapper in ../user_source/hdl_source/design_top_wrapper.v(3)
HDL-1007 : elaborate module mode_selector in ../user_source/hdl_source/ip/control/mode_selector.v(35)
HDL-1007 : elaborate module PLL in ../user_source/ip_source/PLL/PLL.v(22)
HDL-1007 : elaborate module PH1P_LOGIC_BUFG in D:\Anlogic\TD_6.2.1_Engineer_6.2.168.116\arch/ph1p_macro.v(8085)
HDL-1007 : elaborate module ph1p_phy_pll_wrapper_25a56e5ce2f9(FBKCLK_INT="CLKC0_EXT",FIN="50.000000000",FBCLK_DIV=2,CLKC0_ENABLE="ENABLE",CLKC0_DIV=13,CLKC0_CPHASE=12,CLKC0_DUTY_INT=7,CLKC1_ENABLE="ENABLE",CLKC1_DIV=54,CLKC1_CPHASE=53,CLKC1_DUTY_INT=27,CLKC4_ENABLE="ENABLE",CLKC4_DIV=25,CLKC4_CPHASE=24,CLKC4_DUTY_INT=13,CLKC5_ENABLE="ENABLE",CLKC5_DIV=5,CLKC5_CPHASE=4,CLKC5_DUTY_INT=3,PLL_FEED_TYPE="EXTERNAL",PLL_FASTLOOP="ENABLE",LPF_RES=0,LPF_CAP=5,ICP_CUR=29) in ../user_source/ip_source/PLL/RTL/ph1p_phy_pll_wrapper_25a56e5ce2f9.v(2)
HDL-1007 : elaborate module PH1P_PHY_PLL_V2(FBKCLK_INT="CLKC0_EXT",FIN="50.000000000",FBCLK_DIV=2,CLKC0_CPHASE=12,CLKC1_CPHASE=53,CLKC4_CPHASE=24,CLKC5_CPHASE=4,CLKC0_DIV=13,CLKC1_DIV=54,CLKC4_DIV=25,CLKC5_DIV=5,CLKC0_DUTY_INT=7,CLKC1_DUTY_INT=27,CLKC4_DUTY_INT=13,CLKC5_DUTY_INT=3,CLKC0_ENABLE="ENABLE",CLKC1_ENABLE="ENABLE",CLKC4_ENABLE="ENABLE",CLKC5_ENABLE="ENABLE",PLL_FEED_TYPE="EXTERNAL",PLL_FASTLOOP="ENABLE",LPF_RES=0,LPF_CAP=5,ICP_CUR=29) in D:\Anlogic\TD_6.2.1_Engineer_6.2.168.116\arch/ph1p_macro.v(1091)
HDL-1007 : elaborate module ae_set in ../user_source/hdl_source/ip/camera/config/uiisp_beta/ae_set.v(33)
HDL-1007 : port 'O_iic_bus_error' remains unconnected for this instance in ../user_source/hdl_source/ip/camera/config/uics500_cfg/uicfgcs500.v(123)
HDL-1007 : port 'IO_iic_sda_dg' remains unconnected for this instance in ../user_source/hdl_source/ip/camera/config/uics500_cfg/uicfgcs500.v(123)
HDL-1007 : elaborate module uicfgcs500(CLK_DIV=239) in ../user_source/hdl_source/ip/camera/config/uics500_cfg/uicfgcs500.v(37)
HDL-1007 : elaborate module uii2c(WMEN_LEN=4,RMEN_LEN=1,CLK_DIV=239) in ../user_source/hdl_source/ip/camera/config/uics500_cfg/uii2c.v(41)
HDL-1007 : elaborate module uics500reg in ../user_source/hdl_source/ip/camera/config/uics500_cfg/uics500reg.v(35)
HDL-5007 WARNING: actual bit length 24 differs from formal bit length 32 for port 'REG_DATA' in ../user_source/hdl_source/ip/camera/config/uics500_cfg/uicfgcs500.v(150)
HDL-1007 : elaborate module SC500GainTbl in ../user_source/hdl_source/ip/camera/config/uics500_cfg/SC500GainTbl.v(6)
HDL-5007 WARNING: actual bit length 32 differs from formal bit length 7 for port 'I' in ../user_source/hdl_source/ip/camera/config/uics500_cfg/uicfgcs500.v(154)
HDL-1007 : elaborate module uics500regAE in ../user_source/hdl_source/ip/camera/config/uics500_cfg/uics500regAE.v(33)
HDL-5007 WARNING: actual bit length 24 differs from formal bit length 32 for port 'REG_DATA' in ../user_source/hdl_source/ip/camera/config/uics500_cfg/uicfgcs500.v(160)
HDL-1007 : elaborate module mipi_dphy_rx_ph1p_mipiio_wrapper(HS_VGA_GAIN="8dB",LANE_NUM=2) in ../user_source/hdl_source/ip/camera/mipi/mipi_dphy_rx/mipi_dphy_rx_ph1p_mipiio_wrapper.sv(4)
HDL-1007 : elaborate module channel_aligner_wrapper(CH_NUM=2) in ../user_source/hdl_source/ip/camera/mipi/mipi_dphy_rx/channel_aligner_wrapper.enc.sv(3)
HDL-1007 : elaborate module channel_aligner in ../user_source/hdl_source/ip/camera/mipi/mipi_dphy_rx/channel_aligner.enc.v(3)
HDL-1007 : elaborate module byte_aligner_wrapper(LANE_NUM=2) in ../user_source/hdl_source/ip/camera/mipi/mipi_dphy_rx/byte_aligner_wrapper.enc.sv(4)
HDL-1007 : elaborate module byte_aligner in ../user_source/hdl_source/ip/camera/mipi/mipi_dphy_rx/byte_aligner.enc.v(3)
HDL-1007 : elaborate module ph1p_mipiio_rx_wrapper(HS_VGA_GAIN="8dB",LANE_NUM=2) in ../user_source/hdl_source/ip/camera/mipi/mipi_dphy_rx/ph1p_mipiio_rx_wrapper.v(4)
HDL-1007 : elaborate module hs_detect in ../user_source/hdl_source/ip/camera/mipi/mipi_dphy_rx/hs_detect.enc.v(3)
HDL-1007 : elaborate module PH1P_LOGIC_DPHY_MIPI_RX(CK_HS_VGA_GAIN="8dB",L0_HS_SLAVE_DESER_CLK_OFFSET="0ps",L0_HS_VGA_GAIN="8dB",L1_HS_SLAVE_DESER_CLK_OFFSET="0ps",L1_HS_VGA_GAIN="8dB",L2_HS_SLAVE_DESER_CLK_OFFSET="0ps",L2_HS_VGA_GAIN="8dB",L3_HS_SLAVE_DESER_CLK_OFFSET="0ps",L3_HS_VGA_GAIN="8dB") in D:\Anlogic\TD_6.2.1_Engineer_6.2.168.116\arch/ph1p_macro.v(2017)
HDL-5007 WARNING: actual bit length 4 differs from formal bit length 2 for port 'I_lane_invert' in ../user_source/hdl_source/design_top_wrapper.v(624)
HDL-1007 : elaborate module csi_unpacket_2lane in ../user_source/hdl_source/ip/camera/mipi/csi_unpacket_2lane.v(36)
HDL-1007 : elaborate module raw10_unpacket_2lane in ../user_source/hdl_source/ip/camera/mipi/raw10_unpacket_2lane.v(33)
HDL-1007 : elaborate module uial2axis(IMG_WIDTH=1024,IMG_HEIGHT=600,INPUT_DATA_WIDTH=40) in ../user_source/hdl_source/ip/camera/mipi/uial2axis.v(10)
HDL-1007 : elaborate module image_correction in ../user_source/hdl_source/ip/image/image_correction.v(2)
HDL-1007 : elaborate module isp_top in ../user_source/hdl_source/ip/image/isp_top.v(1)
HDL-1007 : elaborate module demosaic(IMG_HEIGHT=600,IMG_WIDTH=1024) in ../user_source/hdl_source/ip/image/demosaic_4x_2_0/demosaic.v(20)
HDL-1007 : elaborate module raw_matrix_3x3_buffer(IMG_HEIGHT=600,IMG_WIDTH=1024) in ../user_source/hdl_source/ip/image/demosaic_4x_2_0/raw_matrix_3x3_buffer.v(21)
HDL-1007 : elaborate module mipi_to_raw_converter in ../user_source/hdl_source/ip/image/demosaic_4x_2_0/mipi_to_raw_converter.v(20)
HDL-5007 WARNING: actual bit length 32 differs from formal bit length 1 for port 'O_raw_tready' in ../user_source/hdl_source/ip/image/demosaic_4x_2_0/raw_matrix_3x3_buffer.v(149)
HDL-1007 : port 'doa' remains unconnected for this instance in ../user_source/hdl_source/ip/image/demosaic_4x_2_0/zhenghe.v(167)
HDL-1007 : elaborate module zhenghe(IMG_WIDTH=1024,IMG_HEIGHT=600,DATA_WIDTH=32) in ../user_source/hdl_source/ip/image/demosaic_4x_2_0/zhenghe.v(21)
HDL-1007 : elaborate module blk_mem_gen_zhenghe in ../user_source/hdl_source/ip/image/demosaic_4x_2_0/blk_mem_gen_zhenghe/blk_mem_gen_zhenghe.v(10)
HDL-1007 : elaborate module ram_d32970204f32(DATA_WIDTH_A=32,ADDR_WIDTH_A=11,DATA_DEPTH_A=2048,DATA_WIDTH_B=32,ADDR_WIDTH_B=11,DATA_DEPTH_B=2048,REGMODE_B="NOREG",WRITEMODE_B="READBEFOREWRITE") in ../user_source/hdl_source/ip/image/demosaic_4x_2_0/blk_mem_gen_zhenghe/RTL/ram_d32970204f32.v(4)
HDL-1007 : elaborate module PH1P_LOGIC_ERAM(DATA_WIDTH_A=32,DATA_WIDTH_B=32,ADDR_WIDTH_A=11,ADDR_WIDTH_B=11,DATA_DEPTH_A=2048,DATA_DEPTH_B=2048,WRITEMODE_B="READBEFOREWRITE",OREGSET_A="RESET",OREGSET_B="RESET",SSROVERCE="DISABLE",ASYNC_RESET_RELEASE_A="ASYNC",ASYNC_RESET_RELEASE_B="ASYNC",IMPLEMENT="20K(FAST)") in D:\Anlogic\TD_6.2.1_Engineer_6.2.168.116\arch/ph1p_macro.v(22)
HDL-5323 WARNING: input port 'dib[31]' remains unconnected for this instance in ../user_source/hdl_source/ip/image/demosaic_4x_2_0/zhenghe.v(167)
HDL-1007 : port 'doa' remains unconnected for this instance in ../user_source/hdl_source/ip/image/demosaic_4x_2_0/line_buffer_demosaic.v(98)
HDL-1007 : elaborate module line_buffer_demosaic(IMG_HEIGHT=600,IMG_WIDTH=1024) in ../user_source/hdl_source/ip/image/demosaic_4x_2_0/line_buffer_demosaic.v(20)
HDL-1007 : elaborate module blk_mem_gen_demosaic in ../user_source/hdl_source/ip/image/demosaic_4x_2_0/blk_mem_gen_demosaic/blk_mem_gen_demosaic.v(10)
HDL-1007 : elaborate module ram_c36c2ca3b3a7(DATA_WIDTH_A=33,ADDR_WIDTH_A=11,DATA_DEPTH_A=2048,DATA_WIDTH_B=33,ADDR_WIDTH_B=11,DATA_DEPTH_B=2048,REGMODE_B="NOREG",WRITEMODE_B="READBEFOREWRITE") in ../user_source/hdl_source/ip/image/demosaic_4x_2_0/blk_mem_gen_demosaic/RTL/ram_c36c2ca3b3a7.v(4)
HDL-1007 : elaborate module PH1P_LOGIC_ERAM(DATA_WIDTH_A=33,DATA_WIDTH_B=33,ADDR_WIDTH_A=11,ADDR_WIDTH_B=11,DATA_DEPTH_A=2048,DATA_DEPTH_B=2048,WRITEMODE_B="READBEFOREWRITE",OREGSET_A="RESET",OREGSET_B="RESET",SSROVERCE="DISABLE",ASYNC_RESET_RELEASE_A="ASYNC",ASYNC_RESET_RELEASE_B="ASYNC",IMPLEMENT="20K(FAST)") in D:\Anlogic\TD_6.2.1_Engineer_6.2.168.116\arch/ph1p_macro.v(22)
HDL-5323 WARNING: input port 'dib[32]' remains unconnected for this instance in ../user_source/hdl_source/ip/image/demosaic_4x_2_0/line_buffer_demosaic.v(98)
HDL-1007 : elaborate module bilinear_interpolation in ../user_source/hdl_source/ip/image/demosaic_4x_2_0/bilinear_interpolation.v(22)
HDL-1007 : elaborate module data128_96 in ../user_source/hdl_source/ip/image/data128_96/data128_96.v(10)
HDL-1007 : port 'remainder' remains unconnected for this instance in ../user_source/hdl_source/ip/image/awb.v(165)
HDL-1007 : port 'remainder' remains unconnected for this instance in ../user_source/hdl_source/ip/image/awb.v(175)
HDL-1007 : elaborate module awb(IMG_HEIGHT=600,IMG_WIDTH=1024) in ../user_source/hdl_source/ip/image/awb.v(20)
HDL-1007 : elaborate module divider in ../user_source/ip_source/divider/divider_gate.v(5)
HDL-1007 : elaborate module AL_DFF_X in D:\Anlogic\TD_6.2.1_Engineer_6.2.168.116\arch/al_lmacro.v(277)
HDL-1007 : elaborate module AL_MAP_LUT5(INIT=32'b10000000100000000000000010000000,EQN="(C*B*A*~(~E*D))") in D:\Anlogic\TD_6.2.1_Engineer_6.2.168.116\arch/al_lmacro.v(13)
HDL-1007 : elaborate module AL_MAP_LUT6(INIT=64'b01,EQN="(~F*~E*~D*~C*~B*~A)") in D:\Anlogic\TD_6.2.1_Engineer_6.2.168.116\arch/al_lmacro.v(2)
HDL-1007 : elaborate module AL_MAP_LUT6(INIT=64'b01000,EQN="(~F*~E*~D*~C*B*A)") in D:\Anlogic\TD_6.2.1_Engineer_6.2.168.116\arch/al_lmacro.v(2)
HDL-1007 : elaborate module AL_MAP_LUT5(INIT=32'b01111111111111110000000000000000,EQN="(E*~(D*C*B*A))") in D:\Anlogic\TD_6.2.1_Engineer_6.2.168.116\arch/al_lmacro.v(13)
HDL-1007 : elaborate module AL_MAP_LUT2(INIT=4'b010,EQN="(~B*A)") in D:\Anlogic\TD_6.2.1_Engineer_6.2.168.116\arch/al_lmacro.v(48)
HDL-1007 : elaborate module AL_MAP_LUT3(INIT=8'b010,EQN="(~C*~B*A)") in D:\Anlogic\TD_6.2.1_Engineer_6.2.168.116\arch/al_lmacro.v(36)
HDL-1007 : elaborate module AL_MAP_ADDER(ALUTYPE="SUB_CARRY") in D:\Anlogic\TD_6.2.1_Engineer_6.2.168.116\arch/al_lmacro.v(72)
HDL-1007 : elaborate module AL_MAP_ADDER(ALUTYPE="SUB") in D:\Anlogic\TD_6.2.1_Engineer_6.2.168.116\arch/al_lmacro.v(72)
HDL-1007 : elaborate module AL_MAP_LUT3(INIT=8'b11011000,EQN="(C*~(B)*~(A)+C*B*~(A)+~(C)*B*A+C*B*A)") in D:\Anlogic\TD_6.2.1_Engineer_6.2.168.116\arch/al_lmacro.v(36)
HDL-1007 : elaborate module AL_MAP_LUT4(INIT=16'b01,EQN="(~D*~C*~B*~A)") in D:\Anlogic\TD_6.2.1_Engineer_6.2.168.116\arch/al_lmacro.v(24)
HDL-1007 : elaborate module AL_MAP_LUT4(INIT=16'b1000000000000000,EQN="(D*C*B*A)") in D:\Anlogic\TD_6.2.1_Engineer_6.2.168.116\arch/al_lmacro.v(24)
HDL-1007 : elaborate module AL_MAP_LUT6(INIT=64'b010000000,EQN="(~F*~E*~D*C*B*A)") in D:\Anlogic\TD_6.2.1_Engineer_6.2.168.116\arch/al_lmacro.v(2)
HDL-1007 : elaborate module AL_MAP_LUT5(INIT=32'b010000000,EQN="(~E*~D*C*B*A)") in D:\Anlogic\TD_6.2.1_Engineer_6.2.168.116\arch/al_lmacro.v(13)
HDL-1007 : elaborate module AL_MAP_LUT4(INIT=16'b010000000,EQN="(~D*C*B*A)") in D:\Anlogic\TD_6.2.1_Engineer_6.2.168.116\arch/al_lmacro.v(24)
HDL-1007 : elaborate module AL_MAP_LUT3(INIT=8'b10000000,EQN="(C*B*A)") in D:\Anlogic\TD_6.2.1_Engineer_6.2.168.116\arch/al_lmacro.v(36)
HDL-1007 : elaborate module AL_MAP_LUT5(INIT=32'b01,EQN="(~E*~D*~C*~B*~A)") in D:\Anlogic\TD_6.2.1_Engineer_6.2.168.116\arch/al_lmacro.v(13)
HDL-1007 : elaborate module AL_MAP_LUT5(INIT=32'b01000,EQN="(~E*~D*~C*B*A)") in D:\Anlogic\TD_6.2.1_Engineer_6.2.168.116\arch/al_lmacro.v(13)
HDL-1007 : elaborate module AL_MAP_LUT4(INIT=16'b01000,EQN="(~D*~C*B*A)") in D:\Anlogic\TD_6.2.1_Engineer_6.2.168.116\arch/al_lmacro.v(24)
HDL-1007 : elaborate module AL_MAP_LUT3(INIT=8'b01000,EQN="(~C*B*A)") in D:\Anlogic\TD_6.2.1_Engineer_6.2.168.116\arch/al_lmacro.v(36)
HDL-1007 : elaborate module AL_MAP_LUT6(INIT=64'b1000100010001000000010001000100000000000100010000000000000001000,EQN="(B*A*(~(D)*~((~E*C))*~(F)+~(D)*~((~E*C))*F+D*~((~E*C))*F+~(D)*(~E*C)*F))") in D:\Anlogic\TD_6.2.1_Engineer_6.2.168.116\arch/al_lmacro.v(2)
HDL-1007 : elaborate module AL_MAP_LUT6(INIT=64'b0111111101111111000000001000000011111111011111110000000000000000,EQN="(~((C*B*A))*~(D)*E*~(F)+~((C*B*A))*D*E*~(F)+(C*B*A)*D*E*~(F)+(C*B*A)*~(D)*~(E)*F+~((C*B*A))*~(D)*E*F+~((C*B*A))*D*E*F)") in D:\Anlogic\TD_6.2.1_Engineer_6.2.168.116\arch/al_lmacro.v(2)
HDL-1007 : elaborate module AL_MAP_LUT6(INIT=64'b0111011111111111111101110111111100000000000000000000000000000000,EQN="(F*~(B*A*(D@(~E*C))))") in D:\Anlogic\TD_6.2.1_Engineer_6.2.168.116\arch/al_lmacro.v(2)
HDL-1007 : elaborate module AL_MAP_LUT2(INIT=4'b1000,EQN="(B*A)") in D:\Anlogic\TD_6.2.1_Engineer_6.2.168.116\arch/al_lmacro.v(48)
HDL-1007 : elaborate module AL_MAP_LUT6(INIT=64'b010,EQN="(~F*~E*~D*~C*~B*A)") in D:\Anlogic\TD_6.2.1_Engineer_6.2.168.116\arch/al_lmacro.v(2)
HDL-1007 : elaborate module AL_MAP_LUT5(INIT=32'b010,EQN="(~E*~D*~C*~B*A)") in D:\Anlogic\TD_6.2.1_Engineer_6.2.168.116\arch/al_lmacro.v(13)
HDL-1007 : elaborate module AL_MAP_LUT4(INIT=16'b010,EQN="(~D*~C*~B*A)") in D:\Anlogic\TD_6.2.1_Engineer_6.2.168.116\arch/al_lmacro.v(24)
HDL-1007 : elaborate module AL_MAP_LUT3(INIT=8'b01,EQN="(~C*~B*~A)") in D:\Anlogic\TD_6.2.1_Engineer_6.2.168.116\arch/al_lmacro.v(36)
HDL-1007 : elaborate module AL_MAP_LUT2(INIT=4'b0100,EQN="(B*~A)") in D:\Anlogic\TD_6.2.1_Engineer_6.2.168.116\arch/al_lmacro.v(48)
HDL-1007 : elaborate module AL_MAP_LUT2(INIT=4'b01,EQN="(~B*~A)") in D:\Anlogic\TD_6.2.1_Engineer_6.2.168.116\arch/al_lmacro.v(48)
HDL-1007 : elaborate module AL_MAP_LUT6(INIT=64'b1000000000000000000000000000000000000000000000000000000000000000,EQN="(F*E*D*C*B*A)") in D:\Anlogic\TD_6.2.1_Engineer_6.2.168.116\arch/al_lmacro.v(2)
HDL-1007 : elaborate module AL_MAP_LUT4(INIT=16'b1011111101000000,EQN="(D@(C*B*~A))") in D:\Anlogic\TD_6.2.1_Engineer_6.2.168.116\arch/al_lmacro.v(24)
HDL-1007 : elaborate module AL_MAP_LUT5(INIT=32'b10000000111000001111100011111110,EQN="(A*~(B)*~(C)*~(D)*~(E)+~(A)*B*~(C)*~(D)*~(E)+A*B*~(C)*~(D)*~(E)+~(A)*~(B)*C*~(D)*~(E)+A*~(B)*C*~(D)*~(E)+~(A)*B*C*~(D)*~(E)+A*B*C*~(D)*~(E)+A*B*~(C)*D*~(E)+~(A)*~(B)*C*D*~(E)+A*~(B)*C*D*~(E)+~(A)*B*C*D*~(E)+A*B*C*D*~(E)+A*~(B)*C*~(D)*E+~(A)*B*C*~(D)*E+A*B*C*~(D)*E+A*B*C*D*E)") in D:\Anlogic\TD_6.2.1_Engineer_6.2.168.116\arch/al_lmacro.v(13)
HDL-1007 : elaborate module AL_MAP_LUT5(INIT=32'b01000000000000001000000000000000,EQN="(D*C*B*(E@A))") in D:\Anlogic\TD_6.2.1_Engineer_6.2.168.116\arch/al_lmacro.v(13)
HDL-1007 : elaborate module AL_MAP_LUT6(INIT=64'b1011111111111111111111111111111101000000000000000000000000000000,EQN="(F@(E*D*C*B*~A))") in D:\Anlogic\TD_6.2.1_Engineer_6.2.168.116\arch/al_lmacro.v(2)
HDL-1007 : elaborate module AL_MAP_LUT6(INIT=64'b1101010101111111111111010101011100000000000000000000000000000000,EQN="(F*~(A*~(D@(~(B)*~(C)*~(E)+~(B)*~(C)*E+B*~(C)*E+~(B)*C*E))))") in D:\Anlogic\TD_6.2.1_Engineer_6.2.168.116\arch/al_lmacro.v(2)
HDL-1007 : elaborate module AL_MAP_LUT3(INIT=8'b10111000,EQN="(C*~(A)*~(B)+C*A*~(B)+~(C)*A*B+C*A*B)") in D:\Anlogic\TD_6.2.1_Engineer_6.2.168.116\arch/al_lmacro.v(36)
HDL-1007 : elaborate module AL_MAP_LUT3(INIT=8'b01000000,EQN="(C*B*~A)") in D:\Anlogic\TD_6.2.1_Engineer_6.2.168.116\arch/al_lmacro.v(36)
HDL-1007 : elaborate module AL_MAP_LUT6(INIT=64'b1111111101111111001111110001111100001111000001110000001100000001,EQN="(~(B)*~(C)*~((~D*A))*~(E)*~(F)+~(B)*~(C)*~((~D*A))*E*~(F)+B*~(C)*~((~D*A))*E*~(F)+~(B)*~(C)*(~D*A)*E*~(F)+~(B)*~(C)*~((~D*A))*~(E)*F+B*~(C)*~((~D*A))*~(E)*F+~(B)*C*~((~D*A))*~(E)*F+~(B)*~(C)*(~D*A)*~(E)*F+B*~(C)*(~D*A)*~(E)*F+~(B)*~(C)*~((~D*A))*E*F+B*~(C)*~((~D*A))*E*F+~(B)*C*~((~D*A))*E*F+B*C*~((~D*A))*E*F+~(B)*~(C)*(~D*A)*E*F+B*~(C)*(~D*A)*E*F+~(B)*C*(~D*A)*E*F)") in D:\Anlogic\TD_6.2.1_Engineer_6.2.168.116\arch/al_lmacro.v(2)
HDL-1007 : elaborate module AL_MAP_LUT5(INIT=32'b10111111111111110100000000000000,EQN="(E@(D*C*B*~A))") in D:\Anlogic\TD_6.2.1_Engineer_6.2.168.116\arch/al_lmacro.v(13)
HDL-1007 : elaborate module AL_MAP_LUT3(INIT=8'b01001101,EQN="(~(A)*~(B)*~(C)+~(A)*B*~(C)+A*B*~(C)+~(A)*B*C)") in D:\Anlogic\TD_6.2.1_Engineer_6.2.168.116\arch/al_lmacro.v(36)
HDL-1007 : elaborate module AL_MAP_LUT5(INIT=32'b10001000000000000000100010000000,EQN="(B*A*(D@(~E*C)))") in D:\Anlogic\TD_6.2.1_Engineer_6.2.168.116\arch/al_lmacro.v(13)
HDL-1007 : elaborate module AL_MAP_LUT5(INIT=32'b11110000011110000011110000011110,EQN="(C@(B*~((~D*A))*~(E)+~(B)*(~D*A)*~(E)+B*(~D*A)*~(E)+B*(~D*A)*E))") in D:\Anlogic\TD_6.2.1_Engineer_6.2.168.116\arch/al_lmacro.v(13)
HDL-1007 : elaborate module AL_MAP_LUT5(INIT=32'b01111111111101110000000000000000,EQN="(E*~(B*A*~(D@C)))") in D:\Anlogic\TD_6.2.1_Engineer_6.2.168.116\arch/al_lmacro.v(13)
HDL-1007 : elaborate module AL_MAP_LUT5(INIT=32'b01000000110100001111010011111101,EQN="(~(A)*~(B)*~(C)*~(D)*~(E)+~(A)*B*~(C)*~(D)*~(E)+A*B*~(C)*~(D)*~(E)+~(A)*~(B)*C*~(D)*~(E)+A*~(B)*C*~(D)*~(E)+~(A)*B*C*~(D)*~(E)+A*B*C*~(D)*~(E)+~(A)*B*~(C)*D*~(E)+~(A)*~(B)*C*D*~(E)+A*~(B)*C*D*~(E)+~(A)*B*C*D*~(E)+A*B*C*D*~(E)+~(A)*~(B)*C*~(D)*E+~(A)*B*C*~(D)*E+A*B*C*~(D)*E+~(A)*B*C*D*E)") in D:\Anlogic\TD_6.2.1_Engineer_6.2.168.116\arch/al_lmacro.v(13)
HDL-1007 : elaborate module AL_MAP_LUT5(INIT=32'b10000000000000000000000000000000,EQN="(E*D*C*B*A)") in D:\Anlogic\TD_6.2.1_Engineer_6.2.168.116\arch/al_lmacro.v(13)
HDL-1007 : elaborate module AL_MAP_LUT5(INIT=32'b10111111111110110100000000000100,EQN="(E@(B*~A*~(D@C)))") in D:\Anlogic\TD_6.2.1_Engineer_6.2.168.116\arch/al_lmacro.v(13)
HDL-1007 : elaborate module AL_MAP_LUT6(INIT=64'b0111010111011111111101110101110100000000000000000000000000000000,EQN="(F*~(A*~(D@(B*~(C)*~(E)+~(B)*~(C)*E+B*~(C)*E+B*C*E))))") in D:\Anlogic\TD_6.2.1_Engineer_6.2.168.116\arch/al_lmacro.v(2)
HDL-1007 : elaborate module AL_MAP_LUT6(INIT=64'b01000000000000000,EQN="(~F*~E*D*C*B*A)") in D:\Anlogic\TD_6.2.1_Engineer_6.2.168.116\arch/al_lmacro.v(2)
HDL-1007 : elaborate module AL_MAP_LUT5(INIT=32'b01000000000000000,EQN="(~E*D*C*B*A)") in D:\Anlogic\TD_6.2.1_Engineer_6.2.168.116\arch/al_lmacro.v(13)
HDL-5317 WARNING: input port 'b' is not connected on this instance in ../user_source/ip_source/divider/divider_gate.v(2727)
HDL-5317 WARNING: input port 'a' is not connected on this instance in ../user_source/ip_source/divider/divider_gate.v(2809)
HDL-5317 WARNING: input port 'b' is not connected on this instance in ../user_source/ip_source/divider/divider_gate.v(3781)
HDL-5317 WARNING: input port 'a' is not connected on this instance in ../user_source/ip_source/divider/divider_gate.v(3870)
HDL-5317 WARNING: input port 'b' is not connected on this instance in ../user_source/ip_source/divider/divider_gate.v(4852)
HDL-5317 WARNING: input port 'a' is not connected on this instance in ../user_source/ip_source/divider/divider_gate.v(4948)
HDL-5317 WARNING: input port 'b' is not connected on this instance in ../user_source/ip_source/divider/divider_gate.v(5946)
HDL-5317 WARNING: input port 'a' is not connected on this instance in ../user_source/ip_source/divider/divider_gate.v(6049)
HDL-5317 WARNING: input port 'b' is not connected on this instance in ../user_source/ip_source/divider/divider_gate.v(7063)
HDL-5317 WARNING: input port 'a' is not connected on this instance in ../user_source/ip_source/divider/divider_gate.v(7173)
HDL-5317 Similar messages will be suppressed.
HDL-1007 : port 'doa' remains unconnected for this instance in ../user_source/hdl_source/ip/image/signal_delay.v(120)
HDL-1007 : elaborate module signal_delay(IMG_HEIGHT=600,IMG_WIDTH=1024) in ../user_source/hdl_source/ip/image/signal_delay.v(18)
HDL-1007 : elaborate module blk_mem_gen_awb_delay_signal in ../user_source/ip_source/blk_mem_gen_awb_delay_signal/blk_mem_gen_awb_delay_signal.v(10)
HDL-1007 : elaborate module ram_f84573da5ab5(DATA_WIDTH_A=96,ADDR_WIDTH_A=11,DATA_DEPTH_A=2048,DATA_WIDTH_B=96,ADDR_WIDTH_B=11,DATA_DEPTH_B=2048,REGMODE_B="NOREG",WRITEMODE_B="READBEFOREWRITE") in ../user_source/ip_source/blk_mem_gen_awb_delay_signal/ram_f84573da5ab5.v(3)
HDL-1007 : elaborate module PH1P_LOGIC_ERAM(DATA_WIDTH_A=96,DATA_WIDTH_B=96,ADDR_WIDTH_A=11,ADDR_WIDTH_B=11,DATA_DEPTH_A=2048,DATA_DEPTH_B=2048,WRITEMODE_B="READBEFOREWRITE",OREGSET_A="RESET",OREGSET_B="RESET",SSROVERCE="DISABLE",ASYNC_RESET_RELEASE_A="ASYNC",ASYNC_RESET_RELEASE_B="ASYNC",IMPLEMENT="20K(FAST)") in D:\Anlogic\TD_6.2.1_Engineer_6.2.168.116\arch/ph1p_macro.v(22)
HDL-5323 WARNING: input port 'dib[95]' remains unconnected for this instance in ../user_source/hdl_source/ip/image/signal_delay.v(120)
HDL-1007 : elaborate module image_process_stream_96 in ../user_source/hdl_source/ip/image/image_process_stream_96.v(41)
HDL-1007 : extracting RAM for identifier 'gray_line_a' in ../user_source/hdl_source/ip/image/image_process_stream_96.v(86)
HDL-1007 : extracting RAM for identifier 'gray_line_b' in ../user_source/hdl_source/ip/image/image_process_stream_96.v(87)
HDL-1007 : extracting RAM for identifier 'bin_line_a' in ../user_source/hdl_source/ip/image/image_process_stream_96.v(89)
HDL-1007 : extracting RAM for identifier 'bin_line_b' in ../user_source/hdl_source/ip/image/image_process_stream_96.v(90)
HDL-1007 : elaborate module cnn_input_sampler_96 in ../user_source/hdl_source/ip/image/cnn/cnn_input_sampler_96.v(13)
HDL-1007 : elaborate module cnn_input_bram in ../user_source/hdl_source/ip/image/cnn/cnn_input_bram.v(5)
HDL-1007 : elaborate module PH1P_LOGIC_ERAM(DATA_WIDTH_A=8,DATA_WIDTH_B=8,ADDR_WIDTH_A=12,ADDR_WIDTH_B=12,DATA_DEPTH_A=4096,DATA_DEPTH_B=4096,WRITEMODE_B="READBEFOREWRITE",OREGSET_A="RESET",OREGSET_B="RESET",SSROVERCE="DISABLE",ASYNC_RESET_RELEASE_A="ASYNC",ASYNC_RESET_RELEASE_B="ASYNC",IMPLEMENT="20K(FAST)") in D:\Anlogic\TD_6.2.1_Engineer_6.2.168.116\arch/ph1p_macro.v(22)
HDL-1007 : elaborate module cnn_core in ../user_source/hdl_source/ip/image/cnn/cnn_core.v(43)
HDL-1007 : elaborate module cnn_feat_bram in ../user_source/hdl_source/ip/image/cnn/cnn_feat_bram.v(5)
HDL-1007 : elaborate module PH1P_LOGIC_ERAM(DATA_WIDTH_A=64,DATA_WIDTH_B=64,ADDR_WIDTH_B=10,DATA_DEPTH_A=1024,DATA_DEPTH_B=1024,WRITEMODE_B="READBEFOREWRITE",OREGSET_A="RESET",OREGSET_B="RESET",SSROVERCE="DISABLE",ASYNC_RESET_RELEASE_A="ASYNC",ASYNC_RESET_RELEASE_B="ASYNC",IMPLEMENT="20K(FAST)") in D:\Anlogic\TD_6.2.1_Engineer_6.2.168.116\arch/ph1p_macro.v(22)
HDL-1007 : elaborate module cnn_feat_bram(DEPTH=512) in ../user_source/hdl_source/ip/image/cnn/cnn_feat_bram.v(5)
HDL-1007 : elaborate module PH1P_LOGIC_ERAM(DATA_WIDTH_A=64,DATA_WIDTH_B=64,ADDR_WIDTH_A=9,ADDR_WIDTH_B=9,DATA_DEPTH_A=512,DATA_DEPTH_B=512,WRITEMODE_B="READBEFOREWRITE",OREGSET_A="RESET",OREGSET_B="RESET",SSROVERCE="DISABLE",ASYNC_RESET_RELEASE_A="ASYNC",ASYNC_RESET_RELEASE_B="ASYNC",IMPLEMENT="20K(FAST)") in D:\Anlogic\TD_6.2.1_Engineer_6.2.168.116\arch/ph1p_macro.v(22)
HDL-1007 : elaborate module cnn_weight_rom(DEPTH=17321) in ../user_source/hdl_source/ip/image/cnn/cnn_weight_rom.v(104)
HDL-1007 : elaborate module cnn_weight_bank(INIT_FILE="../../../../ip_source/cnn/cnn_weight_bank0.bin") in ../user_source/hdl_source/ip/image/cnn/cnn_weight_rom.v(50)
HDL-1007 : elaborate module PH1P_LOGIC_ERAM(DATA_WIDTH_A=64,DATA_WIDTH_B=64,ADDR_WIDTH_B=10,DATA_DEPTH_A=1024,DATA_DEPTH_B=1024,MODE="SP",OREGSET_A="RESET",OREGSET_B="RESET",SSROVERCE="DISABLE",ASYNC_RESET_RELEASE_A="ASYNC",ASYNC_RESET_RELEASE_B="ASYNC",INIT_FILE="../../../../ip_source/cnn/cnn_weight_bank0.bin",IMPLEMENT="20K(FAST)") in D:\Anlogic\TD_6.2.1_Engineer_6.2.168.116\arch/ph1p_macro.v(22)
HDL-1007 : elaborate module cnn_weight_bank(INIT_FILE="../../../../ip_source/cnn/cnn_weight_bank1.bin") in ../user_source/hdl_source/ip/image/cnn/cnn_weight_rom.v(50)
HDL-1007 : elaborate module PH1P_LOGIC_ERAM(DATA_WIDTH_A=64,DATA_WIDTH_B=64,ADDR_WIDTH_B=10,DATA_DEPTH_A=1024,DATA_DEPTH_B=1024,MODE="SP",OREGSET_A="RESET",OREGSET_B="RESET",SSROVERCE="DISABLE",ASYNC_RESET_RELEASE_A="ASYNC",ASYNC_RESET_RELEASE_B="ASYNC",INIT_FILE="../../../../ip_source/cnn/cnn_weight_bank1.bin",IMPLEMENT="20K(FAST)") in D:\Anlogic\TD_6.2.1_Engineer_6.2.168.116\arch/ph1p_macro.v(22)
HDL-1007 : elaborate module cnn_weight_bank(INIT_FILE="../../../../ip_source/cnn/cnn_weight_bank2.bin") in ../user_source/hdl_source/ip/image/cnn/cnn_weight_rom.v(50)
HDL-1007 : elaborate module PH1P_LOGIC_ERAM(DATA_WIDTH_A=64,DATA_WIDTH_B=64,ADDR_WIDTH_B=10,DATA_DEPTH_A=1024,DATA_DEPTH_B=1024,MODE="SP",OREGSET_A="RESET",OREGSET_B="RESET",SSROVERCE="DISABLE",ASYNC_RESET_RELEASE_A="ASYNC",ASYNC_RESET_RELEASE_B="ASYNC",INIT_FILE="../../../../ip_source/cnn/cnn_weight_bank2.bin",IMPLEMENT="20K(FAST)") in D:\Anlogic\TD_6.2.1_Engineer_6.2.168.116\arch/ph1p_macro.v(22)
HDL-1007 : elaborate module cnn_weight_bank(INIT_FILE="../../../../ip_source/cnn/cnn_weight_bank3.bin") in ../user_source/hdl_source/ip/image/cnn/cnn_weight_rom.v(50)
HDL-1007 : elaborate module PH1P_LOGIC_ERAM(DATA_WIDTH_A=64,DATA_WIDTH_B=64,ADDR_WIDTH_B=10,DATA_DEPTH_A=1024,DATA_DEPTH_B=1024,MODE="SP",OREGSET_A="RESET",OREGSET_B="RESET",SSROVERCE="DISABLE",ASYNC_RESET_RELEASE_A="ASYNC",ASYNC_RESET_RELEASE_B="ASYNC",INIT_FILE="../../../../ip_source/cnn/cnn_weight_bank3.bin",IMPLEMENT="20K(FAST)") in D:\Anlogic\TD_6.2.1_Engineer_6.2.168.116\arch/ph1p_macro.v(22)
HDL-1007 : elaborate module cnn_weight_bank(INIT_FILE="../../../../ip_source/cnn/cnn_weight_bank4.bin") in ../user_source/hdl_source/ip/image/cnn/cnn_weight_rom.v(50)
HDL-1007 : elaborate module PH1P_LOGIC_ERAM(DATA_WIDTH_A=64,DATA_WIDTH_B=64,ADDR_WIDTH_B=10,DATA_DEPTH_A=1024,DATA_DEPTH_B=1024,MODE="SP",OREGSET_A="RESET",OREGSET_B="RESET",SSROVERCE="DISABLE",ASYNC_RESET_RELEASE_A="ASYNC",ASYNC_RESET_RELEASE_B="ASYNC",INIT_FILE="../../../../ip_source/cnn/cnn_weight_bank4.bin",IMPLEMENT="20K(FAST)") in D:\Anlogic\TD_6.2.1_Engineer_6.2.168.116\arch/ph1p_macro.v(22)
HDL-1007 : elaborate module cnn_weight_bank(INIT_FILE="../../../../ip_source/cnn/cnn_weight_bank5.bin") in ../user_source/hdl_source/ip/image/cnn/cnn_weight_rom.v(50)
HDL-1007 : elaborate module PH1P_LOGIC_ERAM(DATA_WIDTH_A=64,DATA_WIDTH_B=64,ADDR_WIDTH_B=10,DATA_DEPTH_A=1024,DATA_DEPTH_B=1024,MODE="SP",OREGSET_A="RESET",OREGSET_B="RESET",SSROVERCE="DISABLE",ASYNC_RESET_RELEASE_A="ASYNC",ASYNC_RESET_RELEASE_B="ASYNC",INIT_FILE="../../../../ip_source/cnn/cnn_weight_bank5.bin",IMPLEMENT="20K(FAST)") in D:\Anlogic\TD_6.2.1_Engineer_6.2.168.116\arch/ph1p_macro.v(22)
HDL-1007 : elaborate module cnn_weight_bank(INIT_FILE="../../../../ip_source/cnn/cnn_weight_bank6.bin") in ../user_source/hdl_source/ip/image/cnn/cnn_weight_rom.v(50)
HDL-1007 : elaborate module PH1P_LOGIC_ERAM(DATA_WIDTH_A=64,DATA_WIDTH_B=64,ADDR_WIDTH_B=10,DATA_DEPTH_A=1024,DATA_DEPTH_B=1024,MODE="SP",OREGSET_A="RESET",OREGSET_B="RESET",SSROVERCE="DISABLE",ASYNC_RESET_RELEASE_A="ASYNC",ASYNC_RESET_RELEASE_B="ASYNC",INIT_FILE="../../../../ip_source/cnn/cnn_weight_bank6.bin",IMPLEMENT="20K(FAST)") in D:\Anlogic\TD_6.2.1_Engineer_6.2.168.116\arch/ph1p_macro.v(22)
HDL-1007 : elaborate module cnn_weight_bank(INIT_FILE="../../../../ip_source/cnn/cnn_weight_bank7.bin") in ../user_source/hdl_source/ip/image/cnn/cnn_weight_rom.v(50)
HDL-1007 : elaborate module PH1P_LOGIC_ERAM(DATA_WIDTH_A=64,DATA_WIDTH_B=64,ADDR_WIDTH_B=10,DATA_DEPTH_A=1024,DATA_DEPTH_B=1024,MODE="SP",OREGSET_A="RESET",OREGSET_B="RESET",SSROVERCE="DISABLE",ASYNC_RESET_RELEASE_A="ASYNC",ASYNC_RESET_RELEASE_B="ASYNC",INIT_FILE="../../../../ip_source/cnn/cnn_weight_bank7.bin",IMPLEMENT="20K(FAST)") in D:\Anlogic\TD_6.2.1_Engineer_6.2.168.116\arch/ph1p_macro.v(22)
HDL-1007 : elaborate module cnn_weight_bank(INIT_FILE="../../../../ip_source/cnn/cnn_weight_bank8.bin") in ../user_source/hdl_source/ip/image/cnn/cnn_weight_rom.v(50)
HDL-1007 : elaborate module PH1P_LOGIC_ERAM(DATA_WIDTH_A=64,DATA_WIDTH_B=64,ADDR_WIDTH_B=10,DATA_DEPTH_A=1024,DATA_DEPTH_B=1024,MODE="SP",OREGSET_A="RESET",OREGSET_B="RESET",SSROVERCE="DISABLE",ASYNC_RESET_RELEASE_A="ASYNC",ASYNC_RESET_RELEASE_B="ASYNC",INIT_FILE="../../../../ip_source/cnn/cnn_weight_bank8.bin",IMPLEMENT="20K(FAST)") in D:\Anlogic\TD_6.2.1_Engineer_6.2.168.116\arch/ph1p_macro.v(22)
HDL-1007 : elaborate module cnn_weight_bank(INIT_FILE="../../../../ip_source/cnn/cnn_weight_bank9.bin") in ../user_source/hdl_source/ip/image/cnn/cnn_weight_rom.v(50)
HDL-1007 : elaborate module PH1P_LOGIC_ERAM(DATA_WIDTH_A=64,DATA_WIDTH_B=64,ADDR_WIDTH_B=10,DATA_DEPTH_A=1024,DATA_DEPTH_B=1024,MODE="SP",OREGSET_A="RESET",OREGSET_B="RESET",SSROVERCE="DISABLE",ASYNC_RESET_RELEASE_A="ASYNC",ASYNC_RESET_RELEASE_B="ASYNC",INIT_FILE="../../../../ip_source/cnn/cnn_weight_bank9.bin",IMPLEMENT="20K(FAST)") in D:\Anlogic\TD_6.2.1_Engineer_6.2.168.116\arch/ph1p_macro.v(22)
HDL-1007 : elaborate module cnn_weight_bank(INIT_FILE="../../../../ip_source/cnn/cnn_weight_bank10.bin") in ../user_source/hdl_source/ip/image/cnn/cnn_weight_rom.v(50)
HDL-1007 : elaborate module PH1P_LOGIC_ERAM(DATA_WIDTH_A=64,DATA_WIDTH_B=64,ADDR_WIDTH_B=10,DATA_DEPTH_A=1024,DATA_DEPTH_B=1024,MODE="SP",OREGSET_A="RESET",OREGSET_B="RESET",SSROVERCE="DISABLE",ASYNC_RESET_RELEASE_A="ASYNC",ASYNC_RESET_RELEASE_B="ASYNC",INIT_FILE="../../../../ip_source/cnn/cnn_weight_bank10.bin",IMPLEMENT="20K(FAST)") in D:\Anlogic\TD_6.2.1_Engineer_6.2.168.116\arch/ph1p_macro.v(22)
HDL-1007 : elaborate module cnn_weight_bank(INIT_FILE="../../../../ip_source/cnn/cnn_weight_bank11.bin") in ../user_source/hdl_source/ip/image/cnn/cnn_weight_rom.v(50)
HDL-1007 : elaborate module PH1P_LOGIC_ERAM(DATA_WIDTH_A=64,DATA_WIDTH_B=64,ADDR_WIDTH_B=10,DATA_DEPTH_A=1024,DATA_DEPTH_B=1024,MODE="SP",OREGSET_A="RESET",OREGSET_B="RESET",SSROVERCE="DISABLE",ASYNC_RESET_RELEASE_A="ASYNC",ASYNC_RESET_RELEASE_B="ASYNC",INIT_FILE="../../../../ip_source/cnn/cnn_weight_bank11.bin",IMPLEMENT="20K(FAST)") in D:\Anlogic\TD_6.2.1_Engineer_6.2.168.116\arch/ph1p_macro.v(22)
HDL-1007 : elaborate module cnn_weight_bank(INIT_FILE="../../../../ip_source/cnn/cnn_weight_bank12.bin") in ../user_source/hdl_source/ip/image/cnn/cnn_weight_rom.v(50)
HDL-1007 : elaborate module PH1P_LOGIC_ERAM(DATA_WIDTH_A=64,DATA_WIDTH_B=64,ADDR_WIDTH_B=10,DATA_DEPTH_A=1024,DATA_DEPTH_B=1024,MODE="SP",OREGSET_A="RESET",OREGSET_B="RESET",SSROVERCE="DISABLE",ASYNC_RESET_RELEASE_A="ASYNC",ASYNC_RESET_RELEASE_B="ASYNC",INIT_FILE="../../../../ip_source/cnn/cnn_weight_bank12.bin",IMPLEMENT="20K(FAST)") in D:\Anlogic\TD_6.2.1_Engineer_6.2.168.116\arch/ph1p_macro.v(22)
HDL-1007 : elaborate module cnn_weight_bank(INIT_FILE="../../../../ip_source/cnn/cnn_weight_bank13.bin") in ../user_source/hdl_source/ip/image/cnn/cnn_weight_rom.v(50)
HDL-1007 : elaborate module PH1P_LOGIC_ERAM(DATA_WIDTH_A=64,DATA_WIDTH_B=64,ADDR_WIDTH_B=10,DATA_DEPTH_A=1024,DATA_DEPTH_B=1024,MODE="SP",OREGSET_A="RESET",OREGSET_B="RESET",SSROVERCE="DISABLE",ASYNC_RESET_RELEASE_A="ASYNC",ASYNC_RESET_RELEASE_B="ASYNC",INIT_FILE="../../../../ip_source/cnn/cnn_weight_bank13.bin",IMPLEMENT="20K(FAST)") in D:\Anlogic\TD_6.2.1_Engineer_6.2.168.116\arch/ph1p_macro.v(22)
HDL-1007 : elaborate module cnn_weight_bank(INIT_FILE="../../../../ip_source/cnn/cnn_weight_bank14.bin") in ../user_source/hdl_source/ip/image/cnn/cnn_weight_rom.v(50)
HDL-1007 : elaborate module PH1P_LOGIC_ERAM(DATA_WIDTH_A=64,DATA_WIDTH_B=64,ADDR_WIDTH_B=10,DATA_DEPTH_A=1024,DATA_DEPTH_B=1024,MODE="SP",OREGSET_A="RESET",OREGSET_B="RESET",SSROVERCE="DISABLE",ASYNC_RESET_RELEASE_A="ASYNC",ASYNC_RESET_RELEASE_B="ASYNC",INIT_FILE="../../../../ip_source/cnn/cnn_weight_bank14.bin",IMPLEMENT="20K(FAST)") in D:\Anlogic\TD_6.2.1_Engineer_6.2.168.116\arch/ph1p_macro.v(22)
HDL-1007 : elaborate module cnn_weight_bank(INIT_FILE="../../../../ip_source/cnn/cnn_weight_bank15.bin") in ../user_source/hdl_source/ip/image/cnn/cnn_weight_rom.v(50)
HDL-1007 : elaborate module PH1P_LOGIC_ERAM(DATA_WIDTH_A=64,DATA_WIDTH_B=64,ADDR_WIDTH_B=10,DATA_DEPTH_A=1024,DATA_DEPTH_B=1024,MODE="SP",OREGSET_A="RESET",OREGSET_B="RESET",SSROVERCE="DISABLE",ASYNC_RESET_RELEASE_A="ASYNC",ASYNC_RESET_RELEASE_B="ASYNC",INIT_FILE="../../../../ip_source/cnn/cnn_weight_bank15.bin",IMPLEMENT="20K(FAST)") in D:\Anlogic\TD_6.2.1_Engineer_6.2.168.116\arch/ph1p_macro.v(22)
HDL-1007 : elaborate module cnn_weight_bank(INIT_FILE="../../../../ip_source/cnn/cnn_weight_bank16.bin") in ../user_source/hdl_source/ip/image/cnn/cnn_weight_rom.v(50)
HDL-1007 : elaborate module PH1P_LOGIC_ERAM(DATA_WIDTH_A=64,DATA_WIDTH_B=64,ADDR_WIDTH_B=10,DATA_DEPTH_A=1024,DATA_DEPTH_B=1024,MODE="SP",OREGSET_A="RESET",OREGSET_B="RESET",SSROVERCE="DISABLE",ASYNC_RESET_RELEASE_A="ASYNC",ASYNC_RESET_RELEASE_B="ASYNC",INIT_FILE="../../../../ip_source/cnn/cnn_weight_bank16.bin",IMPLEMENT="20K(FAST)") in D:\Anlogic\TD_6.2.1_Engineer_6.2.168.116\arch/ph1p_macro.v(22)
HDL-1007 : elaborate module data_96bit_to_128bit in ../user_source/hdl_source/ip/image/data96_128/data96_128.v(40)
HDL-1007 : elaborate module video_in in ../user_source/hdl_source/ip/video/video_in.v(3)
HDL-1007 : elaborate module w128_d512_fifo in ../user_source/ip_source/w128_d512_fifo/w128_d512_fifo.v(2)
HDL-1007 : port 'doa' remains unconnected for this instance in ../user_source/ip_source/w128_d512_fifo/soft_fifo_al_4057d6b76aa6.v(216)
HDL-1007 : port 'dib' remains unconnected for this instance in ../user_source/ip_source/w128_d512_fifo/soft_fifo_al_4057d6b76aa6.v(216)
HDL-1007 : elaborate module soft_fifo_al_4057d6b76aa6(DATA_WIDTH_W=128,DATA_WIDTH_R=128,ADDR_WIDTH_W=9,ADDR_WIDTH_R=9,AL_FULL_NUM=253,AL_EMPTY_NUM=2,SHOW_AHEAD_EN=0) in ../user_source/ip_source/w128_d512_fifo/soft_fifo_al_4057d6b76aa6.v(3)
HDL-1007 : elaborate module fifo_cross_domain_addr_process_al_4057d6b76aa6 in ../user_source/ip_source/w128_d512_fifo/soft_fifo_al_4057d6b76aa6.v(240)
HDL-1007 : elaborate module ram_infer_4057d6b76aa6(DATAWIDTH_A=128,ADDRWIDTH_A=9,DATAWIDTH_B=128,ADDRWIDTH_B=9) in ../user_source/ip_source/w128_d512_fifo/soft_fifo_al_4057d6b76aa6.v(323)
HDL-1007 : extracting RAM for identifier 'memory' in ../user_source/ip_source/w128_d512_fifo/soft_fifo_al_4057d6b76aa6.v(388)
HDL-5007 WARNING: actual bit length 32 differs from formal bit length 1 for port 'ceb' in ../user_source/ip_source/w128_d512_fifo/soft_fifo_al_4057d6b76aa6.v(230)
HDL-5007 WARNING: actual bit length 32 differs from formal bit length 9 for port 'addrb' in ../user_source/ip_source/w128_d512_fifo/soft_fifo_al_4057d6b76aa6.v(233)
HDL-5317 WARNING: input port 'dib[127]' is not connected on this instance in ../user_source/ip_source/w128_d512_fifo/soft_fifo_al_4057d6b76aa6.v(221)
HDL-1007 : elaborate module video_out in ../user_source/hdl_source/ip/video/video_out.v(4)
HDL-1007 : elaborate module mc_to_user_interface in ../user_source/hdl_source/ip/memory/mc_to_user_interface.v(3)
HDL-1007 : elaborate module w155_d512_fifo in ../user_source/ip_source/w155_d512_fifo/w155_d512_fifo.v(2)
HDL-1007 : port 'doa' remains unconnected for this instance in ../user_source/ip_source/w155_d512_fifo/soft_fifo_al_f58e8b3e1f3d.v(194)
HDL-1007 : port 'dib' remains unconnected for this instance in ../user_source/ip_source/w155_d512_fifo/soft_fifo_al_f58e8b3e1f3d.v(194)
HDL-1007 : elaborate module soft_fifo_al_f58e8b3e1f3d(DATA_WIDTH_W=155,DATA_WIDTH_R=155,ADDR_WIDTH_W=9,ADDR_WIDTH_R=9,AL_FULL_NUM=500,AL_EMPTY_NUM=2,SHOW_AHEAD_EN=1) in ../user_source/ip_source/w155_d512_fifo/soft_fifo_al_f58e8b3e1f3d.v(3)
HDL-1007 : elaborate module ram_infer_f58e8b3e1f3d(DATAWIDTH_A=155,ADDRWIDTH_A=9,DATAWIDTH_B=155,ADDRWIDTH_B=9) in ../user_source/ip_source/w155_d512_fifo/soft_fifo_al_f58e8b3e1f3d.v(220)
HDL-1007 : extracting RAM for identifier 'memory' in ../user_source/ip_source/w155_d512_fifo/soft_fifo_al_f58e8b3e1f3d.v(285)
HDL-5007 WARNING: actual bit length 32 differs from formal bit length 1 for port 'cea' in ../user_source/ip_source/w155_d512_fifo/soft_fifo_al_f58e8b3e1f3d.v(203)
HDL-5007 WARNING: actual bit length 32 differs from formal bit length 1 for port 'ocea' in ../user_source/ip_source/w155_d512_fifo/soft_fifo_al_f58e8b3e1f3d.v(205)
HDL-5007 WARNING: actual bit length 32 differs from formal bit length 1 for port 'ceb' in ../user_source/ip_source/w155_d512_fifo/soft_fifo_al_f58e8b3e1f3d.v(210)
HDL-5007 WARNING: actual bit length 32 differs from formal bit length 1 for port 'web' in ../user_source/ip_source/w155_d512_fifo/soft_fifo_al_f58e8b3e1f3d.v(211)
HDL-5007 WARNING: actual bit length 32 differs from formal bit length 9 for port 'addrb' in ../user_source/ip_source/w155_d512_fifo/soft_fifo_al_f58e8b3e1f3d.v(213)
HDL-5317 WARNING: input port 'dib[154]' is not connected on this instance in ../user_source/ip_source/w155_d512_fifo/soft_fifo_al_f58e8b3e1f3d.v(201)
HDL-5007 WARNING: actual bit length 16 differs from formal bit length 32 for port 'O_mc_app_wdf_mask' in ../user_source/hdl_source/design_top_wrapper.v(848)
HDL-1007 : port 'apb_pready' remains unconnected for this instance in ../user_source/hdl_source/ip/memory/ph1p35_ddr/ph1p35_324_ddr_wrapper.v(78)
HDL-1007 : port 'apb_prdata' remains unconnected for this instance in ../user_source/hdl_source/ip/memory/ph1p35_ddr/ph1p35_324_ddr_wrapper.v(78)
HDL-1007 : port 'cfg_rst_n' remains unconnected for this instance in ../user_source/hdl_source/ip/memory/ph1p35_ddr/ph1p35_324_ddr_wrapper.v(78)
HDL-1007 : elaborate module ph1p35_324_ddr_wrapper in ../user_source/hdl_source/ip/memory/ph1p35_ddr/ph1p35_324_ddr_wrapper.v(2)
HDL-1007 : elaborate module ddr2 in ../user_source/hdl_source/ip/memory/ph1p35_ddr/ddr2/ddr2.v(10)
HDL-1007 : elaborate module ph1p_ddrmc_wrapper_63f4ac254419(HOST_AC_DRV="75",HOST_DX_DRV="75",HOST_DX_ODT="75",DRAM_DRV="0",DRAM_ODT="75",CL=7,CAL_EN=0,PLL0_REFCLK_FREQ=100.0,PLL0_REFCLK_DIV=3,PLL0_FBKCLK_DIV=32,PLL0_CLK2_DIV=2,PLL0_CLK3_DIV=21,PLL1_REFCLK_FREQ=133.3,PLL1_REFCLK_DIV=4,MC_ADDR_MAP="ROW_COL_BANK",MC_REORDER="NORMAL",MC_ADDR_WIDTH=25,MC_DATA_WIDTH=128,MC_MASK_WIDTH=16,AXI_ADDR_WIDTH=26,AXI_DATA_WIDTH=128,AXI_MASK_WIDTH=16) in ../user_source/hdl_source/ip/memory/ph1p35_ddr/ddr2/ph1p_ddrmc_wrapper_63f4ac254419.v(14)
HDL-1007 : port 'dhi_cmd_err' remains unconnected for this instance in ../user_source/hdl_source/ip/memory/ph1p35_ddr/ddr2/src/rtl/top/ph1p_ddrmc_top.v(163)
HDL-1007 : elaborate module ph1p_ddrmc_top(HOST_AC_DRV="75",HOST_DX_DRV="75",HOST_DX_ODT="75",DRAM_DRV="0",DRAM_ODT="75",CL=7,CAL_EN=0,PLL0_REFCLK_FREQ=100.0,PLL0_REFCLK_DIV=3,PLL0_FBKCLK_DIV=32,PLL0_CLK2_DIV=2,PLL0_CLK3_DIV=21,PLL1_REFCLK_FREQ=133.3,PLL1_REFCLK_DIV=4,MC_ADDR_MAP="ROW_COL_BANK",MC_REORDER="NORMAL",MC_ADDR_WIDTH=25,MC_DATA_WIDTH=128,MC_MASK_WIDTH=16) in ../user_source/hdl_source/ip/memory/ph1p35_ddr/ddr2/src/rtl/top/ph1p_ddrmc_top.v(8)
HDL-1007 : port 'dly_cur_wdq' remains unconnected for this instance in ../user_source/hdl_source/ip/memory/ph1p35_ddr/ddr2/src/rtl/phy/ph1p_ddrphy_wrapper.v(478)
HDL-1007 : port 'dly_cur_rdqsp' remains unconnected for this instance in ../user_source/hdl_source/ip/memory/ph1p35_ddr/ddr2/src/rtl/phy/ph1p_ddrphy_wrapper.v(478)
HDL-1007 : port 'dly_cur_rdqsn' remains unconnected for this instance in ../user_source/hdl_source/ip/memory/ph1p35_ddr/ddr2/src/rtl/phy/ph1p_ddrphy_wrapper.v(478)
HDL-1007 : elaborate module ph1p_ddrphy_wrapper(tCK=1876,DX_NUM=2,BG_WIDTH=0,BA_WIDTH=2,ROW_WIDTH=13,ADR_WIDTH=13,HOST_AC_DRV="75",HOST_DX_DRV="75",HOST_DX_ODT="75",DRAM_DRV="0",DRAM_ODT="75",CWL=6,CL=7,WDM=1,CAL_EN=0,PLL0_REFCLK_FREQ=100.0,PLL0_REFCLK_DIV=3,PLL0_FBKCLK_DIV=32,PLL0_CLK2_DIV=2,PLL0_CLK3_DIV=21,PLL1_REFCLK_FREQ=133.3,PLL1_REFCLK_DIV=4) in ../user_source/hdl_source/ip/memory/ph1p35_ddr/ddr2/src/rtl/phy/ph1p_ddrphy_wrapper.v(4)
HDL-1007 : elaborate module ph1p_ddrphy_dram_init(tCK=1876,CL=7,RTT_NOM="75") in ../user_source/hdl_source/ip/memory/ph1p35_ddr/ddr2/src/rtl/init/ph1p_ddrphy_dram_init_ddr2.v(4)
HDL-1007 : port 'rst_sync' remains unconnected for this instance in ../user_source/hdl_source/ip/memory/ph1p35_ddr/ddr2/src/rtl/phy/ph1p_ddrphy_top.v(337)
HDL-1007 : port 'dhi_bg' remains unconnected for this instance in ../user_source/hdl_source/ip/memory/ph1p35_ddr/ddr2/src/rtl/phy/ph1p_ddrphy_top.v(644)
HDL-1007 : elaborate module ph1p_ddrphy_top(DX_NUM=2,BG_WIDTH=0,BA_WIDTH=2,ROW_WIDTH=13,ADR_WIDTH=13,AC_DRV="75",DX_DRV="75",DX_ODT="75",CWL=6,CL=7,PLL0_REFCLK_FREQ=100.0,PLL0_REFCLK_DIV=3,PLL0_FBKCLK_DIV=32,PLL0_CLK2_DIV=2,PLL0_CLK3_DIV=21,PLL1_REFCLK_FREQ=133.3,PLL1_REFCLK_DIV=4,DDRPHY_ROM_LEN=45,DDRPHY_ROM_INIT="ddrphy_cfg_rom.txt") in ../user_source/hdl_source/ip/memory/ph1p35_ddr/ddr2/src/rtl/phy/ph1p_ddrphy_top.v(3)
HDL-1007 : elaborate module ph1p_ddrphy_clk_top(PLL0_REFCLK_FREQ=100.0,PLL0_REFCLK_DIV=3,PLL0_FBKCLK_DIV=32,PLL0_CLK2_DIV=2,PLL0_CLK3_DIV=21,PLL1_REFCLK_FREQ=133.3,PLL1_REFCLK_DIV=4) in ../user_source/hdl_source/ip/memory/ph1p35_ddr/ddr2/src/rtl/clk/ph1p_ddrphy_clk_top.v(4)
HDL-1007 : port 'clkcb' remains unconnected for this instance in ../user_source/hdl_source/ip/memory/ph1p35_ddr/ddr2/src/rtl/clk/ph1p_ddrphy_pll0.v(85)
HDL-1007 : elaborate module ph1p_ddrphy_pll0(REFCLK_FREQ=100.0,FBKCLK_DIV=32,CLK2_DIV=2,CLK3_DIV=21) in ../user_source/hdl_source/ip/memory/ph1p35_ddr/ddr2/src/rtl/clk/ph1p_ddrphy_pll0.v(9)
HDL-1007 : elaborate module PH1P_PHY_PLL_V2(FBKCLK="VCO_PHASE0",FIN=100.0,REFCLK_DIV=3,FBCLK_DIV=32,CLKC0_CPHASE=7,CLKC1_CPHASE=7,CLKC2_CPHASE=1,CLKC3_CPHASE=20,CLKC0_DIV=8,CLKC1_DIV=8,CLKC2_DIV=2,CLKC3_DIV=21,CLKC0_DUTY_INT=4,CLKC1_DUTY_INT=4,CLKC3_DUTY_INT=11,CLKC0_ENABLE="ENABLE",CLKC1_ENABLE="ENABLE",CLKC2_ENABLE="ENABLE",CLKC3_ENABLE="ENABLE",LPF_CAP=0,ICP_CUR=0,FEEDBK_MODE="NOCOMP") in D:\Anlogic\TD_6.2.1_Engineer_6.2.168.116\arch/ph1p_macro.v(1091)
HDL-1007 : port 'clkcb' remains unconnected for this instance in ../user_source/hdl_source/ip/memory/ph1p35_ddr/ddr2/src/rtl/clk/ph1p_ddrphy_pll1.v(75)
HDL-1007 : elaborate module ph1p_ddrphy_pll1(REFCLK_FREQ=133.3,REFCLK_DIV=4) in ../user_source/hdl_source/ip/memory/ph1p35_ddr/ddr2/src/rtl/clk/ph1p_ddrphy_pll1.v(6)
HDL-1007 : elaborate module PH1P_PHY_PLL_V2(FBKCLK_INT="CLKC0_EXT",FIN=133.3,REFCLK_DIV=4,FBCLK_DIV=4,CLKC0_CPHASE=11,CLKC0_DIV=12,CLKC0_DUTY_INT=6,CLKC0_ENABLE="ENABLE",PLL_FEED_TYPE="EXTERNAL",PLL_FASTLOOP="ENABLE",LPF_RES=0,LPF_CAP=25,ICP_CUR=29) in D:\Anlogic\TD_6.2.1_Engineer_6.2.168.116\arch/ph1p_macro.v(1091)
HDL-1007 : elaborate module PH1P_PHY_MLCLK in D:\Anlogic\TD_6.2.1_Engineer_6.2.168.116\arch/ph1p_macro.v(3220)
HDL-1007 : elaborate module PH1P_PHY_IOCLK in D:\Anlogic\TD_6.2.1_Engineer_6.2.168.116\arch/ph1p_macro.v(896)
HDL-1007 : elaborate module ph1p_ddrphy_sync_rst_gen in ../user_source/hdl_source/ip/memory/ph1p35_ddr/ddr2/src/rtl/misc/ph1p_ddrphy_sync_rst_gen.v(3)
HDL-1007 : elaborate module ph1p_ddrphy_init(ROM_LEN=45,ROM_INIT="ddrphy_cfg_rom.txt") in ../user_source/hdl_source/ip/memory/ph1p35_ddr/ddr2/src/rtl/phy/ph1p_ddrphy_init.v(4)
HDL-1007 : extracting RAM for identifier 'rom_w52' in ../user_source/hdl_source/ip/memory/ph1p35_ddr/ddr2/src/rtl/phy/ph1p_ddrphy_init.v(36)
HDL-1007 : readmemh: reading from file 'ddrphy_cfg_rom.txt' in ../user_source/hdl_source/ip/memory/ph1p35_ddr/ddr2/src/rtl/phy/ph1p_ddrphy_init.v(53)
HDL-5314 WARNING: net 'rom_w52' does not have a driver in ../user_source/hdl_source/ip/memory/ph1p35_ddr/ddr2/src/rtl/phy/ph1p_ddrphy_init.v(36)
HDL-1007 : elaborate module ph1p_ddrphy_mdl_cal_wrapper in ../user_source/hdl_source/ip/memory/ph1p35_ddr/ddr2/src/rtl/phy/ph1p_ddrphy_mdl_cal_wrapper.v(3)
HDL-1007 : elaborate module ph1p_ddrphy_mdl_cal in ../user_source/hdl_source/ip/memory/ph1p35_ddr/ddr2/src/rtl/phy/ph1p_ddrphy_mdl_cal.v(12)
HDL-1007 : elaborate module ph1p_ddrphy_fast_init_wrapper in ../user_source/hdl_source/ip/memory/ph1p35_ddr/ddr2/src/rtl/phy/ph1p_ddrphy_fast_init_wrapper.v(8)
HDL-1007 : elaborate module ph1p_ddrphy_fast_init in ../user_source/hdl_source/ip/memory/ph1p35_ddr/ddr2/src/rtl/phy/ph1p_ddrphy_fast_init.v(12)
HDL-5314 WARNING: net 'usr_vld[8]' does not have a driver in ../user_source/hdl_source/ip/memory/ph1p35_ddr/ddr2/src/rtl/phy/ph1p_ddrphy_fast_init_wrapper.v(132)
HDL-5314 WARNING: net 'init_gate[80]' does not have a driver in ../user_source/hdl_source/ip/memory/ph1p35_ddr/ddr2/src/rtl/phy/ph1p_ddrphy_fast_init_wrapper.v(134)
HDL-5314 WARNING: net 'init_wdqs[80]' does not have a driver in ../user_source/hdl_source/ip/memory/ph1p35_ddr/ddr2/src/rtl/phy/ph1p_ddrphy_fast_init_wrapper.v(135)
HDL-5314 WARNING: net 'init_wdq[80]' does not have a driver in ../user_source/hdl_source/ip/memory/ph1p35_ddr/ddr2/src/rtl/phy/ph1p_ddrphy_fast_init_wrapper.v(136)
HDL-5314 WARNING: net 'init_rdqsp[80]' does not have a driver in ../user_source/hdl_source/ip/memory/ph1p35_ddr/ddr2/src/rtl/phy/ph1p_ddrphy_fast_init_wrapper.v(137)
HDL-5314 WARNING: net 'init_rdqsn[80]' does not have a driver in ../user_source/hdl_source/ip/memory/ph1p35_ddr/ddr2/src/rtl/phy/ph1p_ddrphy_fast_init_wrapper.v(138)
HDL-5314 WARNING: net 'init_wsl[35]' does not have a driver in ../user_source/hdl_source/ip/memory/ph1p35_ddr/ddr2/src/rtl/phy/ph1p_ddrphy_fast_init_wrapper.v(139)
HDL-5314 WARNING: net 'init_rsl[35]' does not have a driver in ../user_source/hdl_source/ip/memory/ph1p35_ddr/ddr2/src/rtl/phy/ph1p_ddrphy_fast_init_wrapper.v(140)
HDL-1007 : elaborate module ph1p_ddrphy_dcu_wrapper in ../user_source/hdl_source/ip/memory/ph1p35_ddr/ddr2/src/rtl/phy/ph1p_ddrphy_dcu_wrapper.v(4)
HDL-1007 : elaborate module ph1p_ddrphy_dcu in ../user_source/hdl_source/ip/memory/ph1p35_ddr/ddr2/src/rtl/phy/ph1p_ddrphy_dcu.v(14)
HDL-5314 WARNING: net 'lcdl_mdl_r[8]' does not have a driver in ../user_source/hdl_source/ip/memory/ph1p35_ddr/ddr2/src/rtl/phy/ph1p_ddrphy_dcu.v(94)
HDL-1007 : elaborate module ph1p_ddrphy_cmd_wrapper(ROW_WIDTH=13,ADR_WIDTH=13,BA_WIDTH=2,CWL=6,CL=7) in ../user_source/hdl_source/ip/memory/ph1p35_ddr/ddr2/src/rtl/phy/ph1p_ddrphy_cmd_wrapper.v(3)
HDL-1007 : elaborate module ph1p_ddrphy_cmd_execution(ADR_WIDTH=13,ROW_WIDTH=13,BA_WIDTH=2) in ../user_source/hdl_source/ip/memory/ph1p35_ddr/ddr2/src/rtl/phy/ph1p_ddrphy_cmd_execution.v(3)
HDL-1007 : elaborate module ph1p_ddrphy_cmd_decode(ROW_WIDTH=13,ADR_WIDTH=13,BA_WIDTH=2) in ../user_source/hdl_source/ip/memory/ph1p35_ddr/ddr2/src/rtl/phy/ph1p_ddrphy_cmd_decode.v(3)
HDL-1007 : elaborate module ph1p_ddrphy_wphase_ctl(CWL=6) in ../user_source/hdl_source/ip/memory/ph1p35_ddr/ddr2/src/rtl/phy/ph1p_ddrphy_wphase_ctl.v(6)
HDL-1007 : elaborate module ph1p_ddrphy_rphase_ctl(CL=7) in ../user_source/hdl_source/ip/memory/ph1p35_ddr/ddr2/src/rtl/phy/ph1p_ddrphy_rphase_ctl.v(6)
HDL-5007 WARNING: actual bit length 1 differs from formal bit length 2 for port 'dhi_wdata_en' in ../user_source/hdl_source/ip/memory/ph1p35_ddr/ddr2/src/rtl/phy/ph1p_ddrphy_top.v(605)
HDL-1007 : elaborate module ph1p_ddrphy(DX_NUM=2,BA_WIDTH=2,ADR_WIDTH=13,AC_DRV="75",DX_DRV="75",DX_ODT="75") in ../user_source/hdl_source/ip/memory/ph1p35_ddr/ddr2/src/rtl/phy/ph1p_ddrphy.v(3)
HDL-1007 : elaborate module PH1P_PHY_DDRPHY_BANKREF(VCCIO="1V50",BYTE0_MODE="IN",BYTE1_MODE="IN",BYTE2_MODE="IN",BYTE3_MODE="IN") in D:\Anlogic\TD_6.2.1_Engineer_6.2.168.116\arch/ph1p_macro.v(1659)
HDL-1007 : port 'dx_rfifo_empty' remains unconnected for this instance in ../user_source/hdl_source/ip/memory/ph1p35_ddr/ddr2/src/rtl/phy/ph1p_ddrphy_byte_wrapper.v(165)
HDL-1007 : port 'phy_osc_en' remains unconnected for this instance in ../user_source/hdl_source/ip/memory/ph1p35_ddr/ddr2/src/rtl/phy/ph1p_ddrphy_byte_wrapper.v(165)
HDL-1007 : port 'phy_test_mode' remains unconnected for this instance in ../user_source/hdl_source/ip/memory/ph1p35_ddr/ddr2/src/rtl/phy/ph1p_ddrphy_byte_wrapper.v(165)
HDL-1007 : port 'phy_lb_en' remains unconnected for this instance in ../user_source/hdl_source/ip/memory/ph1p35_ddr/ddr2/src/rtl/phy/ph1p_ddrphy_byte_wrapper.v(165)
HDL-1007 : port 'phy_lb_ck_sel' remains unconnected for this instance in ../user_source/hdl_source/ip/memory/ph1p35_ddr/ddr2/src/rtl/phy/ph1p_ddrphy_byte_wrapper.v(165)
HDL-1007 : elaborate module ph1p_ddrphy_byte_wrapper(BYTE_TYPE="AC",PAD_TYPE=52'b1111000000000000000011111111111100001111111111111111) in ../user_source/hdl_source/ip/memory/ph1p35_ddr/ddr2/src/rtl/phy/ph1p_ddrphy_byte_wrapper.v(11)
HDL-1007 : elaborate module PH1P_PHY_DDRPHY_BYTE(BYTE_TYPE="AC",DCC_EN="ENABLE") in D:\Anlogic\TD_6.2.1_Engineer_6.2.168.116\arch/ph1p_macro.v(7044)
HDL-1007 : elaborate module PH1P_PHY_DDRPHY_PAD_V2(DISABLE_GSR="ENABLE",MODE="OUT",DRV="48",ODT="60") in D:\Anlogic\TD_6.2.1_Engineer_6.2.168.116\arch/ph1p_macro.v(7464)
HDL-5314 WARNING: net 'phy_rdata[103]' does not have a driver in ../user_source/hdl_source/ip/memory/ph1p35_ddr/ddr2/src/rtl/phy/ph1p_ddrphy_byte_wrapper.v(152)
HDL-5314 WARNING: net 'phy_rdqs[7]' does not have a driver in ../user_source/hdl_source/ip/memory/ph1p35_ddr/ddr2/src/rtl/phy/ph1p_ddrphy_byte_wrapper.v(157)
HDL-5317 WARNING: input port 'dl_in' is not connected on this instance in ../user_source/hdl_source/ip/memory/ph1p35_ddr/ddr2/src/rtl/phy/ph1p_ddrphy_byte_wrapper.v(390)
HDL-1007 : elaborate module ph1p_ddrphy_byte_wrapper(BYTE_TYPE="AC",PAD_TYPE=52'b1111111111110000000011111111000000001111111100000000) in ../user_source/hdl_source/ip/memory/ph1p35_ddr/ddr2/src/rtl/phy/ph1p_ddrphy_byte_wrapper.v(11)
HDL-5314 WARNING: net 'phy_rdata[103]' does not have a driver in ../user_source/hdl_source/ip/memory/ph1p35_ddr/ddr2/src/rtl/phy/ph1p_ddrphy_byte_wrapper.v(152)
HDL-5314 WARNING: net 'phy_rdqs[7]' does not have a driver in ../user_source/hdl_source/ip/memory/ph1p35_ddr/ddr2/src/rtl/phy/ph1p_ddrphy_byte_wrapper.v(157)
HDL-5317 WARNING: input port 'dl_in' is not connected on this instance in ../user_source/hdl_source/ip/memory/ph1p35_ddr/ddr2/src/rtl/phy/ph1p_ddrphy_byte_wrapper.v(390)
HDL-1007 : elaborate module ph1p_ddrphy_byte_wrapper(BYTE_TYPE="AC",PAD_TYPE=52'b1111111111110000000000000000000000001111111111111111) in ../user_source/hdl_source/ip/memory/ph1p35_ddr/ddr2/src/rtl/phy/ph1p_ddrphy_byte_wrapper.v(11)
HDL-5314 WARNING: net 'phy_rdata[103]' does not have a driver in ../user_source/hdl_source/ip/memory/ph1p35_ddr/ddr2/src/rtl/phy/ph1p_ddrphy_byte_wrapper.v(152)
HDL-5317 WARNING: input port 'dl_in' is not connected on this instance in ../user_source/hdl_source/ip/memory/ph1p35_ddr/ddr2/src/rtl/phy/ph1p_ddrphy_byte_wrapper.v(390)
HDL-1007 : elaborate module ph1p_ddrphy_byte_wrapper(PAD_TYPE=52'b1111011001100110011001010100011001100110011011110110,AC_DRV="75",DX_DRV="75",DX_ODT="75") in ../user_source/hdl_source/ip/memory/ph1p35_ddr/ddr2/src/rtl/phy/ph1p_ddrphy_byte_wrapper.v(11)
HDL-1007 : elaborate module PH1P_PHY_DDRPHY_BYTE(DCC_EN="ENABLE") in D:\Anlogic\TD_6.2.1_Engineer_6.2.168.116\arch/ph1p_macro.v(7044)
HDL-1007 : elaborate module PH1P_PHY_DDRPHY_PAD_V2(DDR_SIGNAL_TYPE="DQ",OCLK_SEL="CLK_WDQ",DISABLE_GSR="ENABLE",MODE="BI",DRV="75",ODT="75") in D:\Anlogic\TD_6.2.1_Engineer_6.2.168.116\arch/ph1p_macro.v(7464)
HDL-1007 : elaborate module PH1P_PHY_DDRPHY_PAD_V2(DDR_SIGNAL_TYPE="DQSP",OCLK_SEL="CLK_WL",DISABLE_GSR="ENABLE",MODE="BI",DRV="75",ODT="75") in D:\Anlogic\TD_6.2.1_Engineer_6.2.168.116\arch/ph1p_macro.v(7464)
HDL-1007 : elaborate module PH1P_PHY_DDRPHY_PAD_V2(DDR_SIGNAL_TYPE="DQSN",OCLK_SEL="CLK_WL",DISABLE_GSR="ENABLE",MODE="BI",DRV="75",ODT="75") in D:\Anlogic\TD_6.2.1_Engineer_6.2.168.116\arch/ph1p_macro.v(7464)
HDL-5314 WARNING: net 'phy_rdata[103]' does not have a driver in ../user_source/hdl_source/ip/memory/ph1p35_ddr/ddr2/src/rtl/phy/ph1p_ddrphy_byte_wrapper.v(152)
HDL-5317 WARNING: input port 'dl_in' is not connected on this instance in ../user_source/hdl_source/ip/memory/ph1p35_ddr/ddr2/src/rtl/phy/ph1p_ddrphy_byte_wrapper.v(390)
HDL-5007 WARNING: actual bit length 2 differs from formal bit length 1 for port 'dx_rfifo_en' in ../user_source/hdl_source/ip/memory/ph1p35_ddr/ddr2/src/rtl/phy/ph1p_ddrphy.v(620)
HDL-1007 : elaborate module ph1p_ddrphy_byte_wrapper(PAD_TYPE=52'b1111011001100110011001010100111101100110011001100110,AC_DRV="75",DX_DRV="75",DX_ODT="75") in ../user_source/hdl_source/ip/memory/ph1p35_ddr/ddr2/src/rtl/phy/ph1p_ddrphy_byte_wrapper.v(11)
HDL-5314 WARNING: net 'phy_rdata[103]' does not have a driver in ../user_source/hdl_source/ip/memory/ph1p35_ddr/ddr2/src/rtl/phy/ph1p_ddrphy_byte_wrapper.v(152)
HDL-5317 WARNING: input port 'dl_in' is not connected on this instance in ../user_source/hdl_source/ip/memory/ph1p35_ddr/ddr2/src/rtl/phy/ph1p_ddrphy_byte_wrapper.v(390)
HDL-5007 WARNING: actual bit length 2 differs from formal bit length 1 for port 'dx_rfifo_en' in ../user_source/hdl_source/ip/memory/ph1p35_ddr/ddr2/src/rtl/phy/ph1p_ddrphy.v(620)
HDL-5314 WARNING: net 'dx2_wdata[103]' does not have a driver in ../user_source/hdl_source/ip/memory/ph1p35_ddr/ddr2/src/rtl/phy/ph1p_ddrphy.v(187)
HDL-5314 WARNING: net 'dx3_wdata[103]' does not have a driver in ../user_source/hdl_source/ip/memory/ph1p35_ddr/ddr2/src/rtl/phy/ph1p_ddrphy.v(188)
HDL-5314 WARNING: net 'dx4_wdata[103]' does not have a driver in ../user_source/hdl_source/ip/memory/ph1p35_ddr/ddr2/src/rtl/phy/ph1p_ddrphy.v(189)
HDL-5314 Similar messages will be suppressed.
HDL-5317 WARNING: input port 'i_scan_clk' is not connected on this instance in ../user_source/hdl_source/ip/memory/ph1p35_ddr/ddr2/src/rtl/phy/ph1p_ddrphy.v(438)
HDL-5323 WARNING: input port 'dqs_pupd_en' remains unconnected for this instance in ../user_source/hdl_source/ip/memory/ph1p35_ddr/ddr2/src/rtl/phy/ph1p_ddrphy.v(528)
HDL-5317 WARNING: input port 'dly_full[1]' is not connected on this instance in ../user_source/hdl_source/ip/memory/ph1p35_ddr/ddr2/src/rtl/phy/ph1p_ddrphy_top.v(457)
HDL-5323 WARNING: input port 'dhi_bg[11]' remains unconnected for this instance in ../user_source/hdl_source/ip/memory/ph1p35_ddr/ddr2/src/rtl/phy/ph1p_ddrphy_top.v(658)
HDL-1007 : elaborate module alc_phy2mc_fifo_ctrl(DX_NUM=2) in ../user_source/hdl_source/ip/memory/ph1p35_ddr/ddr2/src/rtl/mc/alc_phy2mc_fifo_ctrl.v(4)
HDL-1007 : elaborate module ph1p_ddr_fifo_dram_sync(DW=64) in ../user_source/hdl_source/ip/memory/ph1p35_ddr/ddr2/src/rtl/misc/ph1p_ddr_fifo_dram_sync.v(9)
HDL-1007 : extracting RAM for identifier 'data' in ../user_source/hdl_source/ip/memory/ph1p35_ddr/ddr2/src/rtl/misc/ph1p_ddr_fifo_dram_sync.v(31)
HDL-5007 WARNING: delay control is not supported for synthesis in ../user_source/hdl_source/ip/memory/ph1p35_ddr/ddr2/src/rtl/misc/ph1p_ddr_fifo_dram_sync.v(49)
HDL-5007 WARNING: delay control is not supported for synthesis in ../user_source/hdl_source/ip/memory/ph1p35_ddr/ddr2/src/rtl/misc/ph1p_ddr_fifo_dram_sync.v(51)
HDL-5007 WARNING: delay control is not supported for synthesis in ../user_source/hdl_source/ip/memory/ph1p35_ddr/ddr2/src/rtl/misc/ph1p_ddr_fifo_dram_sync.v(58)
HDL-5007 WARNING: delay control is not supported for synthesis in ../user_source/hdl_source/ip/memory/ph1p35_ddr/ddr2/src/rtl/misc/ph1p_ddr_fifo_dram_sync.v(60)
HDL-5007 WARNING: delay control is not supported for synthesis in ../user_source/hdl_source/ip/memory/ph1p35_ddr/ddr2/src/rtl/misc/ph1p_ddr_fifo_dram_sync.v(67)
HDL-5007 WARNING: delay control is not supported for synthesis in ../user_source/hdl_source/ip/memory/ph1p35_ddr/ddr2/src/rtl/misc/ph1p_ddr_fifo_dram_sync.v(74)
HDL-5007 WARNING: delay control is not supported for synthesis in ../user_source/hdl_source/ip/memory/ph1p35_ddr/ddr2/src/rtl/misc/ph1p_ddr_fifo_dram_sync.v(75)
HDL-5007 WARNING: delay control is not supported for synthesis in ../user_source/hdl_source/ip/memory/ph1p35_ddr/ddr2/src/rtl/misc/ph1p_ddr_fifo_dram_sync.v(76)
HDL-5007 WARNING: delay control is not supported for synthesis in ../user_source/hdl_source/ip/memory/ph1p35_ddr/ddr2/src/rtl/misc/ph1p_ddr_fifo_dram_sync.v(78)
HDL-5007 WARNING: delay control is not supported for synthesis in ../user_source/hdl_source/ip/memory/ph1p35_ddr/ddr2/src/rtl/misc/ph1p_ddr_fifo_dram_sync.v(79)
HDL-5007 Similar messages will be suppressed.
HDL-1007 : elaborate module alc_mc_top(DRAM_TYPE="DDR2",ECC="OFF",REORDER="NORMAL",CWL=6,BA_WIDTH=2) in ../user_source/hdl_source/ip/memory/ph1p35_ddr/ddr2/src/rtl/mc/alc_mc_top_all.enc.sv(7)
HDL-1007 : elaborate module ph1p_ddr_fifo_dram_sync(DW=4,AW=3) in ../user_source/hdl_source/ip/memory/ph1p35_ddr/ddr2/src/rtl/misc/ph1p_ddr_fifo_dram_sync.v(9)
HDL-1007 : extracting RAM for identifier 'data' in ../user_source/hdl_source/ip/memory/ph1p35_ddr/ddr2/src/rtl/misc/ph1p_ddr_fifo_dram_sync.v(31)
HDL-5007 WARNING: delay control is not supported for synthesis in ../user_source/hdl_source/ip/memory/ph1p35_ddr/ddr2/src/rtl/misc/ph1p_ddr_fifo_dram_sync.v(49)
HDL-5007 WARNING: delay control is not supported for synthesis in ../user_source/hdl_source/ip/memory/ph1p35_ddr/ddr2/src/rtl/misc/ph1p_ddr_fifo_dram_sync.v(51)
HDL-5007 WARNING: delay control is not supported for synthesis in ../user_source/hdl_source/ip/memory/ph1p35_ddr/ddr2/src/rtl/misc/ph1p_ddr_fifo_dram_sync.v(58)
HDL-5007 WARNING: delay control is not supported for synthesis in ../user_source/hdl_source/ip/memory/ph1p35_ddr/ddr2/src/rtl/misc/ph1p_ddr_fifo_dram_sync.v(60)
HDL-5007 WARNING: delay control is not supported for synthesis in ../user_source/hdl_source/ip/memory/ph1p35_ddr/ddr2/src/rtl/misc/ph1p_ddr_fifo_dram_sync.v(67)
HDL-5007 WARNING: delay control is not supported for synthesis in ../user_source/hdl_source/ip/memory/ph1p35_ddr/ddr2/src/rtl/misc/ph1p_ddr_fifo_dram_sync.v(74)
HDL-5007 WARNING: delay control is not supported for synthesis in ../user_source/hdl_source/ip/memory/ph1p35_ddr/ddr2/src/rtl/misc/ph1p_ddr_fifo_dram_sync.v(75)
HDL-5007 WARNING: delay control is not supported for synthesis in ../user_source/hdl_source/ip/memory/ph1p35_ddr/ddr2/src/rtl/misc/ph1p_ddr_fifo_dram_sync.v(76)
HDL-5007 WARNING: delay control is not supported for synthesis in ../user_source/hdl_source/ip/memory/ph1p35_ddr/ddr2/src/rtl/misc/ph1p_ddr_fifo_dram_sync.v(78)
HDL-5007 Similar messages will be suppressed.
HDL-1007 : elaborate module ph1p_ddr_fifo_dram_sync(DW=5,AW=5) in ../user_source/hdl_source/ip/memory/ph1p35_ddr/ddr2/src/rtl/misc/ph1p_ddr_fifo_dram_sync.v(9)
HDL-1007 : extracting RAM for identifier 'data' in ../user_source/hdl_source/ip/memory/ph1p35_ddr/ddr2/src/rtl/misc/ph1p_ddr_fifo_dram_sync.v(31)
HDL-1007 : elaborate module ** in ../user_source/hdl_source/ip/memory/ph1p35_ddr/ddr2/src/rtl/mc/alc_mc_top_all.enc.sv(4317)
HDL-1007 : elaborate module ** in ../user_source/hdl_source/ip/memory/ph1p35_ddr/ddr2/src/rtl/mc/alc_mc_top_all.enc.sv(2687)
HDL-1007 : extracting RAM for identifier '**' in ../user_source/hdl_source/ip/memory/ph1p35_ddr/ddr2/src/rtl/mc/alc_mc_top_all.enc.sv(2701)
HDL-1007 : elaborate module ** in ../user_source/hdl_source/ip/memory/ph1p35_ddr/ddr2/src/rtl/mc/alc_mc_top_all.enc.sv(2687)
HDL-1007 : extracting RAM for identifier '**' in ../user_source/hdl_source/ip/memory/ph1p35_ddr/ddr2/src/rtl/mc/alc_mc_top_all.enc.sv(2701)
HDL-1007 : elaborate module ** in ../user_source/hdl_source/ip/memory/ph1p35_ddr/ddr2/src/rtl/mc/alc_mc_top_all.enc.sv(2687)
HDL-1007 : extracting RAM for identifier '**' in ../user_source/hdl_source/ip/memory/ph1p35_ddr/ddr2/src/rtl/mc/alc_mc_top_all.enc.sv(2701)
HDL-1007 : elaborate module ** in ../user_source/hdl_source/ip/memory/ph1p35_ddr/ddr2/src/rtl/mc/alc_mc_top_all.enc.sv(3845)
HDL-1007 : elaborate module ** in ../user_source/hdl_source/ip/memory/ph1p35_ddr/ddr2/src/rtl/mc/alc_mc_top_all.enc.sv(2687)
HDL-1007 : extracting RAM for identifier '**' in ../user_source/hdl_source/ip/memory/ph1p35_ddr/ddr2/src/rtl/mc/alc_mc_top_all.enc.sv(2701)
HDL-1007 : elaborate module ** in ../user_source/hdl_source/ip/memory/ph1p35_ddr/ddr2/src/rtl/mc/alc_mc_top_all.enc.sv(2687)
HDL-1007 : extracting RAM for identifier '**' in ../user_source/hdl_source/ip/memory/ph1p35_ddr/ddr2/src/rtl/mc/alc_mc_top_all.enc.sv(2701)
HDL-5007 WARNING: actual bit length ** differs from formal bit length *** for port '**' in ../user_source/hdl_source/ip/memory/ph1p35_ddr/ddr2/src/rtl/mc/alc_mc_top_all.enc.sv(4019)
HDL-5007 WARNING: actual bit length ** differs from formal bit length *** for port '**' in ../user_source/hdl_source/ip/memory/ph1p35_ddr/ddr2/src/rtl/mc/alc_mc_top_all.enc.sv(4019)
HDL-5007 WARNING: actual bit length ** differs from formal bit length *** for port '**' in ../user_source/hdl_source/ip/memory/ph1p35_ddr/ddr2/src/rtl/mc/alc_mc_top_all.enc.sv(177)
HDL-1007 : elaborate module ** in ../user_source/hdl_source/ip/memory/ph1p35_ddr/ddr2/src/rtl/mc/alc_mc_top_all.enc.sv(2019)
HDL-1007 : elaborate module ** in ../user_source/hdl_source/ip/memory/ph1p35_ddr/ddr2/src/rtl/mc/alc_mc_top_all.enc.sv(2728)
HDL-1007 : extracting RAM for identifier '**' in ../user_source/hdl_source/ip/memory/ph1p35_ddr/ddr2/src/rtl/mc/alc_mc_top_all.enc.sv(2822)
HDL-1007 : elaborate module ** in ../user_source/hdl_source/ip/memory/ph1p35_ddr/ddr2/src/rtl/mc/alc_mc_top_all.enc.sv(1189)
HDL-1007 : elaborate module ** in ../user_source/hdl_source/ip/memory/ph1p35_ddr/ddr2/src/rtl/mc/alc_mc_top_all.enc.sv(1826)
HDL-1007 : elaborate module ** in ../user_source/hdl_source/ip/memory/ph1p35_ddr/ddr2/src/rtl/mc/alc_mc_top_all.enc.sv(4665)
HDL-1007 : elaborate module ** in ../user_source/hdl_source/ip/memory/ph1p35_ddr/ddr2/src/rtl/mc/alc_mc_top_all.enc.sv(946)
HDL-1007 : elaborate module ** in ../user_source/hdl_source/ip/memory/ph1p35_ddr/ddr2/src/rtl/mc/alc_mc_top_all.enc.sv(787)
HDL-1007 : elaborate module ** in ../user_source/hdl_source/ip/memory/ph1p35_ddr/ddr2/src/rtl/mc/alc_mc_top_all.enc.sv(1068)
HDL-1007 : elaborate module ** in ../user_source/hdl_source/ip/memory/ph1p35_ddr/ddr2/src/rtl/mc/alc_mc_top_all.enc.sv(1493)
HDL-1007 : elaborate module ** in ../user_source/hdl_source/ip/memory/ph1p35_ddr/ddr2/src/rtl/mc/alc_mc_top_all.enc.sv(1424)
HDL-1007 : elaborate module ** in ../user_source/hdl_source/ip/memory/ph1p35_ddr/ddr2/src/rtl/mc/alc_mc_top_all.enc.sv(1583)
HDL-1007 : elaborate module ** in ../user_source/hdl_source/ip/memory/ph1p35_ddr/ddr2/src/rtl/mc/alc_mc_top_all.enc.sv(1724)
HDL-1007 : elaborate module ** in ../user_source/hdl_source/ip/memory/ph1p35_ddr/ddr2/src/rtl/mc/alc_mc_top_all.enc.sv(2280)
HDL-1007 : elaborate module ** in ../user_source/hdl_source/ip/memory/ph1p35_ddr/ddr2/src/rtl/mc/alc_mc_top_all.enc.sv(2320)
HDL-5369 WARNING: latch inferred for net '**' in ../user_source/hdl_source/ip/memory/ph1p35_ddr/ddr2/src/rtl/mc/alc_mc_top_all.enc.sv(2464)
HDL-1007 : elaborate module ** in ../user_source/hdl_source/ip/memory/ph1p35_ddr/ddr2/src/rtl/mc/alc_mc_top_all.enc.sv(4116)
HDL-1007 : elaborate module ** in ../user_source/hdl_source/ip/memory/ph1p35_ddr/ddr2/src/rtl/mc/alc_mc_top_all.enc.sv(3500)
HDL-5323 WARNING: input port 'apb_psel' remains unconnected for this instance in ../user_source/hdl_source/ip/memory/ph1p35_ddr/ph1p35_324_ddr_wrapper.v(78)
HDL-1007 : elaborate module uivtc(H_ActiveSize=1024,H_FrameSize=1344,H_SyncStart=1184,H_SyncEnd=1208,V_ActiveSize=600,V_FrameSize=635,V_SyncStart=612,V_SyncEnd=614) in ../user_source/hdl_source/ip/video/vtc/uivtc.v(42)
HDL-1007 : elaborate module cnn_result_cdc in ../user_source/hdl_source/ip/image/cnn/cnn_result_cdc.v(5)
HDL-1007 : elaborate module hdmi_mixer(H_OFFSET=0,V_OFFSET=0) in ../user_source/hdl_source/ip/video/osd/hdmi_mixer.v(1)
HDL-1007 : elaborate module anlogic_logo_rom in ../user_source/hdl_source/ip/video/osd/anlogic_logo_rom.v(1)
HDL-1007 : elaborate module osd_char_lib in ../user_source/hdl_source/ip/video/osd/osd_char_lib.v(1)
HDL-1007 : elaborate module hdmi_tx in ../user_source/hdl_source/ip/display/hdmi/hdmi_tx.v(3)
HDL-1007 : elaborate module I2S_receiver in ../user_source/hdl_source/ip/audio/I2S_receiver.v(3)
HDL-1007 : elaborate module audio_arc_calculate in ../user_source/hdl_source/ip/audio/audio_arc_calculate.v(4)
HDL-1007 : elaborate module key_remove_shakes in ../user_source/hdl_source/ip/control/key_remove_shakes.v(12)
HDL-1007 : elaborate module hdmi_1_4b_transmitter_core_wrapper(DEVICE="PH1P",HTOTAL=1344,HSA=24,HFP=160,HBP=136,HACTIVE=1024,VTOTAL=635,VSA=2,VFP=12,VBP=21,VACTIVE=600,VIDEO_TPG="Disable",VIDEO_VIC=0) in ../user_source/hdl_source/ip/display/hdmi/hdmi_1_4b_transmitter_core_wrapper.enc.v(2)
HDL-1007 : elaborate module ** in ../user_source/hdl_source/ip/display/hdmi/hdmi_1_4b_transmitter_core_wrapper.enc.v(91)
HDL-1007 : elaborate module ** in ../user_source/hdl_source/ip/display/hdmi/hdmi_1_4b_transmitter_core_wrapper.enc.v(137)
HDL-1007 : elaborate module ** in ../user_source/hdl_source/ip/display/hdmi/hdmi_1_4b_transmitter_core_wrapper.enc.v(208)
HDL-1007 : elaborate module ** in ../user_source/hdl_source/ip/display/hdmi/hdmi_1_4b_transmitter_core_wrapper.enc.v(285)
HDL-1007 : elaborate module ** in ../user_source/hdl_source/ip/display/hdmi/hdmi_1_4b_transmitter_core_wrapper.enc.v(396)
HDL-1007 : elaborate module ** in ../user_source/hdl_source/ip/display/hdmi/hdmi_1_4b_transmitter_core_wrapper.enc.v(803)
HDL-1007 : elaborate module PH1P_LOGIC_RAMFIFO(DATA_WIDTH=11,ADDR_WIDTH=10) in D:\Anlogic\TD_6.2.1_Engineer_6.2.168.116\arch/ph1p_macro.v(327)
HDL-1007 : elaborate module ** in ../user_source/hdl_source/ip/display/hdmi/hdmi_1_4b_transmitter_core_wrapper.enc.v(1338)
HDL-1007 : elaborate module ** in ../user_source/hdl_source/ip/display/hdmi/hdmi_1_4b_transmitter_core_wrapper.enc.v(1480)
HDL-1007 : elaborate module PH1P_LOGIC_RAMFIFO(DATA_WIDTH=9,ADDR_WIDTH=10) in D:\Anlogic\TD_6.2.1_Engineer_6.2.168.116\arch/ph1p_macro.v(327)
HDL-1007 : elaborate module ** in ../user_source/hdl_source/ip/display/hdmi/hdmi_1_4b_transmitter_core_wrapper.enc.v(2012)
HDL-1007 : port '**' remains unconnected for this instance in ../user_source/hdl_source/ip/display/hdmi/hdmi_1_4b_transmitter_core_wrapper.enc.v(2733)
HDL-1007 : elaborate module ** in ../user_source/hdl_source/ip/display/hdmi/hdmi_1_4b_transmitter_core_wrapper.enc.v(2403)
HDL-1007 : elaborate module ** in ../user_source/hdl_source/ip/display/hdmi/hdmi_1_4b_transmitter_core_wrapper.enc.v(2842)
HDL-1007 : elaborate module ** in ../user_source/hdl_source/ip/display/hdmi/hdmi_1_4b_transmitter_core_wrapper.enc.v(2939)
HDL-1007 : elaborate module ** in ../user_source/hdl_source/ip/display/hdmi/hdmi_1_4b_transmitter_core_wrapper.enc.v(3138)
HDL-1007 : elaborate module ** in ../user_source/hdl_source/ip/display/hdmi/hdmi_1_4b_transmitter_core_wrapper.enc.v(3177)
HDL-1007 : elaborate module ** in ../user_source/hdl_source/ip/display/hdmi/hdmi_1_4b_transmitter_core_wrapper.enc.v(3511)
HDL-1007 : elaborate module ** in ../user_source/hdl_source/ip/display/hdmi/hdmi_1_4b_transmitter_core_wrapper.enc.v(3666)
HDL-1007 : elaborate module ** in ../user_source/hdl_source/ip/display/hdmi/hdmi_1_4b_transmitter_core_wrapper.enc.v(3730)
HDL-1007 : elaborate module ** in ../user_source/hdl_source/ip/display/hdmi/hdmi_1_4b_transmitter_core_wrapper.enc.v(3860)
HDL-5007 WARNING: actual bit length ** differs from formal bit length *** for port '**' in ../user_source/hdl_source/ip/display/hdmi/hdmi_1_4b_transmitter_core_wrapper.enc.v(3307)
HDL-1007 : elaborate module ** in ../user_source/hdl_source/ip/display/hdmi/hdmi_1_4b_transmitter_core_wrapper.enc.v(3949)
HDL-5007 Similar messages will be suppressed.
HDL-1007 : elaborate module ** in ../user_source/hdl_source/ip/display/hdmi/hdmi_1_4b_transmitter_core_wrapper.enc.v(4034)
HDL-1007 : elaborate module ** in ../user_source/hdl_source/ip/display/hdmi/hdmi_1_4b_transmitter_core_wrapper.enc.v(4127)
HDL-1007 : elaborate module ** in ../user_source/hdl_source/ip/display/hdmi/hdmi_1_4b_transmitter_core_wrapper.enc.v(4285)
HDL-1007 : elaborate module ** in ../user_source/hdl_source/ip/display/hdmi/hdmi_1_4b_transmitter_core_wrapper.enc.v(4586)
HDL-1007 : elaborate module PH1P_LOGIC_RAMFIFO(DATA_WIDTH=96,ADDR_WIDTH=10) in D:\Anlogic\TD_6.2.1_Engineer_6.2.168.116\arch/ph1p_macro.v(327)
HDL-1007 : elaborate module ** in ../user_source/hdl_source/ip/display/hdmi/hdmi_1_4b_transmitter_core_wrapper.enc.v(5534)
HDL-1007 : elaborate module ** in ../user_source/hdl_source/ip/display/hdmi/hdmi_1_4b_transmitter_core_wrapper.enc.v(5657)
HDL-1007 : elaborate module PH1P_LOGIC_RAMFIFO(DATA_WIDTH=24,ADDR_WIDTH=10) in D:\Anlogic\TD_6.2.1_Engineer_6.2.168.116\arch/ph1p_macro.v(327)
HDL-1007 : elaborate module ** in ../user_source/hdl_source/ip/display/hdmi/hdmi_1_4b_transmitter_core_wrapper.enc.v(6273)
HDL-1007 : elaborate module ** in ../user_source/hdl_source/ip/display/hdmi/hdmi_1_4b_transmitter_core_wrapper.enc.v(6501)
HDL-1007 : elaborate module ** in ../user_source/hdl_source/ip/display/hdmi/hdmi_1_4b_transmitter_core_wrapper.enc.v(6575)
HDL-1007 : elaborate module ** in ../user_source/hdl_source/ip/display/hdmi/hdmi_1_4b_transmitter_core_wrapper.enc.v(6924)
HDL-1007 : elaborate module ** in ../user_source/hdl_source/ip/display/hdmi/hdmi_1_4b_transmitter_core_wrapper.enc.v(6994)
HDL-1007 : elaborate module ** in ../user_source/hdl_source/ip/display/hdmi/hdmi_1_4b_transmitter_core_wrapper.enc.v(6994)
HDL-1007 : elaborate module ** in ../user_source/hdl_source/ip/display/hdmi/hdmi_1_4b_transmitter_core_wrapper.enc.v(6994)
HDL-1007 : elaborate module hdmi_phy_wrapper(DEVICE="PH1P") in ../user_source/hdl_source/ip/display/hdmi/hdmi_phy_warpper.v(3)
HDL-1007 : elaborate module lane_lvds_10_1(DEVICE="PH1P") in ../user_source/hdl_source/ip/display/hdmi/lane_lvds_10_1.v(4)
HDL-1007 : elaborate module PH1P_LOGIC_ODDR in D:\Anlogic\TD_6.2.1_Engineer_6.2.168.116\arch/ph1p_macro.v(8343)
HDL-5317 WARNING: input port 'I_camera_black_level[9]' is not connected on this instance in ../user_source/hdl_source/design_top_wrapper.v(670)
HDL-5001 WARNING: Contains anonymous inst(s) and/or net(s) that have not been renamed
HDL-5001 WARNING: Contains anonymous inst(s) and/or net(s) that have not been renamed
HDL-5001 WARNING: Contains anonymous inst(s) and/or net(s) that have not been renamed
HDL-5001 WARNING: Contains anonymous inst(s) and/or net(s) that have not been renamed
HDL-5001 WARNING: Contains anonymous inst(s) and/or net(s) that have not been renamed
HDL-1200 : Current top model is design_top_wrapper
HDL-5106 WARNING: Initial value omitted on non-DFF net "scl_r" in ../user_source/hdl_source/ip/camera/config/uics500_cfg/uii2c.v(127) 
HDL-5106 WARNING: Initial value omitted on non-DFF net "sda_o" in ../user_source/hdl_source/ip/camera/config/uics500_cfg/uii2c.v(135) 
HDL-1100 : Inferred 16 RAMs.
RUN-1003 : finish command "elaborate -top design_top_wrapper" in  2.257816s wall, 2.140625s user + 0.109375s system = 2.250000s CPU (99.7%)

RUN-1004 : used memory is 1112 MB, reserved memory is 1111 MB, peak memory is 1113 MB
RUN-1002 : start command "read_adc ../user_source/constraints_source/pin.adc"
RUN-1002 : start command "set_pin_assignment  I_sys_clk   LOCATION = C4; IOSTANDARD  = LVCMOS33; PULLTYPE = PULLUP; "
RUN-1002 : start command "set_pin_assignment  I_rst_n   LOCATION = R10; IOSTANDARD = LVCMOS33; PULLTYPE = PULLUP; "
RUN-1002 : start command "set_pin_assignment  O_cam_scl   LOCATION = K3; IOSTANDARD  = LVCMOS33; DRIVESTRENGTH = 8; PULLTYPE = PULLUP; "
RUN-1002 : start command "set_pin_assignment  IO_cam_sda   LOCATION = J3; IOSTANDARD  = LVCMOS33; DRIVESTRENGTH = 8; PULLTYPE = PULLUP; "
RUN-1002 : start command "set_pin_assignment  O_cam_24m   LOCATION = L3; IOSTANDARD  = LVCMOS33; DRIVESTRENGTH = 8; PULLTYPE = PULLUP; "
RUN-1002 : start command "set_pin_assignment  O_cam_rst   LOCATION = L2; IOSTANDARD  = LVCMOS33; DRIVESTRENGTH = 8; PULLTYPE = PULLUP; "
RUN-1002 : start command "set_pin_assignment  I_button[0]   LOCATION = N2;  IOSTANDARD = LVCMOS33; DRIVESTRENGTH = 8; PULLTYPE = PULLUP; "
RUN-1002 : start command "set_pin_assignment  I_button[1]   LOCATION = J14; IOSTANDARD = LVCMOS33; DRIVESTRENGTH = 8; PULLTYPE = PULLUP; "
RUN-1002 : start command "set_pin_assignment  O_screen_pwm   LOCATION = R11; IOSTANDARD = LVCMOS33; DRIVESTRENGTH = 8; PULLTYPE = PULLDOWN; "
RUN-1002 : start command "set_pin_assignment  O_tmds_ch0_p   LOCATION = G16; IOSTANDARD = TMDS33; PULLTYPE = NONE; "
RUN-1002 : start command "set_pin_assignment  O_tmds_ch1_p   LOCATION = F17; IOSTANDARD = TMDS33; PULLTYPE = NONE; "
RUN-1002 : start command "set_pin_assignment  O_tmds_ch2_p   LOCATION = H14; IOSTANDARD = TMDS33; PULLTYPE = NONE; "
RUN-1002 : start command "set_pin_assignment  O_tmds_clk_p   LOCATION = C17; IOSTANDARD = TMDS33; PULLTYPE = NONE; "
RUN-1001 : Starting of IO setups legality check.
RUN-1002 : start command "read_ip_adc -ip ddr2 -file ../user_source/hdl_source/ip/memory/ph1p35_ddr/ddr2/src/adc/ddr2.adc"
RUN-1002 : start command "set_ippin_assignment ddr2  ddr_ck_p      LOCATION = X0Y44Z2; IOSTANDARD = DIFF_SSTL15; #pl44c"
RUN-1002 : start command "set_ippin_assignment ddr2  ddr_ck_n      LOCATION = X0Y44Z3; IOSTANDARD = DIFF_SSTL15; #pl44d"
RUN-1002 : start command "set_ippin_assignment ddr2  ddr_cke[0]    LOCATION = X0Y44Z1; IOSTANDARD = SSTL15; #pl44b"
RUN-1002 : start command "set_ippin_assignment ddr2  ddr_cs_n[0]   LOCATION = X0Y53Z0; IOSTANDARD = SSTL15; #pl53a"
RUN-1002 : start command "set_ippin_assignment ddr2  ddr_odt[0]    LOCATION = X0Y47Z0; IOSTANDARD = SSTL15; #pl47a"
RUN-1002 : start command "set_ippin_assignment ddr2  ddr_we_n      LOCATION = X0Y47Z1; IOSTANDARD = SSTL15; #pl47b"
RUN-1002 : start command "set_ippin_assignment ddr2  ddr_cas_n     LOCATION = X0Y56Z0; IOSTANDARD = SSTL15; #pl56a"
RUN-1002 : start command "set_ippin_assignment ddr2  ddr_ras_n     LOCATION = X0Y44Z0; IOSTANDARD = SSTL15; #pl44a"
RUN-1002 : start command "set_ippin_assignment ddr2  ddr_ba[0]     LOCATION = X0Y50Z0; IOSTANDARD = SSTL15; #pl50a"
RUN-1002 : start command "set_ippin_assignment ddr2  ddr_ba[1]     LOCATION = X0Y61Z0; IOSTANDARD = SSTL15; #pl61a"
RUN-1002 : start command "set_ippin_assignment ddr2  ddr_addr[0]   LOCATION = X0Y64Z0; IOSTANDARD = SSTL15; #pl64a"
RUN-1002 : start command "set_ippin_assignment ddr2  ddr_addr[1]   LOCATION = X0Y73Z0; IOSTANDARD = SSTL15; #pl73a"
RUN-1002 : start command "set_ippin_assignment ddr2  ddr_addr[2]   LOCATION = X0Y67Z0; IOSTANDARD = SSTL15; #pl67a"
RUN-1002 : start command "set_ippin_assignment ddr2  ddr_addr[3]   LOCATION = X0Y50Z1; IOSTANDARD = SSTL15; #pl50b"
RUN-1002 : start command "set_ippin_assignment ddr2  ddr_addr[4]   LOCATION = X0Y76Z0; IOSTANDARD = SSTL15; #pl76a"
RUN-1002 : start command "set_ippin_assignment ddr2  ddr_addr[5]   LOCATION = X0Y53Z1; IOSTANDARD = SSTL15; #pl53b"
RUN-1002 : start command "set_ippin_assignment ddr2  ddr_addr[6]   LOCATION = X0Y76Z1; IOSTANDARD = SSTL15; #pl76b"
RUN-1002 : start command "set_ippin_assignment ddr2  ddr_addr[7]   LOCATION = X0Y56Z1; IOSTANDARD = SSTL15; #pl56b"
RUN-1002 : start command "set_ippin_assignment ddr2  ddr_addr[8]   LOCATION = X0Y76Z2; IOSTANDARD = SSTL15; #pl76c"
RUN-1002 : start command "set_ippin_assignment ddr2  ddr_addr[9]   LOCATION = X0Y61Z1; IOSTANDARD = SSTL15; #pl61b"
RUN-1002 : start command "set_ippin_assignment ddr2  ddr_addr[10]  LOCATION = X0Y67Z1; IOSTANDARD = SSTL15; #pl67b"
RUN-1002 : start command "set_ippin_assignment ddr2  ddr_addr[11]  LOCATION = X0Y76Z3; IOSTANDARD = SSTL15; #pl76d"
RUN-1002 : start command "set_ippin_assignment ddr2  ddr_addr[12]  LOCATION = X0Y64Z1; IOSTANDARD = SSTL15; #pl64b"
RUN-1002 : start command "set_ippin_assignment ddr2  ddr_dqs_p[0]    LOCATION = X0Y33Z2; IOSTANDARD = DIFF_SSTL15; #pl33c"
RUN-1002 : start command "set_ippin_assignment ddr2  ddr_dqs_n[0]    LOCATION = X0Y33Z3; IOSTANDARD = DIFF_SSTL15; #pl33d"
RUN-1002 : start command "set_ippin_assignment ddr2  ddr_dm[0]       LOCATION = X0Y30Z2; IOSTANDARD = SSTL15; #pl30c"
RUN-1002 : start command "set_ippin_assignment ddr2  ddr_dq[0]       LOCATION = X0Y33Z0; IOSTANDARD = SSTL15; #pl33a"
RUN-1002 : start command "set_ippin_assignment ddr2  ddr_dq[1]       LOCATION = X0Y30Z3; IOSTANDARD = SSTL15; #pl30d"
RUN-1002 : start command "set_ippin_assignment ddr2  ddr_dq[2]       LOCATION = X0Y36Z0; IOSTANDARD = SSTL15; #pl36a"
RUN-1002 : start command "set_ippin_assignment ddr2  ddr_dq[3]       LOCATION = X0Y36Z1; IOSTANDARD = SSTL15; #pl36b"
RUN-1002 : start command "set_ippin_assignment ddr2  ddr_dq[4]       LOCATION = X0Y36Z3; IOSTANDARD = SSTL15; #pl36d"
RUN-1002 : start command "set_ippin_assignment ddr2  ddr_dq[5]       LOCATION = X0Y36Z2; IOSTANDARD = SSTL15; #pl36c"
RUN-1002 : start command "set_ippin_assignment ddr2  ddr_dq[6]       LOCATION = X0Y30Z0; IOSTANDARD = SSTL15; #pl30a"
RUN-1002 : start command "set_ippin_assignment ddr2  ddr_dq[7]       LOCATION = X0Y33Z1; IOSTANDARD = SSTL15; #pl33b"
RUN-1002 : start command "set_ippin_assignment ddr2  ddr_dqs_p[1]    LOCATION = X0Y13Z2; IOSTANDARD = DIFF_SSTL15; #pl13c"
RUN-1002 : start command "set_ippin_assignment ddr2  ddr_dqs_n[1]    LOCATION = X0Y13Z3; IOSTANDARD = DIFF_SSTL15; #pl13d"
RUN-1002 : start command "set_ippin_assignment ddr2  ddr_dm[1]       LOCATION = X0Y16Z0; IOSTANDARD = SSTL15; #pl16a"
RUN-1002 : start command "set_ippin_assignment ddr2  ddr_dq[8]       LOCATION = X0Y16Z1; IOSTANDARD = SSTL15; #pl16b"
RUN-1002 : start command "set_ippin_assignment ddr2  ddr_dq[9]       LOCATION = X0Y16Z3; IOSTANDARD = SSTL15; #pl16d"
RUN-1002 : start command "set_ippin_assignment ddr2  ddr_dq[10]      LOCATION = X0Y10Z0; IOSTANDARD = SSTL15; #pl10a"
RUN-1002 : start command "set_ippin_assignment ddr2  ddr_dq[11]      LOCATION = X0Y10Z2; IOSTANDARD = SSTL15; #pl10c"
RUN-1002 : start command "set_ippin_assignment ddr2  ddr_dq[12]      LOCATION = X0Y10Z3; IOSTANDARD = SSTL15; #pl10d"
RUN-1002 : start command "set_ippin_assignment ddr2  ddr_dq[13]      LOCATION = X0Y10Z1; IOSTANDARD = SSTL15; #pl10b"
RUN-1002 : start command "set_ippin_assignment ddr2  ddr_dq[14]      LOCATION = X0Y16Z2; IOSTANDARD = SSTL15; #pl16c"
RUN-1002 : start command "set_ippin_assignment ddr2  ddr_dq[15]      LOCATION = X0Y13Z0; IOSTANDARD = SSTL15; #pl13a"
RUN-1002 : start command "set_ipinst_assignment ddr2 ph1p_ddrmc_wrapper/ph1p_ddrmc_top/u_ddr_phy/u_ddrphy_top/u_ddrphy_clk/u_mlclk_1  LOCATION = X0Y59Z0"
RUN-1002 : start command "set_ipinst_assignment ddr2 ph1p_ddrmc_wrapper/ph1p_ddrmc_top/u_ddr_phy/u_ddrphy_top/u_ddrphy_clk/u_mlclk_2  LOCATION = X0Y59Z1"
RUN-1002 : start command "set_ipinst_assignment ddr2 ph1p_ddrmc_wrapper/ph1p_ddrmc_top/u_ddr_phy/u_ddrphy_top/u_ddrphy_clk/u_pll0/u_pll_inst  LOCATION = X0Y40Z0"
RUN-1002 : start command "set_ipinst_assignment ddr2 ph1p_ddrmc_wrapper/ph1p_ddrmc_top/u_ddr_phy/u_ddrphy_top/u_ddrphy_clk/u_pll1/u_pll_inst  LOCATION = X0Y79Z0"
RUN-1002 : start command "set_ipinst_assignment ddr2 ph1p_ddrmc_wrapper/ph1p_ddrmc_top/u_ddr_phy/u_ddrphy_top/u_ddrphy_clk/ioclk[0]$u_ioclk_0  LOCATION = X0Y59Z0;"
RUN-1002 : start command "set_ipinst_assignment ddr2 ph1p_ddrmc_wrapper/ph1p_ddrmc_top/u_ddr_phy/u_ddrphy_top/u_ddrphy_clk/ioclk[0]$u_ioclk_1  LOCATION = X0Y59Z1;"
RUN-1002 : start command "set_ipinst_assignment ddr2 ph1p_ddrmc_wrapper/ph1p_ddrmc_top/u_ddr_phy/u_ddrphy_top/u_ddrphy_clk/ioclk[1]$u_ioclk_0  LOCATION = X0Y19Z0;"
RUN-1002 : start command "set_ipinst_assignment ddr2 ph1p_ddrmc_wrapper/ph1p_ddrmc_top/u_ddr_phy/u_ddrphy_top/u_ddrphy_clk/ioclk[1]$u_ioclk_1  LOCATION = X0Y19Z1;"
RUN-1002 : start command "set_ipinst_assignment ddr2 ph1p_ddrmc_wrapper/ph1p_ddrmc_top/u_ddr_phy/u_ddrphy_top/u_ddrphy/ac_byte[0]$ac_byte_used$u_ddrphy_ac_byte_wrapper/u_ddrphy_byte LOCATION = X0Y70Z0"
RUN-1002 : start command "set_ipinst_assignment ddr2 ph1p_ddrmc_wrapper/ph1p_ddrmc_top/u_ddr_phy/u_ddrphy_top/u_ddrphy/ac_byte[1]$ac_byte_used$u_ddrphy_ac_byte_wrapper/u_ddrphy_byte LOCATION = X0Y60Z0"
RUN-1002 : start command "set_ipinst_assignment ddr2 ph1p_ddrmc_wrapper/ph1p_ddrmc_top/u_ddr_phy/u_ddrphy_top/u_ddrphy/ac_byte[2]$ac_byte_used$u_ddrphy_ac_byte_wrapper/u_ddrphy_byte LOCATION = X0Y50Z0"
RUN-1002 : start command "set_ipinst_assignment ddr2 ph1p_ddrmc_wrapper/ph1p_ddrmc_top/u_ddr_phy/u_ddrphy_top/u_ddrphy/ac_byte[3]$ac_byte_used$u_ddrphy_ac_byte_wrapper/u_ddrphy_byte LOCATION = X0Y40Z0"
RUN-1002 : start command "set_ipinst_assignment ddr2 ph1p_ddrmc_wrapper/ph1p_ddrmc_top/u_ddr_phy/u_ddrphy_top/u_ddrphy/dx_byte[0]$dx_byte_used$u_ddrphy_dx_byte_wrapper/u_ddrphy_byte LOCATION = X0Y30Z0"
RUN-1002 : start command "set_ipinst_assignment ddr2 ph1p_ddrmc_wrapper/ph1p_ddrmc_top/u_ddr_phy/u_ddrphy_top/u_ddrphy/dx_byte[1]$dx_byte_used$u_ddrphy_dx_byte_wrapper/u_ddrphy_byte LOCATION = X0Y10Z0"
RUN-1002 : start command "set_ipinst_assignment ddr2 ph1p_ddrmc_wrapper/ph1p_ddrmc_top/u_ddr_phy/u_ddrphy_top/u_ddrphy/bkref[0]$u_ddrphy_bankref  LOCATION = X0Y19Z0;"
RUN-1002 : start command "set_ipinst_assignment ddr2 ph1p_ddrmc_wrapper/ph1p_ddrmc_top/u_ddr_phy/u_ddrphy_top/u_ddrphy/bkref[1]$u_ddrphy_bankref  LOCATION = X0Y59Z0;"
RUN-1001 : Starting of IO setups legality check.
RUN-1003 : finish command "read_ip_adc -ip ddr2 -file ../user_source/hdl_source/ip/memory/ph1p35_ddr/ddr2/src/adc/ddr2.adc" in  2.973174s wall, 2.906250s user + 0.031250s system = 2.937500s CPU (98.8%)

RUN-1004 : used memory is 1107 MB, reserved memory is 1106 MB, peak memory is 1113 MB
RUN-1002 : start command "read_sdc camera_to_dsi_display.sdc"
RUN-1002 : start command "read_sdc -ip ddr2 ../user_source/hdl_source/ip/memory/ph1p35_ddr/ddr2/src/sdc/ddr2.sdc"
RUN-1002 : start command "read_sdc -ip w128_d512_fifo ../user_source/ip_source/w128_d512_fifo/w128_d512_fifo.tcl"
RUN-1002 : start command "export_db camera_to_dsi_display_elaborate.db"
RUN-1001 : Exported flow parameters
RUN-1001 : Exported /
RUN-1001 : Exported libs
RUN-1001 : Exported entities
RUN-1001 : Exported ports
RUN-1001 : Exported pins
RUN-1001 : Exported instances
RUN-1001 : Exported nets
RUN-1001 : Exported buses
RUN-1001 : Exported models
RUN-1001 : Exported packer
RUN-1001 : Exported congestions
RUN-1001 : Exported violations
RUN-1001 : Exported ATMR Setting
RUN-1001 : Exported timing constraints
RUN-1001 : Exported IO constraints
RUN-1001 : Exported Inst constraints
RUN-1001 : Exported ChipWatcher
RUN-1002 : start command "commit_param -step rtl"
RUN-1001 : Print Global Property
RUN-1001 : -------------------------------------------------------------
RUN-1001 :     Parameters    |   Settings   |  Default Values  |  Note  
RUN-1001 : -------------------------------------------------------------
RUN-1001 :    enable_seed    |     off      |       off        |        
RUN-1001 :    hfn_to_clock   |  1000000000  |    1000000000    |        
RUN-1001 :      message      |   standard   |     standard     |        
RUN-1001 :    qor_monitor    |      on      |        on        |        
RUN-1001 :   speedup_effort  |      0       |        0         |        
RUN-1001 :    syn_ip_flow    |     off      |       off        |        
RUN-1001 :       thread      |     auto     |       auto       |        
RUN-1001 : -------------------------------------------------------------
RUN-1001 : Print Rtl Property
RUN-1001 : -------------------------------------------------------------------
RUN-1001 :         Parameters        |  Settings  |  Default Values  |  Note  
RUN-1001 : -------------------------------------------------------------------
RUN-1001 :        fix_undriven       |     0      |        0         |        
RUN-1001 :   gated_clock_conversion  |    off     |       off        |        
RUN-1001 :         infer_fsm         |    auto    |       auto       |        
RUN-1001 :         infer_rom         |     on     |        on        |        
RUN-1001 :       infer_shifter       |     on     |        on        |        
RUN-1001 :       keep_hierarchy      |    auto    |       auto       |        
RUN-1001 :        merge_equal        |     on     |        on        |        
RUN-1001 :      min_control_set      |     8      |        8         |        
RUN-1001 :       min_ripple_len      |    auto    |       auto       |        
RUN-1001 :          seq_syn          |     on     |        on        |        
RUN-1001 : -------------------------------------------------------------------
RUN-1002 : start command "insert_debugger"
RUN-1002 : start command "optimize_rtl"
RUN-1001 : Open license file D:/Anlogic/TD_6.2.1_Engineer_6.2.168.116/license/Anlogic.lic
SYN-1001 : Stage 1 | Optimize RTL
SYN-1001 : Stage 1.1 | Check Design Sanity
SYN-5065 WARNING: Register "genCA$op" in ../user_source/hdl_source/ip/memory/ph1p35_ddr/ddr2/src/rtl/mc/alc_mc_top_all.enc.sv(0) is described with both an asynchronous reset and an asynchronous set. It may have an uncertainty of the timing. Please conside rewriting code.
SYN-1001 : End Stage 1.1 | Check Design Sanity; Time: 0.022792s wall, 0.031250s user + 0.000000s system = 0.031250s CPU (137.1%); Memory(MB): used = 809, reserved = 872, peak = 1113;

SYN-1079 : finish stage Check Design Sanity. Total instances: 84486, Total nets: 196151.

SYN-1001 : Stage 1.2 | Initialize Design
SYN-1001 : End Stage 1.2 | Initialize Design; Time: 2.579429s wall, 2.500000s user + 0.062500s system = 2.562500s CPU (99.3%); Memory(MB): used = 809, reserved = 872, peak = 1113;

SYN-1079 : finish stage Initialize Design. Total instances: 35243, Total nets: 129249.

SYN-1001 : Stage 1.3 | Flatten Module
SYN-1011 : Flatten model design_top_wrapper
SYN-1050 : Instances selected by 'keep_hierarchy':
RUN-1001 : ------------------------------------------------------------------------------------------------------------
RUN-1001 :           instance           |  keep_hierarchy  |         down_module         |         file(line)          
RUN-1001 : ------------------------------------------------------------------------------------------------------------
RUN-1001 :  u_video_in/U_w128_d512_...  |       true       | soft_fifo_al_4057d6b76a...  | ../user_source/ip_sourc...  
RUN-1001 :  u_mc_to_user_interface/...  |       true       | soft_fifo_al_f58e8b3e1f...  | ../user_source/ip_sourc...  
RUN-1001 : ------------------------------------------------------------------------------------------------------------
SYN-1001 : End Stage 1.3 | Flatten Module; Time: 0.735977s wall, 0.656250s user + 0.046875s system = 0.703125s CPU (95.5%); Memory(MB): used = 826, reserved = 890, peak = 1113;

SYN-1079 : finish stage Flatten Module. Total instances: 47666, Total nets: 127682.

SYN-1001 : Stage 1.4 | Uniform Instance
SYN-5013 WARNING: Undriven net: model "design_top_wrapper" / net "u_hdmi_tx/u_key_remove_shakes/I_rst_n" in ../user_source/hdl_source/ip/control/key_remove_shakes.v(14)
		the net's pin: pin "I" in ../user_source/hdl_source/ip/control/key_remove_shakes.v(46)
SYN-5013 WARNING: Undriven net: model "design_top_wrapper" / net "u_isp_top/u_awb/signal_delay_d/rd_en_syn_3" in ../user_source/hdl_source/ip/image/signal_delay.v(34)
		the net's pin: pin "i" in ../user_source/hdl_source/ip/image/signal_delay.v(34)
SYN-5013 WARNING: Undriven net: model "design_top_wrapper" / net "u_isp_top/u_awb/signal_delay_d/blk_mem_gen_awb_delay_signal_d/ram_f84573da5ab5_Inst/dib[95]" in ../user_source/ip_source/blk_mem_gen_awb_delay_signal/ram_f84573da5ab5.v(30)
		the net's pin: pin "dib[95]" in ../user_source/ip_source/blk_mem_gen_awb_delay_signal/ram_f84573da5ab5.v(60)
SYN-5013 WARNING: Undriven net: model "design_top_wrapper" / net "u_isp_top/u_awb/signal_delay_d/blk_mem_gen_awb_delay_signal_d/ram_f84573da5ab5_Inst/dib[94]" in ../user_source/ip_source/blk_mem_gen_awb_delay_signal/ram_f84573da5ab5.v(30)
		the net's pin: pin "dib[94]" in ../user_source/ip_source/blk_mem_gen_awb_delay_signal/ram_f84573da5ab5.v(60)
SYN-5013 WARNING: Undriven net: model "design_top_wrapper" / net "u_isp_top/u_awb/signal_delay_d/blk_mem_gen_awb_delay_signal_d/ram_f84573da5ab5_Inst/dib[93]" in ../user_source/ip_source/blk_mem_gen_awb_delay_signal/ram_f84573da5ab5.v(30)
		the net's pin: pin "dib[93]" in ../user_source/ip_source/blk_mem_gen_awb_delay_signal/ram_f84573da5ab5.v(60)
SYN-5013 WARNING: Undriven net: model "design_top_wrapper" / net "u_isp_top/u_awb/signal_delay_d/blk_mem_gen_awb_delay_signal_d/ram_f84573da5ab5_Inst/dib[92]" in ../user_source/ip_source/blk_mem_gen_awb_delay_signal/ram_f84573da5ab5.v(30)
		the net's pin: pin "dib[92]" in ../user_source/ip_source/blk_mem_gen_awb_delay_signal/ram_f84573da5ab5.v(60)
SYN-5013 WARNING: Undriven net: model "design_top_wrapper" / net "u_isp_top/u_awb/signal_delay_d/blk_mem_gen_awb_delay_signal_d/ram_f84573da5ab5_Inst/dib[91]" in ../user_source/ip_source/blk_mem_gen_awb_delay_signal/ram_f84573da5ab5.v(30)
		the net's pin: pin "dib[91]" in ../user_source/ip_source/blk_mem_gen_awb_delay_signal/ram_f84573da5ab5.v(60)
SYN-5013 WARNING: Undriven net: model "design_top_wrapper" / net "u_isp_top/u_awb/signal_delay_d/blk_mem_gen_awb_delay_signal_d/ram_f84573da5ab5_Inst/dib[90]" in ../user_source/ip_source/blk_mem_gen_awb_delay_signal/ram_f84573da5ab5.v(30)
		the net's pin: pin "dib[90]" in ../user_source/ip_source/blk_mem_gen_awb_delay_signal/ram_f84573da5ab5.v(60)
SYN-5013 WARNING: Undriven net: model "design_top_wrapper" / net "u_isp_top/u_awb/signal_delay_d/blk_mem_gen_awb_delay_signal_d/ram_f84573da5ab5_Inst/dib[89]" in ../user_source/ip_source/blk_mem_gen_awb_delay_signal/ram_f84573da5ab5.v(30)
		the net's pin: pin "dib[89]" in ../user_source/ip_source/blk_mem_gen_awb_delay_signal/ram_f84573da5ab5.v(60)
SYN-5013 WARNING: Undriven net: model "design_top_wrapper" / net "u_isp_top/u_awb/signal_delay_d/blk_mem_gen_awb_delay_signal_d/ram_f84573da5ab5_Inst/dib[88]" in ../user_source/ip_source/blk_mem_gen_awb_delay_signal/ram_f84573da5ab5.v(30)
		the net's pin: pin "dib[88]" in ../user_source/ip_source/blk_mem_gen_awb_delay_signal/ram_f84573da5ab5.v(60)
SYN-5013 Similar messages will be suppressed.
SYN-5025 WARNING: Using 0 for all undriven pins and nets
SYN-1001 : End Stage 1.4 | Uniform Instance; Time: 0.321161s wall, 0.312500s user + 0.000000s system = 0.312500s CPU (97.3%); Memory(MB): used = 729, reserved = 801, peak = 1113;

SYN-1079 : finish stage Uniform Instance. Total instances: 45318, Total nets: 124531.

SYN-1001 : Stage 1.5 | Optimize Design
SYN-1066 : Inferred FSM for state register 'u_isp_top/u_cnn_core/state_reg' in module 'design_top_wrapper'
---------------------------------------------------------------------
     Previous Encoding                              New Encoding
---------------------------------------------------------------------
                000000     0000000000000000000000000000000000001
                000001     0000000000000000000000000000000000010
                000010     0000000000000000000000000000000000100
                001011     0000000000000000000000000000000001000
                001100     0000000000000000000000000000000010000
                001101     0000000000000000000000000000000100000
                001110     0000000000000000000000000000001000000
                001111     0000000000000000000000000000010000000
                010000     0000000000000000000000000000100000000
                010001     0000000000000000000000000001000000000
                100100     0000000000000000000000000010000000000
                010010     0000000000000000000000000100000000000
                010011     0000000000000000000000001000000000000
                011100     0000000000000000000000010000000000000
                010100     0000000000000000000000100000000000000
                000011     0000000000000000000001000000000000000
                011101     0000000000000000000010000000000000000
                010101     0000000000000000000100000000000000000
                000100     0000000000000000001000000000000000000
                011110     0000000000000000010000000000000000000
                010110     0000000000000000100000000000000000000
                000101     0000000000000001000000000000000000000
                011111     0000000000000010000000000000000000000
                010111     0000000000000100000000000000000000000
                000110     0000000000001000000000000000000000000
                100000     0000000000010000000000000000000000000
                011000     0000000000100000000000000000000000000
                000111     0000000001000000000000000000000000000
                100001     0000000010000000000000000000000000000
                011001     0000000100000000000000000000000000000
                001000     0000001000000000000000000000000000000
                100010     0000010000000000000000000000000000000
                011010     0000100000000000000000000000000000000
                001001     0001000000000000000000000000000000000
                011011     0010000000000000000000000000000000000
                100011     0100000000000000000000000000000000000
                001010     1000000000000000000000000000000000000
---------------------------------------------------------------------
SYN-1067 : encoded FSM with state register 'u_isp_top/u_cnn_core/state_reg' using encoding 'one_hot' in model 'design_top_wrapper'
SYN-1066 : Inferred FSM for state register 'u_mipi_dphy_rx_ph1p_mipiio_wrapper/u_ph1p_mipiio_rx_wrapper/u_lane0_hs_detect/S_lp_state_reg' in module 'design_top_wrapper'
--------------------------------------------
     Previous Encoding     New Encoding
--------------------------------------------
                   000            00001
                   001            00010
                   010            00100
                   011            01000
                   100            10000
--------------------------------------------
SYN-1067 : encoded FSM with state register 'u_mipi_dphy_rx_ph1p_mipiio_wrapper/u_ph1p_mipiio_rx_wrapper/u_lane0_hs_detect/S_lp_state_reg' using encoding 'one_hot' in model 'design_top_wrapper'
SYN-1066 : Inferred FSM for state register 'u_ph1p35_324_ddr_wrapper/u_ddr2/ph1p_ddrmc_wrapper/ph1p_ddrmc_top/u_alc_mc_top/page_ctrl[0]$u_page_ctrl/gr_cas_state_reg' in module 'design_top_wrapper'
--------------------------------------------
     Previous Encoding     New Encoding
--------------------------------------------
                    01               01
                    10               10
--------------------------------------------
SYN-1067 : encoded FSM with state register 'u_ph1p35_324_ddr_wrapper/u_ddr2/ph1p_ddrmc_wrapper/ph1p_ddrmc_top/u_alc_mc_top/page_ctrl[0]$u_page_ctrl/gr_cas_state_reg' using encoding 'one_hot' in model 'design_top_wrapper'
SYN-1066 : Inferred FSM for state register 'u_ph1p35_324_ddr_wrapper/u_ddr2/ph1p_ddrmc_wrapper/ph1p_ddrmc_top/u_alc_mc_top/page_ctrl[1]$u_page_ctrl/gr_cas_state_reg' in module 'design_top_wrapper'
--------------------------------------------
     Previous Encoding     New Encoding
--------------------------------------------
                    01               01
                    10               10
--------------------------------------------
SYN-1067 : encoded FSM with state register 'u_ph1p35_324_ddr_wrapper/u_ddr2/ph1p_ddrmc_wrapper/ph1p_ddrmc_top/u_alc_mc_top/page_ctrl[1]$u_page_ctrl/gr_cas_state_reg' using encoding 'one_hot' in model 'design_top_wrapper'
SYN-1066 : Inferred FSM for state register 'u_ph1p35_324_ddr_wrapper/u_ddr2/ph1p_ddrmc_wrapper/ph1p_ddrmc_top/u_alc_mc_top/page_ctrl[2]$u_page_ctrl/gr_cas_state_reg' in module 'design_top_wrapper'
--------------------------------------------
     Previous Encoding     New Encoding
--------------------------------------------
                    01               01
                    10               10
--------------------------------------------
SYN-1067 : encoded FSM with state register 'u_ph1p35_324_ddr_wrapper/u_ddr2/ph1p_ddrmc_wrapper/ph1p_ddrmc_top/u_alc_mc_top/page_ctrl[2]$u_page_ctrl/gr_cas_state_reg' using encoding 'one_hot' in model 'design_top_wrapper'
SYN-1066 : Inferred FSM for state register 'u_ph1p35_324_ddr_wrapper/u_ddr2/ph1p_ddrmc_wrapper/ph1p_ddrmc_top/u_alc_mc_top/page_ctrl[3]$u_page_ctrl/gr_cas_state_reg' in module 'design_top_wrapper'
--------------------------------------------
     Previous Encoding     New Encoding
--------------------------------------------
                    01               01
                    10               10
--------------------------------------------
SYN-1067 : encoded FSM with state register 'u_ph1p35_324_ddr_wrapper/u_ddr2/ph1p_ddrmc_wrapper/ph1p_ddrmc_top/u_alc_mc_top/page_ctrl[3]$u_page_ctrl/gr_cas_state_reg' using encoding 'one_hot' in model 'design_top_wrapper'
SYN-1066 : Inferred FSM for state register 'u_ph1p35_324_ddr_wrapper/u_ddr2/ph1p_ddrmc_wrapper/ph1p_ddrmc_top/u_alc_mc_top/u_ref_ctrl/ref_cst_reg' in module 'design_top_wrapper'
--------------------------------------------
     Previous Encoding     New Encoding
--------------------------------------------
             000000001        000000001
             000000010        000000010
             000000100        000000100
             000001000        000001000
             000010000        000010000
             000100000        000100000
             001000000        001000000
             010000000        010000000
             100000000        100000000
--------------------------------------------
SYN-1067 : encoded FSM with state register 'u_ph1p35_324_ddr_wrapper/u_ddr2/ph1p_ddrmc_wrapper/ph1p_ddrmc_top/u_alc_mc_top/u_ref_ctrl/ref_cst_reg' using encoding 'one_hot' in model 'design_top_wrapper'
SYN-1066 : Inferred FSM for state register 'u_ph1p35_324_ddr_wrapper/u_ddr2/ph1p_ddrmc_wrapper/ph1p_ddrmc_top/u_ddr_phy/u_ddrphy_top/u_ddrphy_mdl_cal_wrapper/mdl_cal[0]$u_ddrphy_mdl_cal/lcdl_cal_state_reg' in module 'design_top_wrapper'
--------------------------------------------
     Previous Encoding     New Encoding
--------------------------------------------
                  0000      00000000001
                  0001      00000000010
                  0010      00000000100
                  0011      00000001000
                  0100      00000010000
                  0101      00000100000
                  0110      00001000000
                  0111      00010000000
                  1000      00100000000
                  1010      01000000000
                  1001      10000000000
--------------------------------------------
SYN-1067 : encoded FSM with state register 'u_ph1p35_324_ddr_wrapper/u_ddr2/ph1p_ddrmc_wrapper/ph1p_ddrmc_top/u_ddr_phy/u_ddrphy_top/u_ddrphy_mdl_cal_wrapper/mdl_cal[0]$u_ddrphy_mdl_cal/lcdl_cal_state_reg' using encoding 'one_hot' in model 'design_top_wrapper'
SYN-1066 : Inferred FSM for state register 'u_ph1p35_324_ddr_wrapper/u_ddr2/ph1p_ddrmc_wrapper/ph1p_ddrmc_top/u_ddr_phy/u_ddrphy_top/u_ddrphy_mdl_cal_wrapper/mdl_cal[1]$u_ddrphy_mdl_cal/lcdl_cal_state_reg' in module 'design_top_wrapper'
--------------------------------------------
     Previous Encoding     New Encoding
--------------------------------------------
                  0000      00000000001
                  0001      00000000010
                  0010      00000000100
                  0011      00000001000
                  0100      00000010000
                  0101      00000100000
                  0110      00001000000
                  0111      00010000000
                  1000      00100000000
                  1010      01000000000
                  1001      10000000000
--------------------------------------------
SYN-1067 : encoded FSM with state register 'u_ph1p35_324_ddr_wrapper/u_ddr2/ph1p_ddrmc_wrapper/ph1p_ddrmc_top/u_ddr_phy/u_ddrphy_top/u_ddrphy_mdl_cal_wrapper/mdl_cal[1]$u_ddrphy_mdl_cal/lcdl_cal_state_reg' using encoding 'one_hot' in model 'design_top_wrapper'
SYN-1066 : Inferred FSM for state register 'u_uicfgcs500/TS_S_reg' in module 'design_top_wrapper'
--------------------------------------------
     Previous Encoding     New Encoding
--------------------------------------------
                    00             0001
                    01             0010
                    10             0100
                    11             1000
--------------------------------------------
SYN-1067 : encoded FSM with state register 'u_uicfgcs500/TS_S_reg' using encoding 'one_hot' in model 'design_top_wrapper'
SYN-1057 : Inferred 10 FSM(s)
SYN-1001 : Optimize 3 less-than instances
SYN-1001 : Optimize 3 less-than instances
SYN-1032 : 116719/2376 useful/useless nets, 44077/93 useful/useless insts
SYN-1001 : Bypass 1 mux instances
SYN-1021 : Optimized 19 onehot mux instances.
SYN-1068 : Optimized 1 binary mux instances.
SYN-1019 : Optimized 11 mux instances.
SYN-1021 : Optimized 4 onehot mux instances.
SYN-1021 : Optimized 4 onehot mux instances.
SYN-1021 : Optimized 27 onehot mux instances.
SYN-1001 : Optimize 45 less-than instances
SYN-1016 : Merged 17730 instances.
SYN-1035 : Inferred 1 ROM(s)
8.888000
15.000000
15.000000
19.230000
SYN-1016 : Merged 3219 instances.
SYN-1001 : End Stage 1.5 | Optimize Design; Time: 95.844121s wall, 93.828125s user + 0.843750s system = 94.671875s CPU (98.8%); Memory(MB): used = 1588, reserved = 1576, peak = 1588;

SYN-1079 : finish stage Optimize Design. Total instances: 96945, Total nets: 106662.

SYN-1001 : Stage 1.6 | Optimize Iteratively
SYN-1018 : Transformed 3 mux instances.
SYN-1019 : Optimized 63 mux instances.
SYN-1021 : Optimized 122 onehot mux instances.
SYN-1014 : Optimize round 1
SYN-1044 : Optimized 223 inv instances.
SYN-1017 : Remove 102 const input seq instances
SYN-1018 : Transformed 4 mux instances.
SYN-1019 : Optimized 409 mux instances.
SYN-1020 : Optimized 1582 distributor mux.
SYN-1001 : Optimize 81 less-than instances
SYN-1019 : Optimized 263 mux instances.
SYN-2595 : bram inst: u_isp_top/u_awb/signal_delay_d/blk_mem_gen_awb_delay_signal_d/ram_f84573da5ab5_Inst/username_inst is set to PDPW/SP from DP for resource saving
SYN-2595 : bram inst: u_isp_top/u_cnn_core/u_cnn_feat_bram_a/u_cnn_feat_bram is set to PDPW/SP from DP for resource saving
SYN-2595 : bram inst: u_isp_top/u_cnn_core/u_cnn_feat_bram_b/u_cnn_feat_bram is set to PDPW/SP from DP for resource saving
SYN-2595 : bram inst: u_isp_top/u_cnn_input_sampler_96/u_cnn_input_bank0/u_cnn_input_bram is set to PDPW/SP from DP for resource saving
SYN-2595 : bram inst: u_isp_top/u_cnn_input_sampler_96/u_cnn_input_bank1/u_cnn_input_bram is set to PDPW/SP from DP for resource saving
SYN-2595 : bram inst: u_isp_top/u_demosaic/raw_matrix_3x3_buffer_d/two_line_buffer[1]$line_buffer_demosaic_r1/blk_mem_gen_demosaic_r0/ram_c36c2ca3b3a7_Inst/username_inst is set to PDPW/SP from DP for resource saving
SYN-2595 : bram inst: u_isp_top/u_demosaic/raw_matrix_3x3_buffer_d/two_line_buffer[2]$line_buffer_demosaic_r1/blk_mem_gen_demosaic_r0/ram_c36c2ca3b3a7_Inst/username_inst is set to PDPW/SP from DP for resource saving
SYN-2595 : bram inst: u_isp_top/u_demosaic/raw_matrix_3x3_buffer_d/zhenghe_d/blk_mem_gen_zhenghe_d1/ram_d32970204f32_Inst/username_inst is set to PDPW/SP from DP for resource saving
SYN-2593 : bram inst: u_isp_top/u_demosaic/raw_matrix_3x3_buffer_d/two_line_buffer[2]$line_buffer_demosaic_r1/blk_mem_gen_demosaic_r0/ram_c36c2ca3b3a7_Inst/username_inst will be optimized to a new one with A-width 32 due to unused data out
SYN-2541 : Reading BRAM "u_isp_top/u_cnn_core/u_cnn_weight_rom/u_bank0/u_cnn_weight_bank" init file "..\user_source\ip_source\cnn\cnn_weight_bank0.bin"
SYN-2543 : Parsing BIN init file
SYN-2541 : Reading BRAM "u_isp_top/u_cnn_core/u_cnn_weight_rom/u_bank1/u_cnn_weight_bank" init file "..\user_source\ip_source\cnn\cnn_weight_bank1.bin"
SYN-2543 : Parsing BIN init file
SYN-2541 : Reading BRAM "u_isp_top/u_cnn_core/u_cnn_weight_rom/u_bank10/u_cnn_weight_bank" init file "..\user_source\ip_source\cnn\cnn_weight_bank10.bin"
SYN-2543 : Parsing BIN init file
SYN-2541 : Reading BRAM "u_isp_top/u_cnn_core/u_cnn_weight_rom/u_bank11/u_cnn_weight_bank" init file "..\user_source\ip_source\cnn\cnn_weight_bank11.bin"
SYN-2543 : Parsing BIN init file
SYN-2541 : Reading BRAM "u_isp_top/u_cnn_core/u_cnn_weight_rom/u_bank12/u_cnn_weight_bank" init file "..\user_source\ip_source\cnn\cnn_weight_bank12.bin"
SYN-2543 : Parsing BIN init file
SYN-2541 : Reading BRAM "u_isp_top/u_cnn_core/u_cnn_weight_rom/u_bank13/u_cnn_weight_bank" init file "..\user_source\ip_source\cnn\cnn_weight_bank13.bin"
SYN-2543 : Parsing BIN init file
SYN-2541 : Reading BRAM "u_isp_top/u_cnn_core/u_cnn_weight_rom/u_bank14/u_cnn_weight_bank" init file "..\user_source\ip_source\cnn\cnn_weight_bank14.bin"
SYN-2543 : Parsing BIN init file
SYN-2541 : Reading BRAM "u_isp_top/u_cnn_core/u_cnn_weight_rom/u_bank15/u_cnn_weight_bank" init file "..\user_source\ip_source\cnn\cnn_weight_bank15.bin"
SYN-2543 : Parsing BIN init file
SYN-2541 : Reading BRAM "u_isp_top/u_cnn_core/u_cnn_weight_rom/u_bank16/u_cnn_weight_bank" init file "..\user_source\ip_source\cnn\cnn_weight_bank16.bin"
SYN-2543 : Parsing BIN init file
SYN-2541 : Reading BRAM "u_isp_top/u_cnn_core/u_cnn_weight_rom/u_bank2/u_cnn_weight_bank" init file "..\user_source\ip_source\cnn\cnn_weight_bank2.bin"
SYN-2543 : Parsing BIN init file
SYN-2541 : Reading BRAM "u_isp_top/u_cnn_core/u_cnn_weight_rom/u_bank3/u_cnn_weight_bank" init file "..\user_source\ip_source\cnn\cnn_weight_bank3.bin"
SYN-2543 : Parsing BIN init file
SYN-2541 : Reading BRAM "u_isp_top/u_cnn_core/u_cnn_weight_rom/u_bank4/u_cnn_weight_bank" init file "..\user_source\ip_source\cnn\cnn_weight_bank4.bin"
SYN-2543 : Parsing BIN init file
SYN-2541 : Reading BRAM "u_isp_top/u_cnn_core/u_cnn_weight_rom/u_bank5/u_cnn_weight_bank" init file "..\user_source\ip_source\cnn\cnn_weight_bank5.bin"
SYN-2543 : Parsing BIN init file
SYN-2541 : Reading BRAM "u_isp_top/u_cnn_core/u_cnn_weight_rom/u_bank6/u_cnn_weight_bank" init file "..\user_source\ip_source\cnn\cnn_weight_bank6.bin"
SYN-2543 : Parsing BIN init file
SYN-2541 : Reading BRAM "u_isp_top/u_cnn_core/u_cnn_weight_rom/u_bank7/u_cnn_weight_bank" init file "..\user_source\ip_source\cnn\cnn_weight_bank7.bin"
SYN-2543 : Parsing BIN init file
SYN-2541 : Reading BRAM "u_isp_top/u_cnn_core/u_cnn_weight_rom/u_bank8/u_cnn_weight_bank" init file "..\user_source\ip_source\cnn\cnn_weight_bank8.bin"
SYN-2543 : Parsing BIN init file
SYN-2541 : Reading BRAM "u_isp_top/u_cnn_core/u_cnn_weight_rom/u_bank9/u_cnn_weight_bank" init file "..\user_source\ip_source\cnn\cnn_weight_bank9.bin"
SYN-2543 : Parsing BIN init file
SYN-1016 : Merged 3792 instances.
SYN-1015 : Optimize round 1, 74006 better
SYN-1014 : Optimize round 2
SYN-1044 : Optimized 24 inv instances.
SYN-1017 : Remove 39 const input seq instances
SYN-1019 : Optimized 565 mux instances.
SYN-1020 : Optimized 94 distributor mux.
SYN-1019 : Optimized 59 mux instances.
SYN-2541 : Reading BRAM "u_isp_top/u_cnn_core/u_cnn_weight_rom/u_bank0/u_cnn_weight_bank" init file "..\user_source\ip_source\cnn\cnn_weight_bank0.bin"
SYN-2543 : Parsing BIN init file
SYN-2541 : Reading BRAM "u_isp_top/u_cnn_core/u_cnn_weight_rom/u_bank1/u_cnn_weight_bank" init file "..\user_source\ip_source\cnn\cnn_weight_bank1.bin"
SYN-2543 : Parsing BIN init file
SYN-2541 : Reading BRAM "u_isp_top/u_cnn_core/u_cnn_weight_rom/u_bank10/u_cnn_weight_bank" init file "..\user_source\ip_source\cnn\cnn_weight_bank10.bin"
SYN-2543 : Parsing BIN init file
SYN-2541 : Reading BRAM "u_isp_top/u_cnn_core/u_cnn_weight_rom/u_bank11/u_cnn_weight_bank" init file "..\user_source\ip_source\cnn\cnn_weight_bank11.bin"
SYN-2543 : Parsing BIN init file
SYN-2541 : Reading BRAM "u_isp_top/u_cnn_core/u_cnn_weight_rom/u_bank12/u_cnn_weight_bank" init file "..\user_source\ip_source\cnn\cnn_weight_bank12.bin"
SYN-2543 : Parsing BIN init file
SYN-2541 : Reading BRAM "u_isp_top/u_cnn_core/u_cnn_weight_rom/u_bank13/u_cnn_weight_bank" init file "..\user_source\ip_source\cnn\cnn_weight_bank13.bin"
SYN-2543 : Parsing BIN init file
SYN-2541 : Reading BRAM "u_isp_top/u_cnn_core/u_cnn_weight_rom/u_bank14/u_cnn_weight_bank" init file "..\user_source\ip_source\cnn\cnn_weight_bank14.bin"
SYN-2543 : Parsing BIN init file
SYN-2541 : Reading BRAM "u_isp_top/u_cnn_core/u_cnn_weight_rom/u_bank15/u_cnn_weight_bank" init file "..\user_source\ip_source\cnn\cnn_weight_bank15.bin"
SYN-2543 : Parsing BIN init file
SYN-2541 : Reading BRAM "u_isp_top/u_cnn_core/u_cnn_weight_rom/u_bank16/u_cnn_weight_bank" init file "..\user_source\ip_source\cnn\cnn_weight_bank16.bin"
SYN-2543 : Parsing BIN init file
SYN-2541 : Reading BRAM "u_isp_top/u_cnn_core/u_cnn_weight_rom/u_bank2/u_cnn_weight_bank" init file "..\user_source\ip_source\cnn\cnn_weight_bank2.bin"
SYN-2543 : Parsing BIN init file
SYN-2541 : Reading BRAM "u_isp_top/u_cnn_core/u_cnn_weight_rom/u_bank3/u_cnn_weight_bank" init file "..\user_source\ip_source\cnn\cnn_weight_bank3.bin"
SYN-2543 : Parsing BIN init file
SYN-2541 : Reading BRAM "u_isp_top/u_cnn_core/u_cnn_weight_rom/u_bank4/u_cnn_weight_bank" init file "..\user_source\ip_source\cnn\cnn_weight_bank4.bin"
SYN-2543 : Parsing BIN init file
SYN-2541 : Reading BRAM "u_isp_top/u_cnn_core/u_cnn_weight_rom/u_bank5/u_cnn_weight_bank" init file "..\user_source\ip_source\cnn\cnn_weight_bank5.bin"
SYN-2543 : Parsing BIN init file
SYN-2541 : Reading BRAM "u_isp_top/u_cnn_core/u_cnn_weight_rom/u_bank6/u_cnn_weight_bank" init file "..\user_source\ip_source\cnn\cnn_weight_bank6.bin"
SYN-2543 : Parsing BIN init file
SYN-2541 : Reading BRAM "u_isp_top/u_cnn_core/u_cnn_weight_rom/u_bank7/u_cnn_weight_bank" init file "..\user_source\ip_source\cnn\cnn_weight_bank7.bin"
SYN-2543 : Parsing BIN init file
SYN-2541 : Reading BRAM "u_isp_top/u_cnn_core/u_cnn_weight_rom/u_bank8/u_cnn_weight_bank" init file "..\user_source\ip_source\cnn\cnn_weight_bank8.bin"
SYN-2543 : Parsing BIN init file
SYN-2541 : Reading BRAM "u_isp_top/u_cnn_core/u_cnn_weight_rom/u_bank9/u_cnn_weight_bank" init file "..\user_source\ip_source\cnn\cnn_weight_bank9.bin"
SYN-2543 : Parsing BIN init file
SYN-1016 : Merged 214 instances.
SYN-1015 : Optimize round 2, 1521 better
SYN-5011 WARNING: Undriven pin: model "design_top_wrapper" / inst "u_isp_top/u_demosaic/raw_matrix_3x3_buffer_d/two_line_buffer[2]$line_buffer_demosaic_r1/blk_mem_gen_demosaic_r0/ram_c36c2ca3b3a7_Inst/username_inst" in ../user_source/hdl_source/ip/image/demosaic_4x_2_0/blk_mem_gen_demosaic/RTL/ram_c36c2ca3b3a7.v(91) / pin "bea[0]"
SYN-5011 WARNING: Undriven pin: model "design_top_wrapper" / inst "u_isp_top/u_demosaic/raw_matrix_3x3_buffer_d/two_line_buffer[2]$line_buffer_demosaic_r1/blk_mem_gen_demosaic_r0/ram_c36c2ca3b3a7_Inst/username_inst" in ../user_source/hdl_source/ip/image/demosaic_4x_2_0/blk_mem_gen_demosaic/RTL/ram_c36c2ca3b3a7.v(91) / pin "beb[0]"
SYN-5025 WARNING: Using 0 for all undriven pins and nets
SYN-3010 : Optimized 488 DFF(s)
SYN-1014 : Optimize round 1
SYN-1017 : Remove 36 const input seq instances
SYN-1019 : Optimized 8 mux instances.
SYN-1020 : Optimized 51 distributor mux.
SYN-1019 : Optimized 12 mux instances.
SYN-2541 : Reading BRAM "u_isp_top/u_cnn_core/u_cnn_weight_rom/u_bank0/u_cnn_weight_bank" init file "..\user_source\ip_source\cnn\cnn_weight_bank0.bin"
SYN-2543 : Parsing BIN init file
SYN-2541 : Reading BRAM "u_isp_top/u_cnn_core/u_cnn_weight_rom/u_bank1/u_cnn_weight_bank" init file "..\user_source\ip_source\cnn\cnn_weight_bank1.bin"
SYN-2543 : Parsing BIN init file
SYN-2541 : Reading BRAM "u_isp_top/u_cnn_core/u_cnn_weight_rom/u_bank10/u_cnn_weight_bank" init file "..\user_source\ip_source\cnn\cnn_weight_bank10.bin"
SYN-2543 : Parsing BIN init file
SYN-2541 : Reading BRAM "u_isp_top/u_cnn_core/u_cnn_weight_rom/u_bank11/u_cnn_weight_bank" init file "..\user_source\ip_source\cnn\cnn_weight_bank11.bin"
SYN-2543 : Parsing BIN init file
SYN-2541 : Reading BRAM "u_isp_top/u_cnn_core/u_cnn_weight_rom/u_bank12/u_cnn_weight_bank" init file "..\user_source\ip_source\cnn\cnn_weight_bank12.bin"
SYN-2543 : Parsing BIN init file
SYN-2541 : Reading BRAM "u_isp_top/u_cnn_core/u_cnn_weight_rom/u_bank13/u_cnn_weight_bank" init file "..\user_source\ip_source\cnn\cnn_weight_bank13.bin"
SYN-2543 : Parsing BIN init file
SYN-2541 : Reading BRAM "u_isp_top/u_cnn_core/u_cnn_weight_rom/u_bank14/u_cnn_weight_bank" init file "..\user_source\ip_source\cnn\cnn_weight_bank14.bin"
SYN-2543 : Parsing BIN init file
SYN-2541 : Reading BRAM "u_isp_top/u_cnn_core/u_cnn_weight_rom/u_bank15/u_cnn_weight_bank" init file "..\user_source\ip_source\cnn\cnn_weight_bank15.bin"
SYN-2543 : Parsing BIN init file
SYN-2541 : Reading BRAM "u_isp_top/u_cnn_core/u_cnn_weight_rom/u_bank16/u_cnn_weight_bank" init file "..\user_source\ip_source\cnn\cnn_weight_bank16.bin"
SYN-2543 : Parsing BIN init file
SYN-2541 : Reading BRAM "u_isp_top/u_cnn_core/u_cnn_weight_rom/u_bank2/u_cnn_weight_bank" init file "..\user_source\ip_source\cnn\cnn_weight_bank2.bin"
SYN-2543 : Parsing BIN init file
SYN-2541 : Reading BRAM "u_isp_top/u_cnn_core/u_cnn_weight_rom/u_bank3/u_cnn_weight_bank" init file "..\user_source\ip_source\cnn\cnn_weight_bank3.bin"
SYN-2543 : Parsing BIN init file
SYN-2541 : Reading BRAM "u_isp_top/u_cnn_core/u_cnn_weight_rom/u_bank4/u_cnn_weight_bank" init file "..\user_source\ip_source\cnn\cnn_weight_bank4.bin"
SYN-2543 : Parsing BIN init file
SYN-2541 : Reading BRAM "u_isp_top/u_cnn_core/u_cnn_weight_rom/u_bank5/u_cnn_weight_bank" init file "..\user_source\ip_source\cnn\cnn_weight_bank5.bin"
SYN-2543 : Parsing BIN init file
SYN-2541 : Reading BRAM "u_isp_top/u_cnn_core/u_cnn_weight_rom/u_bank6/u_cnn_weight_bank" init file "..\user_source\ip_source\cnn\cnn_weight_bank6.bin"
SYN-2543 : Parsing BIN init file
SYN-2541 : Reading BRAM "u_isp_top/u_cnn_core/u_cnn_weight_rom/u_bank7/u_cnn_weight_bank" init file "..\user_source\ip_source\cnn\cnn_weight_bank7.bin"
SYN-2543 : Parsing BIN init file
SYN-2541 : Reading BRAM "u_isp_top/u_cnn_core/u_cnn_weight_rom/u_bank8/u_cnn_weight_bank" init file "..\user_source\ip_source\cnn\cnn_weight_bank8.bin"
SYN-2543 : Parsing BIN init file
SYN-2541 : Reading BRAM "u_isp_top/u_cnn_core/u_cnn_weight_rom/u_bank9/u_cnn_weight_bank" init file "..\user_source\ip_source\cnn\cnn_weight_bank9.bin"
SYN-2543 : Parsing BIN init file
SYN-2594 : bram inst: u_isp_top/u_demosaic/raw_matrix_3x3_buffer_d/two_line_buffer[1]$line_buffer_demosaic_r1/blk_mem_gen_demosaic_r0/ram_c36c2ca3b3a7_Inst/username_inst will be optimized to a new one with A-addr 8 due to const address
SYN-2594 : bram inst: u_isp_top/u_demosaic/raw_matrix_3x3_buffer_d/two_line_buffer[2]$line_buffer_demosaic_r1/blk_mem_gen_demosaic_r0/ram_c36c2ca3b3a7_Inst/username_inst will be optimized to a new one with A-addr 8 due to const address
SYN-2594 : bram inst: u_isp_top/u_demosaic/raw_matrix_3x3_buffer_d/zhenghe_d/blk_mem_gen_zhenghe_d1/ram_d32970204f32_Inst/username_inst will be optimized to a new one with A-addr 8 due to const address
SYN-1016 : Merged 257 instances.
SYN-1015 : Optimize round 1, 495 better
SYN-1014 : Optimize round 2
SYN-1044 : Optimized 3 inv instances.
SYN-1017 : Remove 3 const input seq instances
SYN-1019 : Optimized 7 mux instances.
SYN-1020 : Optimized 8 distributor mux.
SYN-2541 : Reading BRAM "u_isp_top/u_cnn_core/u_cnn_weight_rom/u_bank0/u_cnn_weight_bank" init file "..\user_source\ip_source\cnn\cnn_weight_bank0.bin"
SYN-2543 : Parsing BIN init file
SYN-2541 : Reading BRAM "u_isp_top/u_cnn_core/u_cnn_weight_rom/u_bank1/u_cnn_weight_bank" init file "..\user_source\ip_source\cnn\cnn_weight_bank1.bin"
SYN-2543 : Parsing BIN init file
SYN-2541 : Reading BRAM "u_isp_top/u_cnn_core/u_cnn_weight_rom/u_bank10/u_cnn_weight_bank" init file "..\user_source\ip_source\cnn\cnn_weight_bank10.bin"
SYN-2543 : Parsing BIN init file
SYN-2541 : Reading BRAM "u_isp_top/u_cnn_core/u_cnn_weight_rom/u_bank11/u_cnn_weight_bank" init file "..\user_source\ip_source\cnn\cnn_weight_bank11.bin"
SYN-2543 : Parsing BIN init file
SYN-2541 : Reading BRAM "u_isp_top/u_cnn_core/u_cnn_weight_rom/u_bank12/u_cnn_weight_bank" init file "..\user_source\ip_source\cnn\cnn_weight_bank12.bin"
SYN-2543 : Parsing BIN init file
SYN-2541 : Reading BRAM "u_isp_top/u_cnn_core/u_cnn_weight_rom/u_bank13/u_cnn_weight_bank" init file "..\user_source\ip_source\cnn\cnn_weight_bank13.bin"
SYN-2543 : Parsing BIN init file
SYN-2541 : Reading BRAM "u_isp_top/u_cnn_core/u_cnn_weight_rom/u_bank14/u_cnn_weight_bank" init file "..\user_source\ip_source\cnn\cnn_weight_bank14.bin"
SYN-2543 : Parsing BIN init file
SYN-2541 : Reading BRAM "u_isp_top/u_cnn_core/u_cnn_weight_rom/u_bank15/u_cnn_weight_bank" init file "..\user_source\ip_source\cnn\cnn_weight_bank15.bin"
SYN-2543 : Parsing BIN init file
SYN-2541 : Reading BRAM "u_isp_top/u_cnn_core/u_cnn_weight_rom/u_bank16/u_cnn_weight_bank" init file "..\user_source\ip_source\cnn\cnn_weight_bank16.bin"
SYN-2543 : Parsing BIN init file
SYN-2541 : Reading BRAM "u_isp_top/u_cnn_core/u_cnn_weight_rom/u_bank2/u_cnn_weight_bank" init file "..\user_source\ip_source\cnn\cnn_weight_bank2.bin"
SYN-2543 : Parsing BIN init file
SYN-2541 : Reading BRAM "u_isp_top/u_cnn_core/u_cnn_weight_rom/u_bank3/u_cnn_weight_bank" init file "..\user_source\ip_source\cnn\cnn_weight_bank3.bin"
SYN-2543 : Parsing BIN init file
SYN-2541 : Reading BRAM "u_isp_top/u_cnn_core/u_cnn_weight_rom/u_bank4/u_cnn_weight_bank" init file "..\user_source\ip_source\cnn\cnn_weight_bank4.bin"
SYN-2543 : Parsing BIN init file
SYN-2541 : Reading BRAM "u_isp_top/u_cnn_core/u_cnn_weight_rom/u_bank5/u_cnn_weight_bank" init file "..\user_source\ip_source\cnn\cnn_weight_bank5.bin"
SYN-2543 : Parsing BIN init file
SYN-2541 : Reading BRAM "u_isp_top/u_cnn_core/u_cnn_weight_rom/u_bank6/u_cnn_weight_bank" init file "..\user_source\ip_source\cnn\cnn_weight_bank6.bin"
SYN-2543 : Parsing BIN init file
SYN-2541 : Reading BRAM "u_isp_top/u_cnn_core/u_cnn_weight_rom/u_bank7/u_cnn_weight_bank" init file "..\user_source\ip_source\cnn\cnn_weight_bank7.bin"
SYN-2543 : Parsing BIN init file
SYN-2541 : Reading BRAM "u_isp_top/u_cnn_core/u_cnn_weight_rom/u_bank8/u_cnn_weight_bank" init file "..\user_source\ip_source\cnn\cnn_weight_bank8.bin"
SYN-2543 : Parsing BIN init file
SYN-2541 : Reading BRAM "u_isp_top/u_cnn_core/u_cnn_weight_rom/u_bank9/u_cnn_weight_bank" init file "..\user_source\ip_source\cnn\cnn_weight_bank9.bin"
SYN-2543 : Parsing BIN init file
SYN-1016 : Merged 12 instances.
SYN-1015 : Optimize round 2, 40 better
SYN-1014 : Optimize round 3
SYN-1044 : Optimized 1 inv instances.
SYN-1017 : Remove 4 const input seq instances
SYN-1019 : Optimized 3 mux instances.
SYN-1020 : Optimized 2 distributor mux.
SYN-2541 : Reading BRAM "u_isp_top/u_cnn_core/u_cnn_weight_rom/u_bank0/u_cnn_weight_bank" init file "..\user_source\ip_source\cnn\cnn_weight_bank0.bin"
SYN-2543 : Parsing BIN init file
SYN-2541 : Reading BRAM "u_isp_top/u_cnn_core/u_cnn_weight_rom/u_bank1/u_cnn_weight_bank" init file "..\user_source\ip_source\cnn\cnn_weight_bank1.bin"
SYN-2543 : Parsing BIN init file
SYN-2541 : Reading BRAM "u_isp_top/u_cnn_core/u_cnn_weight_rom/u_bank10/u_cnn_weight_bank" init file "..\user_source\ip_source\cnn\cnn_weight_bank10.bin"
SYN-2543 : Parsing BIN init file
SYN-2541 : Reading BRAM "u_isp_top/u_cnn_core/u_cnn_weight_rom/u_bank11/u_cnn_weight_bank" init file "..\user_source\ip_source\cnn\cnn_weight_bank11.bin"
SYN-2543 : Parsing BIN init file
SYN-2541 : Reading BRAM "u_isp_top/u_cnn_core/u_cnn_weight_rom/u_bank12/u_cnn_weight_bank" init file "..\user_source\ip_source\cnn\cnn_weight_bank12.bin"
SYN-2543 : Parsing BIN init file
SYN-2541 : Reading BRAM "u_isp_top/u_cnn_core/u_cnn_weight_rom/u_bank13/u_cnn_weight_bank" init file "..\user_source\ip_source\cnn\cnn_weight_bank13.bin"
SYN-2543 : Parsing BIN init file
SYN-2541 : Reading BRAM "u_isp_top/u_cnn_core/u_cnn_weight_rom/u_bank14/u_cnn_weight_bank" init file "..\user_source\ip_source\cnn\cnn_weight_bank14.bin"
SYN-2543 : Parsing BIN init file
SYN-2541 : Reading BRAM "u_isp_top/u_cnn_core/u_cnn_weight_rom/u_bank15/u_cnn_weight_bank" init file "..\user_source\ip_source\cnn\cnn_weight_bank15.bin"
SYN-2543 : Parsing BIN init file
SYN-2541 : Reading BRAM "u_isp_top/u_cnn_core/u_cnn_weight_rom/u_bank16/u_cnn_weight_bank" init file "..\user_source\ip_source\cnn\cnn_weight_bank16.bin"
SYN-2543 : Parsing BIN init file
SYN-2541 : Reading BRAM "u_isp_top/u_cnn_core/u_cnn_weight_rom/u_bank2/u_cnn_weight_bank" init file "..\user_source\ip_source\cnn\cnn_weight_bank2.bin"
SYN-2543 : Parsing BIN init file
SYN-2541 : Reading BRAM "u_isp_top/u_cnn_core/u_cnn_weight_rom/u_bank3/u_cnn_weight_bank" init file "..\user_source\ip_source\cnn\cnn_weight_bank3.bin"
SYN-2543 : Parsing BIN init file
SYN-2541 : Reading BRAM "u_isp_top/u_cnn_core/u_cnn_weight_rom/u_bank4/u_cnn_weight_bank" init file "..\user_source\ip_source\cnn\cnn_weight_bank4.bin"
SYN-2543 : Parsing BIN init file
SYN-2541 : Reading BRAM "u_isp_top/u_cnn_core/u_cnn_weight_rom/u_bank5/u_cnn_weight_bank" init file "..\user_source\ip_source\cnn\cnn_weight_bank5.bin"
SYN-2543 : Parsing BIN init file
SYN-2541 : Reading BRAM "u_isp_top/u_cnn_core/u_cnn_weight_rom/u_bank6/u_cnn_weight_bank" init file "..\user_source\ip_source\cnn\cnn_weight_bank6.bin"
SYN-2543 : Parsing BIN init file
SYN-2541 : Reading BRAM "u_isp_top/u_cnn_core/u_cnn_weight_rom/u_bank7/u_cnn_weight_bank" init file "..\user_source\ip_source\cnn\cnn_weight_bank7.bin"
SYN-2543 : Parsing BIN init file
SYN-2541 : Reading BRAM "u_isp_top/u_cnn_core/u_cnn_weight_rom/u_bank8/u_cnn_weight_bank" init file "..\user_source\ip_source\cnn\cnn_weight_bank8.bin"
SYN-2543 : Parsing BIN init file
SYN-2541 : Reading BRAM "u_isp_top/u_cnn_core/u_cnn_weight_rom/u_bank9/u_cnn_weight_bank" init file "..\user_source\ip_source\cnn\cnn_weight_bank9.bin"
SYN-2543 : Parsing BIN init file
SYN-1016 : Merged 6 instances.
SYN-1015 : Optimize round 3, 19 better
SYN-1014 : Optimize round 4
SYN-1017 : Remove 15 const input seq instances
SYN-1019 : Optimized 84 mux instances.
SYN-1020 : Optimized 1 distributor mux.
SYN-2541 : Reading BRAM "u_isp_top/u_cnn_core/u_cnn_weight_rom/u_bank0/u_cnn_weight_bank" init file "..\user_source\ip_source\cnn\cnn_weight_bank0.bin"
SYN-2543 : Parsing BIN init file
SYN-2541 : Reading BRAM "u_isp_top/u_cnn_core/u_cnn_weight_rom/u_bank1/u_cnn_weight_bank" init file "..\user_source\ip_source\cnn\cnn_weight_bank1.bin"
SYN-2543 : Parsing BIN init file
SYN-2541 : Reading BRAM "u_isp_top/u_cnn_core/u_cnn_weight_rom/u_bank10/u_cnn_weight_bank" init file "..\user_source\ip_source\cnn\cnn_weight_bank10.bin"
SYN-2543 : Parsing BIN init file
SYN-2541 : Reading BRAM "u_isp_top/u_cnn_core/u_cnn_weight_rom/u_bank11/u_cnn_weight_bank" init file "..\user_source\ip_source\cnn\cnn_weight_bank11.bin"
SYN-2543 : Parsing BIN init file
SYN-2541 : Reading BRAM "u_isp_top/u_cnn_core/u_cnn_weight_rom/u_bank12/u_cnn_weight_bank" init file "..\user_source\ip_source\cnn\cnn_weight_bank12.bin"
SYN-2543 : Parsing BIN init file
SYN-2541 : Reading BRAM "u_isp_top/u_cnn_core/u_cnn_weight_rom/u_bank13/u_cnn_weight_bank" init file "..\user_source\ip_source\cnn\cnn_weight_bank13.bin"
SYN-2543 : Parsing BIN init file
SYN-2541 : Reading BRAM "u_isp_top/u_cnn_core/u_cnn_weight_rom/u_bank14/u_cnn_weight_bank" init file "..\user_source\ip_source\cnn\cnn_weight_bank14.bin"
SYN-2543 : Parsing BIN init file
SYN-2541 : Reading BRAM "u_isp_top/u_cnn_core/u_cnn_weight_rom/u_bank15/u_cnn_weight_bank" init file "..\user_source\ip_source\cnn\cnn_weight_bank15.bin"
SYN-2543 : Parsing BIN init file
SYN-2541 : Reading BRAM "u_isp_top/u_cnn_core/u_cnn_weight_rom/u_bank16/u_cnn_weight_bank" init file "..\user_source\ip_source\cnn\cnn_weight_bank16.bin"
SYN-2543 : Parsing BIN init file
SYN-2541 : Reading BRAM "u_isp_top/u_cnn_core/u_cnn_weight_rom/u_bank2/u_cnn_weight_bank" init file "..\user_source\ip_source\cnn\cnn_weight_bank2.bin"
SYN-2543 : Parsing BIN init file
SYN-2541 : Reading BRAM "u_isp_top/u_cnn_core/u_cnn_weight_rom/u_bank3/u_cnn_weight_bank" init file "..\user_source\ip_source\cnn\cnn_weight_bank3.bin"
SYN-2543 : Parsing BIN init file
SYN-2541 : Reading BRAM "u_isp_top/u_cnn_core/u_cnn_weight_rom/u_bank4/u_cnn_weight_bank" init file "..\user_source\ip_source\cnn\cnn_weight_bank4.bin"
SYN-2543 : Parsing BIN init file
SYN-2541 : Reading BRAM "u_isp_top/u_cnn_core/u_cnn_weight_rom/u_bank5/u_cnn_weight_bank" init file "..\user_source\ip_source\cnn\cnn_weight_bank5.bin"
SYN-2543 : Parsing BIN init file
SYN-2541 : Reading BRAM "u_isp_top/u_cnn_core/u_cnn_weight_rom/u_bank6/u_cnn_weight_bank" init file "..\user_source\ip_source\cnn\cnn_weight_bank6.bin"
SYN-2543 : Parsing BIN init file
SYN-2541 : Reading BRAM "u_isp_top/u_cnn_core/u_cnn_weight_rom/u_bank7/u_cnn_weight_bank" init file "..\user_source\ip_source\cnn\cnn_weight_bank7.bin"
SYN-2543 : Parsing BIN init file
SYN-2541 : Reading BRAM "u_isp_top/u_cnn_core/u_cnn_weight_rom/u_bank8/u_cnn_weight_bank" init file "..\user_source\ip_source\cnn\cnn_weight_bank8.bin"
SYN-2543 : Parsing BIN init file
SYN-2541 : Reading BRAM "u_isp_top/u_cnn_core/u_cnn_weight_rom/u_bank9/u_cnn_weight_bank" init file "..\user_source\ip_source\cnn\cnn_weight_bank9.bin"
SYN-2543 : Parsing BIN init file
SYN-1016 : Merged 4 instances.
SYN-1015 : Optimize round 4, 111 better
SYN-1014 : Optimize round 5
SYN-1017 : Remove 12 const input seq instances
SYN-1019 : Optimized 15 mux instances.
SYN-2541 : Reading BRAM "u_isp_top/u_cnn_core/u_cnn_weight_rom/u_bank0/u_cnn_weight_bank" init file "..\user_source\ip_source\cnn\cnn_weight_bank0.bin"
SYN-2543 : Parsing BIN init file
SYN-2541 : Reading BRAM "u_isp_top/u_cnn_core/u_cnn_weight_rom/u_bank1/u_cnn_weight_bank" init file "..\user_source\ip_source\cnn\cnn_weight_bank1.bin"
SYN-2543 : Parsing BIN init file
SYN-2541 : Reading BRAM "u_isp_top/u_cnn_core/u_cnn_weight_rom/u_bank10/u_cnn_weight_bank" init file "..\user_source\ip_source\cnn\cnn_weight_bank10.bin"
SYN-2543 : Parsing BIN init file
SYN-2541 : Reading BRAM "u_isp_top/u_cnn_core/u_cnn_weight_rom/u_bank11/u_cnn_weight_bank" init file "..\user_source\ip_source\cnn\cnn_weight_bank11.bin"
SYN-2543 : Parsing BIN init file
SYN-2541 : Reading BRAM "u_isp_top/u_cnn_core/u_cnn_weight_rom/u_bank12/u_cnn_weight_bank" init file "..\user_source\ip_source\cnn\cnn_weight_bank12.bin"
SYN-2543 : Parsing BIN init file
SYN-2541 : Reading BRAM "u_isp_top/u_cnn_core/u_cnn_weight_rom/u_bank13/u_cnn_weight_bank" init file "..\user_source\ip_source\cnn\cnn_weight_bank13.bin"
SYN-2543 : Parsing BIN init file
SYN-2541 : Reading BRAM "u_isp_top/u_cnn_core/u_cnn_weight_rom/u_bank14/u_cnn_weight_bank" init file "..\user_source\ip_source\cnn\cnn_weight_bank14.bin"
SYN-2543 : Parsing BIN init file
SYN-2541 : Reading BRAM "u_isp_top/u_cnn_core/u_cnn_weight_rom/u_bank15/u_cnn_weight_bank" init file "..\user_source\ip_source\cnn\cnn_weight_bank15.bin"
SYN-2543 : Parsing BIN init file
SYN-2541 : Reading BRAM "u_isp_top/u_cnn_core/u_cnn_weight_rom/u_bank16/u_cnn_weight_bank" init file "..\user_source\ip_source\cnn\cnn_weight_bank16.bin"
SYN-2543 : Parsing BIN init file
SYN-2541 : Reading BRAM "u_isp_top/u_cnn_core/u_cnn_weight_rom/u_bank2/u_cnn_weight_bank" init file "..\user_source\ip_source\cnn\cnn_weight_bank2.bin"
SYN-2543 : Parsing BIN init file
SYN-2541 : Reading BRAM "u_isp_top/u_cnn_core/u_cnn_weight_rom/u_bank3/u_cnn_weight_bank" init file "..\user_source\ip_source\cnn\cnn_weight_bank3.bin"
SYN-2543 : Parsing BIN init file
SYN-2541 : Reading BRAM "u_isp_top/u_cnn_core/u_cnn_weight_rom/u_bank4/u_cnn_weight_bank" init file "..\user_source\ip_source\cnn\cnn_weight_bank4.bin"
SYN-2543 : Parsing BIN init file
SYN-2541 : Reading BRAM "u_isp_top/u_cnn_core/u_cnn_weight_rom/u_bank5/u_cnn_weight_bank" init file "..\user_source\ip_source\cnn\cnn_weight_bank5.bin"
SYN-2543 : Parsing BIN init file
SYN-2541 : Reading BRAM "u_isp_top/u_cnn_core/u_cnn_weight_rom/u_bank6/u_cnn_weight_bank" init file "..\user_source\ip_source\cnn\cnn_weight_bank6.bin"
SYN-2543 : Parsing BIN init file
SYN-2541 : Reading BRAM "u_isp_top/u_cnn_core/u_cnn_weight_rom/u_bank7/u_cnn_weight_bank" init file "..\user_source\ip_source\cnn\cnn_weight_bank7.bin"
SYN-2543 : Parsing BIN init file
SYN-2541 : Reading BRAM "u_isp_top/u_cnn_core/u_cnn_weight_rom/u_bank8/u_cnn_weight_bank" init file "..\user_source\ip_source\cnn\cnn_weight_bank8.bin"
SYN-2543 : Parsing BIN init file
SYN-2541 : Reading BRAM "u_isp_top/u_cnn_core/u_cnn_weight_rom/u_bank9/u_cnn_weight_bank" init file "..\user_source\ip_source\cnn\cnn_weight_bank9.bin"
SYN-2543 : Parsing BIN init file
SYN-1015 : Optimize round 5, 33 better
SYN-1014 : Optimize round 6
SYN-1017 : Remove 12 const input seq instances
SYN-1019 : Optimized 9 mux instances.
SYN-2541 : Reading BRAM "u_isp_top/u_cnn_core/u_cnn_weight_rom/u_bank0/u_cnn_weight_bank" init file "..\user_source\ip_source\cnn\cnn_weight_bank0.bin"
SYN-2543 : Parsing BIN init file
SYN-2541 : Reading BRAM "u_isp_top/u_cnn_core/u_cnn_weight_rom/u_bank1/u_cnn_weight_bank" init file "..\user_source\ip_source\cnn\cnn_weight_bank1.bin"
SYN-2543 : Parsing BIN init file
SYN-2541 : Reading BRAM "u_isp_top/u_cnn_core/u_cnn_weight_rom/u_bank10/u_cnn_weight_bank" init file "..\user_source\ip_source\cnn\cnn_weight_bank10.bin"
SYN-2543 : Parsing BIN init file
SYN-2541 : Reading BRAM "u_isp_top/u_cnn_core/u_cnn_weight_rom/u_bank11/u_cnn_weight_bank" init file "..\user_source\ip_source\cnn\cnn_weight_bank11.bin"
SYN-2543 : Parsing BIN init file
SYN-2541 : Reading BRAM "u_isp_top/u_cnn_core/u_cnn_weight_rom/u_bank12/u_cnn_weight_bank" init file "..\user_source\ip_source\cnn\cnn_weight_bank12.bin"
SYN-2543 : Parsing BIN init file
SYN-2541 : Reading BRAM "u_isp_top/u_cnn_core/u_cnn_weight_rom/u_bank13/u_cnn_weight_bank" init file "..\user_source\ip_source\cnn\cnn_weight_bank13.bin"
SYN-2543 : Parsing BIN init file
SYN-2541 : Reading BRAM "u_isp_top/u_cnn_core/u_cnn_weight_rom/u_bank14/u_cnn_weight_bank" init file "..\user_source\ip_source\cnn\cnn_weight_bank14.bin"
SYN-2543 : Parsing BIN init file
SYN-2541 : Reading BRAM "u_isp_top/u_cnn_core/u_cnn_weight_rom/u_bank15/u_cnn_weight_bank" init file "..\user_source\ip_source\cnn\cnn_weight_bank15.bin"
SYN-2543 : Parsing BIN init file
SYN-2541 : Reading BRAM "u_isp_top/u_cnn_core/u_cnn_weight_rom/u_bank16/u_cnn_weight_bank" init file "..\user_source\ip_source\cnn\cnn_weight_bank16.bin"
SYN-2543 : Parsing BIN init file
SYN-2541 : Reading BRAM "u_isp_top/u_cnn_core/u_cnn_weight_rom/u_bank2/u_cnn_weight_bank" init file "..\user_source\ip_source\cnn\cnn_weight_bank2.bin"
SYN-2543 : Parsing BIN init file
SYN-2541 : Reading BRAM "u_isp_top/u_cnn_core/u_cnn_weight_rom/u_bank3/u_cnn_weight_bank" init file "..\user_source\ip_source\cnn\cnn_weight_bank3.bin"
SYN-2543 : Parsing BIN init file
SYN-2541 : Reading BRAM "u_isp_top/u_cnn_core/u_cnn_weight_rom/u_bank4/u_cnn_weight_bank" init file "..\user_source\ip_source\cnn\cnn_weight_bank4.bin"
SYN-2543 : Parsing BIN init file
SYN-2541 : Reading BRAM "u_isp_top/u_cnn_core/u_cnn_weight_rom/u_bank5/u_cnn_weight_bank" init file "..\user_source\ip_source\cnn\cnn_weight_bank5.bin"
SYN-2543 : Parsing BIN init file
SYN-2541 : Reading BRAM "u_isp_top/u_cnn_core/u_cnn_weight_rom/u_bank6/u_cnn_weight_bank" init file "..\user_source\ip_source\cnn\cnn_weight_bank6.bin"
SYN-2543 : Parsing BIN init file
SYN-2541 : Reading BRAM "u_isp_top/u_cnn_core/u_cnn_weight_rom/u_bank7/u_cnn_weight_bank" init file "..\user_source\ip_source\cnn\cnn_weight_bank7.bin"
SYN-2543 : Parsing BIN init file
SYN-2541 : Reading BRAM "u_isp_top/u_cnn_core/u_cnn_weight_rom/u_bank8/u_cnn_weight_bank" init file "..\user_source\ip_source\cnn\cnn_weight_bank8.bin"
SYN-2543 : Parsing BIN init file
SYN-2541 : Reading BRAM "u_isp_top/u_cnn_core/u_cnn_weight_rom/u_bank9/u_cnn_weight_bank" init file "..\user_source\ip_source\cnn\cnn_weight_bank9.bin"
SYN-2543 : Parsing BIN init file
SYN-1016 : Merged 2 instances.
SYN-1015 : Optimize round 6, 26 better
SYN-1014 : Optimize round 7
SYN-1017 : Remove 16 const input seq instances
SYN-1019 : Optimized 18 mux instances.
SYN-2541 : Reading BRAM "u_isp_top/u_cnn_core/u_cnn_weight_rom/u_bank0/u_cnn_weight_bank" init file "..\user_source\ip_source\cnn\cnn_weight_bank0.bin"
SYN-2543 : Parsing BIN init file
SYN-2541 : Reading BRAM "u_isp_top/u_cnn_core/u_cnn_weight_rom/u_bank1/u_cnn_weight_bank" init file "..\user_source\ip_source\cnn\cnn_weight_bank1.bin"
SYN-2543 : Parsing BIN init file
SYN-2541 : Reading BRAM "u_isp_top/u_cnn_core/u_cnn_weight_rom/u_bank10/u_cnn_weight_bank" init file "..\user_source\ip_source\cnn\cnn_weight_bank10.bin"
SYN-2543 : Parsing BIN init file
SYN-2541 : Reading BRAM "u_isp_top/u_cnn_core/u_cnn_weight_rom/u_bank11/u_cnn_weight_bank" init file "..\user_source\ip_source\cnn\cnn_weight_bank11.bin"
SYN-2543 : Parsing BIN init file
SYN-2541 : Reading BRAM "u_isp_top/u_cnn_core/u_cnn_weight_rom/u_bank12/u_cnn_weight_bank" init file "..\user_source\ip_source\cnn\cnn_weight_bank12.bin"
SYN-2543 : Parsing BIN init file
SYN-2541 : Reading BRAM "u_isp_top/u_cnn_core/u_cnn_weight_rom/u_bank13/u_cnn_weight_bank" init file "..\user_source\ip_source\cnn\cnn_weight_bank13.bin"
SYN-2543 : Parsing BIN init file
SYN-2541 : Reading BRAM "u_isp_top/u_cnn_core/u_cnn_weight_rom/u_bank14/u_cnn_weight_bank" init file "..\user_source\ip_source\cnn\cnn_weight_bank14.bin"
SYN-2543 : Parsing BIN init file
SYN-2541 : Reading BRAM "u_isp_top/u_cnn_core/u_cnn_weight_rom/u_bank15/u_cnn_weight_bank" init file "..\user_source\ip_source\cnn\cnn_weight_bank15.bin"
SYN-2543 : Parsing BIN init file
SYN-2541 : Reading BRAM "u_isp_top/u_cnn_core/u_cnn_weight_rom/u_bank16/u_cnn_weight_bank" init file "..\user_source\ip_source\cnn\cnn_weight_bank16.bin"
SYN-2543 : Parsing BIN init file
SYN-2541 : Reading BRAM "u_isp_top/u_cnn_core/u_cnn_weight_rom/u_bank2/u_cnn_weight_bank" init file "..\user_source\ip_source\cnn\cnn_weight_bank2.bin"
SYN-2543 : Parsing BIN init file
SYN-2541 : Reading BRAM "u_isp_top/u_cnn_core/u_cnn_weight_rom/u_bank3/u_cnn_weight_bank" init file "..\user_source\ip_source\cnn\cnn_weight_bank3.bin"
SYN-2543 : Parsing BIN init file
SYN-2541 : Reading BRAM "u_isp_top/u_cnn_core/u_cnn_weight_rom/u_bank4/u_cnn_weight_bank" init file "..\user_source\ip_source\cnn\cnn_weight_bank4.bin"
SYN-2543 : Parsing BIN init file
SYN-2541 : Reading BRAM "u_isp_top/u_cnn_core/u_cnn_weight_rom/u_bank5/u_cnn_weight_bank" init file "..\user_source\ip_source\cnn\cnn_weight_bank5.bin"
SYN-2543 : Parsing BIN init file
SYN-2541 : Reading BRAM "u_isp_top/u_cnn_core/u_cnn_weight_rom/u_bank6/u_cnn_weight_bank" init file "..\user_source\ip_source\cnn\cnn_weight_bank6.bin"
SYN-2543 : Parsing BIN init file
SYN-2541 : Reading BRAM "u_isp_top/u_cnn_core/u_cnn_weight_rom/u_bank7/u_cnn_weight_bank" init file "..\user_source\ip_source\cnn\cnn_weight_bank7.bin"
SYN-2543 : Parsing BIN init file
SYN-2541 : Reading BRAM "u_isp_top/u_cnn_core/u_cnn_weight_rom/u_bank8/u_cnn_weight_bank" init file "..\user_source\ip_source\cnn\cnn_weight_bank8.bin"
SYN-2543 : Parsing BIN init file
SYN-2541 : Reading BRAM "u_isp_top/u_cnn_core/u_cnn_weight_rom/u_bank9/u_cnn_weight_bank" init file "..\user_source\ip_source\cnn\cnn_weight_bank9.bin"
SYN-2543 : Parsing BIN init file
SYN-1016 : Merged 2 instances.
SYN-1015 : Optimize round 7, 36 better
SYN-1014 : Optimize round 8
SYN-1017 : Remove 1 const input seq instances
SYN-2541 : Reading BRAM "u_isp_top/u_cnn_core/u_cnn_weight_rom/u_bank0/u_cnn_weight_bank" init file "..\user_source\ip_source\cnn\cnn_weight_bank0.bin"
SYN-2543 : Parsing BIN init file
SYN-2541 : Reading BRAM "u_isp_top/u_cnn_core/u_cnn_weight_rom/u_bank1/u_cnn_weight_bank" init file "..\user_source\ip_source\cnn\cnn_weight_bank1.bin"
SYN-2543 : Parsing BIN init file
SYN-2541 : Reading BRAM "u_isp_top/u_cnn_core/u_cnn_weight_rom/u_bank10/u_cnn_weight_bank" init file "..\user_source\ip_source\cnn\cnn_weight_bank10.bin"
SYN-2543 : Parsing BIN init file
SYN-2541 : Reading BRAM "u_isp_top/u_cnn_core/u_cnn_weight_rom/u_bank11/u_cnn_weight_bank" init file "..\user_source\ip_source\cnn\cnn_weight_bank11.bin"
SYN-2543 : Parsing BIN init file
SYN-2541 : Reading BRAM "u_isp_top/u_cnn_core/u_cnn_weight_rom/u_bank12/u_cnn_weight_bank" init file "..\user_source\ip_source\cnn\cnn_weight_bank12.bin"
SYN-2543 : Parsing BIN init file
SYN-2541 : Reading BRAM "u_isp_top/u_cnn_core/u_cnn_weight_rom/u_bank13/u_cnn_weight_bank" init file "..\user_source\ip_source\cnn\cnn_weight_bank13.bin"
SYN-2543 : Parsing BIN init file
SYN-2541 : Reading BRAM "u_isp_top/u_cnn_core/u_cnn_weight_rom/u_bank14/u_cnn_weight_bank" init file "..\user_source\ip_source\cnn\cnn_weight_bank14.bin"
SYN-2543 : Parsing BIN init file
SYN-2541 : Reading BRAM "u_isp_top/u_cnn_core/u_cnn_weight_rom/u_bank15/u_cnn_weight_bank" init file "..\user_source\ip_source\cnn\cnn_weight_bank15.bin"
SYN-2543 : Parsing BIN init file
SYN-2541 : Reading BRAM "u_isp_top/u_cnn_core/u_cnn_weight_rom/u_bank16/u_cnn_weight_bank" init file "..\user_source\ip_source\cnn\cnn_weight_bank16.bin"
SYN-2543 : Parsing BIN init file
SYN-2541 : Reading BRAM "u_isp_top/u_cnn_core/u_cnn_weight_rom/u_bank2/u_cnn_weight_bank" init file "..\user_source\ip_source\cnn\cnn_weight_bank2.bin"
SYN-2543 : Parsing BIN init file
SYN-2541 : Reading BRAM "u_isp_top/u_cnn_core/u_cnn_weight_rom/u_bank3/u_cnn_weight_bank" init file "..\user_source\ip_source\cnn\cnn_weight_bank3.bin"
SYN-2543 : Parsing BIN init file
SYN-2541 : Reading BRAM "u_isp_top/u_cnn_core/u_cnn_weight_rom/u_bank4/u_cnn_weight_bank" init file "..\user_source\ip_source\cnn\cnn_weight_bank4.bin"
SYN-2543 : Parsing BIN init file
SYN-2541 : Reading BRAM "u_isp_top/u_cnn_core/u_cnn_weight_rom/u_bank5/u_cnn_weight_bank" init file "..\user_source\ip_source\cnn\cnn_weight_bank5.bin"
SYN-2543 : Parsing BIN init file
SYN-2541 : Reading BRAM "u_isp_top/u_cnn_core/u_cnn_weight_rom/u_bank6/u_cnn_weight_bank" init file "..\user_source\ip_source\cnn\cnn_weight_bank6.bin"
SYN-2543 : Parsing BIN init file
SYN-2541 : Reading BRAM "u_isp_top/u_cnn_core/u_cnn_weight_rom/u_bank7/u_cnn_weight_bank" init file "..\user_source\ip_source\cnn\cnn_weight_bank7.bin"
SYN-2543 : Parsing BIN init file
SYN-2541 : Reading BRAM "u_isp_top/u_cnn_core/u_cnn_weight_rom/u_bank8/u_cnn_weight_bank" init file "..\user_source\ip_source\cnn\cnn_weight_bank8.bin"
SYN-2543 : Parsing BIN init file
SYN-2541 : Reading BRAM "u_isp_top/u_cnn_core/u_cnn_weight_rom/u_bank9/u_cnn_weight_bank" init file "..\user_source\ip_source\cnn\cnn_weight_bank9.bin"
SYN-2543 : Parsing BIN init file
SYN-1015 : Optimize round 8, 1 better
SYN-1001 : End Stage 1.6 | Optimize Iteratively; Time: 36.828442s wall, 36.406250s user + 0.187500s system = 36.593750s CPU (99.4%); Memory(MB): used = 1389, reserved = 1388, peak = 1605;

SYN-1079 : finish stage Optimize Iteratively. Total instances: 102195, Total nets: 111559.

SYN-1001 : Stage 1.7 | Check Design
SYN-1001 : End Stage 1.7 | Check Design; Time: 0.017963s wall, 0.015625s user + 0.000000s system = 0.015625s CPU (87.0%); Memory(MB): used = 1389, reserved = 1388, peak = 1605;

SYN-1079 : finish stage Check Design. Total instances: 102195, Total nets: 111559.

SYN-1001 : End Stage 1 | Optimize RTL; Time: 136.353716s wall, 133.750000s user + 1.140625s system = 134.890625s CPU (98.9%); Memory(MB): used = 1389, reserved = 1388, peak = 1605;

SYN-1079 : finish stage Optimize RTL. Total instances: 102195, Total nets: 111559.

RUN-1003 : finish command "optimize_rtl" in  136.361433s wall, 133.750000s user + 1.140625s system = 134.890625s CPU (98.9%)

RUN-1004 : used memory is 1389 MB, reserved memory is 1388 MB, peak memory is 1605 MB
RUN-1002 : start command "report_area -file camera_to_dsi_display_rtl.area"
RUN-1001 : standard
***Report Model: design_top_wrapper Device: PH1P35MDG324***

IO Statistics
#IO                        68
  #input                    2
  #output                  31
  #inout                   35

Gate Statistics
#Basic gates            81097
  #and                  29063
  #nand                     0
  #or                    6626
  #nor                      0
  #xor                     99
  #xnor                     0
  #buf                      0
  #not                  18090
  #bufif1                   1
  #MX21                  4453
  #FADD                     0
  #DFF                  22765
  #LATCH                    0
#MACRO_ADD                621
#MACRO_EQ                 371
#MACRO_MULT                19
#MACRO_MUX               9568
#MACRO_OTHERS              36

LUT Statistics
#Total_luts              4530
  #lut4                  2054
  #lut5                    44
  #lut6                   178
  #lut5_mx41                0
  #lut4_alu1b            2254

RUN-1002 : start command "export_db camera_to_dsi_display_rtl.db"
RUN-1001 : Exported flow parameters
RUN-1001 : Exported /
RUN-1001 : Exported libs
RUN-1001 : Exported entities
RUN-1001 : Exported ports
RUN-1001 : Exported pins
RUN-1001 : Exported instances
RUN-1001 : Exported nets
RUN-1001 : Exported buses
RUN-1001 : Exported models
RUN-1001 : Exported packer
RUN-1001 : Exported congestions
RUN-1001 : Exported violations
RUN-1001 : Exported ATMR Setting
RUN-1001 : Exported timing constraints
RUN-1001 : Exported IO constraints
RUN-1001 : Exported Inst constraints
RUN-1001 : Exported ChipWatcher
RUN-1002 : start command "commit_param -step gate"
RUN-1001 : Print Global Property
RUN-1001 : -------------------------------------------------------------
RUN-1001 :     Parameters    |   Settings   |  Default Values  |  Note  
RUN-1001 : -------------------------------------------------------------
RUN-1001 :    enable_seed    |     off      |       off        |        
RUN-1001 :    hfn_to_clock   |  1000000000  |    1000000000    |        
RUN-1001 :      message      |   standard   |     standard     |        
RUN-1001 :    qor_monitor    |      on      |        on        |        
RUN-1001 :   speedup_effort  |      0       |        0         |        
RUN-1001 :    syn_ip_flow    |     off      |       off        |        
RUN-1001 :       thread      |     auto     |       auto       |        
RUN-1001 : -------------------------------------------------------------
RUN-1001 : Print Gate Property
RUN-1001 : ----------------------------------------------------------------
RUN-1001 :       Parameters       |  Settings  |  Default Values  |  Note  
RUN-1001 : ----------------------------------------------------------------
RUN-1001 :   eram_cascade_height  |    auto    |       auto       |        
RUN-1001 :        map_mode        |    auto    |       auto       |        
RUN-1001 :      map_strategy      |     1      |        1         |        
RUN-1001 :       pack_effort      |   medium   |      medium      |        
RUN-1001 :     pack_seq_in_io     |    auto    |       auto       |        
RUN-1001 :         report         |  standard  |     standard     |        
RUN-1001 : ----------------------------------------------------------------
RUN-1002 : start command "optimize_gate -packarea camera_to_dsi_display_gate.area"
RUN-1001 : Open license file D:/Anlogic/TD_6.2.1_Engineer_6.2.168.116/license/Anlogic.lic
SYN-1001 : Stage 2 | Optimize Gate
SYN-1001 : Stage 2.1 | Map Reg
SYN-1001 : End Stage 2.1 | Map Reg; Time: 1.897698s wall, 1.828125s user + 0.000000s system = 1.828125s CPU (96.3%); Memory(MB): used = 1459, reserved = 1543, peak = 1605;

SYN-1079 : finish stage Map Reg. Total instances: 102195, Total nets: 111559.

SYN-1001 : Stage 2.2 | Map IO
SYN-2001 : Map 68 IOs to PADs of model 'design_top_wrapper'
SYN-1001 : End Stage 2.2 | Map IO; Time: 0.427015s wall, 0.421875s user + 0.000000s system = 0.421875s CPU (98.8%); Memory(MB): used = 1460, reserved = 1544, peak = 1605;

SYN-1001 : Stage 2.3 | Map Macro
RUN-1002 : start command "update_pll_param -module design_top_wrapper"
SYN-2501 : Processed 0 LOGIC_BUF instances.
SYN-2501 : 3 BUFG to GCLK
SYN-2541 : Logic Ram FIFO "u_hdmi_tx/u_hdmi_1_4b_transmitter_core_wrapper/u_hdmi_tx_controller_wrapper/u_hdmi_island_data_gen/U_audio_sample_packet_2_channel/u_w96_d1024_fifo/u_logic_ramfifo"
SYN-2541 : Logic Ram FIFO "u_hdmi_tx/u_hdmi_1_4b_transmitter_core_wrapper/u_hdmi_tx_controller_wrapper/u_video_axi_stream_receiver/u_w24_d1024_fifo/u_logic_ramfifo"
SYN-2541 : Reading BRAM "u_isp_top/u_cnn_core/u_cnn_weight_rom/u_bank0/u_cnn_weight_bank" init file "..\user_source\ip_source\cnn\cnn_weight_bank0.bin"
SYN-2543 : Parsing BIN init file
SYN-2541 : Reading BRAM "u_isp_top/u_cnn_core/u_cnn_weight_rom/u_bank1/u_cnn_weight_bank" init file "..\user_source\ip_source\cnn\cnn_weight_bank1.bin"
SYN-2543 : Parsing BIN init file
SYN-2541 : Reading BRAM "u_isp_top/u_cnn_core/u_cnn_weight_rom/u_bank10/u_cnn_weight_bank" init file "..\user_source\ip_source\cnn\cnn_weight_bank10.bin"
SYN-2543 : Parsing BIN init file
SYN-2541 : Reading BRAM "u_isp_top/u_cnn_core/u_cnn_weight_rom/u_bank11/u_cnn_weight_bank" init file "..\user_source\ip_source\cnn\cnn_weight_bank11.bin"
SYN-2543 : Parsing BIN init file
SYN-2541 : Reading BRAM "u_isp_top/u_cnn_core/u_cnn_weight_rom/u_bank12/u_cnn_weight_bank" init file "..\user_source\ip_source\cnn\cnn_weight_bank12.bin"
SYN-2543 : Parsing BIN init file
SYN-2541 : Reading BRAM "u_isp_top/u_cnn_core/u_cnn_weight_rom/u_bank13/u_cnn_weight_bank" init file "..\user_source\ip_source\cnn\cnn_weight_bank13.bin"
SYN-2543 : Parsing BIN init file
SYN-2541 : Reading BRAM "u_isp_top/u_cnn_core/u_cnn_weight_rom/u_bank14/u_cnn_weight_bank" init file "..\user_source\ip_source\cnn\cnn_weight_bank14.bin"
SYN-2543 : Parsing BIN init file
SYN-2541 : Reading BRAM "u_isp_top/u_cnn_core/u_cnn_weight_rom/u_bank15/u_cnn_weight_bank" init file "..\user_source\ip_source\cnn\cnn_weight_bank15.bin"
SYN-2543 : Parsing BIN init file
SYN-2541 : Reading BRAM "u_isp_top/u_cnn_core/u_cnn_weight_rom/u_bank16/u_cnn_weight_bank" init file "..\user_source\ip_source\cnn\cnn_weight_bank16.bin"
SYN-2543 : Parsing BIN init file
SYN-2541 : Reading BRAM "u_isp_top/u_cnn_core/u_cnn_weight_rom/u_bank2/u_cnn_weight_bank" init file "..\user_source\ip_source\cnn\cnn_weight_bank2.bin"
SYN-2543 : Parsing BIN init file
SYN-2541 : Reading BRAM "u_isp_top/u_cnn_core/u_cnn_weight_rom/u_bank3/u_cnn_weight_bank" init file "..\user_source\ip_source\cnn\cnn_weight_bank3.bin"
SYN-2543 : Parsing BIN init file
SYN-2541 : Reading BRAM "u_isp_top/u_cnn_core/u_cnn_weight_rom/u_bank4/u_cnn_weight_bank" init file "..\user_source\ip_source\cnn\cnn_weight_bank4.bin"
SYN-2543 : Parsing BIN init file
SYN-2541 : Reading BRAM "u_isp_top/u_cnn_core/u_cnn_weight_rom/u_bank5/u_cnn_weight_bank" init file "..\user_source\ip_source\cnn\cnn_weight_bank5.bin"
SYN-2543 : Parsing BIN init file
SYN-2541 : Reading BRAM "u_isp_top/u_cnn_core/u_cnn_weight_rom/u_bank6/u_cnn_weight_bank" init file "..\user_source\ip_source\cnn\cnn_weight_bank6.bin"
SYN-2543 : Parsing BIN init file
SYN-2541 : Reading BRAM "u_isp_top/u_cnn_core/u_cnn_weight_rom/u_bank7/u_cnn_weight_bank" init file "..\user_source\ip_source\cnn\cnn_weight_bank7.bin"
SYN-2543 : Parsing BIN init file
SYN-2541 : Reading BRAM "u_isp_top/u_cnn_core/u_cnn_weight_rom/u_bank8/u_cnn_weight_bank" init file "..\user_source\ip_source\cnn\cnn_weight_bank8.bin"
SYN-2543 : Parsing BIN init file
SYN-2541 : Reading BRAM "u_isp_top/u_cnn_core/u_cnn_weight_rom/u_bank9/u_cnn_weight_bank" init file "..\user_source\ip_source\cnn\cnn_weight_bank9.bin"
SYN-2543 : Parsing BIN init file
SYN-5041 WARNING: Ram Inst: u_mc_to_user_interface/U_w155_d512_fifo/soft_fifo_al_f58e8b3e1f3d_Inst/ram_inst/ramread0_syn_22 has wrong RAM_STYLE/ROM_STYLE setting, AUTO is really used in ram inference
SYN-5041 WARNING: Ram Inst: u_video_in/U_w128_d512_fifo/soft_fifo_al_4057d6b76aa6_Inst/ram_inst/ramread0_syn_21 has wrong RAM_STYLE/ROM_STYLE setting, AUTO is really used in ram inference
SYN-5041 WARNING: Ram Inst: u_video_out/U_w128_d512_fifo/soft_fifo_al_4057d6b76aa6_Inst/ram_inst/ramread0_syn_21 has wrong RAM_STYLE/ROM_STYLE setting, AUTO is really used in ram inference
SYN-2571 : Map 19 macro multiplier
SYN-2571 : Optimize after map_dsp, round 1
SYN-1016 : Merged 42 instances.
SYN-2571 : Optimize after map_dsp, round 1, 42 better
SYN-2571 : Optimize after map_dsp, round 2
SYN-2571 : Optimize after map_dsp, round 2, 0 better
SYN-2601 : All the used dsp number is 19
SYN-1001 : Throwback 715 control mux instances
SYN-1001 : clone 1 adder instances
SYN-1001 : Generate 76 bigger adders
SYN-1001 : Convert 26 adder
8.888000
15.000000
15.000000
19.230000
SYN-1001 : Optimize 136 adders
SYN-1001 : Convert 6 adder
SYN-2501 : Optimize round 1
SYN-1016 : Merged 931 instances.
SYN-2501 : Optimize round 1, 3183 better
SYN-2501 : Optimize round 2
SYN-2501 : Optimize round 2, 12 better
SYN-2501 : Optimize round 1
SYN-2501 : Optimize round 1, 0 better
SYN-1030 : Map 32 macro adder
SYN-1031 : Map 21 macro less-than
SYN-2501 : Map 488 macro adder(s)
SYN-3009 : Map 1162 FxMUX in MapMacro
SYN-1019 : Optimized 818 mux instances.
SYN-1016 : Merged 2714 instances.
SYN-5011 WARNING: Undriven pin: model "design_top_wrapper" / inst "u_ph1p35_324_ddr_wrapper/u_ddr2/ph1p_ddrmc_wrapper/ph1p_ddrmc_top/u_ddr_phy/u_ddrphy_top/u_ddrphy_init/ramread0_syn_24" in ../user_source/hdl_source/ip/memory/ph1p35_ddr/ddr2/src/rtl/phy/ph1p_ddrphy_init.v(73) / pin "di[7]"
SYN-5011 WARNING: Undriven pin: model "design_top_wrapper" / inst "u_ph1p35_324_ddr_wrapper/u_ddr2/ph1p_ddrmc_wrapper/ph1p_ddrmc_top/u_ddr_phy/u_ddrphy_top/u_ddrphy_init/ramread0_syn_24" in ../user_source/hdl_source/ip/memory/ph1p35_ddr/ddr2/src/rtl/phy/ph1p_ddrphy_init.v(73) / pin "di[6]"
SYN-5011 WARNING: Undriven pin: model "design_top_wrapper" / inst "u_ph1p35_324_ddr_wrapper/u_ddr2/ph1p_ddrmc_wrapper/ph1p_ddrmc_top/u_ddr_phy/u_ddrphy_top/u_ddrphy_init/ramread0_syn_24" in ../user_source/hdl_source/ip/memory/ph1p35_ddr/ddr2/src/rtl/phy/ph1p_ddrphy_init.v(73) / pin "di[5]"
SYN-5011 WARNING: Undriven pin: model "design_top_wrapper" / inst "u_ph1p35_324_ddr_wrapper/u_ddr2/ph1p_ddrmc_wrapper/ph1p_ddrmc_top/u_ddr_phy/u_ddrphy_top/u_ddrphy_init/ramread0_syn_24" in ../user_source/hdl_source/ip/memory/ph1p35_ddr/ddr2/src/rtl/phy/ph1p_ddrphy_init.v(73) / pin "di[4]"
SYN-5011 WARNING: Undriven pin: model "design_top_wrapper" / inst "u_ph1p35_324_ddr_wrapper/u_ddr2/ph1p_ddrmc_wrapper/ph1p_ddrmc_top/u_ddr_phy/u_ddrphy_top/u_ddrphy_init/ramread0_syn_24" in ../user_source/hdl_source/ip/memory/ph1p35_ddr/ddr2/src/rtl/phy/ph1p_ddrphy_init.v(73) / pin "di[3]"
SYN-5011 WARNING: Undriven pin: model "design_top_wrapper" / inst "u_ph1p35_324_ddr_wrapper/u_ddr2/ph1p_ddrmc_wrapper/ph1p_ddrmc_top/u_ddr_phy/u_ddrphy_top/u_ddrphy_init/ramread0_syn_24" in ../user_source/hdl_source/ip/memory/ph1p35_ddr/ddr2/src/rtl/phy/ph1p_ddrphy_init.v(73) / pin "di[2]"
SYN-5011 WARNING: Undriven pin: model "design_top_wrapper" / inst "u_ph1p35_324_ddr_wrapper/u_ddr2/ph1p_ddrmc_wrapper/ph1p_ddrmc_top/u_ddr_phy/u_ddrphy_top/u_ddrphy_init/ramread0_syn_24" in ../user_source/hdl_source/ip/memory/ph1p35_ddr/ddr2/src/rtl/phy/ph1p_ddrphy_init.v(73) / pin "di[1]"
SYN-5011 WARNING: Undriven pin: model "design_top_wrapper" / inst "u_ph1p35_324_ddr_wrapper/u_ddr2/ph1p_ddrmc_wrapper/ph1p_ddrmc_top/u_ddr_phy/u_ddrphy_top/u_ddrphy_init/ramread0_syn_24" in ../user_source/hdl_source/ip/memory/ph1p35_ddr/ddr2/src/rtl/phy/ph1p_ddrphy_init.v(73) / pin "di[0]"
SYN-5011 WARNING: Undriven pin: model "design_top_wrapper" / inst "u_ph1p35_324_ddr_wrapper/u_ddr2/ph1p_ddrmc_wrapper/ph1p_ddrmc_top/u_ddr_phy/u_ddrphy_top/u_ddrphy_init/ramread0_syn_25" in ../user_source/hdl_source/ip/memory/ph1p35_ddr/ddr2/src/rtl/phy/ph1p_ddrphy_init.v(73) / pin "di[7]"
SYN-5011 WARNING: Undriven pin: model "design_top_wrapper" / inst "u_ph1p35_324_ddr_wrapper/u_ddr2/ph1p_ddrmc_wrapper/ph1p_ddrmc_top/u_ddr_phy/u_ddrphy_top/u_ddrphy_init/ramread0_syn_25" in ../user_source/hdl_source/ip/memory/ph1p35_ddr/ddr2/src/rtl/phy/ph1p_ddrphy_init.v(73) / pin "di[6]"
SYN-5011 Similar messages will be suppressed.
SYN-5025 WARNING: Using 0 for all undriven pins and nets
SYN-1001 : End Stage 2.3 | Map Macro; Time: 19.641545s wall, 19.390625s user + 0.109375s system = 19.500000s CPU (99.3%); Memory(MB): used = 1587, reserved = 1661, peak = 1605;

SYN-1079 : finish stage Map Macro. Total instances: 111596, Total nets: 122331.

SYN-1001 : Stage 2.4 | Map Gate
SYN-3001 : Collect 10175 PI 7176 PO (106 timing unconstrained) for mapping
SYN-2581 : Mapping with K=6, #lut = 12893 (4.31), #lev = 15 (2.79), #crit_level = 0
SYN-2551 : Post LUT mapping optimization.
SYN-2581 : Mapping with K=6, #lut = 12505 (4.25), #lev = 15 (2.76), #crit_level = 0
SYN-3001 : Logic optimization opt = 9.77 sec, map = 1.92 sec, post map opt = 35.89 sec.
SYN-1001 : End Stage 2.4 | Map Gate; Time: 63.804745s wall, 63.203125s user + 0.171875s system = 63.375000s CPU (99.3%); Memory(MB): used = 1631, reserved = 1703, peak = 1633;

SYN-1001 : Packing model "design_top_wrapper" ...
SYN-1001 : Stage 2.5 | Pack Gate
SYN-4010 : Pack lib has 43 rtl pack models with 26 top pack blocks
SYN-1014 : Optimize round 1
SYN-1015 : Optimize round 1, 0 better
SYN-4002 : Packing 19491 DFF/LATCH to SEQ ...
SYN-1001 : Remove 254 carry adders
RUN-1002 : start command "start_timer"
8.888000
15.000000
15.000000
19.230000
RUN-1003 : finish command "start_timer" in  1.388386s wall, 1.312500s user + 0.015625s system = 1.328125s CPU (95.7%)

RUN-1004 : used memory is 1603 MB, reserved memory is 1675 MB, peak memory is 1633 MB
RUN-1002 : start command "end_timer"
SYN-4009 : Pack 213 carry chain into lslice
SYN-1001 : End Stage 2.5 | Pack Gate; Time: 3.708646s wall, 3.593750s user + 0.031250s system = 3.625000s CPU (97.7%); Memory(MB): used = 1604, reserved = 1675, peak = 1633;

RUN-1002 : start command "report_qor -step gate -file gate.qor"
RUN-1002 : start command "start_timer"
RUN-1003 : finish command "start_timer" in  1.686861s wall, 1.656250s user + 0.000000s system = 1.656250s CPU (98.2%)

RUN-1004 : used memory is 1604 MB, reserved memory is 1675 MB, peak memory is 1633 MB
-----------------------------------------------------------
| QoR metrics               |         value               |
-----------------------------------------------------------
| Timing                    |                             |
|     Setup WNS             |          919                |
|     Setup TNS             |            0                |
|     Num of violated S-EP  |            0                |
|     Hold WNS              |          114                |
|     Hold TNS              |            0                |
|     Num of violated H-EP  |            0                |
-----------------------------------------------------------
| Utilization               |                             |
|     #registers            |        19491                |
|     #luts                 |        15127                |
|     #lut1                 |          110                |
|     #lut1(~A)             |          110                |
|     #slices               |         5896                |
|     slices percentage     |       27.79%                |
|     #RAMs                 |          108                |
|     #DSPs                 |           19                |
|     #f7mux                |        7.65%                |
|     #MACROs               |          761                |
|     #insts in MACRO       |         6463                |
-----------------------------------------------------------
| kept_net                  |                             |
|     #syn_keep             |         2501                |
|     #keep_hier            |          844                |
|     #dont_touch           |            0                |
|     #mark_debug           |            0                |
|     #max_fanout_keep      |            0                |
|     #async_reg            |            0                |
-----------------------------------------------------------
| Top 10% datanet fanout#   |        58.84                |
| dff(single fanout)->dff   |         1314                |
| dff(single fanout)->dram  |          129                |
-----------------------------------------------------------
| Over-quota path num*      |                             |
|     Total                 |            0                |
-----------------------------------------------------------
| Rent**                    |                             |
-----------------------------------------------------------
Note*: Over-quota path shows the over-path-level-threshold path number of each clock.
       The clock will not be shown if no path is with path level over the threshold.
       The threshold is defined as worst path_margin / 800ps.
Note**: Rent shows the rent exponent value of the modules whose rent value exceeds the threshold.
        Only modules under top are reported, and the threshold is defined as 0.7.

Logic Level Distribution
-----------------------------------------------------------------------------------------------------------------------------------------------------------------------------------------------------------------------------------------
  Clock                                                                                               |  Period             |  0      |  1     |  2     |  3     |  4     |  5     |  6     |  7     |  8    |  9   |  10  |  11  |  16
-----------------------------------------------------------------------------------------------------------------------------------------------------------------------------------------------------------------------------------------
  HDMI_PIXEL_CLK                                                                                      |  19.230ns (52MHz)   |  1473   |  718   |  136   |  190   |  140   |  129   |  9     |  1     |  1    |  0   |  0   |  0   |  24
  HDMI_SERIAL_CLK                                                                                     |  3.846ns (260MHz)   |  20     |  41    |  0     |  0     |  0     |  0     |  0     |  0     |  0    |  0   |  0   |  0   |  0
  MIPI_RX_BYTE_CLK                                                                                    |  8.888ns (112MHz)   |  7241   |  3591  |  2750  |  4079  |  992   |  2352  |  1211  |  1092  |  25   |  0   |  2   |  4   |  0
  mipi_rx_ck_pad                                                                                      |  2.222ns (450MHz)   |  0      |  0     |  0     |  0     |  0     |  0     |  0     |  0     |  0    |  0   |  0   |  0   |  0
  pll_clk_100m                                                                                        |  10.000ns (100MHz)  |  5      |  3     |  2     |  0     |  0     |  0     |  0     |  0     |  0    |  0   |  0   |  0   |  0
  pll_clk_24m                                                                                         |  41.538ns (24MHz)   |  37     |  37    |  10    |  54    |  20    |  3     |  1     |  0     |  0    |  0   |  0   |  0   |  0
  sys_clk_50m                                                                                         |  20.000ns (50MHz)   |  131    |  2     |  0     |  106   |  0     |  0     |  0     |  0     |  0    |  0   |  0   |  0   |  0
  u_mipi_dphy_rx_ph1p_mipiio_wrapper/u_ph1p_mipiio_rx_wrapper/u_PH1P_LOGIC_DPHY_MIPI_RX.io_clk_pad_p  |  2.222ns (450MHz)   |  0      |  0     |  0     |  0     |  0     |  0     |  0     |  0     |  0    |  0   |  0   |  0   |  0
  u_mipi_dphy_rx_ph1p_mipiio_wrapper/u_ph1p_mipiio_rx_wrapper/u_PH1P_LOGIC_DPHY_MIPI_RX.tif_c16_in    |  8.888ns (112MHz)   |  0      |  0     |  0     |  0     |  0     |  0     |  0     |  0     |  0    |  0   |  0   |  0   |  0
  u_ph1p35_324_ddr_wrapper/u_ddr2/ctl_clk                                                             |  15.000ns (66MHz)   |  0      |  0     |  0     |  0     |  0     |  0     |  0     |  0     |  0    |  0   |  0   |  0   |  0
  u_ph1p35_324_ddr_wrapper/u_ddr2/ddr_clk                                                             |  3.750ns (266MHz)   |  0      |  0     |  0     |  0     |  0     |  0     |  0     |  0     |  0    |  0   |  0   |  0   |  0
  u_ph1p35_324_ddr_wrapper/u_ddr2/mcu_clk                                                             |  39.374ns (25MHz)   |  56     |  15    |  244   |  15    |  2     |  4     |  2     |  1     |  0    |  0   |  0   |  0   |  0
  u_ph1p35_324_ddr_wrapper/u_ddr2/ref_clk                                                             |  15.000ns (66MHz)   |  0      |  0     |  0     |  0     |  0     |  0     |  0     |  0     |  0    |  0   |  0   |  0   |  0
  u_ph1p35_324_ddr_wrapper/u_ddr2/usr_clk                                                             |  15.000ns (66MHz)   |  2706   |  1664  |  770   |  1057  |  742   |  271   |  206   |  100   |  204  |  97  |  2   |  1   |  0
  Total                                                                                               |  NA                 |  11669  |  6071  |  3912  |  5501  |  1896  |  2759  |  1429  |  1194  |  230  |  97  |  4   |  5   |  24
-----------------------------------------------------------------------------------------------------------------------------------------------------------------------------------------------------------------------------------------
Note: The table count the worst 100000 paths, each endpoint count only one time.(34791 paths analyzed)

Hierarchical Rent Exponent Report
+---------------------------------------------------------------------------------------------+
|Inst                       |Model                     |Rent     |Cell     |Pin     |Term     |
+---------------------------------------------------------------------------------------------+
|top                        |design_top_wrapper        |0.18     |47103    |212005  |30       |
|  u_hdmi_tx                |hdmi_tx_6                 |0.48     |2329     |8377    |146      |
|  u_ph1p35_324_ddr_wrapper |ph1p35_324_ddr_wrapper_13 |0.47     |10066    |45471   |332      |
|  u_hdmi_mixer             |hdmi_mixer_5              |0.42     |3060     |18641   |174      |
|  u_isp_top                |isp_top_9                 |0.37     |26993    |123892  |204      |
+---------------------------------------------------------------------------------------------+
Note: Cell represents total number of cells inside module; Pin represents total number of pins
      which have net connection inside module; Term represents total number of PIs and POs of module.
      Rent represents the relationship between number of terms and number of cells in module.
      A module with higher rent corresponds to highly connected logic and strong connectivity with others.
Report gate stage QoR done.

SYN-1001 : The design has 585 dangling syn_keep insts.
RUN-1003 : finish command "report_qor -step gate -file gate.qor" in  5.564809s wall, 5.265625s user + 0.203125s system = 5.468750s CPU (98.3%)

RUN-1004 : used memory is 1634 MB, reserved memory is 1705 MB, peak memory is 1634 MB
RUN-1002 : start command "report_area -file camera_to_dsi_display_gate.area"
SYN-4034 : The count of slices with lut is 1838.
SYN-4035 : The count of slices with lut+ripple is 3522.
RUN-1001 : standard
***Report Model: design_top_wrapper Device: PH1P35MDG324***

Design Statistics
#IO                        58   out of    160   36.25%
  #input                    2
  #output                  31
  #inout                   25
#lut                    21023
  #lut1                   110
  #lut2                  1926
  #lut3                  4879
  #lut4                  2016
  #lut5                  2002
  #lut6                 10090
#reg                    19491
  #slice reg            19491   out of  42432   45.93%
  #pad reg                  0

Utilization Statistics
#slice*                 17754   out of  21216   83.68%
  #used ram               536
    #dram lut             424
    #shifter lut          112
  #used logic           17218
    #with luts*         12078
    #with adder          3522
    #reg only*           1618
#f7mux                    812   out of  10608    7.65%
#f8mux                    350   out of   5304    6.60%
#eram                     108   out of    108  100.00%
  #eram20k                108
  #fifo20k                  0
#dsp                       19   out of     40   47.50%
#ddr_byte                   6   out of     12   50.00%
#mipi_tx                    0   out of      2    0.00%
#mipi_rx                    1   out of      2   50.00%
#pad                       17   out of    160   10.62%
#pll                        3   out of      6   50.00%
#gclk                       3   out of     32    9.38%
#lclk                       0   out of     12    0.00%
#sclk                       0   out of     48    0.00%
#mlclk                      2   out of      6   33.33%
#ioclk                      4   out of     18   22.22%

* Note! The LUT and Slice count after Optimize-Gate is not the final value, Run Optimize-place for a more realistic count.

SYN-1001 : End Stage 2 | Optimize Gate; Time: 95.402243s wall, 94.015625s user + 0.578125s system = 94.593750s CPU (99.2%); Memory(MB): used = 1634, reserved = 1705, peak = 1634;

RUN-1003 : finish command "optimize_gate -packarea camera_to_dsi_display_gate.area" in  95.409917s wall, 94.031250s user + 0.578125s system = 94.609375s CPU (99.2%)

RUN-1004 : used memory is 1634 MB, reserved memory is 1705 MB, peak memory is 1634 MB
RUN-1002 : start command "legalize_phy_inst"
SYN-1001 : Stage 3 | Legalize Phy Inst
SYN-1011 : Flatten model design_top_wrapper
SYN-1001 : ADC: Instance "u_ph1p35_324_ddr_wrapper/u_ddr2/ph1p_ddrmc_wrapper/ph1p_ddrmc_top/u_ddr_phy/u_ddrphy_top/u_ddrphy/ac_byte[0]$ac_byte_used$u_ddrphy_ac_byte_wrapper/u_ddrphy_byte" LOCATION="X0Y70Z0"
SYN-1001 : ADC: Instance "u_ph1p35_324_ddr_wrapper/u_ddr2/ph1p_ddrmc_wrapper/ph1p_ddrmc_top/u_ddr_phy/u_ddrphy_top/u_ddrphy/ac_byte[1]$ac_byte_used$u_ddrphy_ac_byte_wrapper/u_ddrphy_byte" LOCATION="X0Y60Z0"
SYN-1001 : ADC: Instance "u_ph1p35_324_ddr_wrapper/u_ddr2/ph1p_ddrmc_wrapper/ph1p_ddrmc_top/u_ddr_phy/u_ddrphy_top/u_ddrphy/ac_byte[2]$ac_byte_used$u_ddrphy_ac_byte_wrapper/u_ddrphy_byte" LOCATION="X0Y50Z0"
SYN-1001 : ADC: Instance "u_ph1p35_324_ddr_wrapper/u_ddr2/ph1p_ddrmc_wrapper/ph1p_ddrmc_top/u_ddr_phy/u_ddrphy_top/u_ddrphy/ac_byte[3]$ac_byte_used$u_ddrphy_ac_byte_wrapper/u_ddrphy_byte" LOCATION="X0Y40Z0"
SYN-1001 : ADC: Instance "u_ph1p35_324_ddr_wrapper/u_ddr2/ph1p_ddrmc_wrapper/ph1p_ddrmc_top/u_ddr_phy/u_ddrphy_top/u_ddrphy/bkref[0]$u_ddrphy_bankref" LOCATION="X0Y19Z0"
SYN-1001 : ADC: Instance "u_ph1p35_324_ddr_wrapper/u_ddr2/ph1p_ddrmc_wrapper/ph1p_ddrmc_top/u_ddr_phy/u_ddrphy_top/u_ddrphy/bkref[1]$u_ddrphy_bankref" LOCATION="X0Y59Z0"
SYN-1001 : ADC: Instance "u_ph1p35_324_ddr_wrapper/u_ddr2/ph1p_ddrmc_wrapper/ph1p_ddrmc_top/u_ddr_phy/u_ddrphy_top/u_ddrphy/dx_byte[0]$dx_byte_used$u_ddrphy_dx_byte_wrapper/u_ddrphy_byte" LOCATION="X0Y30Z0"
SYN-1001 : ADC: Instance "u_ph1p35_324_ddr_wrapper/u_ddr2/ph1p_ddrmc_wrapper/ph1p_ddrmc_top/u_ddr_phy/u_ddrphy_top/u_ddrphy/dx_byte[1]$dx_byte_used$u_ddrphy_dx_byte_wrapper/u_ddrphy_byte" LOCATION="X0Y10Z0"
SYN-1001 : ADC: Instance "u_ph1p35_324_ddr_wrapper/u_ddr2/ph1p_ddrmc_wrapper/ph1p_ddrmc_top/u_ddr_phy/u_ddrphy_top/u_ddrphy_clk/ioclk[0]$u_ioclk_0" LOCATION="X0Y59Z0"
SYN-1001 : ADC: Instance "u_ph1p35_324_ddr_wrapper/u_ddr2/ph1p_ddrmc_wrapper/ph1p_ddrmc_top/u_ddr_phy/u_ddrphy_top/u_ddrphy_clk/ioclk[0]$u_ioclk_1" LOCATION="X0Y59Z1"
SYN-1001 : ADC: Instance "u_ph1p35_324_ddr_wrapper/u_ddr2/ph1p_ddrmc_wrapper/ph1p_ddrmc_top/u_ddr_phy/u_ddrphy_top/u_ddrphy_clk/ioclk[1]$u_ioclk_0" LOCATION="X0Y19Z0"
SYN-1001 : ADC: Instance "u_ph1p35_324_ddr_wrapper/u_ddr2/ph1p_ddrmc_wrapper/ph1p_ddrmc_top/u_ddr_phy/u_ddrphy_top/u_ddrphy_clk/ioclk[1]$u_ioclk_1" LOCATION="X0Y19Z1"
SYN-1001 : ADC: Instance "u_ph1p35_324_ddr_wrapper/u_ddr2/ph1p_ddrmc_wrapper/ph1p_ddrmc_top/u_ddr_phy/u_ddrphy_top/u_ddrphy_clk/u_mlclk_1" LOCATION="X0Y59Z0"
SYN-1001 : ADC: Instance "u_ph1p35_324_ddr_wrapper/u_ddr2/ph1p_ddrmc_wrapper/ph1p_ddrmc_top/u_ddr_phy/u_ddrphy_top/u_ddrphy_clk/u_mlclk_2" LOCATION="X0Y59Z1"
SYN-1001 : ADC: Instance "u_ph1p35_324_ddr_wrapper/u_ddr2/ph1p_ddrmc_wrapper/ph1p_ddrmc_top/u_ddr_phy/u_ddrphy_top/u_ddrphy_clk/u_pll0/u_pll_inst" LOCATION="X0Y40Z0"
SYN-1001 : ADC: Instance "u_ph1p35_324_ddr_wrapper/u_ddr2/ph1p_ddrmc_wrapper/ph1p_ddrmc_top/u_ddr_phy/u_ddrphy_top/u_ddrphy_clk/u_pll1/u_pll_inst" LOCATION="X0Y79Z0"
SYN-1001 : End Stage 3 | Legalize Phy Inst; Time: 0.162789s wall, 0.109375s user + 0.015625s system = 0.125000s CPU (76.8%); Memory(MB): used = 1634, reserved = 1705, peak = 1634;

RUN-1002 : start command "update_timing"
RUN-1002 : start command "start_timer"
RUN-1003 : finish command "start_timer" in  1.502251s wall, 1.343750s user + 0.156250s system = 1.500000s CPU (99.9%)

RUN-1004 : used memory is 1634 MB, reserved memory is 1705 MB, peak memory is 1634 MB
RUN-1003 : finish command "update_timing" in  2.611550s wall, 2.375000s user + 0.218750s system = 2.593750s CPU (99.3%)

RUN-1004 : used memory is 1634 MB, reserved memory is 1705 MB, peak memory is 1634 MB
RUN-1002 : start command "report_timing_status -file camera_to_dsi_display_gate.ts"
RUN-1002 : start command "report_timing_summary -file camera_to_dsi_display_gate.timing"
RUN-1002 : start command "flow_status -file flow.status"
Location         : D:\anlu\rtl\td_project
Running with     : Tang Dynasty v6.2.168116
                   Copyright (c) 2012-2025 Anlogic Inc.
Top Model        : design_top_wrapper
Device           : PH1P35MDG324
Speed            : 3

Timing Mode      : basic
Setup            : WNS   919ps  TNS        0ps  NUM_FEPS     0
Hold             : WNS   114ps  TNS        0ps  NUM_FEPS     0

Flow Statistics  :
RUN-1001 : Flow Statistics:
RUN-1001 : ---------------------------------------------------------------------------------------------------
RUN-1001 :      command     |  #calls  |  wall time   |  cpu time(s)  |  used memory(mb)  |  peak memory(mb)  
RUN-1001 : ---------------------------------------------------------------------------------------------------
RUN-1001 :   optimize_rtl   |    1     |  2m16s(58%)  |   134(58%)    |       1389        |       1605        
RUN-1001 :   optimize_gate  |    1     |  1m35s(40%)  |    94(41%)    |       1634        |       1634        
RUN-1001 :   import_device  |    1     |    1s(0%)    |     1(0%)     |        324        |        324        
RUN-1001 :     read_adc     |    1     |    0s(0%)    |     0(0%)     |       1112        |       1113        
RUN-1001 :     read_sdc     |    3     |    0s(0%)    |     0(0%)     |       1107        |       1113        
RUN-1001 : ---------------------------------------------------------------------------------------------------
RUN-1001 :       total      |    7     |    3m52s     |      229      |       1634        |       1634        
RUN-1001 : ---------------------------------------------------------------------------------------------------
RUN-1002 : start command "export_db camera_to_dsi_display_gate.db"
RUN-1001 : Exported flow parameters
RUN-1001 : Exported /
RUN-1001 : Exported libs
RUN-1001 : Exported entities
RUN-1001 : Exported ports
RUN-1001 : Exported pins
RUN-1001 : Exported instances
RUN-1001 : Exported nets
RUN-1001 : Exported buses
RUN-1001 : Exported models
RUN-1001 : Exported packer
RUN-1001 : Exported congestions
RUN-1001 : Exported violations
RUN-1001 : Exported ATMR Setting
RUN-1001 : Exported timing constraints
RUN-1001 : Exported IO constraints
RUN-1001 : Exported Inst constraints
RUN-1001 : Exported ChipWatcher
RUN-1002 : start command "commit_param -step place"
RUN-1001 : Print Global Property
RUN-1001 : -------------------------------------------------------------
RUN-1001 :     Parameters    |   Settings   |  Default Values  |  Note  
RUN-1001 : -------------------------------------------------------------
RUN-1001 :    enable_seed    |     off      |       off        |        
RUN-1001 :    hfn_to_clock   |  1000000000  |    1000000000    |        
RUN-1001 :      message      |   standard   |     standard     |        
RUN-1001 :    qor_monitor    |      on      |        on        |        
RUN-1001 :   speedup_effort  |      0       |        0         |        
RUN-1001 :    syn_ip_flow    |     off      |       off        |        
RUN-1001 :       thread      |     auto     |       auto       |        
RUN-1001 : -------------------------------------------------------------
RUN-1001 : Print Place Property
RUN-1001 : ---------------------------------------------------------------
RUN-1001 :       Parameters      |  Settings  |  Default Values  |  Note  
RUN-1001 : ---------------------------------------------------------------
RUN-1001 :         effort        |   medium   |      medium      |        
RUN-1001 :     hfn_opt_effort    |   medium   |      medium      |        
RUN-1001 :    logic_level_opt    |    off     |       off        |        
RUN-1001 :   macro_performance   |    auto    |       auto       |        
RUN-1001 :       max_fanout      |   999999   |      999999      |        
RUN-1001 :       opt_timing      |   medium   |      medium      |        
RUN-1001 :     post_place_opt    |    auto    |       auto       |        
RUN-1001 :      pr_strategy      |     1      |        1         |        
RUN-1001 :   preplace_floorplan  |    off     |       off        |        
RUN-1001 : ---------------------------------------------------------------
RUN-1002 : start command "insert_debugger"
RUN-1002 : start command "place"
RUN-1001 : Open license file D:/Anlogic/TD_6.2.1_Engineer_6.2.168.116/license/Anlogic.lic
PHY-3001 : Placer runs in 32 thread(s).
PHY-1001 : Stage 1 | Initialize Design
PHY-1001 : Stage 1.1 | Build Design
PHY-1001 : 14783 luts, 19491 seqs, 536 mslices, 5360 lslices, 54 pads, 108 brams, 19 dsps
RUN-1002 : start command "legalize_phy_inst"
SYN-1011 : Flatten model design_top_wrapper
SYN-1001 : ADC: Instance "u_ph1p35_324_ddr_wrapper/u_ddr2/ph1p_ddrmc_wrapper/ph1p_ddrmc_top/u_ddr_phy/u_ddrphy_top/u_ddrphy/ac_byte[0]$ac_byte_used$u_ddrphy_ac_byte_wrapper/u_ddrphy_byte" LOCATION="X0Y70Z0"
SYN-1001 : ADC: Instance "u_ph1p35_324_ddr_wrapper/u_ddr2/ph1p_ddrmc_wrapper/ph1p_ddrmc_top/u_ddr_phy/u_ddrphy_top/u_ddrphy/ac_byte[1]$ac_byte_used$u_ddrphy_ac_byte_wrapper/u_ddrphy_byte" LOCATION="X0Y60Z0"
SYN-1001 : ADC: Instance "u_ph1p35_324_ddr_wrapper/u_ddr2/ph1p_ddrmc_wrapper/ph1p_ddrmc_top/u_ddr_phy/u_ddrphy_top/u_ddrphy/ac_byte[2]$ac_byte_used$u_ddrphy_ac_byte_wrapper/u_ddrphy_byte" LOCATION="X0Y50Z0"
SYN-1001 : ADC: Instance "u_ph1p35_324_ddr_wrapper/u_ddr2/ph1p_ddrmc_wrapper/ph1p_ddrmc_top/u_ddr_phy/u_ddrphy_top/u_ddrphy/ac_byte[3]$ac_byte_used$u_ddrphy_ac_byte_wrapper/u_ddrphy_byte" LOCATION="X0Y40Z0"
SYN-1001 : ADC: Instance "u_ph1p35_324_ddr_wrapper/u_ddr2/ph1p_ddrmc_wrapper/ph1p_ddrmc_top/u_ddr_phy/u_ddrphy_top/u_ddrphy/bkref[0]$u_ddrphy_bankref" LOCATION="X0Y19Z0"
SYN-1001 : ADC: Instance "u_ph1p35_324_ddr_wrapper/u_ddr2/ph1p_ddrmc_wrapper/ph1p_ddrmc_top/u_ddr_phy/u_ddrphy_top/u_ddrphy/bkref[1]$u_ddrphy_bankref" LOCATION="X0Y59Z0"
SYN-1001 : ADC: Instance "u_ph1p35_324_ddr_wrapper/u_ddr2/ph1p_ddrmc_wrapper/ph1p_ddrmc_top/u_ddr_phy/u_ddrphy_top/u_ddrphy/dx_byte[0]$dx_byte_used$u_ddrphy_dx_byte_wrapper/u_ddrphy_byte" LOCATION="X0Y30Z0"
SYN-1001 : ADC: Instance "u_ph1p35_324_ddr_wrapper/u_ddr2/ph1p_ddrmc_wrapper/ph1p_ddrmc_top/u_ddr_phy/u_ddrphy_top/u_ddrphy/dx_byte[1]$dx_byte_used$u_ddrphy_dx_byte_wrapper/u_ddrphy_byte" LOCATION="X0Y10Z0"
SYN-1001 : ADC: Instance "u_ph1p35_324_ddr_wrapper/u_ddr2/ph1p_ddrmc_wrapper/ph1p_ddrmc_top/u_ddr_phy/u_ddrphy_top/u_ddrphy_clk/ioclk[0]$u_ioclk_0" LOCATION="X0Y59Z0"
SYN-1001 : ADC: Instance "u_ph1p35_324_ddr_wrapper/u_ddr2/ph1p_ddrmc_wrapper/ph1p_ddrmc_top/u_ddr_phy/u_ddrphy_top/u_ddrphy_clk/ioclk[0]$u_ioclk_1" LOCATION="X0Y59Z1"
SYN-1001 : ADC: Instance "u_ph1p35_324_ddr_wrapper/u_ddr2/ph1p_ddrmc_wrapper/ph1p_ddrmc_top/u_ddr_phy/u_ddrphy_top/u_ddrphy_clk/ioclk[1]$u_ioclk_0" LOCATION="X0Y19Z0"
SYN-1001 : ADC: Instance "u_ph1p35_324_ddr_wrapper/u_ddr2/ph1p_ddrmc_wrapper/ph1p_ddrmc_top/u_ddr_phy/u_ddrphy_top/u_ddrphy_clk/ioclk[1]$u_ioclk_1" LOCATION="X0Y19Z1"
SYN-1001 : ADC: Instance "u_ph1p35_324_ddr_wrapper/u_ddr2/ph1p_ddrmc_wrapper/ph1p_ddrmc_top/u_ddr_phy/u_ddrphy_top/u_ddrphy_clk/u_mlclk_1" LOCATION="X0Y59Z0"
SYN-1001 : ADC: Instance "u_ph1p35_324_ddr_wrapper/u_ddr2/ph1p_ddrmc_wrapper/ph1p_ddrmc_top/u_ddr_phy/u_ddrphy_top/u_ddrphy_clk/u_mlclk_2" LOCATION="X0Y59Z1"
SYN-1001 : ADC: Instance "u_ph1p35_324_ddr_wrapper/u_ddr2/ph1p_ddrmc_wrapper/ph1p_ddrmc_top/u_ddr_phy/u_ddrphy_top/u_ddrphy_clk/u_pll0/u_pll_inst" LOCATION="X0Y40Z0"
SYN-1001 : ADC: Instance "u_ph1p35_324_ddr_wrapper/u_ddr2/ph1p_ddrmc_wrapper/ph1p_ddrmc_top/u_ddr_phy/u_ddrphy_top/u_ddrphy_clk/u_pll1/u_pll_inst" LOCATION="X0Y79Z0"
PHY-1001 : Remove keep and sweep redundant instances ...
PHY-1001 : 14436 luts, 19149 seqs, 536 mslices, 5329 lslices, 54 pads, 108 brams, 19 dsps
PHY-1001 : End Stage 1.1 | Build Design; Time: 0.357272s wall, 0.359375s user + 0.000000s system = 0.359375s CPU (100.6%); Memory(MB): used = 1642, reserved = 1785, peak = 1642;

PHY-1001 : Stage 1.2 | Optimize Design
OPT-1001 : Stage 1.2.1 | Simplify Lut
OPT-1001 : End Stage 1.2.1 | Simplify Lut; Time: 0.062410s wall, 0.062500s user + 0.000000s system = 0.062500s CPU (100.1%); Memory(MB): used = 1643, reserved = 1785, peak = 1643;

OPT-1001 : Stage 1.2.2 | Sweep
OPT-1001 : End Stage 1.2.2 | Sweep; Time: 0.028535s wall, 0.015625s user + 0.000000s system = 0.015625s CPU (54.8%); Memory(MB): used = 1643, reserved = 1785, peak = 1643;

OPT-1001 : Stage 1.2.3 | Merge Lut
OPT-1001 : Start remap optimization ...
RUN-1001 :   Added 0 lut1 for undup drivers
OPT-1001 : skip lut merge since lut number 14434 is similar to or less than reg number 19149
OPT-1001 : End Stage 1.2.3 | Merge Lut; Time: 0.031241s wall, 0.031250s user + 0.000000s system = 0.031250s CPU (100.0%); Memory(MB): used = 1643, reserved = 1785, peak = 1643;

OPT-1001 : Stage 1.2.4 | Synthesize High-fanout Net
OPT-1001 : Start high-fanout net optimization in pre-place flow with medium effort ...
RUN-1001 : HFN opt statistic
RUN-1001 : ------------------------------------------------------
RUN-1001 :   DriverCell type  |  HFN count  |  Duplicated count  
RUN-1001 : ------------------------------------------------------
RUN-1001 :       LSLICE       |      0      |         0          
RUN-1001 :       MSLICE       |      0      |         0          
RUN-1001 :        TOTAL       |      0      |         0          
RUN-1001 : ------------------------------------------------------
OPT-1001 : End high-fanout net optimization;  0.000533s wall, 0.000000s user + 0.000000s system = 0.000000s CPU (n/a%)

OPT-1001 : Current memory(MB): used = 1643, reserved = 1785, peak = 1643.
OPT-1001 : End Stage 1.2.4 | Synthesize High-fanout Net; Time: 0.000812s wall, 0.015625s user + 0.000000s system = 0.015625s CPU (n/a%); Memory(MB): used = 1643, reserved = 1785, peak = 1643;

OPT-1001 : End physical optimization;  0.123567s wall, 0.125000s user + 0.000000s system = 0.125000s CPU (101.2%)

PHY-1001 : End Stage 1.2 | Optimize Design; Time: 0.123751s wall, 0.125000s user + 0.000000s system = 0.125000s CPU (101.0%); Memory(MB): used = 1643, reserved = 1785, peak = 1643;

PHY-1001 : Stage 1.3 | Initialize Clock
PHY-1001 : Start to synthesize physical clock networks.
RUN-1002 : start command "start_timer"
RUN-1003 : finish command "start_timer" in  1.446549s wall, 1.421875s user + 0.000000s system = 1.421875s CPU (98.3%)

RUN-1004 : used memory is 1642 MB, reserved memory is 1785 MB, peak memory is 1643 MB
PHY-5060 CRITICAL-WARNING: Clock net candidate u_uicfgcs500/uii2c_inst/scl_clk has mixed fanouts of 1 clock pins; 2 data/ctrl pins. Please check connection of the net in design.
PHY-5060 CRITICAL-WARNING: Clock net candidate O_cam_24m_syn_3 has mixed fanouts of 83 clock pins; 1 data/ctrl pins. Please check connection of the net in design.
PHY-1001 : Populate physical database on model design_top_wrapper.
RUN-1001 : There are total 40215 instances
RUN-0007 : 14434 luts, 19149 seqs, 536 mslices, 5329 lslices, 54 pads, 108 brams, 19 dsps
RUN-1001 : There are total 54100 nets
RUN-1001 : 37232 nets have 2 pins
RUN-1001 : 13432 nets have [3 - 5] pins
RUN-1001 : 2277 nets have [6 - 10] pins
RUN-1001 : 592 nets have [11 - 20] pins
RUN-1001 : 472 nets have [21 - 99] pins
RUN-1001 : 95 nets have 100+ pins
PHY-1001 : Start to check user instance location assignments; please refer to ADC constraint.
PHY-1001 : End Stage 1.3 | Initialize Clock; Time: 2.727266s wall, 2.640625s user + 0.031250s system = 2.671875s CPU (98.0%); Memory(MB): used = 1643, reserved = 1785, peak = 1643;

PHY-1001 : End Stage 1 | Initialize Design; Time: 3.256756s wall, 3.171875s user + 0.031250s system = 3.203125s CPU (98.4%); Memory(MB): used = 1643, reserved = 1785, peak = 1643;

PHY-1001 : Stage 2 | Global Placement
RUN-1001 : Report Control nets information:
RUN-1001 : DFF Distribution
RUN-1001 : -------------------------------------
RUN-1001 :   CE   |  SSR  |  ASR  |  DFF Count  
RUN-1001 : -------------------------------------
RUN-1001 :   No   |  No   |  No   |    6686     
RUN-1001 :   No   |  No   |  Yes  |    4268     
RUN-1001 :   No   |  Yes  |  No   |     217     
RUN-1001 :   Yes  |  No   |  No   |     424     
RUN-1001 :   Yes  |  No   |  Yes  |    7632     
RUN-1001 :   Yes  |  Yes  |  No   |     146     
RUN-1001 : -------------------------------------
RUN-1001 : Control Group Statistic
RUN-1001 : -----------------------------
RUN-1001 :   #CLK  |  #CE  |  #SSR/ASR  
RUN-1001 : -----------------------------
RUN-1001 :    9    |  283  |     26     
RUN-1001 : -----------------------------
RUN-0007 : Control Set = 319
PHY-1001 : Stage 2.1 | Place Fixed Instances
PHY-1001 : Processing 2 clock pins of DDR instance u_ph1p35_324_ddr_wrapper/u_ddr2/ph1p_ddrmc_wrapper/ph1p_ddrmc_top/u_ddr_phy/u_ddrphy_top/u_ddrphy/ac_byte[0]$ac_byte_used$u_ddrphy_ac_byte_wrapper/u_ddrphy_byte, location = x0y70z0.
PHY-1001 :   User location X0Y59Z1 of ioclk instance u_ph1p35_324_ddr_wrapper/u_ddr2/ph1p_ddrmc_wrapper/ph1p_ddrmc_top/u_ddr_phy/u_ddrphy_top/u_ddrphy_clk/ioclk[0]$u_ioclk_1.
PHY-1001 :   Placement of ioclk instance u_ph1p35_324_ddr_wrapper/u_ddr2/ph1p_ddrmc_wrapper/ph1p_ddrmc_top/u_ddr_phy/u_ddrphy_top/u_ddrphy_clk/ioclk[0]$u_ioclk_1; location = x0y59z1.
PHY-1001 :   User location X0Y59Z0 of ioclk instance u_ph1p35_324_ddr_wrapper/u_ddr2/ph1p_ddrmc_wrapper/ph1p_ddrmc_top/u_ddr_phy/u_ddrphy_top/u_ddrphy_clk/ioclk[0]$u_ioclk_0.
PHY-1001 :   Placement of ioclk instance u_ph1p35_324_ddr_wrapper/u_ddr2/ph1p_ddrmc_wrapper/ph1p_ddrmc_top/u_ddr_phy/u_ddrphy_top/u_ddrphy_clk/ioclk[0]$u_ioclk_0; location = x0y59z0.
PHY-1001 : Processing 2 clock pins of DDR instance u_ph1p35_324_ddr_wrapper/u_ddr2/ph1p_ddrmc_wrapper/ph1p_ddrmc_top/u_ddr_phy/u_ddrphy_top/u_ddrphy/ac_byte[1]$ac_byte_used$u_ddrphy_ac_byte_wrapper/u_ddrphy_byte, location = x0y60z0.
PHY-1001 :   Placed ioclk instance u_ph1p35_324_ddr_wrapper/u_ddr2/ph1p_ddrmc_wrapper/ph1p_ddrmc_top/u_ddr_phy/u_ddrphy_top/u_ddrphy_clk/ioclk[0]$u_ioclk_1, location = x0y59z1.
PHY-1001 :   Placed ioclk instance u_ph1p35_324_ddr_wrapper/u_ddr2/ph1p_ddrmc_wrapper/ph1p_ddrmc_top/u_ddr_phy/u_ddrphy_top/u_ddrphy_clk/ioclk[0]$u_ioclk_0, location = x0y59z0.
PHY-1001 : Processing 2 clock pins of DDR instance u_ph1p35_324_ddr_wrapper/u_ddr2/ph1p_ddrmc_wrapper/ph1p_ddrmc_top/u_ddr_phy/u_ddrphy_top/u_ddrphy/ac_byte[2]$ac_byte_used$u_ddrphy_ac_byte_wrapper/u_ddrphy_byte, location = x0y50z0.
PHY-1001 :   Placed ioclk instance u_ph1p35_324_ddr_wrapper/u_ddr2/ph1p_ddrmc_wrapper/ph1p_ddrmc_top/u_ddr_phy/u_ddrphy_top/u_ddrphy_clk/ioclk[0]$u_ioclk_1, location = x0y59z1.
PHY-1001 :   Placed ioclk instance u_ph1p35_324_ddr_wrapper/u_ddr2/ph1p_ddrmc_wrapper/ph1p_ddrmc_top/u_ddr_phy/u_ddrphy_top/u_ddrphy_clk/ioclk[0]$u_ioclk_0, location = x0y59z0.
PHY-1001 : Processing 2 clock pins of DDR instance u_ph1p35_324_ddr_wrapper/u_ddr2/ph1p_ddrmc_wrapper/ph1p_ddrmc_top/u_ddr_phy/u_ddrphy_top/u_ddrphy/ac_byte[3]$ac_byte_used$u_ddrphy_ac_byte_wrapper/u_ddrphy_byte, location = x0y40z0.
PHY-1001 :   Placed ioclk instance u_ph1p35_324_ddr_wrapper/u_ddr2/ph1p_ddrmc_wrapper/ph1p_ddrmc_top/u_ddr_phy/u_ddrphy_top/u_ddrphy_clk/ioclk[0]$u_ioclk_1, location = x0y59z1.
PHY-1001 :   Placed ioclk instance u_ph1p35_324_ddr_wrapper/u_ddr2/ph1p_ddrmc_wrapper/ph1p_ddrmc_top/u_ddr_phy/u_ddrphy_top/u_ddrphy_clk/ioclk[0]$u_ioclk_0, location = x0y59z0.
PHY-1001 : Processing 2 clock pins of DDR instance u_ph1p35_324_ddr_wrapper/u_ddr2/ph1p_ddrmc_wrapper/ph1p_ddrmc_top/u_ddr_phy/u_ddrphy_top/u_ddrphy/dx_byte[0]$dx_byte_used$u_ddrphy_dx_byte_wrapper/u_ddrphy_byte, location = x0y30z0.
PHY-1001 :   User location X0Y19Z1 of ioclk instance u_ph1p35_324_ddr_wrapper/u_ddr2/ph1p_ddrmc_wrapper/ph1p_ddrmc_top/u_ddr_phy/u_ddrphy_top/u_ddrphy_clk/ioclk[1]$u_ioclk_1.
PHY-1001 :   Placement of ioclk instance u_ph1p35_324_ddr_wrapper/u_ddr2/ph1p_ddrmc_wrapper/ph1p_ddrmc_top/u_ddr_phy/u_ddrphy_top/u_ddrphy_clk/ioclk[1]$u_ioclk_1; location = x0y19z1.
PHY-1001 :   User location X0Y19Z0 of ioclk instance u_ph1p35_324_ddr_wrapper/u_ddr2/ph1p_ddrmc_wrapper/ph1p_ddrmc_top/u_ddr_phy/u_ddrphy_top/u_ddrphy_clk/ioclk[1]$u_ioclk_0.
PHY-1001 :   Placement of ioclk instance u_ph1p35_324_ddr_wrapper/u_ddr2/ph1p_ddrmc_wrapper/ph1p_ddrmc_top/u_ddr_phy/u_ddrphy_top/u_ddrphy_clk/ioclk[1]$u_ioclk_0; location = x0y19z0.
PHY-1001 : Processing 2 clock pins of DDR instance u_ph1p35_324_ddr_wrapper/u_ddr2/ph1p_ddrmc_wrapper/ph1p_ddrmc_top/u_ddr_phy/u_ddrphy_top/u_ddrphy/dx_byte[1]$dx_byte_used$u_ddrphy_dx_byte_wrapper/u_ddrphy_byte, location = x0y10z0.
PHY-1001 :   Placed ioclk instance u_ph1p35_324_ddr_wrapper/u_ddr2/ph1p_ddrmc_wrapper/ph1p_ddrmc_top/u_ddr_phy/u_ddrphy_top/u_ddrphy_clk/ioclk[1]$u_ioclk_1, location = x0y19z1.
PHY-1001 :   Placed ioclk instance u_ph1p35_324_ddr_wrapper/u_ddr2/ph1p_ddrmc_wrapper/ph1p_ddrmc_top/u_ddr_phy/u_ddrphy_top/u_ddrphy_clk/ioclk[1]$u_ioclk_0, location = x0y19z0.
PHY-1001 : DDR MLCLK topology u_ph1p35_324_ddr_wrapper/u_ddr2/ph1p_ddrmc_wrapper/ph1p_ddrmc_top/u_ddr_phy/u_ddrphy_top/u_ddrphy_clk/u_mlclk_1.
PHY-1001 :   Driver: PH1P_PHY_PLL_V2 u_ph1p35_324_ddr_wrapper/u_ddr2/ph1p_ddrmc_wrapper/ph1p_ddrmc_top/u_ddr_phy/u_ddrphy_top/u_ddrphy_clk/u_pll0/u_pll_inst.clkc[1], user location :X0Y40Z0.
PHY-1001 :   Sink: PH1P_PHY_IOCLK u_ph1p35_324_ddr_wrapper/u_ddr2/ph1p_ddrmc_wrapper/ph1p_ddrmc_top/u_ddr_phy/u_ddrphy_top/u_ddrphy_clk/ioclk[0]$u_ioclk_0, location = x0y59z0, sectorID = 1.
PHY-1001 :   Sink: PH1P_PHY_IOCLK u_ph1p35_324_ddr_wrapper/u_ddr2/ph1p_ddrmc_wrapper/ph1p_ddrmc_top/u_ddr_phy/u_ddrphy_top/u_ddrphy_clk/ioclk[1]$u_ioclk_0, location = x0y19z0, sectorID = 0.
PHY-1001 : Placement of MLCLK instance u_ph1p35_324_ddr_wrapper/u_ddr2/ph1p_ddrmc_wrapper/ph1p_ddrmc_top/u_ddr_phy/u_ddrphy_top/u_ddrphy_clk/u_mlclk_1; location = x0y59z0,  sectorID = 1.
PHY-1001 : DDR MLCLK topology u_ph1p35_324_ddr_wrapper/u_ddr2/ph1p_ddrmc_wrapper/ph1p_ddrmc_top/u_ddr_phy/u_ddrphy_top/u_ddrphy_clk/u_mlclk_2.
PHY-1001 :   Driver: PH1P_PHY_PLL_V2 u_ph1p35_324_ddr_wrapper/u_ddr2/ph1p_ddrmc_wrapper/ph1p_ddrmc_top/u_ddr_phy/u_ddrphy_top/u_ddrphy_clk/u_pll0/u_pll_inst.clkc[2], user location :X0Y40Z0.
PHY-1001 :   Sink: PH1P_PHY_IOCLK u_ph1p35_324_ddr_wrapper/u_ddr2/ph1p_ddrmc_wrapper/ph1p_ddrmc_top/u_ddr_phy/u_ddrphy_top/u_ddrphy_clk/ioclk[0]$u_ioclk_1, location = x0y59z1, sectorID = 1.
PHY-1001 :   Sink: PH1P_PHY_IOCLK u_ph1p35_324_ddr_wrapper/u_ddr2/ph1p_ddrmc_wrapper/ph1p_ddrmc_top/u_ddr_phy/u_ddrphy_top/u_ddrphy_clk/ioclk[1]$u_ioclk_1, location = x0y19z1, sectorID = 0.
PHY-1001 : Placement of MLCLK instance u_ph1p35_324_ddr_wrapper/u_ddr2/ph1p_ddrmc_wrapper/ph1p_ddrmc_top/u_ddr_phy/u_ddrphy_top/u_ddrphy_clk/u_mlclk_2; location = x0y59z1,  sectorID = 1.
PHY-5016 WARNING: PLL clkc is driving an IO without location.
PHY-5016 WARNING: PLL clkc is not driving a clock-capable IO.
PHY-5016 WARNING: PLL clkc is driving an IO without location.
PHY-5016 WARNING: PLL clkc is not driving a clock-capable IO.
PHY-1001 : End Stage 2.1 | Place Fixed Instances; Time: 0.075125s wall, 0.062500s user + 0.000000s system = 0.062500s CPU (83.2%); Memory(MB): used = 1643, reserved = 1785, peak = 1643;

PHY-1001 : Stage 2.2 | Pre-Place DRC Check
PHY-1001 : Stage 2.2.1 | Force Route Constraint Check
PHY-1001 : Check Pass.
PHY-1001 : End Stage 2.2.1 | Force Route Constraint Check; Time: 0.004924s wall, 0.015625s user + 0.000000s system = 0.015625s CPU (317.3%); Memory(MB): used = 1643, reserved = 1785, peak = 1643;

PHY-1001 : End Stage 2.2 | Pre-Place DRC Check; Time: 0.005105s wall, 0.015625s user + 0.000000s system = 0.015625s CPU (306.1%); Memory(MB): used = 1643, reserved = 1785, peak = 1643;

PHY-1001 : Clock GCLK Statistics:
RUN-1001 : GCLK Index: 
RUN-1001 : -------------------------------------------------------------------------------------------------------------------------------------------------------
RUN-1001 :   Index  |                                                          Clock GCLK                                                           |  Location   
RUN-1001 : -------------------------------------------------------------------------------------------------------------------------------------------------------
RUN-1001 :     1    |                           u_mipi_dphy_rx_ph1p_mipiio_wrapper/u_ph1p_mipiio_rx_wrapper/bufg_feedback                           |  x23y39z0   
RUN-1001 :     2    |   u_ph1p35_324_ddr_wrapper/u_ddr2/ph1p_ddrmc_wrapper/ph1p_ddrmc_top/u_ddr_phy/u_ddrphy_top/u_ddrphy_clk/u_pll1/u_bufg_fbclk   |  x23y39z16  
RUN-1001 :     3    |                                              u_hdmi_mixer/I_clk_created_gclkinst                                              |  x23y39z17  
RUN-1001 :     4    |                                               I_sys_clk_dup_6_created_gclkinst                                                |  x23y39z22  
RUN-1001 :     5    |                                               O_cam_24m_dup_1_created_gclkinst                                                |  x23y39z18  
RUN-1001 :     6    |                          u_hdmi_tx/u_hdmi2phy_wrapper/u0_lane_lvds_8_1/I_serial_clk_created_gclkinst                          |  x23y39z19  
RUN-1001 :     7    |  u_ph1p35_324_ddr_wrapper/u_ddr2/ph1p_ddrmc_wrapper/ph1p_ddrmc_top/u_ddr_phy/u_ddrphy_top/u_ddrphy/apb_pclk_created_gclkinst  |  x23y39z20  
RUN-1001 :     8    |                                       u_uicfgcs500/uii2c_inst/scl_clk_created_gclkinst                                        |  x23y39z1   
RUN-1001 :     9    |                                                      u_PLL/bufg_feedback                                                      |  x23y39z21  
RUN-1001 : -------------------------------------------------------------------------------------------------------------------------------------------------------
RUN-1001 : Clock Nets Connect To GCLK Statistics: 
RUN-1001 : -----------------------------------------------------------------------------------------------------------------------------------------------------------------------------------------
RUN-1001 :   Index  |                        Leading Net                        |  CLK/DATA/IO/PLL Sink(s)  |                       Following Net                       |  CLK/DATA/IO/PLL Sink(s)  
RUN-1001 : -----------------------------------------------------------------------------------------------------------------------------------------------------------------------------------------
RUN-1001 :     1    | u_mipi_dphy_rx_ph1p_mipiio_wrapper/u_ph1p_mipiio_rx_w...  |          1/0/0/0          | u_isp_top/u_demosaic/raw_matrix_3x3_buffer_d/zhenghe_...  |        14041/0/0/0        
RUN-1001 :     2    | u_ph1p35_324_ddr_wrapper/u_ddr2/ph1p_ddrmc_wrapper/ph...  |          1/0/0/0          | u_ph1p35_324_ddr_wrapper/u_ddr2/ph1p_ddrmc_wrapper/ph...  |        3538/0/0/0         
RUN-1001 :     3    |                    u_hdmi_mixer/I_clk                     |          1/0/0/0          |                u_hdmi_mixer/I_clk_syn_654                 |        1572/0/0/0         
RUN-1001 :     4    |                      I_sys_clk_dup_6                      |          3/0/0/0          |                      I_sys_clk_syn_8                      |         137/0/0/0         
RUN-1001 :     5    |                      O_cam_24m_dup_1                      |          1/0/0/0          |                      O_cam_24m_syn_3                      |         83/1/0/0          
RUN-1001 :     6    | u_hdmi_tx/u_hdmi2phy_wrapper/u0_lane_lvds_8_1/I_seria...  |          1/0/0/0          | u_hdmi_tx/u_hdmi2phy_wrapper/u0_lane_lvds_8_1/I_seria...  |         61/0/0/0          
RUN-1001 :     7    | u_ph1p35_324_ddr_wrapper/u_ddr2/ph1p_ddrmc_wrapper/ph...  |          1/0/0/0          | u_ph1p35_324_ddr_wrapper/u_ddr2/ph1p_ddrmc_wrapper/ph...  |         43/0/0/0          
RUN-1001 :     8    |              u_uicfgcs500/uii2c_inst/scl_clk              |          1/2/0/0          |           u_uicfgcs500/uii2c_inst/scl_clk_syn_9           |         24/0/0/0          
RUN-1001 :     9    |                      u_PLL/clk0_buf                       |          1/0/0/0          | u_mipi_dphy_rx_ph1p_mipiio_wrapper/u_ph1p_mipiio_rx_w...  |         13/0/0/0          
RUN-1001 : -----------------------------------------------------------------------------------------------------------------------------------------------------------------------------------------
PHY-1001 : Stage 2.3 | Global Placement Step 1
PHY-3001 : Target density is 60%
PHY-1001 : Stage 2.3.1 | Update Timing
RUN-1002 : start command "start_timer"
RUN-1003 : finish command "start_timer" in  1.448625s wall, 1.453125s user + 0.000000s system = 1.453125s CPU (100.3%)

RUN-1004 : used memory is 1648 MB, reserved memory is 1786 MB, peak memory is 1648 MB
PHY-1001 : SWNS: 919, STNS: 0, FEP: 0
PHY-1001 : End Stage 2.3.1 | Update Timing; Time: 2.641774s wall, 2.640625s user + 0.000000s system = 2.640625s CPU (100.0%); Memory(MB): used = 1649, reserved = 1786, peak = 1649;

PHY-0007 : Cell area utilization is 72%
RUN-1001 : Huge Net Statistic
RUN-1001 : ----------------------------------------------------------------------------------------------------------------------------------------------------------------------------------------
RUN-1001 :   Fanout  |  Slack  |                                                                                Net                                                                                
RUN-1001 : ----------------------------------------------------------------------------------------------------------------------------------------------------------------------------------------
RUN-1001 :    8550   |   Inf   |                                u_ph1p35_324_ddr_wrapper/u_ddr2/ph1p_ddrmc_wrapper/ph1p_ddrmc_top/u_ddr_phy/u_ddrphy_top/sys_rst_n                                 
RUN-1001 :    1472   |  11982  |                                u_ph1p35_324_ddr_wrapper/u_ddr2/ph1p_ddrmc_wrapper/ph1p_ddrmc_top/u_alc_mc_top/u_rbuf_addr_fifo/rst                                
RUN-1001 :    1089   |   Inf   |  u_ph1p35_324_ddr_wrapper/u_ddr2/ph1p_ddrmc_wrapper/ph1p_ddrmc_top/u_ddr_phy/u_ddrphy_top/u_ddrphy/dx_byte[1]$dx_byte_used$u_ddrphy_dx_byte_wrapper/dx_phy_rst_n  
RUN-1001 : ----------------------------------------------------------------------------------------------------------------------------------------------------------------------------------------
PHY-3001 : Clustering ...
PHY-3001 : End clustering;  0.156259s wall, 0.437500s user + 0.265625s system = 0.703125s CPU (450.0%)

PHY-3001 : Target density is 60%
PHY-1001 : Stage 2.3.2 | GP Iteration
PHY-1001 : End Stage 2.3.2 | GP Iteration; Time: 1.634162s wall, 7.312500s user + 3.359375s system = 10.671875s CPU (653.0%); Memory(MB): used = 1649, reserved = 1786, peak = 1649;

PHY-3001 : Multithread accelerating rate: 6.26
RUN-1002 : start command "start_timer"
USR-1002 : Derived clock:  create_generated_clock -name {u_PLL/ph1p_phy_pll_wrapper_25a56e5ce2f9_Inst/u_PH1P_PHY_PLL.clkc[0]} -source [get_ports {I_sys_clk}] -master_clock {sys_clk_50m} -multiply_by 2.0000 -duty_cycle 50.0000 [get_pins {u_PLL/ph1p_phy_pll_wrapper_25a56e5ce2f9_Inst/u_PH1P_PHY_PLL.clkc[0]}]
USR-1002 : Derived clock:  create_generated_clock -name {u_PLL/ph1p_phy_pll_wrapper_25a56e5ce2f9_Inst/u_PH1P_PHY_PLL.clkc[1]} -source [get_ports {I_sys_clk}] -master_clock {sys_clk_50m} -divide_by 2.0769 -duty_cycle 50.0000 [get_pins {u_PLL/ph1p_phy_pll_wrapper_25a56e5ce2f9_Inst/u_PH1P_PHY_PLL.clkc[1]}]
USR-1002 : Derived clock:  create_generated_clock -name {u_PLL/ph1p_phy_pll_wrapper_25a56e5ce2f9_Inst/u_PH1P_PHY_PLL.clkc[4]} -source [get_ports {I_sys_clk}] -master_clock {sys_clk_50m} -multiply_by 1.0400 -duty_cycle 50.0000 [get_pins {u_PLL/ph1p_phy_pll_wrapper_25a56e5ce2f9_Inst/u_PH1P_PHY_PLL.clkc[4]}]
USR-1002 : Derived clock:  create_generated_clock -name {u_PLL/ph1p_phy_pll_wrapper_25a56e5ce2f9_Inst/u_PH1P_PHY_PLL.clkc[5]} -source [get_ports {I_sys_clk}] -master_clock {sys_clk_50m} -multiply_by 5.2000 -duty_cycle 50.0000 [get_pins {u_PLL/ph1p_phy_pll_wrapper_25a56e5ce2f9_Inst/u_PH1P_PHY_PLL.clkc[5]}]
USR-1002 : Derived clock:  create_generated_clock -name {u_ph1p35_324_ddr_wrapper/u_ddr2/ph1p_ddrmc_wrapper/ph1p_ddrmc_top/u_ddr_phy/u_ddrphy_top/u_ddrphy_clk/u_pll0/u_pll_inst.clkc[0]} -source [get_ports {I_sys_clk}] -master_clock {sys_clk_50m} -multiply_by 1.3333 -duty_cycle 50.0000 [get_pins {u_ph1p35_324_ddr_wrapper/u_ddr2/ph1p_ddrmc_wrapper/ph1p_ddrmc_top/u_ddr_phy/u_ddrphy_top/u_ddrphy_clk/u_pll0/u_pll_inst.clkc[0]}]
USR-1002 : Derived clock:  create_generated_clock -name {u_ph1p35_324_ddr_wrapper/u_ddr2/ph1p_ddrmc_wrapper/ph1p_ddrmc_top/u_ddr_phy/u_ddrphy_top/u_ddrphy_clk/u_pll0/u_pll_inst.clkc[1]} -source [get_ports {I_sys_clk}] -master_clock {sys_clk_50m} -multiply_by 1.3333 -duty_cycle 50.0000 [get_pins {u_ph1p35_324_ddr_wrapper/u_ddr2/ph1p_ddrmc_wrapper/ph1p_ddrmc_top/u_ddr_phy/u_ddrphy_top/u_ddrphy_clk/u_pll0/u_pll_inst.clkc[1]}]
USR-1002 : Derived clock:  create_generated_clock -name {u_ph1p35_324_ddr_wrapper/u_ddr2/ph1p_ddrmc_wrapper/ph1p_ddrmc_top/u_ddr_phy/u_ddrphy_top/u_ddrphy_clk/u_pll0/u_pll_inst.clkc[2]} -source [get_ports {I_sys_clk}] -master_clock {sys_clk_50m} -multiply_by 5.3333 -duty_cycle 50.0000 [get_pins {u_ph1p35_324_ddr_wrapper/u_ddr2/ph1p_ddrmc_wrapper/ph1p_ddrmc_top/u_ddr_phy/u_ddrphy_top/u_ddrphy_clk/u_pll0/u_pll_inst.clkc[2]}]
USR-1002 : Derived clock:  create_generated_clock -name {u_ph1p35_324_ddr_wrapper/u_ddr2/ph1p_ddrmc_wrapper/ph1p_ddrmc_top/u_ddr_phy/u_ddrphy_top/u_ddrphy_clk/u_pll0/u_pll_inst.clkc[3]} -source [get_ports {I_sys_clk}] -master_clock {sys_clk_50m} -divide_by 1.9687 -duty_cycle 50.0000 [get_pins {u_ph1p35_324_ddr_wrapper/u_ddr2/ph1p_ddrmc_wrapper/ph1p_ddrmc_top/u_ddr_phy/u_ddrphy_top/u_ddrphy_clk/u_pll0/u_pll_inst.clkc[3]}]
USR-1002 : Derived clock:  create_generated_clock -name {u_ph1p35_324_ddr_wrapper/u_ddr2/ph1p_ddrmc_wrapper/ph1p_ddrmc_top/u_ddr_phy/u_ddrphy_top/u_ddrphy_clk/u_pll1/u_pll_inst.clkc[0]} -source [get_pins {u_ph1p35_324_ddr_wrapper/u_ddr2/ph1p_ddrmc_wrapper/ph1p_ddrmc_top/u_ddr_phy/u_ddrphy_top/u_ddrphy_clk/u_pll0/u_pll_inst.clkc[0]}] -master_clock {u_ph1p35_324_ddr_wrapper/u_ddr2/ph1p_ddrmc_wrapper/ph1p_ddrmc_top/u_ddr_phy/u_ddrphy_top/u_ddrphy_clk/u_pll0/u_pll_inst.clkc[0]} -multiply_by 1.0000 -duty_cycle 50.0000 [get_pins {u_ph1p35_324_ddr_wrapper/u_ddr2/ph1p_ddrmc_wrapper/ph1p_ddrmc_top/u_ddr_phy/u_ddrphy_top/u_ddrphy_clk/u_pll1/u_pll_inst.clkc[0]}]
8.888000
15.000000
15.000000
19.230000
RUN-1003 : finish command "start_timer" in  1.670354s wall, 1.656250s user + 0.000000s system = 1.656250s CPU (99.2%)

RUN-1004 : used memory is 1649 MB, reserved memory is 1786 MB, peak memory is 1649 MB
TMR-2502 : Net delay update with mode: Placed
PHY-3001 : No need to merge 9x9 Dsps.
PHY-1001 : Populate physical database on model design_top_wrapper.
PHY-1001 : End Stage 2.3 | Global Placement Step 1; Time: 7.676612s wall, 13.578125s user + 3.671875s system = 17.250000s CPU (224.7%); Memory(MB): used = 1691, reserved = 1786, peak = 1691;

PHY-1001 : Stage 2.4 | RAM/DSP Legalization and Detailed Placement
PHY-1001 : Stage 2.4.1 | Legalization
PHY-3001 : Before Legalized: Len = 2.54114e+06
PHY-3001 : After Legalized: Len = 2.65489e+06, Over = 540.219
PHY-1001 : End Stage 2.4.1 | Legalization; Time: 1.352671s wall, 1.359375s user + 0.000000s system = 1.359375s CPU (100.5%); Memory(MB): used = 1695, reserved = 1786, peak = 1695;

PHY-1001 : Stage 2.4.2 | Detailed Placement
PHY-1001 : Stage 2.4.2.1 | Simulated Annealing Based DP
PHY-0007 : Initial: WL Cost = 251592, TD Cost = 3.94121e+06, SWNS = 484, STNS = 0, Nums per T = 1270, Range Limit = 2x32
PHY-0007 : Finally: WL Cost = 247668, TD Cost = 3.90544e+06, WL Ratio = 0.984404, TD Ratio = 0.990923, SWNS = 567, STNS = 0
RUN-1001 : Print Detailed placement's Summary information
RUN-1001 : -------------------------------------------------------------------------------------------------------------------------------
RUN-1001 :             |  Total  |  Accept  |  Reject by overFlow  |  Reject by worseCost  |  Failed by noTarget  |  Failed by gridCheck  
RUN-1001 : -------------------------------------------------------------------------------------------------------------------------------
RUN-1001 :   RAM/DSPs  |  6350   |   298    |          0           |         6052          |          0           |           0           
RUN-1001 :    Macros   |   956   |    26    |          0           |          930          |          0           |           0           
RUN-1001 : -------------------------------------------------------------------------------------------------------------------------------
PHY-1001 : End Stage 2.4.2.1 | Simulated Annealing Based DP; Time: 3.238084s wall, 3.953125s user + 0.187500s system = 4.140625s CPU (127.9%); Memory(MB): used = 1698, reserved = 1786, peak = 1698;

PHY-3001 : End Detailed Place; 
PHY-1001 : End Stage 2.4.2 | Detailed Placement; Time: 3.416352s wall, 4.125000s user + 0.187500s system = 4.312500s CPU (126.2%); Memory(MB): used = 1698, reserved = 1786, peak = 1698;

PHY-1001 : End Stage 2.4 | RAM/DSP Legalization and Detailed Placement; Time: 4.770008s wall, 5.484375s user + 0.187500s system = 5.671875s CPU (118.9%); Memory(MB): used = 1698, reserved = 1786, peak = 1698;

PHY-1001 : Stage 2.5 | Global Placement Step 2
PHY-3001 : Target density is 60%
PHY-1001 : Stage 2.5.1 | Update Timing
PHY-1001 : SWNS: 567, STNS: 0, FEP: 0
PHY-1001 : End Stage 2.5.1 | Update Timing; Time: 0.117235s wall, 0.109375s user + 0.000000s system = 0.109375s CPU (93.3%); Memory(MB): used = 1698, reserved = 1786, peak = 1698;

PHY-1001 : Stage 2.5.2 | Refresh Congestion
RUN-1001 : Generating global routing grids ...
RUN-1001 : Building simple global routing graph ...
PHY-1001 : Generate routing nets ...
PHY-1001 : Reuse net number 0/15908.
PHY-1001 : Global iterations in 32 thread ...
PHY-1002 : len = 2.90346e+06, over cnt = 3438(4%), over = 26878, worst = 126
PHY-1001 : End global iterations;  0.349126s wall, 0.703125s user + 0.015625s system = 0.718750s CPU (205.9%)

PHY-1001 : Congestion index:
PHY-1001 : top1  = 337.13(S 184.97, N 169.22, E 310.77, W 212.66, I 563.93, O 600.66)
PHY-1001 : top5  = 214.30(S 111.35, N 106.45, E 181.50, W 125.98, I 331.71, O 370.49)
PHY-1001 : top10 = 166.14(S 83.16, N 80.70, E 132.35, W 97.07, I 228.41, O 258.96)
PHY-1001 : top15 = 140.76(S 67.79, N 66.34, E 106.55, W 81.07, I 170.07, O 194.79)
PHY-1001 : End Stage 2.5.2 | Refresh Congestion; Time: 0.639897s wall, 1.140625s user + 0.015625s system = 1.156250s CPU (180.7%); Memory(MB): used = 1795, reserved = 1786, peak = 1795;

PHY-1001 : Stage 2.5.3 | GP Iteration
PHY-1001 : End Stage 2.5.3 | GP Iteration; Time: 0.809435s wall, 2.687500s user + 0.250000s system = 2.937500s CPU (362.9%); Memory(MB): used = 1795, reserved = 1786, peak = 1795;

PHY-3001 : Target density is 60%
PHY-1001 : Stage 2.5.4 | Update Timing
PHY-1001 : SWNS: 640, STNS: 0, FEP: 0
PHY-1001 : End Stage 2.5.4 | Update Timing; Time: 1.328171s wall, 1.328125s user + 0.000000s system = 1.328125s CPU (100.0%); Memory(MB): used = 1799, reserved = 1786, peak = 1799;

PHY-1001 : Stage 2.5.5 | Refresh Congestion
RUN-1001 : Generating global routing grids ...
PHY-1001 : Generate routing nets ...
PHY-1001 : Reuse net number 332/18429.
PHY-1001 : Global iterations in 32 thread ...
PHY-1002 : len = 2.71099e+06, over cnt = 3641(5%), over = 21846, worst = 157
PHY-1001 : End global iterations;  0.505734s wall, 0.796875s user + 0.015625s system = 0.812500s CPU (160.7%)

PHY-1001 : Congestion index:
PHY-1001 : top1  = 257.57(S 133.40, N 138.03, E 219.79, W 191.30, I 388.98, O 453.62)
PHY-1001 : top5  = 161.53(S 92.62, N 89.50, E 129.19, W 122.93, I 226.53, O 260.24)
PHY-1001 : top10 = 131.41(S 73.67, N 70.51, E 100.89, W 97.77, I 170.08, O 192.78)
PHY-1001 : top15 = 115.45(S 62.61, N 60.23, E 84.68, W 83.20, I 138.30, O 156.35)
PHY-1001 : End Stage 2.5.5 | Refresh Congestion; Time: 0.667293s wall, 0.953125s user + 0.015625s system = 0.968750s CPU (145.2%); Memory(MB): used = 1802, reserved = 1786, peak = 1802;

PHY-1001 : Stage 2.5.6 | GP Iteration
PHY-1001 : End Stage 2.5.6 | GP Iteration; Time: 1.475786s wall, 11.484375s user + 0.500000s system = 11.984375s CPU (812.1%); Memory(MB): used = 1806, reserved = 1787, peak = 1806;

PHY-3001 : Multithread accelerating rate: 6.40
PHY-1001 : End Stage 2.5 | Global Placement Step 2; Time: 6.469659s wall, 19.109375s user + 0.796875s system = 19.906250s CPU (307.7%); Memory(MB): used = 1809, reserved = 1790, peak = 1809;

PHY-1001 : Stage 2.6 | RAM/DSP Detailed Placement
PHY-1001 : Stage 2.6.1 | Detailed Placement
PHY-1001 : Stage 2.6.1.1 | Simulated Annealing Based DP
PHY-0007 : Initial: WL Cost = 222302, TD Cost = 2.15215e+06, SWNS = 815, STNS = 0, Nums per T = 1270, Range Limit = 2x32
PHY-0007 : Finally: WL Cost = 221580, TD Cost = 2.13877e+06, WL Ratio = 0.996753, TD Ratio = 0.993785, SWNS = 815, STNS = 0
RUN-1001 : Print Detailed placement's Summary information
RUN-1001 : -------------------------------------------------------------------------------------------------------------------------------
RUN-1001 :             |  Total  |  Accept  |  Reject by overFlow  |  Reject by worseCost  |  Failed by noTarget  |  Failed by gridCheck  
RUN-1001 : -------------------------------------------------------------------------------------------------------------------------------
RUN-1001 :   RAM/DSPs  |  6350   |   333    |          0           |         6017          |          0           |           0           
RUN-1001 :    Macros   |   952   |    10    |          0           |          942          |          0           |           0           
RUN-1001 : -------------------------------------------------------------------------------------------------------------------------------
PHY-1001 : End Stage 2.6.1.1 | Simulated Annealing Based DP; Time: 2.377169s wall, 4.250000s user + 0.015625s system = 4.265625s CPU (179.4%); Memory(MB): used = 1811, reserved = 1793, peak = 1811;

PHY-3001 : End Detailed Place; 
PHY-1001 : End Stage 2.6.1 | Detailed Placement; Time: 2.557718s wall, 4.421875s user + 0.015625s system = 4.437500s CPU (173.5%); Memory(MB): used = 1811, reserved = 1793, peak = 1811;

PHY-1001 : Stage 2.6.2 | Spreading
OPT-1001 : Total overflow 1064.19 peak overflow 9.25
PHY-3001 : Spreading for sector grids.
PHY-3001 : Iter 1, total overflow: 0
PHY-3001 : tot_capacity: 48, usage_cnt: 21, movable_cnt: 35
PHY-3001 : End spreading;  0.083693s wall, 0.343750s user + 0.000000s system = 0.343750s CPU (410.7%)

PHY-1001 : End Stage 2.6.2 | Spreading; Time: 0.084194s wall, 0.343750s user + 0.000000s system = 0.343750s CPU (408.3%); Memory(MB): used = 1811, reserved = 1793, peak = 1811;

PHY-1001 : End Stage 2.6 | RAM/DSP Detailed Placement; Time: 2.828331s wall, 4.953125s user + 0.015625s system = 4.968750s CPU (175.7%); Memory(MB): used = 1811, reserved = 1793, peak = 1811;

PHY-1001 : Stage 2.7 | Optimize Design
OPT-1001 : Start physical optimization ...
OPT-1001 : Total overflow 1064.19 peak overflow 9.25
OPT-1001 : Stage 2.7.1 | Synthesize High-fanout Net
OPT-1001 : Start high-fanout net optimization in pre-pack flow with medium effort ...
OPT-1001 : Update timing in Manhattan mode
OPT-1001 : End timing update;  1.339632s wall, 1.328125s user + 0.000000s system = 1.328125s CPU (99.1%)

OPT-1001 : Start: SWNS 815 STNS 0 NUM_FEPS 0
OPT-1001 : Total overflow 1064.19 peak overflow 9.25
PHY-1001 : Populate physical database on model design_top_wrapper.
OPT-1001 : 96 high-fanout net processed.
PHY-3001 : Start incremental placement ...
PHY-1001 : Populate physical database on model design_top_wrapper.
PHY-1001 : Processing 2 clock pins of DDR instance u_ph1p35_324_ddr_wrapper/u_ddr2/ph1p_ddrmc_wrapper/ph1p_ddrmc_top/u_ddr_phy/u_ddrphy_top/u_ddrphy/ac_byte[0]$ac_byte_used$u_ddrphy_ac_byte_wrapper/u_ddrphy_byte, location = x0y70z0.
PHY-1001 :   Placed ioclk instance u_ph1p35_324_ddr_wrapper/u_ddr2/ph1p_ddrmc_wrapper/ph1p_ddrmc_top/u_ddr_phy/u_ddrphy_top/u_ddrphy_clk/ioclk[0]$u_ioclk_1, location = x0y59z1.
PHY-1001 :   Placed ioclk instance u_ph1p35_324_ddr_wrapper/u_ddr2/ph1p_ddrmc_wrapper/ph1p_ddrmc_top/u_ddr_phy/u_ddrphy_top/u_ddrphy_clk/ioclk[0]$u_ioclk_0, location = x0y59z0.
PHY-1001 : Processing 2 clock pins of DDR instance u_ph1p35_324_ddr_wrapper/u_ddr2/ph1p_ddrmc_wrapper/ph1p_ddrmc_top/u_ddr_phy/u_ddrphy_top/u_ddrphy/ac_byte[1]$ac_byte_used$u_ddrphy_ac_byte_wrapper/u_ddrphy_byte, location = x0y60z0.
PHY-1001 :   Placed ioclk instance u_ph1p35_324_ddr_wrapper/u_ddr2/ph1p_ddrmc_wrapper/ph1p_ddrmc_top/u_ddr_phy/u_ddrphy_top/u_ddrphy_clk/ioclk[0]$u_ioclk_1, location = x0y59z1.
PHY-1001 :   Placed ioclk instance u_ph1p35_324_ddr_wrapper/u_ddr2/ph1p_ddrmc_wrapper/ph1p_ddrmc_top/u_ddr_phy/u_ddrphy_top/u_ddrphy_clk/ioclk[0]$u_ioclk_0, location = x0y59z0.
PHY-1001 : Processing 2 clock pins of DDR instance u_ph1p35_324_ddr_wrapper/u_ddr2/ph1p_ddrmc_wrapper/ph1p_ddrmc_top/u_ddr_phy/u_ddrphy_top/u_ddrphy/ac_byte[2]$ac_byte_used$u_ddrphy_ac_byte_wrapper/u_ddrphy_byte, location = x0y50z0.
PHY-1001 :   Placed ioclk instance u_ph1p35_324_ddr_wrapper/u_ddr2/ph1p_ddrmc_wrapper/ph1p_ddrmc_top/u_ddr_phy/u_ddrphy_top/u_ddrphy_clk/ioclk[0]$u_ioclk_1, location = x0y59z1.
PHY-1001 :   Placed ioclk instance u_ph1p35_324_ddr_wrapper/u_ddr2/ph1p_ddrmc_wrapper/ph1p_ddrmc_top/u_ddr_phy/u_ddrphy_top/u_ddrphy_clk/ioclk[0]$u_ioclk_0, location = x0y59z0.
PHY-1001 : Processing 2 clock pins of DDR instance u_ph1p35_324_ddr_wrapper/u_ddr2/ph1p_ddrmc_wrapper/ph1p_ddrmc_top/u_ddr_phy/u_ddrphy_top/u_ddrphy/ac_byte[3]$ac_byte_used$u_ddrphy_ac_byte_wrapper/u_ddrphy_byte, location = x0y40z0.
PHY-1001 :   Placed ioclk instance u_ph1p35_324_ddr_wrapper/u_ddr2/ph1p_ddrmc_wrapper/ph1p_ddrmc_top/u_ddr_phy/u_ddrphy_top/u_ddrphy_clk/ioclk[0]$u_ioclk_1, location = x0y59z1.
PHY-1001 :   Placed ioclk instance u_ph1p35_324_ddr_wrapper/u_ddr2/ph1p_ddrmc_wrapper/ph1p_ddrmc_top/u_ddr_phy/u_ddrphy_top/u_ddrphy_clk/ioclk[0]$u_ioclk_0, location = x0y59z0.
PHY-1001 : Processing 2 clock pins of DDR instance u_ph1p35_324_ddr_wrapper/u_ddr2/ph1p_ddrmc_wrapper/ph1p_ddrmc_top/u_ddr_phy/u_ddrphy_top/u_ddrphy/dx_byte[0]$dx_byte_used$u_ddrphy_dx_byte_wrapper/u_ddrphy_byte, location = x0y30z0.
PHY-1001 :   Placed ioclk instance u_ph1p35_324_ddr_wrapper/u_ddr2/ph1p_ddrmc_wrapper/ph1p_ddrmc_top/u_ddr_phy/u_ddrphy_top/u_ddrphy_clk/ioclk[1]$u_ioclk_1, location = x0y19z1.
PHY-1001 :   Placed ioclk instance u_ph1p35_324_ddr_wrapper/u_ddr2/ph1p_ddrmc_wrapper/ph1p_ddrmc_top/u_ddr_phy/u_ddrphy_top/u_ddrphy_clk/ioclk[1]$u_ioclk_0, location = x0y19z0.
PHY-1001 : Processing 2 clock pins of DDR instance u_ph1p35_324_ddr_wrapper/u_ddr2/ph1p_ddrmc_wrapper/ph1p_ddrmc_top/u_ddr_phy/u_ddrphy_top/u_ddrphy/dx_byte[1]$dx_byte_used$u_ddrphy_dx_byte_wrapper/u_ddrphy_byte, location = x0y10z0.
PHY-1001 :   Placed ioclk instance u_ph1p35_324_ddr_wrapper/u_ddr2/ph1p_ddrmc_wrapper/ph1p_ddrmc_top/u_ddr_phy/u_ddrphy_top/u_ddrphy_clk/ioclk[1]$u_ioclk_1, location = x0y19z1.
PHY-1001 :   Placed ioclk instance u_ph1p35_324_ddr_wrapper/u_ddr2/ph1p_ddrmc_wrapper/ph1p_ddrmc_top/u_ddr_phy/u_ddrphy_top/u_ddrphy_clk/ioclk[1]$u_ioclk_0, location = x0y19z0.
PHY-3001 : Target density is 60%
PHY-3001 : Target density is 60%
PHY-1001 : Stage 2.7.1.1 | Update Timing
PHY-1001 : SWNS: 815, STNS: 0, FEP: 0
PHY-1001 : End Stage 2.7.1.1 | Update Timing; Time: 0.160444s wall, 0.156250s user + 0.000000s system = 0.156250s CPU (97.4%); Memory(MB): used = 1817, reserved = 1803, peak = 1817;

PHY-1001 : Stage 2.7.1.2 | Refresh Congestion
RUN-1001 : Generating global routing grids ...
PHY-1001 : Generate routing nets ...
PHY-1001 : Reuse net number 665/32584.
PHY-1001 : Global iterations in 32 thread ...
PHY-1002 : len = 2.50394e+06, over cnt = 4411(6%), over = 26496, worst = 96
PHY-1001 : End global iterations;  0.759170s wall, 1.343750s user + 0.046875s system = 1.390625s CPU (183.2%)

PHY-1001 : Congestion index:
PHY-1001 : top1  = 244.86(S 157.53, N 142.92, E 209.92, W 197.43, I 242.82, O 245.31)
PHY-1001 : top5  = 166.68(S 101.39, N 97.43, E 135.78, W 123.98, I 161.27, O 165.36)
PHY-1001 : top10 = 138.29(S 79.06, N 79.65, E 107.48, W 99.70, I 124.99, O 131.39)
PHY-1001 : top15 = 122.76(S 66.76, N 69.12, E 91.53, W 85.96, I 104.62, O 112.16)
PHY-1001 : End Stage 2.7.1.2 | Refresh Congestion; Time: 0.958398s wall, 1.562500s user + 0.046875s system = 1.609375s CPU (167.9%); Memory(MB): used = 1835, reserved = 1816, peak = 1835;

PHY-1001 : Stage 2.7.1.3 | GP Iteration
PHY-1001 : End Stage 2.7.1.3 | GP Iteration; Time: 1.984588s wall, 16.593750s user + 0.265625s system = 16.859375s CPU (849.5%); Memory(MB): used = 1835, reserved = 1816, peak = 1835;

PHY-3001 : Multithread accelerating rate: 8.37
OPT-1001 : Total overflow 1049.19 peak overflow 9.22
PHY-3001 : Spreading for sector grids.
PHY-3001 : Iter 1, total overflow: 0
PHY-3001 : tot_capacity: 36, usage_cnt: 16, movable_cnt: 28
PHY-3001 : End spreading;  0.096543s wall, 0.593750s user + 0.000000s system = 0.593750s CPU (615.0%)

PHY-3001 : Final: Len = 2.05374e+06, Over = 383.969
PHY-3001 : End incremental placement;  3.528617s wall, 19.437500s user + 0.312500s system = 19.750000s CPU (559.7%)

OPT-1001 : Total overflow 1049.19 peak overflow 9.22
RUN-1001 : HFN opt statistic
RUN-1001 : ------------------------------------------------------
RUN-1001 :   DriverCell type  |  HFN count  |  Duplicated count  
RUN-1001 : ------------------------------------------------------
RUN-1001 :         REG        |      8      |         35         
RUN-1001 :        LUT6        |     13      |         36         
RUN-1001 :        LUT5        |      3      |         16         
RUN-1001 :        LUT4        |     27      |         70         
RUN-1001 :        LUT3        |     22      |         0          
RUN-1001 :        LUT2        |     23      |         80         
RUN-1001 :        TOTAL       |     96      |        237         
RUN-1001 : ------------------------------------------------------
OPT-1001 : End high-fanout net optimization;  6.755190s wall, 22.984375s user + 0.328125s system = 23.312500s CPU (345.1%)

OPT-1001 : Update timing in Manhattan mode
OPT-1001 : End timing update;  1.362456s wall, 1.312500s user + 0.031250s system = 1.343750s CPU (98.6%)

OPT-1001 : Current memory(MB): used = 1835, reserved = 1815, peak = 1835.
OPT-1001 : End Stage 2.7.1 | Synthesize High-fanout Net; Time: 8.298642s wall, 24.468750s user + 0.359375s system = 24.828125s CPU (299.2%); Memory(MB): used = 1835, reserved = 1815, peak = 1835;

OPT-1001 : Stage 2.7.2 | Global Optimization
OPT-1001 : Start global optimization ...
OPT-0007 : Start: SWNS 773 STNS 0 NUM_FEPS 0
OPT-1001 : Start congestion update ...
RUN-1001 : Generating global routing grids ...
PHY-1001 : Generate routing nets ...
PHY-1001 : Reuse net number 3127/32007.
PHY-1001 : Global iterations in 32 thread ...
PHY-1002 : len = 2.488e+06, over cnt = 4459(6%), over = 15481, worst = 22
PHY-1002 : len = 2.75069e+06, over cnt = 3799(5%), over = 8867, worst = 19
PHY-1002 : len = 2.99998e+06, over cnt = 1950(2%), over = 3992, worst = 19
PHY-1002 : len = 3.11851e+06, over cnt = 825(1%), over = 1698, worst = 13
PHY-1002 : len = 3.19211e+06, over cnt = 83(0%), over = 367, worst = 9
PHY-1001 : End global iterations;  4.097305s wall, 5.078125s user + 0.031250s system = 5.109375s CPU (124.7%)

PHY-1001 : Congestion index:
PHY-1001 : top1  = 99.02(S 91.10, N 83.26, E 92.70, W 94.90, I 237.53, O 236.10)
PHY-1001 : top5  = 87.29(S 71.92, N 69.75, E 77.53, W 81.10, I 155.87, O 161.43)
PHY-1001 : top10 = 80.74(S 63.43, N 62.66, E 69.38, W 72.66, I 122.62, O 129.64)
PHY-1001 : top15 = 76.11(S 57.81, N 57.73, E 63.92, W 66.94, I 103.88, O 111.51)
OPT-1001 : End congestion update;  4.430783s wall, 5.406250s user + 0.046875s system = 5.453125s CPU (123.1%)

OPT-0007 : Iter 1: improved SWNS 798 STNS 0 NUM_FEPS 0 with 47 cells processed and 23436 slack improved
OPT-0007 : Iter 2: improved SWNS 798 STNS 0 NUM_FEPS 0 with 9 cells processed and 386 slack improved
OPT-1001 : Overall commit ratio 0.55
OPT-1001 : End global optimization;  4.552916s wall, 5.515625s user + 0.046875s system = 5.562500s CPU (122.2%)

OPT-1001 : Current memory(MB): used = 1836, reserved = 1816, peak = 1836.
OPT-1001 : End Stage 2.7.2 | Global Optimization; Time: 5.167711s wall, 6.078125s user + 0.078125s system = 6.156250s CPU (119.1%); Memory(MB): used = 1836, reserved = 1816, peak = 1836;

OPT-0007 : End flow prepack: SWNS 798 STNS 0 NUM_FEPS 0
OPT-1001 : End physical optimization;  13.509650s wall, 30.578125s user + 0.437500s system = 31.015625s CPU (229.6%)

PHY-1001 : End Stage 2.7 | Optimize Design; Time: 13.512977s wall, 30.578125s user + 0.437500s system = 31.015625s CPU (229.5%); Memory(MB): used = 1836, reserved = 1816, peak = 1836;

PHY-1001 : Stage 2.8 | Pack and Legalization
PHY-1001 : Stage 2.8.1 | Direct Legalization
PHY-3001 : Start Direct Legalization ...
PHY-3001 : Get top1 grid util = 1.046412, top1_avg = 1.046412.
PHY-3001 : Bad prepacking score, goto packing flow.
PHY-1001 : End Stage 2.8.1 | Direct Legalization; Time: 0.469327s wall, 1.000000s user + 0.046875s system = 1.046875s CPU (223.1%); Memory(MB): used = 1836, reserved = 1816, peak = 1837;

PHY-1001 : End Stage 2.8 | Pack and Legalization; Time: 0.469459s wall, 1.000000s user + 0.046875s system = 1.046875s CPU (223.0%); Memory(MB): used = 1836, reserved = 1816, peak = 1837;

PHY-1001 : Stage 2.9 | Place Packing
PHY-1001 : Stage 2.9.1 | Packing
SYN-4011 : Packing model "design_top_wrapper" (AL_USER_NORMAL) with 33255/41667 primitive instances ...
RUN-1001 : Summary of LUT-FF Pairs
RUN-1001 : ---------------------------------------------------------------
RUN-1001 :   Num of Fanout Seqs  |   1x   |  2x  |  3~5  |  6~10  |  >10  
RUN-1001 : ---------------------------------------------------------------
RUN-1001 :         Total         |  7962  |  73  |  52   |   71   |  155  
RUN-1001 :          Bank         |  7943  |  72  |  52   |   71   |  155  
RUN-1001 :         Paired        |  7943  |  72  |  52   |   71   |  155  
RUN-1001 : ---------------------------------------------------------------
RUN-1001 : Summary of LUT Pairs
RUN-1001 : ---------------------------------------------------------------------------------------------------------------------
RUN-1001 :            |           |           |           |           |           |  O5 + O6  |  Only O5  |  Only O6  |  Total  
RUN-1001 : ---------------------------------------------------------------------------------------------------------------------
RUN-1001 :   5 Share  |  4 Share  |  3 Share  |  2 Share  |  1 Share  |  0 Share  |           |           |           |         
RUN-1001 :     75     |    270    |    293    |    745    |   1853    |   4926    |   8162    |   1561    |   5785    |  15508  
RUN-1001 : ---------------------------------------------------------------------------------------------------------------------
PHY-1001 : Populate physical database on model design_top_wrapper.
RUN-1001 : There are total 21103 instances
RUN-1001 : 536 mslices, 18020 lslices, 54 pads, 108 brams, 19 dsps
RUN-1001 : There are total 48488 nets
RUN-1001 : 32091 nets have 2 pins
RUN-1001 : 12902 nets have [3 - 5] pins
RUN-1001 : 2306 nets have [6 - 10] pins
RUN-1001 : 638 nets have [11 - 20] pins
RUN-1001 : 483 nets have [21 - 99] pins
RUN-1001 : 68 nets have 100+ pins
PHY-3001 : Target density is 60%
RUN-1002 : start command "start_timer"
RUN-1003 : finish command "start_timer" in  2.669413s wall, 2.625000s user + 0.031250s system = 2.656250s CPU (99.5%)

RUN-1004 : used memory is 1898 MB, reserved memory is 1879 MB, peak memory is 1898 MB
PHY-1001 : End Stage 2.9.1 | Packing; Time: 7.970670s wall, 7.781250s user + 0.078125s system = 7.859375s CPU (98.6%); Memory(MB): used = 1943, reserved = 1924, peak = 1943;

PHY-1001 : Stage 2.9.2 | Post Pack GP
PHY-3001 : Target density is 60%
PHY-3001 : Cell area utilization is 90%
PHY-3001 : After packing: Len = 2.19136e+06, Over = 579.75
PHY-3001 : Target density is 60%
PHY-1001 : Stage 2.9.2.1 | Update Timing
PHY-1001 : SWNS: 1027, STNS: 0, FEP: 0
PHY-1001 : End Stage 2.9.2.1 | Update Timing; Time: 0.148974s wall, 0.140625s user + 0.000000s system = 0.140625s CPU (94.4%); Memory(MB): used = 1946, reserved = 1926, peak = 1946;

PHY-1001 : Stage 2.9.2.2 | GP Iteration
PHY-1001 : End Stage 2.9.2.2 | GP Iteration; Time: 0.333900s wall, 2.265625s user + 0.078125s system = 2.343750s CPU (701.9%); Memory(MB): used = 1946, reserved = 1927, peak = 1946;

PHY-3001 : Multithread accelerating rate: 6.40
PHY-1001 : End Stage 2.9.2 | Post Pack GP; Time: 0.538089s wall, 2.453125s user + 0.078125s system = 2.531250s CPU (470.4%); Memory(MB): used = 1946, reserved = 1927, peak = 1946;

PHY-1001 : End Stage 2.9 | Place Packing; Time: 8.509155s wall, 10.234375s user + 0.156250s system = 10.390625s CPU (122.1%); Memory(MB): used = 1946, reserved = 1927, peak = 1946;

PHY-1001 : Stage 2.10 | Legalization
PHY-3001 : Before Legalized: Len = 1.97594e+06
RUN-1001 : Legalization top10 inst displacement:
RUN-1001 : -------------------------------------------------------------------------------------------------------------------------------------------------------------------------------------------------------------------------------------
RUN-1001 :   Index  |  Bounded  |  Height  |        Location        |  Disp. (slots)  |  Disp. (grids)  |                                                                 Name                                                                  
RUN-1001 : -------------------------------------------------------------------------------------------------------------------------------------------------------------------------------------------------------------------------------------
RUN-1001 :     1    |     N     |    1     |   x5y2z1 to x11y3z2    |       57        |        7        |                                                   u_uicfgcs500/rst_cnt_reg[5]_syn_5                                                   
RUN-1001 :     2    |     N     |    1     |  x46y47z4 to x41y45z3  |       57        |        7        |  u_hdmi_tx/u_hdmi_1_4b_transmitter_core_wrapper/u_hdmi_tx_controller_wrapper/u_hdmi_data_distribution/O_ch2_island_data_reg[1]_syn_2  
RUN-1001 :     3    |     N     |    1     |  x46y78z7 to x41y76z6  |       57        |        7        |                                               u_isp_top/u_awb/I_tdata_d0_reg[39]_syn_2                                                
RUN-1001 :     4    |     N     |    1     |  x41y78z7 to x35y77z6  |       57        |        7        |                                         u_isp_top/u_awb/signal_delay_d/I_data_r_reg[39]_syn_2                                         
RUN-1001 :     5    |     N     |    1     |    x1y1z0 to x6y3z1    |       57        |        7        |                                               u_uicfgcs500/uii2c_inst/sda_r_b[6]_syn_3                                                
RUN-1001 :     6    |     N     |    1     |   x1y78z7 to x6y76z6   |       57        |        7        |       u_ph1p35_324_ddr_wrapper/u_ddr2/ph1p_ddrmc_wrapper/ph1p_ddrmc_top/u_alc_mc_top/page_ctrl[3]$u_page_ctrl/ramread0_syn_112        
RUN-1001 :     7    |     N     |    1     |  x46y62z7 to x41y60z6  |       57        |        7        |                                    u_isp_top/u_demosaic/raw_matrix_3x3_buffer_d/v_cnt_reg[4]_syn_2                                    
RUN-1001 :     8    |     N     |    1     |  x46y63z2 to x41y61z1  |       57        |        7        |                                    u_isp_top/u_demosaic/raw_matrix_3x3_buffer_d/v_cnt_reg[6]_syn_2                                    
RUN-1001 :     9    |     N     |    1     |    x1y1z1 to x4y5z2    |       57        |        7        |                                                 u_uicfgcs500/uii2c_inst/mux31_syn_98                                                  
RUN-1001 :    10    |     N     |    1     |    x1y1z0 to x4y5z1    |       57        |        7        |                                                  u_uicfgcs500/wr_data_b1[29]_syn_25                                                   
RUN-1001 : -------------------------------------------------------------------------------------------------------------------------------------------------------------------------------------------------------------------------------------
PHY-3001 : After Legalized: Len = 2.55917e+06, Over = 0
PHY-1001 : End Stage 2.10 | Legalization; Time: 1.141362s wall, 1.531250s user + 0.015625s system = 1.546875s CPU (135.5%); Memory(MB): used = 2072, reserved = 2067, peak = 2072;

PHY-1001 : Stage 2.11 | Global Placement Step 3
PHY-3001 : Target density is 60%
PHY-1001 : Stage 2.11.1 | Update Timing
PHY-1001 : SWNS: 1006, STNS: 0, FEP: 0
PHY-1001 : End Stage 2.11.1 | Update Timing; Time: 1.318506s wall, 1.312500s user + 0.015625s system = 1.328125s CPU (100.7%); Memory(MB): used = 2072, reserved = 2067, peak = 2072;

PHY-1001 : Stage 2.11.2 | GP Iteration
PHY-1001 : End Stage 2.11.2 | GP Iteration; Time: 0.550343s wall, 4.406250s user + 0.125000s system = 4.531250s CPU (823.4%); Memory(MB): used = 2072, reserved = 2067, peak = 2072;

PHY-3001 : Multithread accelerating rate: 7.83
PHY-1001 : End Stage 2.11 | Global Placement Step 3; Time: 1.911200s wall, 5.734375s user + 0.140625s system = 5.875000s CPU (307.4%); Memory(MB): used = 2072, reserved = 2067, peak = 2072;

PHY-1001 : Stage 2.12 | Final Legalization
PHY-3001 : Before Legalized: Len = 2.01406e+06
PHY-1001 : Stage 2.12.1 | Refresh Congestion
RUN-1001 : Generating global routing grids ...
PHY-1001 : Generate routing nets ...
PHY-1001 : Reuse net number 1174/31719.
PHY-1001 : Global iterations in 32 thread ...
PHY-1002 : len = 3.13918e+06, over cnt = 4995(6%), over = 10072, worst = 9
PHY-1002 : len = 3.30642e+06, over cnt = 3359(4%), over = 5693, worst = 9
PHY-1002 : len = 3.45472e+06, over cnt = 1415(1%), over = 2446, worst = 9
PHY-1002 : len = 3.51997e+06, over cnt = 535(0%), over = 923, worst = 9
PHY-1002 : len = 3.57003e+06, over cnt = 0(0%), over = 0, worst = 0
PHY-1001 : End global iterations;  2.809153s wall, 3.906250s user + 0.000000s system = 3.906250s CPU (139.1%)

PHY-1001 : Congestion index:
PHY-1001 : top1  = 91.74(S 75.11, N 72.04, E 86.02, W 89.01, I 65.21, O 79.77)
PHY-1001 : top5  = 82.32(S 64.85, N 64.20, E 73.37, W 78.73, I 59.10, O 68.91)
PHY-1001 : top10 = 77.42(S 58.83, N 59.13, E 67.42, W 72.87, I 56.53, O 62.92)
PHY-1001 : top15 = 74.12(S 54.90, N 55.73, E 63.32, W 68.72, I 54.69, O 59.04)
PHY-1001 : End Stage 2.12.1 | Refresh Congestion; Time: 4.399805s wall, 5.484375s user + 0.015625s system = 5.500000s CPU (125.0%); Memory(MB): used = 2077, reserved = 2067, peak = 2077;

RUN-1001 : There are 626/13388 slices in 100/107/2652 high-util grids without refreshing the congo.
RUN-1001 : Legalization top10 inst displacement:
RUN-1001 : ---------------------------------------------------------------------------------------------------------------------------------------------------------------------------------------------------------------------------------------------------------------------
RUN-1001 :   Index  |  Bounded  |  Height  |        Location        |  Disp. (slots)  |  Disp. (grids)  |                                                                                 Name                                                                                  
RUN-1001 : ---------------------------------------------------------------------------------------------------------------------------------------------------------------------------------------------------------------------------------------------------------------------
RUN-1001 :     1    |     N     |    1     |  x46y78z7 to x40y78z3  |       52        |        6        |                                                 u_isp_top/u_demosaic/bilinear_interpolation_d/g2_mean_d_reg[5]_syn_2                                                  
RUN-1001 :     2    |     N     |    1     |  x46y78z7 to x40y78z4  |       51        |        6        |                                                  u_isp_top/u_demosaic/bilinear_interpolation_d/g2_mean_reg[8]_syn_2                                                   
RUN-1001 :     3    |     N     |    1     |  x46y78z7 to x41y77z4  |       51        |        6        |                                                  u_isp_top/u_demosaic/bilinear_interpolation_d/g2_mean_reg[0]_syn_2                                                   
RUN-1001 :     4    |     N     |    1     |  x46y61z6 to x41y60z3  |       51        |        6        |                                                    u_isp_top/u_demosaic/raw_matrix_3x3_buffer_d/v_cnt_reg[4]_syn_2                                                    
RUN-1001 :     5    |     N     |    1     |  x46y43z6 to x45y38z3  |       51        |        6        |                                                            u_isp_top/u_cnn_core/bias_values_reg[565]_syn_2                                                            
RUN-1001 :     6    |     N     |    1     |    x1y7z0 to x6y8z2    |       50        |        6        |  u_ph1p35_324_ddr_wrapper/u_ddr2/ph1p_ddrmc_wrapper/ph1p_ddrmc_top/u_ddr_phy/u_ddrphy_top/u_ddrphy_fiu_wrapper/byteIdx[0]$u_ddrphy_fast_init/state_cnt_reg[2]_syn_13  
RUN-1001 :     7    |     N     |    1     |    x3y9z1 to x9y9z3    |       50        |        6        |  u_ph1p35_324_ddr_wrapper/u_ddr2/ph1p_ddrmc_wrapper/ph1p_ddrmc_top/u_ddr_phy/u_ddrphy_top/u_ddrphy_mdl_cal_wrapper/mdl_cal[0]$u_ddrphy_mdl_cal/mdl_tck_reg[8]_syn_2   
RUN-1001 :     8    |     N     |    1     |  x46y78z7 to x40y78z5  |       50        |        6        |                                                 u_isp_top/u_demosaic/bilinear_interpolation_d/rgb_data2_reg[14]_syn_2                                                 
RUN-1001 :     9    |     N     |    1     |    x1y1z0 to x4y4z2    |       50        |        6        |                                                                    u_uicfgcs500/TS_S_reg[1]_syn_9                                                                     
RUN-1001 :    10    |     N     |    1     |    x1y1z0 to x3y5z2    |       50        |        6        |                                                                   u_uicfgcs500/wr_data_reg[9]_syn_2                                                                   
RUN-1001 : ---------------------------------------------------------------------------------------------------------------------------------------------------------------------------------------------------------------------------------------------------------------------
RUN-1001 : There are 263/13388 slices in 65/107/2652 high-util grids without refreshing the congo.
PHY-3001 : After Legalized: Len = 2.56152e+06, Over = 0
PHY-1001 : End Stage 2.12 | Final Legalization; Time: 6.823179s wall, 8.109375s user + 0.046875s system = 8.156250s CPU (119.5%); Memory(MB): used = 2077, reserved = 2067, peak = 2077;

PHY-1001 : End Stage 2 | Global Placement; Time: 54.292245s wall, 100.484375s user + 5.515625s system = 106.000000s CPU (195.2%); Memory(MB): used = 2077, reserved = 2067, peak = 2077;

PHY-1001 : Stage 3 | Detailed Placement
PHY-1001 : Stage 3.1 | SLICE Detailed Placement
PHY-1001 : Stage 3.1.1 | Spreading
PHY-3001 : Design contains 284 ce signals.
PHY-3001 : Spreading for sector grids.
PHY-3001 : Iter 1, total overflow: 0
PHY-3001 : tot_capacity: 36, usage_cnt: 16, movable_cnt: 27
PHY-3001 : Spreading for clock grids.
PHY-3001 : clock grid count for 24 x 4 grids
PHY-3001 : Spreading for plb grids.
PHY-3001 : Iter 1: 2973 overflows spread with total dist 230102 and max dist 464.
PHY-3001 : Iter 2: 104 overflows spread with total dist 8424 and max dist 388.
PHY-3001 : Iter 3: 4 overflows spread with total dist 190 and max dist 122.
PHY-3001 : total displace: 165072, max displace: 464.
PHY-3001 : End spreading;  11.376603s wall, 11.328125s user + 0.000000s system = 11.328125s CPU (99.6%)

PHY-1001 : End Stage 3.1.1 | Spreading; Time: 11.376793s wall, 11.328125s user + 0.000000s system = 11.328125s CPU (99.6%); Memory(MB): used = 2077, reserved = 2067, peak = 2077;

PHY-1001 : Stage 3.1.2 | Simulated Annealing Based DP
RUN-1001 : Generating global routing grids ...
PHY-1001 : Generate routing nets ...
PHY-1001 : Reuse net number 7911/31980.
PHY-1001 : Global iterations in 32 thread ...
PHY-1002 : len = 3.65984e+06, over cnt = 4498(6%), over = 8436, worst = 9
PHY-1002 : len = 3.80619e+06, over cnt = 2491(3%), over = 3825, worst = 8
PHY-1002 : len = 3.88997e+06, over cnt = 997(1%), over = 1495, worst = 7
PHY-1002 : len = 3.93898e+06, over cnt = 166(0%), over = 257, worst = 5
PHY-1002 : len = 3.94749e+06, over cnt = 43(0%), over = 80, worst = 5
PHY-1001 : End global iterations;  2.036287s wall, 3.000000s user + 0.000000s system = 3.000000s CPU (147.3%)

PHY-1001 : Congestion index:
PHY-1001 : top1  = 92.91(S 74.84, N 75.45, E 87.17, W 91.43, I 65.43, O 80.02)
PHY-1001 : top5  = 83.86(S 66.76, N 66.82, E 76.66, W 80.07, I 59.21, O 69.82)
PHY-1001 : top10 = 78.96(S 61.49, N 62.00, E 70.87, W 74.32, I 56.64, O 63.81)
PHY-1001 : top15 = 75.82(S 57.54, N 58.56, E 67.01, W 70.32, I 54.80, O 59.75)
PHY-0007 : Initial: WL Cost = 252319, TD Cost = 2.21789e+06, SWNS = 719, STNS = 0, Nums per T = 134310, Range Limit = 4x8
PHY-0007 : Finally: WL Cost = 226549, TD Cost = 1.65659e+06, WL Ratio = 0.897869, TD Ratio = 0.746923, SWNS = 908, STNS = 0
RUN-1001 : Print Detailed placement's Summary information
RUN-1001 : -------------------------------------------------------------------------------------------------------------------------------
RUN-1001 :           |   Total   |  Accept  |  Reject by overFlow  |  Reject by worseCost  |  Failed by noTarget  |  Failed by gridCheck  
RUN-1001 : -------------------------------------------------------------------------------------------------------------------------------
RUN-1001 :   Slices  |  1343100  |  31068   |        13936         |        1221733        |         1523         |         74840         
RUN-1001 :   Macros  |   73592   |   1598   |         2749         |         68346         |         410          |          489          
RUN-1001 : -------------------------------------------------------------------------------------------------------------------------------
PHY-1001 : End Stage 3.1.2 | Simulated Annealing Based DP; Time: 20.269563s wall, 22.218750s user + 0.296875s system = 22.515625s CPU (111.1%); Memory(MB): used = 2077, reserved = 2067, peak = 2077;

PHY-3001 : End Detailed Place; 
PHY-3001 : Final: Len = 2.56724e+06, Over = 0
PHY-1001 : End Stage 3.1 | SLICE Detailed Placement; Time: 33.200893s wall, 35.093750s user + 0.312500s system = 35.406250s CPU (106.6%); Memory(MB): used = 2077, reserved = 2067, peak = 2077;

PHY-3001 : End Detailed Place; 
PHY-1001 : Stage 3.2 | Optimize Design
OPT-1001 : Start physical optimization ...
OPT-1001 : Total overflow 0.00 peak overflow 0.00
OPT-1001 : Stage 3.2.1 | Physical Optimization
OPT-1001 : Start high-fanout net optimization in optimize equivalent flow with medium effort ...
OPT-1001 : Clean unloaded insts before merging registers
PHY-1001 : Populate physical database on model design_top_wrapper.
PHY-1001 : Populate physical database on model design_top_wrapper.
OPT-1001 : Total overflow 0.00 peak overflow 0.00
OPT-1001 : End optimize duplicated nets. Total 59 instances are merged and 2623 sinks are reconnected,  1.872511s wall, 1.843750s user + 0.000000s system = 1.843750s CPU (98.5%)

OPT-1001 : End high-fanout net optimization;  1.875414s wall, 1.843750s user + 0.000000s system = 1.843750s CPU (98.3%)

OPT-1001 : Update timing in Manhattan mode
RUN-1002 : start command "start_timer"
RUN-1003 : finish command "start_timer" in  2.209472s wall, 2.140625s user + 0.046875s system = 2.187500s CPU (99.0%)

RUN-1004 : used memory is 2077 MB, reserved memory is 2067 MB, peak memory is 2077 MB
OPT-1001 : End timing update;  3.564395s wall, 3.500000s user + 0.046875s system = 3.546875s CPU (99.5%)

OPT-1001 : Current memory(MB): used = 2077, reserved = 2067, peak = 2077.
OPT-1001 : End Stage 3.2.1 | Physical Optimization; Time: 5.608551s wall, 5.515625s user + 0.046875s system = 5.562500s CPU (99.2%); Memory(MB): used = 2077, reserved = 2067, peak = 2077;

OPT-1001 : Stage 3.2.2 | Synthesize High-fanout Net
OPT-1001 : Start high-fanout net optimization in post-pack flow with medium effort ...
OPT-1001 : Start: SWNS 908 STNS 0 NUM_FEPS 0
OPT-1001 : Total overflow 0.00 peak overflow 0.00
PHY-1001 : Populate physical database on model design_top_wrapper.
OPT-1001 : 31 high-fanout net processed.
OPT-1001 : Total overflow 0.00 peak overflow 0.00
RUN-1001 : HFN opt statistic
RUN-1001 : ------------------------------------------------------
RUN-1001 :   DriverCell type  |  HFN count  |  Duplicated count  
RUN-1001 : ------------------------------------------------------
RUN-1001 :       LSLICE       |      0      |         0          
RUN-1001 :       MSLICE       |      0      |         0          
RUN-1001 :        OTHER       |     31      |         22         
RUN-1001 :        TOTAL       |     31      |         22         
RUN-1001 : ------------------------------------------------------
OPT-1001 : End high-fanout net optimization;  0.963442s wall, 1.140625s user + 0.062500s system = 1.203125s CPU (124.9%)

OPT-1001 : Current memory(MB): used = 2077, reserved = 2067, peak = 2077.
OPT-1001 : End Stage 3.2.2 | Synthesize High-fanout Net; Time: 1.131926s wall, 1.312500s user + 0.062500s system = 1.375000s CPU (121.5%); Memory(MB): used = 2077, reserved = 2067, peak = 2077;

OPT-1001 : Stage 3.2.3 | Optimize Path
OPT-1001 : Start unpack path based optimization ...
OPT-0007 : Start: SWNS 908 STNS 0 NUM_FEPS 0 with mode 2
OPT-1001 : Start congestion update ...
RUN-1001 : Generating global routing grids ...
PHY-1001 : Generate routing nets ...
PHY-1001 : Reuse net number 8448/30504.
PHY-1001 : Global iterations in 32 thread ...
PHY-1002 : len = 3.23523e+06, over cnt = 4052(5%), over = 7687, worst = 9
PHY-1002 : len = 3.34131e+06, over cnt = 2704(3%), over = 4603, worst = 9
PHY-1002 : len = 3.45086e+06, over cnt = 1066(1%), over = 1747, worst = 8
PHY-1002 : len = 3.48968e+06, over cnt = 532(0%), over = 886, worst = 7
PHY-1002 : len = 3.5151e+06, over cnt = 66(0%), over = 121, worst = 6
PHY-1001 : End global iterations;  2.164092s wall, 3.015625s user + 0.046875s system = 3.062500s CPU (141.5%)

PHY-1001 : Congestion index:
PHY-1001 : top1  = 90.87(S 70.45, N 72.12, E 83.96, W 88.32, I 65.57, O 79.52)
PHY-1001 : top5  = 80.34(S 62.24, N 64.10, E 73.11, W 76.74, I 59.33, O 69.29)
PHY-1001 : top10 = 75.52(S 57.04, N 59.15, E 66.92, W 70.44, I 56.67, O 63.35)
PHY-1001 : top15 = 72.40(S 53.36, N 55.59, E 62.77, W 66.29, I 54.75, O 59.30)
OPT-1001 : End congestion update;  2.606208s wall, 3.437500s user + 0.046875s system = 3.484375s CPU (133.7%)

OPT-0007 : Iter 1: improved SWNS 1061 STNS 0 NUM_FEPS 0 with 20(3168) cells and 1891(1891) paths processed with 2778 slack improved, crit_thod: 1817 ratio: 0.92(23/25) rt: 0.8s
OPT-0007 : Iter 2: improved SWNS 1061 STNS 0 NUM_FEPS 0 with 16(3446) cells and 1723(1723) paths processed with 1753 slack improved, crit_thod: 1910 ratio: 0.85(22/26) rt: 0.7s
OPT-0007 : Iter 3: improved SWNS 1061 STNS 0 NUM_FEPS 0 with 18(3142) cells and 1571(1571) paths processed with 2355 slack improved, crit_thod: 2017 ratio: 0.80(20/25) rt: 0.7s
OPT-0007 : Iter 4: improved SWNS 1097 STNS 0 NUM_FEPS 0 with 13(3232) cells and 1616(1616) paths processed with 1169 slack improved, crit_thod: 2072 ratio: 0.67(14/21) rt: 0.6s
OPT-0007 : Iter 5: improved SWNS 1097 STNS 0 NUM_FEPS 0 with 6(3274) cells and 1637(1637) paths processed with 399 slack improved, crit_thod: 2078 ratio: 0.50(7/14) rt: 0.6s
OPT-1001 : End path based optimization;  5.983542s wall, 6.687500s user + 0.078125s system = 6.765625s CPU (113.1%)

OPT-1001 : Current memory(MB): used = 2077, reserved = 2067, peak = 2077.
OPT-1001 : End Stage 3.2.3 | Optimize Path; Time: 6.155635s wall, 6.843750s user + 0.093750s system = 6.937500s CPU (112.7%); Memory(MB): used = 2077, reserved = 2067, peak = 2077;

OPT-1001 : Stage 3.2.4 | Optimize Duplicated Nets
OPT-1001 : Start: WNS 1097 TNS 0 NUM_FEPS 0
OPT-1001 : Clean unloaded insts before merging registers
PHY-1001 : Populate physical database on model design_top_wrapper.
PHY-1001 : Populate physical database on model design_top_wrapper.
OPT-1001 : Total overflow 0.00 peak overflow 0.00
OPT-1001 : End optimize duplicated nets. Total 1 instances are merged and 121 sinks are reconnected,  1.981827s wall, 1.906250s user + 0.046875s system = 1.953125s CPU (98.6%)

OPT-1001 : Update timing in Manhattan mode
RUN-1002 : start command "start_timer"
RUN-1003 : finish command "start_timer" in  2.256837s wall, 2.203125s user + 0.031250s system = 2.234375s CPU (99.0%)

RUN-1004 : used memory is 2077 MB, reserved memory is 2067 MB, peak memory is 2077 MB
OPT-1001 : End timing update;  3.623893s wall, 3.500000s user + 0.062500s system = 3.562500s CPU (98.3%)

OPT-1001 : Current memory(MB): used = 2077, reserved = 2067, peak = 2077.
OPT-1001 : End Stage 3.2.4 | Optimize Duplicated Nets; Time: 5.777739s wall, 5.562500s user + 0.125000s system = 5.687500s CPU (98.4%); Memory(MB): used = 2077, reserved = 2067, peak = 2077;

OPT-1001 : Stage 3.2.5 | Swap Pins
OPT-1001 : Start pin optimization...
OPT-1001 : Start: SWNS 1097 STNS 0 NUM_FEPS 0
OPT-1001 : Successfully optimized 1773 instances
OPT-1001 : Successfully optimized 526 instances
OPT-1001 : End pin optimization;  2.064182s wall, 2.031250s user + 0.000000s system = 2.031250s CPU (98.4%)

OPT-1001 : Current memory(MB): used = 2077, reserved = 2067, peak = 2077.
OPT-1001 : End Stage 3.2.5 | Swap Pins; Time: 2.228092s wall, 2.187500s user + 0.000000s system = 2.187500s CPU (98.2%); Memory(MB): used = 2077, reserved = 2067, peak = 2077;

OPT-1001 : Stage 3.2.6 | Optimize Beeline
OPT-1001 : Start beeline optimization...
OPT-1001 : Start: SWNS 1179 STNS 0 NUM_FEPS 0
PHY-1001 : Beeline DP, 503 out of 7254 (6.93)%; hop = 710.
PHY-1001 : Beeline DP, 237 out of 6854 (3.46)%; hop = 331.
PHY-1001 : Beeline DP, 157 out of 6715 (2.34)%; hop = 219.
PHY-1001 : Beeline DP, 124 out of 6687 (1.85)%; hop = 171.
PHY-1001 : Beeline DP, 114 out of 6648 (1.71)%; hop = 157.
PHY-1001 : Beeline optimization intraPLB, 1712 1-hop(46.01%), 1347 2-hop(36.20%), 267 3-hop( 7.18%), 395 others (10.62%)
PHY-1001 :  3.223635s wall, 3.203125s user + 0.000000s system = 3.203125s CPU (99.4%)

RUN-1001 : Beeline optimization outerPLB: 1-hop 3234, 2-hop 5851, 3-hop 3032, 4-hop 967, other 2531 
OPT-1001 : End beeline optimization;  3.806039s wall, 3.781250s user + 0.000000s system = 3.781250s CPU (99.3%)

OPT-1001 : Update timing in Manhattan mode
OPT-1001 : End timing update;  1.378822s wall, 1.390625s user + 0.000000s system = 1.390625s CPU (100.9%)

OPT-1001 : End Stage 3.2.6 | Optimize Beeline; Time: 5.456297s wall, 5.437500s user + 0.000000s system = 5.437500s CPU (99.7%); Memory(MB): used = 2077, reserved = 2067, peak = 2077;

OPT-0007 : End flow postpack: SWNS 1088 STNS 0 NUM_FEPS 0
RUN-1001 : Generating global routing grids ...
PHY-1001 : Generate routing nets ...
PHY-1001 : Reuse net number 28378/30075.
PHY-1001 : Global iterations in 32 thread ...
PHY-1002 : len = 3.51198e+06, over cnt = 655(0%), over = 890, worst = 6
PHY-1002 : len = 3.52451e+06, over cnt = 369(0%), over = 444, worst = 4
PHY-1002 : len = 3.53758e+06, over cnt = 50(0%), over = 56, worst = 2
PHY-1002 : len = 3.53917e+06, over cnt = 4(0%), over = 4, worst = 1
PHY-1002 : len = 3.53942e+06, over cnt = 0(0%), over = 0, worst = 0
PHY-1001 : End global iterations;  0.580159s wall, 0.750000s user + 0.000000s system = 0.750000s CPU (129.3%)

PHY-1001 : Congestion index:
PHY-1001 : top1  = 89.23(S 70.41, N 71.50, E 82.48, W 87.09, I 65.46, O 79.52)
PHY-1001 : top5  = 79.83(S 62.14, N 63.63, E 72.20, W 76.48, I 59.21, O 69.30)
PHY-1001 : top10 = 75.07(S 56.85, N 58.83, E 66.46, W 70.28, I 56.56, O 63.30)
PHY-1001 : top15 = 71.90(S 53.34, N 55.30, E 62.41, W 66.23, I 54.66, O 59.27)
RUN-1001 : top one percent high-util tile is with util 84 and average util is 88.657895
RUN-1001 : QoR Analysis:
OPT-0007 :   SWNS 1088 STNS 0 NUM_FEPS 0
RUN-1001 :   Local congestion issue exists, and most congested 1% tile average routing util is 88.657895
OPT-1002 :   please consider adjusting placer strategy to avoid the congestion issue
RUN-1001 :   Top critical paths
RUN-1001 :       #1 path slack 1088ps with logic level 8 
RUN-1001 :       #2 path slack 1134ps with logic level 8 
RUN-1001 :       #3 path slack 1147ps with logic level 8 
RUN-1001 :   extra opt step will be enabled to improve QoR
PHY-3001 : Start incremental legalization ...
PHY-1001 : Populate physical database on model design_top_wrapper.
PHY-1001 : Processing 2 clock pins of DDR instance u_ph1p35_324_ddr_wrapper/u_ddr2/ph1p_ddrmc_wrapper/ph1p_ddrmc_top/u_ddr_phy/u_ddrphy_top/u_ddrphy/ac_byte[0]$ac_byte_used$u_ddrphy_ac_byte_wrapper/u_ddrphy_byte, location = x0y70z0.
PHY-1001 :   Placed ioclk instance u_ph1p35_324_ddr_wrapper/u_ddr2/ph1p_ddrmc_wrapper/ph1p_ddrmc_top/u_ddr_phy/u_ddrphy_top/u_ddrphy_clk/ioclk[0]$u_ioclk_1, location = x0y59z1.
PHY-1001 :   Placed ioclk instance u_ph1p35_324_ddr_wrapper/u_ddr2/ph1p_ddrmc_wrapper/ph1p_ddrmc_top/u_ddr_phy/u_ddrphy_top/u_ddrphy_clk/ioclk[0]$u_ioclk_0, location = x0y59z0.
PHY-1001 : Processing 2 clock pins of DDR instance u_ph1p35_324_ddr_wrapper/u_ddr2/ph1p_ddrmc_wrapper/ph1p_ddrmc_top/u_ddr_phy/u_ddrphy_top/u_ddrphy/ac_byte[1]$ac_byte_used$u_ddrphy_ac_byte_wrapper/u_ddrphy_byte, location = x0y60z0.
PHY-1001 :   Placed ioclk instance u_ph1p35_324_ddr_wrapper/u_ddr2/ph1p_ddrmc_wrapper/ph1p_ddrmc_top/u_ddr_phy/u_ddrphy_top/u_ddrphy_clk/ioclk[0]$u_ioclk_1, location = x0y59z1.
PHY-1001 :   Placed ioclk instance u_ph1p35_324_ddr_wrapper/u_ddr2/ph1p_ddrmc_wrapper/ph1p_ddrmc_top/u_ddr_phy/u_ddrphy_top/u_ddrphy_clk/ioclk[0]$u_ioclk_0, location = x0y59z0.
PHY-1001 : Processing 2 clock pins of DDR instance u_ph1p35_324_ddr_wrapper/u_ddr2/ph1p_ddrmc_wrapper/ph1p_ddrmc_top/u_ddr_phy/u_ddrphy_top/u_ddrphy/ac_byte[2]$ac_byte_used$u_ddrphy_ac_byte_wrapper/u_ddrphy_byte, location = x0y50z0.
PHY-1001 :   Placed ioclk instance u_ph1p35_324_ddr_wrapper/u_ddr2/ph1p_ddrmc_wrapper/ph1p_ddrmc_top/u_ddr_phy/u_ddrphy_top/u_ddrphy_clk/ioclk[0]$u_ioclk_1, location = x0y59z1.
PHY-1001 :   Placed ioclk instance u_ph1p35_324_ddr_wrapper/u_ddr2/ph1p_ddrmc_wrapper/ph1p_ddrmc_top/u_ddr_phy/u_ddrphy_top/u_ddrphy_clk/ioclk[0]$u_ioclk_0, location = x0y59z0.
PHY-1001 : Processing 2 clock pins of DDR instance u_ph1p35_324_ddr_wrapper/u_ddr2/ph1p_ddrmc_wrapper/ph1p_ddrmc_top/u_ddr_phy/u_ddrphy_top/u_ddrphy/ac_byte[3]$ac_byte_used$u_ddrphy_ac_byte_wrapper/u_ddrphy_byte, location = x0y40z0.
PHY-1001 :   Placed ioclk instance u_ph1p35_324_ddr_wrapper/u_ddr2/ph1p_ddrmc_wrapper/ph1p_ddrmc_top/u_ddr_phy/u_ddrphy_top/u_ddrphy_clk/ioclk[0]$u_ioclk_1, location = x0y59z1.
PHY-1001 :   Placed ioclk instance u_ph1p35_324_ddr_wrapper/u_ddr2/ph1p_ddrmc_wrapper/ph1p_ddrmc_top/u_ddr_phy/u_ddrphy_top/u_ddrphy_clk/ioclk[0]$u_ioclk_0, location = x0y59z0.
PHY-1001 : Processing 2 clock pins of DDR instance u_ph1p35_324_ddr_wrapper/u_ddr2/ph1p_ddrmc_wrapper/ph1p_ddrmc_top/u_ddr_phy/u_ddrphy_top/u_ddrphy/dx_byte[0]$dx_byte_used$u_ddrphy_dx_byte_wrapper/u_ddrphy_byte, location = x0y30z0.
PHY-1001 :   Placed ioclk instance u_ph1p35_324_ddr_wrapper/u_ddr2/ph1p_ddrmc_wrapper/ph1p_ddrmc_top/u_ddr_phy/u_ddrphy_top/u_ddrphy_clk/ioclk[1]$u_ioclk_1, location = x0y19z1.
PHY-1001 :   Placed ioclk instance u_ph1p35_324_ddr_wrapper/u_ddr2/ph1p_ddrmc_wrapper/ph1p_ddrmc_top/u_ddr_phy/u_ddrphy_top/u_ddrphy_clk/ioclk[1]$u_ioclk_0, location = x0y19z0.
PHY-1001 : Processing 2 clock pins of DDR instance u_ph1p35_324_ddr_wrapper/u_ddr2/ph1p_ddrmc_wrapper/ph1p_ddrmc_top/u_ddr_phy/u_ddrphy_top/u_ddrphy/dx_byte[1]$dx_byte_used$u_ddrphy_dx_byte_wrapper/u_ddrphy_byte, location = x0y10z0.
PHY-1001 :   Placed ioclk instance u_ph1p35_324_ddr_wrapper/u_ddr2/ph1p_ddrmc_wrapper/ph1p_ddrmc_top/u_ddr_phy/u_ddrphy_top/u_ddrphy_clk/ioclk[1]$u_ioclk_1, location = x0y19z1.
PHY-1001 :   Placed ioclk instance u_ph1p35_324_ddr_wrapper/u_ddr2/ph1p_ddrmc_wrapper/ph1p_ddrmc_top/u_ddr_phy/u_ddrphy_top/u_ddrphy_clk/ioclk[1]$u_ioclk_0, location = x0y19z0.
PHY-3001 : Target density is 60%
PHY-3001 : Target density is 60%
PHY-3001 : Initial: Len = 2.59341e+06, Over = 0
PHY-1001 : Stage 3.2.7 | Spreading
PHY-3001 : Design contains 286 ce signals.
PHY-3001 : Spreading for sector grids.
PHY-3001 : Iter 1, total overflow: 0
PHY-3001 : tot_capacity: 36, usage_cnt: 16, movable_cnt: 27
PHY-3001 : Spreading for clock grids.
PHY-3001 : clock grid count for 24 x 4 grids
PHY-3001 : Spreading for plb grids.
PHY-3001 : total displace: 0, max displace: 0.
PHY-3001 : End spreading;  0.270903s wall, 0.265625s user + 0.015625s system = 0.281250s CPU (103.8%)

PHY-1001 : End Stage 3.2.7 | Spreading; Time: 0.271146s wall, 0.265625s user + 0.015625s system = 0.281250s CPU (103.7%); Memory(MB): used = 2077, reserved = 2067, peak = 2077;

PHY-3001 : Final: Len = 2.59341e+06, Over = 0
PHY-3001 : End incremental legalization;  0.537541s wall, 0.500000s user + 0.015625s system = 0.515625s CPU (95.9%)

OPT-1001 : Total overflow 0.00 peak overflow 0.00
OPT-1001 : Stage 3.2.8 | Synthesize High-fanout Net
OPT-1001 : Current memory(MB): used = 2077, reserved = 2067, peak = 2077.
OPT-1001 : End Stage 3.2.8 | Synthesize High-fanout Net; Time: 0.242063s wall, 0.234375s user + 0.000000s system = 0.234375s CPU (96.8%); Memory(MB): used = 2077, reserved = 2067, peak = 2077;

OPT-1001 : Stage 3.2.9 | Optimize Path
OPT-1001 : Start unpack path based optimization ...
OPT-0007 : Start: SWNS 1088 STNS 0 NUM_FEPS 0 with mode 2
OPT-1001 : Start congestion update ...
RUN-1001 : Generating global routing grids ...
PHY-1001 : Generate routing nets ...
PHY-1001 : Reuse net number 30075/30075.
PHY-1001 : Global iterations in 32 thread ...
PHY-1002 : len = 3.53942e+06, over cnt = 0(0%), over = 0, worst = 0
PHY-1001 : End global iterations;  0.060791s wall, 0.062500s user + 0.000000s system = 0.062500s CPU (102.8%)

PHY-1001 : Congestion index:
PHY-1001 : top1  = 89.23(S 70.41, N 71.50, E 82.48, W 87.09, I 65.46, O 79.52)
PHY-1001 : top5  = 79.83(S 62.14, N 63.63, E 72.20, W 76.48, I 59.21, O 69.30)
PHY-1001 : top10 = 75.07(S 56.85, N 58.83, E 66.46, W 70.28, I 56.56, O 63.30)
PHY-1001 : top15 = 71.90(S 53.34, N 55.30, E 62.41, W 66.23, I 54.66, O 59.27)
OPT-1001 : End congestion update;  0.422408s wall, 0.875000s user + 0.000000s system = 0.875000s CPU (207.1%)

OPT-0007 : Iter 1: improved SWNS 1088 STNS 0 NUM_FEPS 0 with 1(1746) cells and 873(873) paths processed with 64 slack improved, crit_thod: 1588 ratio: 0.33(1/3) rt: 0.4s
OPT-0007 : Iter 2: improved SWNS 1088 STNS 0 NUM_FEPS 0 with 0(1738) cells and 869(869) paths processed with 0 slack improved, crit_thod: 1588 ratio: 0.00(0/3) rt: 0.3s
OPT-1001 : End path based optimization;  1.114138s wall, 1.578125s user + 0.000000s system = 1.578125s CPU (141.6%)

OPT-1001 : Current memory(MB): used = 2077, reserved = 2067, peak = 2077.
OPT-1001 : End Stage 3.2.9 | Optimize Path; Time: 1.285154s wall, 1.750000s user + 0.000000s system = 1.750000s CPU (136.2%); Memory(MB): used = 2077, reserved = 2067, peak = 2077;

OPT-1001 : Stage 3.2.10 | Aggressive Optimization
OPT-1001 : End Stage 3.2.10 | Aggressive Optimization; Time: 0.170048s wall, 0.156250s user + 0.000000s system = 0.156250s CPU (91.9%); Memory(MB): used = 2077, reserved = 2067, peak = 2077;

OPT-1001 : Stage 3.2.11 | Optimize Bottleneck
OPT-1001 : Start bottleneck based optimization ...
OPT-0007 : Start: SWNS 1088 STNS 0 NUM_FEPS 0
OPT-1001 : Start congestion update ...
RUN-1001 : Generating global routing grids ...
PHY-1001 : Generate routing nets ...
PHY-1001 : Reuse net number 30073/30076.
PHY-1001 : Global iterations in 32 thread ...
PHY-1002 : len = 3.53926e+06, over cnt = 1(0%), over = 1, worst = 1
PHY-1002 : len = 3.53923e+06, over cnt = 0(0%), over = 0, worst = 0
PHY-1001 : End global iterations;  0.127015s wall, 0.109375s user + 0.000000s system = 0.109375s CPU (86.1%)

PHY-1001 : Congestion index:
PHY-1001 : top1  = 89.23(S 70.41, N 71.38, E 82.48, W 87.09, I 65.46, O 79.52)
PHY-1001 : top5  = 79.83(S 62.14, N 63.60, E 72.20, W 76.48, I 59.21, O 69.30)
PHY-1001 : top10 = 75.06(S 56.85, N 58.81, E 66.46, W 70.28, I 56.56, O 63.30)
PHY-1001 : top15 = 71.89(S 53.34, N 55.28, E 62.41, W 66.23, I 54.66, O 59.27)
OPT-1001 : End congestion update;  0.493734s wall, 0.484375s user + 0.000000s system = 0.484375s CPU (98.1%)

OPT-0007 : Iter 1: improved SWNS 1088 STNS 0 NUM_FEPS 0 with 0(73) cells processed with 0 slack improved, crit_thod: 1288 ratio: 0.00(0/2) rt: 0.4s
OPT-0007 : Iter 2: improved SWNS 1088 STNS 0 NUM_FEPS 0 with 0(73) cells processed with 0 slack improved, crit_thod: 1288 ratio: -1.00(0/0) rt: 0.2s
OPT-1001 : End bottleneck based optimization;  1.107059s wall, 1.062500s user + 0.000000s system = 1.062500s CPU (96.0%)

OPT-1001 : Current memory(MB): used = 2077, reserved = 2067, peak = 2077.
OPT-1001 : End Stage 3.2.11 | Optimize Bottleneck; Time: 1.278069s wall, 1.234375s user + 0.000000s system = 1.234375s CPU (96.6%); Memory(MB): used = 2077, reserved = 2067, peak = 2077;

OPT-1001 : Stage 3.2.12 | Swap Pins
OPT-1001 : Start pin optimization...
OPT-1001 : Start: SWNS 1088 STNS 0 NUM_FEPS 0
OPT-1001 : Successfully optimized 1 instances
OPT-1001 : Successfully optimized 0 instances
OPT-1001 : End pin optimization;  0.705120s wall, 0.687500s user + 0.000000s system = 0.687500s CPU (97.5%)

OPT-1001 : Current memory(MB): used = 2077, reserved = 2067, peak = 2077.
OPT-1001 : End Stage 3.2.12 | Swap Pins; Time: 0.877465s wall, 0.859375s user + 0.000000s system = 0.859375s CPU (97.9%); Memory(MB): used = 2077, reserved = 2067, peak = 2077;

OPT-1001 : Stage 3.2.13 | Optimize Duplicated Nets
OPT-1001 : Start: WNS 1097 TNS 0 NUM_FEPS 0
OPT-1001 : Clean unloaded insts before merging registers
PHY-1001 : Populate physical database on model design_top_wrapper.
PHY-1001 : Populate physical database on model design_top_wrapper.
OPT-1001 : Total overflow 0.00 peak overflow 0.00
OPT-1001 : End optimize duplicated nets. Total 0 instances are merged and 26 sinks are reconnected,  1.639645s wall, 1.687500s user + 0.000000s system = 1.687500s CPU (102.9%)

OPT-1001 : Update timing in Manhattan mode
RUN-1002 : start command "start_timer"
RUN-1003 : finish command "start_timer" in  2.253005s wall, 2.203125s user + 0.000000s system = 2.203125s CPU (97.8%)

RUN-1004 : used memory is 2077 MB, reserved memory is 2067 MB, peak memory is 2077 MB
OPT-1001 : End timing update;  3.640787s wall, 3.500000s user + 0.031250s system = 3.531250s CPU (97.0%)

OPT-1001 : Current memory(MB): used = 2077, reserved = 2067, peak = 2077.
OPT-1001 : End Stage 3.2.13 | Optimize Duplicated Nets; Time: 5.454084s wall, 5.343750s user + 0.031250s system = 5.375000s CPU (98.6%); Memory(MB): used = 2077, reserved = 2067, peak = 2077;

OPT-0007 : End flow postplace: SWNS 1097 STNS 0 NUM_FEPS 0
OPT-1001 : End physical optimization;  37.474379s wall, 38.671875s user + 0.390625s system = 39.062500s CPU (104.2%)

PHY-1001 : End Stage 3.2 | Optimize Design; Time: 37.474662s wall, 38.671875s user + 0.390625s system = 39.062500s CPU (104.2%); Memory(MB): used = 2077, reserved = 2067, peak = 2077;

RUN-1001 : Report Control nets information:
RUN-1001 : DFF Distribution
RUN-1001 : -------------------------------------
RUN-1001 :   CE   |  SSR  |  ASR  |  DFF Count  
RUN-1001 : -------------------------------------
RUN-1001 :   No   |  No   |  No   |     224     
RUN-1001 :   No   |  No   |  Yes  |      0      
RUN-1001 :   No   |  Yes  |  No   |      0      
RUN-1001 :   Yes  |  No   |  No   |    6886     
RUN-1001 :   Yes  |  No   |  Yes  |    11925    
RUN-1001 :   Yes  |  Yes  |  No   |     363     
RUN-1001 : -------------------------------------
RUN-1001 : Control Group Statistic
RUN-1001 : -----------------------------
RUN-1001 :   #CLK  |  #CE  |  #SSR/ASR  
RUN-1001 : -----------------------------
RUN-1001 :    10   |  637  |     31     
RUN-1001 : -----------------------------
RUN-0007 : Control Set = 718
PHY-1001 : End Stage 3 | Detailed Placement; Time: 70.818659s wall, 73.906250s user + 0.703125s system = 74.609375s CPU (105.4%); Memory(MB): used = 2077, reserved = 2067, peak = 2077;

PHY-1001 : Populate physical database on model design_top_wrapper.
PHY-1001 : Stage 4 | Optimize Design
PHY-3001 : Start incremental legalization ...
PHY-1001 : Populate physical database on model design_top_wrapper.
PHY-1001 : Processing 2 clock pins of DDR instance u_ph1p35_324_ddr_wrapper/u_ddr2/ph1p_ddrmc_wrapper/ph1p_ddrmc_top/u_ddr_phy/u_ddrphy_top/u_ddrphy/ac_byte[0]$ac_byte_used$u_ddrphy_ac_byte_wrapper/u_ddrphy_byte, location = x0y70z0.
PHY-1001 :   Placed ioclk instance u_ph1p35_324_ddr_wrapper/u_ddr2/ph1p_ddrmc_wrapper/ph1p_ddrmc_top/u_ddr_phy/u_ddrphy_top/u_ddrphy_clk/ioclk[0]$u_ioclk_1, location = x0y59z1.
PHY-1001 :   Placed ioclk instance u_ph1p35_324_ddr_wrapper/u_ddr2/ph1p_ddrmc_wrapper/ph1p_ddrmc_top/u_ddr_phy/u_ddrphy_top/u_ddrphy_clk/ioclk[0]$u_ioclk_0, location = x0y59z0.
PHY-1001 : Processing 2 clock pins of DDR instance u_ph1p35_324_ddr_wrapper/u_ddr2/ph1p_ddrmc_wrapper/ph1p_ddrmc_top/u_ddr_phy/u_ddrphy_top/u_ddrphy/ac_byte[1]$ac_byte_used$u_ddrphy_ac_byte_wrapper/u_ddrphy_byte, location = x0y60z0.
PHY-1001 :   Placed ioclk instance u_ph1p35_324_ddr_wrapper/u_ddr2/ph1p_ddrmc_wrapper/ph1p_ddrmc_top/u_ddr_phy/u_ddrphy_top/u_ddrphy_clk/ioclk[0]$u_ioclk_1, location = x0y59z1.
PHY-1001 :   Placed ioclk instance u_ph1p35_324_ddr_wrapper/u_ddr2/ph1p_ddrmc_wrapper/ph1p_ddrmc_top/u_ddr_phy/u_ddrphy_top/u_ddrphy_clk/ioclk[0]$u_ioclk_0, location = x0y59z0.
PHY-1001 : Processing 2 clock pins of DDR instance u_ph1p35_324_ddr_wrapper/u_ddr2/ph1p_ddrmc_wrapper/ph1p_ddrmc_top/u_ddr_phy/u_ddrphy_top/u_ddrphy/ac_byte[2]$ac_byte_used$u_ddrphy_ac_byte_wrapper/u_ddrphy_byte, location = x0y50z0.
PHY-1001 :   Placed ioclk instance u_ph1p35_324_ddr_wrapper/u_ddr2/ph1p_ddrmc_wrapper/ph1p_ddrmc_top/u_ddr_phy/u_ddrphy_top/u_ddrphy_clk/ioclk[0]$u_ioclk_1, location = x0y59z1.
PHY-1001 :   Placed ioclk instance u_ph1p35_324_ddr_wrapper/u_ddr2/ph1p_ddrmc_wrapper/ph1p_ddrmc_top/u_ddr_phy/u_ddrphy_top/u_ddrphy_clk/ioclk[0]$u_ioclk_0, location = x0y59z0.
PHY-1001 : Processing 2 clock pins of DDR instance u_ph1p35_324_ddr_wrapper/u_ddr2/ph1p_ddrmc_wrapper/ph1p_ddrmc_top/u_ddr_phy/u_ddrphy_top/u_ddrphy/ac_byte[3]$ac_byte_used$u_ddrphy_ac_byte_wrapper/u_ddrphy_byte, location = x0y40z0.
PHY-1001 :   Placed ioclk instance u_ph1p35_324_ddr_wrapper/u_ddr2/ph1p_ddrmc_wrapper/ph1p_ddrmc_top/u_ddr_phy/u_ddrphy_top/u_ddrphy_clk/ioclk[0]$u_ioclk_1, location = x0y59z1.
PHY-1001 :   Placed ioclk instance u_ph1p35_324_ddr_wrapper/u_ddr2/ph1p_ddrmc_wrapper/ph1p_ddrmc_top/u_ddr_phy/u_ddrphy_top/u_ddrphy_clk/ioclk[0]$u_ioclk_0, location = x0y59z0.
PHY-1001 : Processing 2 clock pins of DDR instance u_ph1p35_324_ddr_wrapper/u_ddr2/ph1p_ddrmc_wrapper/ph1p_ddrmc_top/u_ddr_phy/u_ddrphy_top/u_ddrphy/dx_byte[0]$dx_byte_used$u_ddrphy_dx_byte_wrapper/u_ddrphy_byte, location = x0y30z0.
PHY-1001 :   Placed ioclk instance u_ph1p35_324_ddr_wrapper/u_ddr2/ph1p_ddrmc_wrapper/ph1p_ddrmc_top/u_ddr_phy/u_ddrphy_top/u_ddrphy_clk/ioclk[1]$u_ioclk_1, location = x0y19z1.
PHY-1001 :   Placed ioclk instance u_ph1p35_324_ddr_wrapper/u_ddr2/ph1p_ddrmc_wrapper/ph1p_ddrmc_top/u_ddr_phy/u_ddrphy_top/u_ddrphy_clk/ioclk[1]$u_ioclk_0, location = x0y19z0.
PHY-1001 : Processing 2 clock pins of DDR instance u_ph1p35_324_ddr_wrapper/u_ddr2/ph1p_ddrmc_wrapper/ph1p_ddrmc_top/u_ddr_phy/u_ddrphy_top/u_ddrphy/dx_byte[1]$dx_byte_used$u_ddrphy_dx_byte_wrapper/u_ddrphy_byte, location = x0y10z0.
PHY-1001 :   Placed ioclk instance u_ph1p35_324_ddr_wrapper/u_ddr2/ph1p_ddrmc_wrapper/ph1p_ddrmc_top/u_ddr_phy/u_ddrphy_top/u_ddrphy_clk/ioclk[1]$u_ioclk_1, location = x0y19z1.
PHY-1001 :   Placed ioclk instance u_ph1p35_324_ddr_wrapper/u_ddr2/ph1p_ddrmc_wrapper/ph1p_ddrmc_top/u_ddr_phy/u_ddrphy_top/u_ddrphy_clk/ioclk[1]$u_ioclk_0, location = x0y19z0.
PHY-3001 : Target density is 60%
PHY-3001 : Target density is 60%
PHY-3001 : Initial: Len = 2.61632e+06, Over = 0
PHY-1001 : Stage 4.1 | Spreading
PHY-3001 : Design contains 286 ce signals.
PHY-3001 : Spreading for sector grids.
PHY-3001 : Iter 1, total overflow: 0
PHY-3001 : tot_capacity: 36, usage_cnt: 16, movable_cnt: 27
PHY-3001 : Spreading for clock grids.
PHY-3001 : clock grid count for 24 x 4 grids
PHY-3001 : Spreading for plb grids.
PHY-3001 : total displace: 0, max displace: 0.
PHY-3001 : End spreading;  0.266507s wall, 0.234375s user + 0.015625s system = 0.250000s CPU (93.8%)

PHY-1001 : End Stage 4.1 | Spreading; Time: 0.266699s wall, 0.234375s user + 0.015625s system = 0.250000s CPU (93.7%); Memory(MB): used = 2077, reserved = 2067, peak = 2077;

PHY-3001 : Final: Len = 2.61632e+06, Over = 0
PHY-3001 : End incremental legalization;  0.536548s wall, 0.468750s user + 0.015625s system = 0.484375s CPU (90.3%)

RUN-1002 : start command "report_qor -step place -file place.qor"
RUN-1002 : start command "start_timer"
RUN-1003 : finish command "start_timer" in  1.788056s wall, 1.765625s user + 0.000000s system = 1.765625s CPU (98.7%)

RUN-1004 : used memory is 2077 MB, reserved memory is 2067 MB, peak memory is 2077 MB
RUN-1001 : Generating global routing grids ...
-----------------------------------------------------------
| QoR metrics               |         value               |
-----------------------------------------------------------
| Timing                    |                             |
|     Setup WNS             |         1097                |
|     Setup TNS             |            0                |
|     Num of violated S-EP  |            0                |
|     FMAX                  |   128.353MHz                |
|     SWNS path clock period |       8888ps                |
|     Hold WNS              |         -309                |
|     Hold TNS              |       -86355                |
|     Num of violated H-EP  |          645                |
-----------------------------------------------------------
| Routing Resource          |                             |
|     Wire length           |      2609674                |
|     Route Net Num         |        33264                |
|     DontRoute Net Num     |        13388                |
|     RouteSinks Num        |       117125                |
-----------------------------------------------------------
| Utilization               |                             |
|     #slices               |        18603                |
|     slices percentage     |       87.68%                |
|     #RAMs                 |          108                |
|     #DSPs                 |           19                |
|     #DRAMHARDCON          |           53                |
-----------------------------------------------------------
| Congestion                |                             |
|     Top 1% tile util      |           84                |
|     Top 1% tile avg util  |       88.66%                |
|     Over 100% util #tile  |            0                |
|     Max level             |            1                |
|     Window                |  [ 14  12] - [ 18  13]      |
-----------------------------------------------------------
Report place stage QoR done.

RUN-1003 : finish command "report_qor -step place -file place.qor" in  3.877940s wall, 4.203125s user + 0.062500s system = 4.265625s CPU (110.0%)

RUN-1004 : used memory is 2077 MB, reserved memory is 2067 MB, peak memory is 2077 MB
PHY-1001 : End Stage 4 | Optimize Design; Time: 4.430743s wall, 4.687500s user + 0.078125s system = 4.765625s CPU (107.6%); Memory(MB): used = 2077, reserved = 2067, peak = 2077;

PHY-1001 : Stage 5 | DRC Check
PHY-1001 : Stage 5.1 | Slice Attributes Check
PHY-1035 : Redundant attributes/nets in slice detected. You can use tcl "check_slice_attr -verbose" to get full message.
PHY-1039 : Found 112 mslices getting no used reg attributes, eg: u_hdmi_tx/u_hdmi_1_4b_transmitter_core_wrapper/u_hdmi_tx_controller_wrapper/u_hdmi_video_data_assemble/S_island_guard_band_1d_syn_10.
PHY-1039 : Found 112 mslices getting no used ce attributes, eg: u_hdmi_tx/u_hdmi_1_4b_transmitter_core_wrapper/u_hdmi_tx_controller_wrapper/u_hdmi_video_data_assemble/S_island_guard_band_1d_syn_10.
PHY-1001 : End Stage 5.1 | Slice Attributes Check; Time: 0.044075s wall, 0.046875s user + 0.000000s system = 0.046875s CPU (106.4%); Memory(MB): used = 2077, reserved = 2067, peak = 2077;

PHY-1001 : Stage 5.2 | Clock Bound Check
PHY-1001 : Check pass.
PHY-1001 : End Stage 5.2 | Clock Bound Check; Time: 0.002496s wall, 0.000000s user + 0.000000s system = 0.000000s CPU (n/a%); Memory(MB): used = 2078, reserved = 2067, peak = 2078;

PHY-1001 : Stage 5.3 | Force Route Constraint Check
PHY-1001 : Check Pass.
PHY-1001 : End Stage 5.3 | Force Route Constraint Check; Time: 0.004381s wall, 0.000000s user + 0.015625s system = 0.015625s CPU (356.7%); Memory(MB): used = 2078, reserved = 2067, peak = 2078;

PHY-1001 : Stage 5.4 | Sigmap Check
PHY-1001 : Check pass.
PHY-1001 : End Stage 5.4 | Sigmap Check; Time: 0.079155s wall, 0.078125s user + 0.000000s system = 0.078125s CPU (98.7%); Memory(MB): used = 2078, reserved = 2067, peak = 2078;

PHY-1001 : Stage 5.5 | Duplicated SelfDriven Check
PHY-1001 : Check pass.
PHY-1001 : End Stage 5.5 | Duplicated SelfDriven Check; Time: 0.429724s wall, 0.421875s user + 0.000000s system = 0.421875s CPU (98.2%); Memory(MB): used = 2078, reserved = 2067, peak = 2078;

PHY-1001 : Stage 5.6 | Clock Rule Check
PHY-5088 WARNING: Clock_Analyzer: Detected 1 buffer(s) clkin net because they drive non-clock sinks. Run "analyze_clock -detail" for more infomation.
PHY-5088 WARNING: Clock_Analyzer: Detected 1 buffer(s) clkout net because they drive non-clock sinks. Run "analyze_clock -detail" for more infomation.
PHY-5088 WARNING: Clock_Analyzer: 3 clock-net(s) because they drive other clock net, may cause clock skew. Run "analyze_clock -detail" for more infomation.
PHY-1001 : End Stage 5.6 | Clock Rule Check; Time: 0.075315s wall, 0.062500s user + 0.000000s system = 0.062500s CPU (83.0%); Memory(MB): used = 2078, reserved = 2067, peak = 2078;

PHY-1001 : End Stage 5 | DRC Check; Time: 0.684349s wall, 0.656250s user + 0.015625s system = 0.671875s CPU (98.2%); Memory(MB): used = 2078, reserved = 2067, peak = 2078;

OPT-1001 : QoR tracer report on placement steps:
    SWNS [   incr ]    STNS [   incr ]    FEPS [   incr ]    CRIT [   incr ]      CELL [     incr ]        WL [     incr ]    CONG [   incr ]    PDES [   incr ]   RT(s) [   incr ]   MEM(mb) [     incr ]
       0 [      0 ]       0 [      0 ]       0 [      0 ]       0 [      0 ]     40209 [        0 ]         0 [        0 ]    0.00 [   0.00 ]       0 [      0 ]       0 [      0 ]      1643 [        0 ] : preplace:simplify_lut
       0 [      0 ]       0 [      0 ]       0 [      0 ]       0 [      0 ]     40209 [        0 ]         0 [        0 ]    0.00 [   0.00 ]       0 [      0 ]       0 [      0 ]      1643 [        0 ] : preplace:sweep
       0 [      0 ]       0 [      0 ]       0 [      0 ]       0 [      0 ]     40209 [        0 ]         0 [        0 ]    0.00 [   0.00 ]       0 [      0 ]       0 [      0 ]      1643 [        0 ] : preplace:lut_merge
       0 [      0 ]       0 [      0 ]       0 [      0 ]       0 [      0 ]     40209 [        0 ]         0 [        0 ]    0.00 [   0.00 ]       0 [      0 ]       0 [      0 ]      1643 [        0 ] : preplace:hfn_opt
     605 [    605 ]       0 [      0 ]       0 [      0 ]    3902 [   3902 ]     41995 [     1786 ]   2592073 [  2592073 ]    0.00 [   0.00 ]       0 [      0 ]      11 [     11 ]      1686 [       43 ] : step1_gp
     484 [   -121 ]       0 [      0 ]       0 [      0 ]    3878 [    -24 ]     41995 [        0 ]   2705440 [   113367 ]    0.00 [   0.00 ]       0 [      0 ]      12 [      1 ]      1695 [        9 ] : step1_legal
     567 [     83 ]       0 [      0 ]       0 [      0 ]    3862 [    -16 ]     41995 [        0 ]   2651047 [   -54393 ]    0.00 [   0.00 ]       0 [      0 ]      15 [      3 ]      1698 [        3 ] : step1_dp
     815 [    248 ]       0 [      0 ]       0 [      0 ]    3843 [    -19 ]     41995 [        0 ]   2187757 [  -463290 ]  257.13 [ 257.13 ]       0 [      0 ]      22 [      7 ]      1809 [      111 ] : step2_gp
     815 [      0 ]       0 [      0 ]       0 [      0 ]    3833 [    -10 ]     41995 [        0 ]   2176225 [   -11532 ]  257.13 [   0.00 ]       0 [      0 ]      24 [      2 ]      1811 [        2 ] : step2_dp
     815 [      0 ]       0 [      0 ]       0 [      0 ]    3833 [      0 ]     41995 [        0 ]   2176225 [        0 ]  257.13 [   0.00 ]       0 [      0 ]      25 [      1 ]      1811 [        0 ] : prepack_spreading
     773 [    -42 ]       0 [      0 ]       0 [      0 ]    3872 [     39 ]     42232 [      237 ]   2045408 [  -130817 ]  244.39 [ -12.74 ]       0 [      0 ]      33 [      8 ]      1835 [       24 ] : prepack:hfn_opt
     798 [     25 ]       0 [      0 ]       0 [      0 ]    3875 [      3 ]     42232 [        0 ]   2050967 [     5559 ]   98.45 [-145.95 ]       0 [      0 ]      38 [      5 ]      1836 [        1 ] : prepack:global_opt
    1027 [    229 ]       0 [      0 ]       0 [      0 ]    3834 [    -41 ]     21103 [   -21129 ]   2184702 [   133735 ]   98.45 [   0.00 ]       0 [      0 ]      47 [      9 ]      1943 [      107 ] : pack
     919 [   -108 ]       0 [      0 ]       0 [      0 ]    3744 [    -90 ]     21103 [        0 ]   2554866 [   370164 ]   91.16 [  -7.29 ]       0 [      0 ]      58 [     11 ]      2077 [      134 ] : post_pack_place
     719 [   -200 ]       0 [      0 ]       0 [      0 ]    3273 [   -471 ]     21103 [        0 ]   2905731 [   350865 ]   91.16 [   0.00 ]       0 [      0 ]      71 [     13 ]      2077 [        0 ] : post_pack_spreading
     908 [    189 ]       0 [      0 ]       0 [      0 ]    3563 [    290 ]     21103 [        0 ]   2560579 [  -345152 ]   92.32 [   1.16 ]       0 [      0 ]      92 [     21 ]      2077 [        0 ] : post_pack_dp
     908 [      0 ]       0 [      0 ]       0 [      0 ]    3606 [     43 ]     21101 [       -2 ]   2545009 [   -15570 ]   92.32 [   0.00 ]       0 [      0 ]      97 [      5 ]      2077 [        0 ] : postpack:optimize_equivalent_quick
     908 [      0 ]       0 [      0 ]       0 [      0 ]    3607 [      1 ]     21123 [       22 ]   2548646 [     3637 ]   92.32 [   0.00 ]       0 [      0 ]      98 [      1 ]      2077 [        0 ] : postpack:hfn_opt
    1097 [    189 ]       0 [      0 ]       0 [      0 ]    3608 [      1 ]     21151 [       28 ]   2553965 [     5319 ]   90.26 [  -2.05 ]       0 [      0 ]     105 [      7 ]      2077 [        0 ] : postpack:path_opt
    1097 [      0 ]       0 [      0 ]       0 [      0 ]    3609 [      1 ]     21150 [       -1 ]   2550227 [    -3738 ]   90.26 [   0.00 ]       0 [      0 ]     110 [      5 ]      2077 [        0 ] : postpack:optimize_equivalent
    1179 [     82 ]       0 [      0 ]       0 [      0 ]    3821 [    212 ]     21150 [        0 ]   2550227 [        0 ]   90.26 [   0.00 ]       0 [      0 ]     113 [      3 ]      2077 [        0 ] : postpack:pin_opt
    1088 [    -91 ]       0 [      0 ]       0 [      0 ]    3824 [      3 ]     21150 [        0 ]   2586763 [    36536 ]   90.26 [   0.00 ]       0 [      0 ]     118 [      5 ]      2077 [        0 ] : postpack:beeline_opt
    1088 [      0 ]       0 [      0 ]       0 [      0 ]    3824 [      0 ]     21150 [        0 ]   2586763 [        0 ]   88.66 [  -1.61 ]       0 [      0 ]     120 [      2 ]      2077 [        0 ] : postplace:crit_hfn_opt
    1088 [      0 ]       0 [      0 ]       0 [      0 ]    3824 [      0 ]     21150 [        0 ]   2586705 [      -58 ]   88.66 [   0.00 ]       0 [      0 ]     121 [      1 ]      2077 [        0 ] : postplace:path_opt
    1088 [      0 ]       0 [      0 ]       0 [      0 ]    3824 [      0 ]     21150 [        0 ]   2586705 [        0 ]   88.66 [   0.00 ]       0 [      0 ]     122 [      1 ]      2077 [        0 ] : postplace:aggressive_opt
    1088 [      0 ]       0 [      0 ]       0 [      0 ]    3824 [      0 ]     21150 [        0 ]   2586705 [        0 ]   88.66 [   0.00 ]       0 [      0 ]     123 [      1 ]      2077 [        0 ] : postplace:bn_opt
    1097 [      9 ]       0 [      0 ]       0 [      0 ]    3824 [      0 ]     21150 [        0 ]   2586705 [        0 ]   88.66 [   0.00 ]       0 [      0 ]     124 [      1 ]      2077 [        0 ] : postplace:pin_opt
    1097 [      0 ]       0 [      0 ]       0 [      0 ]    3824 [      0 ]     21150 [        0 ]   2586521 [     -184 ]   88.66 [   0.00 ]       0 [      0 ]     129 [      5 ]      2077 [        0 ] : postplace:optimize_equivalent

RUN-1003 : finish command "place" in  135.021862s wall, 184.453125s user + 6.343750s system = 190.796875s CPU (141.3%)

RUN-1004 : used memory is 2078 MB, reserved memory is 2067 MB, peak memory is 2078 MB
RUN-1002 : start command "update_timing -mode manhattan"
RUN-1002 : start command "start_timer"
RUN-1003 : finish command "start_timer" in  1.779798s wall, 1.765625s user + 0.015625s system = 1.781250s CPU (100.1%)

RUN-1004 : used memory is 2078 MB, reserved memory is 2067 MB, peak memory is 2078 MB
RUN-1003 : finish command "update_timing -mode manhattan" in  3.045286s wall, 2.968750s user + 0.031250s system = 3.000000s CPU (98.5%)

RUN-1004 : used memory is 2078 MB, reserved memory is 2067 MB, peak memory is 2078 MB
RUN-1002 : start command "report_timing_summary -file camera_to_dsi_display_place.timing"
RUN-1002 : start command "report_area -io_info -file camera_to_dsi_display_phy.area"
SYN-4034 : The count of slices with lut is 12071.
SYN-4035 : The count of slices with lut+ripple is 3491.
RUN-1001 : standard
***Report Model: design_top_wrapper Device: PH1P35MDG324***

Design Statistics
#IO                        58   out of    160   36.25%
  #input                    2
  #output                  31
  #inout                   25
#lut6                   16098   out of  21216   75.88%
#reg                    19174
  #slice reg            19174   out of  42432   45.19%
  #pad reg                  0

Utilization Statistics
#slice                  18603   out of  21216   87.68%
  #used ram               536
    #dram lut             424
    #shifter lut          112
  #used logic           18067
    #with luts          12071
    #with adder          3491
    #reg only            2505
#f7mux                    812   out of  10608    7.65%
#f8mux                    350   out of   5304    6.60%
#eram                     108   out of    108  100.00%
  #eram20k                108
  #fifo20k                  0
#dsp                       19   out of     40   47.50%
#ddr_byte                   6   out of     12   50.00%
#mipi_tx                    0   out of      2    0.00%
#mipi_rx                    1   out of      2   50.00%
#pad                       17   out of    160   10.62%
#pll                        3   out of      6   50.00%
#gclk                       9   out of     32   28.12%
#lclk                       0   out of     12    0.00%
#sclk                       0   out of     48    0.00%
#mlclk                      2   out of      6   33.33%
#ioclk                      4   out of     18   22.22%

RUN-1002 : start command "flow_status -file place_flow.status"
Location         : D:\anlu\rtl\td_project
Running with     : Tang Dynasty v6.2.168116
                   Copyright (c) 2012-2025 Anlogic Inc.
Top Model        : design_top_wrapper
Device           : PH1P35MDG324
Speed            : 3

Timing Mode      : manhattan
Setup            : WNS  1097ps  TNS        0ps  NUM_FEPS     0
Hold             : WNS  -309ps  TNS   -86355ps  NUM_FEPS   645

Flow Statistics  :
RUN-1001 : Flow Statistics:
RUN-1001 : ---------------------------------------------------------------------------------------------------
RUN-1001 :      command     |  #calls  |  wall time   |  cpu time(s)  |  used memory(mb)  |  peak memory(mb)  
RUN-1001 : ---------------------------------------------------------------------------------------------------
RUN-1001 :   optimize_rtl   |    1     |  2m16s(37%)  |   134(31%)    |       1389        |       1605        
RUN-1001 :       place      |    1     |  2m15s(36%)  |   190(45%)    |       2078        |       2078        
RUN-1001 :   optimize_gate  |    1     |  1m35s(25%)  |    94(22%)    |       1634        |       1634        
RUN-1001 :   import_device  |    1     |    1s(0%)    |     1(0%)     |        324        |        324        
RUN-1001 :     read_adc     |    1     |    0s(0%)    |     0(0%)     |       1112        |       1113        
RUN-1001 :     read_sdc     |    3     |    0s(0%)    |     0(0%)     |       1107        |       1113        
RUN-1001 : ---------------------------------------------------------------------------------------------------
RUN-1001 :       total      |    8     |     6m7s     |      419      |       2078        |       2078        
RUN-1001 : ---------------------------------------------------------------------------------------------------
RUN-1002 : start command "report_clock_utilization -file place_clock_utilization.txt"
RUN-1002 : start command "export_db camera_to_dsi_display_place.db"
RUN-1001 : Exported flow parameters
RUN-1001 : Exported /
RUN-1001 : Exported libs
RUN-1001 : Exported entities
RUN-1001 : Exported ports
RUN-1001 : Exported pins
RUN-1001 : Exported instances
RUN-1001 : Exported nets
RUN-1001 : Exported buses
RUN-1001 : Exported models
RUN-1001 : Exported phy database
RUN-1001 : Exported packer
RUN-1001 : Exported congestions
RUN-1001 : Exported violations
RUN-1001 : Exported ATMR Setting
RUN-1001 : Exported timing constraints
RUN-1001 : Exported IO constraints
RUN-1001 : Exported Inst constraints
RUN-1001 : Exported ChipWatcher
RUN-1003 : finish command "export_db camera_to_dsi_display_place.db" in  1.165399s wall, 1.359375s user + 0.031250s system = 1.390625s CPU (119.3%)

RUN-1004 : used memory is 2092 MB, reserved memory is 2147 MB, peak memory is 2092 MB
RUN-1002 : start command "commit_param -step route"
RUN-1001 : Print Global Property
RUN-1001 : -------------------------------------------------------------
RUN-1001 :     Parameters    |   Settings   |  Default Values  |  Note  
RUN-1001 : -------------------------------------------------------------
RUN-1001 :    enable_seed    |     off      |       off        |        
RUN-1001 :    hfn_to_clock   |  1000000000  |    1000000000    |        
RUN-1001 :      message      |   standard   |     standard     |        
RUN-1001 :    qor_monitor    |      on      |        on        |        
RUN-1001 :   speedup_effort  |      0       |        0         |        
RUN-1001 :    syn_ip_flow    |     off      |       off        |        
RUN-1001 :       thread      |     auto     |       auto       |        
RUN-1001 : -------------------------------------------------------------
RUN-1001 : Print Route Property
RUN-1001 : ---------------------------------------------------------------
RUN-1001 :       Parameters      |  Settings  |  Default Values  |  Note  
RUN-1001 : ---------------------------------------------------------------
RUN-1001 :         effort        |   normal   |      normal      |        
RUN-1001 :        fix_hold       |     on     |        on        |        
RUN-1001 :   hold_fix_iteration  |     5      |        5         |        
RUN-1001 :     post_route_opt    |    auto    |       auto       |        
RUN-1001 :         timing        |     on     |        on        |        
RUN-1001 : ---------------------------------------------------------------
RUN-1002 : start command "route"
RUN-1001 : Open license file D:/Anlogic/TD_6.2.1_Engineer_6.2.168.116/license/Anlogic.lic
PHY-1001 : Reconnected 29 VDD pins with routing demanding
PHY-1001 : Populate physical database on model design_top_wrapper.
RUN-1001 : Dedicate pll clock connection statistics:
RUN-1001 : Clock Region s_1_l [0,40][23,79]; Utilization: 1 out of 12
RUN-1001 : ----------------------------------------------------------------------------------------------------------------------------------------------------------------------------------------------------------------------------------
RUN-1001 :   Index  |                                    Leading Clock                                     |                                                          Special Sink                                                           
RUN-1001 : ----------------------------------------------------------------------------------------------------------------------------------------------------------------------------------------------------------------------------------
RUN-1001 :     1    |  u_ph1p35_324_ddr_wrapper/u_ddr2/ph1p_ddrmc_wrapper/ph1p_ddrmc_top/u_alc_mc_top/clk  |  u_ph1p35_324_ddr_wrapper/u_ddr2/ph1p_ddrmc_wrapper/ph1p_ddrmc_top/u_ddr_phy/u_ddrphy_top/u_ddrphy_clk/u_pll1/u_pll_inst.fbclk  
RUN-1001 : ----------------------------------------------------------------------------------------------------------------------------------------------------------------------------------------------------------------------------------
RUN-1001 : Clock Region s_1_r [24,40][43,79]; Utilization: 1 out of 12
RUN-1001 : -----------------------------------------------------------------------------------------------------------------------------------------------------------------------
RUN-1001 :   Index  |                                     Leading Clock                                     |                            Special Sink                             
RUN-1001 : -----------------------------------------------------------------------------------------------------------------------------------------------------------------------
RUN-1001 :     1    |  u_mipi_dphy_rx_ph1p_mipiio_wrapper/u_ph1p_mipiio_rx_wrapper/u_lane0_hs_detect/I_clk  |  u_PLL/ph1p_phy_pll_wrapper_25a56e5ce2f9_Inst/u_PH1P_PHY_PLL.fbclk  
RUN-1001 : -----------------------------------------------------------------------------------------------------------------------------------------------------------------------
PHY-1001 : Working orders of clock nets being processed in bank assignment:
PHY-1001 : u_ph1p35_324_ddr_wrapper/u_ddr2/ph1p_ddrmc_wrapper/ph1p_ddrmc_top/u_alc_mc_top/clk;
PHY-1001 : u_mipi_dphy_rx_ph1p_mipiio_wrapper/u_ph1p_mipiio_rx_wrapper/u_lane0_hs_detect/I_clk;
PHY-1001 : u_isp_top/u_demosaic/raw_matrix_3x3_buffer_d/zhenghe_d/blk_mem_gen_zhenghe_d1/ram_d32970204f32_Inst/clkb;
PHY-1001 : u_hdmi_mixer/I_clk_syn_654;
PHY-1001 : I_sys_clk_syn_8;
PHY-1001 : O_cam_24m_syn_3;
PHY-1001 : u_hdmi_tx/u_hdmi2phy_wrapper/u0_lane_lvds_8_1/I_serial_clk_syn_1;
PHY-1001 : u_ph1p35_324_ddr_wrapper/u_ddr2/ph1p_ddrmc_wrapper/ph1p_ddrmc_top/u_ddr_phy/u_ddrphy_top/u_ddrphy/apb_pclk_syn_1;
PHY-1001 : u_uicfgcs500/uii2c_inst/scl_clk_syn_9;
PHY-1001 : Internal bound Intnl_0_0_25_40 is being created by clock MIPI_RX_BYTE_CLK through SCLK.
PHY-1001 : Internal bound Intnl_25_0_23_40 is being created by clock MIPI_RX_BYTE_CLK through SCLK.
PHY-1001 : Internal bound Intnl_0_40_25_40 is being created by clock u_ph1p35_324_ddr_wrapper/u_ddr2/usr_clk through SCLK.
PHY-1001 : Internal bound Intnl_25_40_19_40 is being created by clock MIPI_RX_BYTE_CLK through SCLK.
RUN-1001 : Clock region assignment statistics:
RUN-1001 : Clock Region s_0_l [0,0][23,39]; Utilization: 7 out of 12
RUN-1001 : ----------------------------------------------------------------------------------------------------------------------------------------------------------------------------------------------------------------------------------------------------------------------------------------------------------------------------------------
RUN-1001 :   Bank  |                                                   Leading Clock                                                    |       Type        |                                                                          Buffer                                                                           |  Regional Clock Fanouts  
RUN-1001 : ----------------------------------------------------------------------------------------------------------------------------------------------------------------------------------------------------------------------------------------------------------------------------------------------------------------------------------------
RUN-1001 :    1    |      u_isp_top/u_demosaic/raw_matrix_3x3_buffer_d/zhenghe_d/blk_mem_gen_zhenghe_d1/ram_d32970204f32_Inst/clkb      |  (infered sclk)   |                           u_mipi_dphy_rx_ph1p_mipiio_wrapper/u_ph1p_mipiio_rx_wrapper/bufg_feedback_auto_created_sclk_s_0_l_bk1                           |           1201           
RUN-1001 :    2    |                 u_ph1p35_324_ddr_wrapper/u_ddr2/ph1p_ddrmc_wrapper/ph1p_ddrmc_top/u_alc_mc_top/clk                 |  (infered sclk)   |   u_ph1p35_324_ddr_wrapper/u_ddr2/ph1p_ddrmc_wrapper/ph1p_ddrmc_top/u_ddr_phy/u_ddrphy_top/u_ddrphy_clk/u_pll1/u_bufg_fbclk_auto_created_sclk_s_0_l_bk2   |           800            
RUN-1001 :    3    |                                             u_hdmi_mixer/I_clk_syn_654                                             |  (infered sclk)   |                                              u_hdmi_mixer/I_clk_created_gclkinst_auto_created_sclk_s_0_l_bk3                                              |           308            
RUN-1001 :    4    |                                                  I_sys_clk_syn_8                                                   |  (infered sclk)   |                                               I_sys_clk_dup_6_created_gclkinst_auto_created_sclk_s_0_l_bk4                                                |            70            
RUN-1001 :    5    |                                                  O_cam_24m_syn_3                                                   |  (infered sclk)   |                                               O_cam_24m_dup_1_created_gclkinst_auto_created_sclk_s_0_l_bk5                                                |            47            
RUN-1001 :    6    |                                       u_uicfgcs500/uii2c_inst/scl_clk_syn_9                                        |  (infered sclk)   |                                       u_uicfgcs500/uii2c_inst/scl_clk_created_gclkinst_auto_created_sclk_s_0_l_bk6                                        |            16            
RUN-1001 :    7    |  u_ph1p35_324_ddr_wrapper/u_ddr2/ph1p_ddrmc_wrapper/ph1p_ddrmc_top/u_ddr_phy/u_ddrphy_top/u_ddrphy/apb_pclk_syn_1  |  (infered sclk)   |  u_ph1p35_324_ddr_wrapper/u_ddr2/ph1p_ddrmc_wrapper/ph1p_ddrmc_top/u_ddr_phy/u_ddrphy_top/u_ddrphy/apb_pclk_created_gclkinst_auto_created_sclk_s_0_l_bk7  |            7             
RUN-1001 : ----------------------------------------------------------------------------------------------------------------------------------------------------------------------------------------------------------------------------------------------------------------------------------------------------------------------------------------
RUN-1001 : Clock Region s_0_r [24,0][47,39]; Utilization: 5 out of 12
RUN-1001 : ------------------------------------------------------------------------------------------------------------------------------------------------------------------------------------------------------------------------------------------------------------------------------------------------------------------------------
RUN-1001 :   Bank  |                                               Leading Clock                                                |       Type        |                                                                         Buffer                                                                          |  Regional Clock Fanouts  
RUN-1001 : ------------------------------------------------------------------------------------------------------------------------------------------------------------------------------------------------------------------------------------------------------------------------------------------------------------------------------
RUN-1001 :    1    |  u_isp_top/u_demosaic/raw_matrix_3x3_buffer_d/zhenghe_d/blk_mem_gen_zhenghe_d1/ram_d32970204f32_Inst/clkb  |  (infered sclk)   |                          u_mipi_dphy_rx_ph1p_mipiio_wrapper/u_ph1p_mipiio_rx_wrapper/bufg_feedback_auto_created_sclk_s_0_r_bk1                          |           2343           
RUN-1001 :    2    |                                              O_cam_24m_syn_3                                               |  (infered sclk)   |                                              O_cam_24m_dup_1_created_gclkinst_auto_created_sclk_s_0_r_bk2                                               |            14            
RUN-1001 :    3    |            u_mipi_dphy_rx_ph1p_mipiio_wrapper/u_ph1p_mipiio_rx_wrapper/u_lane0_hs_detect/I_clk             |  (infered sclk)   |                                                     u_PLL/bufg_feedback_auto_created_sclk_s_0_r_bk3                                                     |            7             
RUN-1001 :    4    |             u_ph1p35_324_ddr_wrapper/u_ddr2/ph1p_ddrmc_wrapper/ph1p_ddrmc_top/u_alc_mc_top/clk             |  (infered sclk)   |  u_ph1p35_324_ddr_wrapper/u_ddr2/ph1p_ddrmc_wrapper/ph1p_ddrmc_top/u_ddr_phy/u_ddrphy_top/u_ddrphy_clk/u_pll1/u_bufg_fbclk_auto_created_sclk_s_0_r_bk4  |            4             
RUN-1001 :    5    |                                         u_hdmi_mixer/I_clk_syn_654                                         |  (infered sclk)   |                                             u_hdmi_mixer/I_clk_created_gclkinst_auto_created_sclk_s_0_r_bk5                                             |            1             
RUN-1001 : ------------------------------------------------------------------------------------------------------------------------------------------------------------------------------------------------------------------------------------------------------------------------------------------------------------------------------
RUN-1001 : Clock Region s_1_l [0,40][23,79]; Utilization: 4 out of 12
RUN-1001 : ----------------------------------------------------------------------------------------------------------------------------------------------------------------------------------------------------------------------------------------------------------------------------------------------------------------------------------------
RUN-1001 :   Bank  |                                                   Leading Clock                                                    |       Type        |                                                                          Buffer                                                                           |  Regional Clock Fanouts  
RUN-1001 : ----------------------------------------------------------------------------------------------------------------------------------------------------------------------------------------------------------------------------------------------------------------------------------------------------------------------------------------
RUN-1001 :    1    |                 u_ph1p35_324_ddr_wrapper/u_ddr2/ph1p_ddrmc_wrapper/ph1p_ddrmc_top/u_alc_mc_top/clk                 |  (infered sclk)   |   u_ph1p35_324_ddr_wrapper/u_ddr2/ph1p_ddrmc_wrapper/ph1p_ddrmc_top/u_ddr_phy/u_ddrphy_top/u_ddrphy_clk/u_pll1/u_bufg_fbclk_auto_created_sclk_s_1_l_bk1   |           1253           
RUN-1001 :    2    |      u_isp_top/u_demosaic/raw_matrix_3x3_buffer_d/zhenghe_d/blk_mem_gen_zhenghe_d1/ram_d32970204f32_Inst/clkb      |  (infered sclk)   |                           u_mipi_dphy_rx_ph1p_mipiio_wrapper/u_ph1p_mipiio_rx_wrapper/bufg_feedback_auto_created_sclk_s_1_l_bk2                           |           2151           
RUN-1001 :    3    |  u_ph1p35_324_ddr_wrapper/u_ddr2/ph1p_ddrmc_wrapper/ph1p_ddrmc_top/u_ddr_phy/u_ddrphy_top/u_ddrphy/apb_pclk_syn_1  |  (infered sclk)   |  u_ph1p35_324_ddr_wrapper/u_ddr2/ph1p_ddrmc_wrapper/ph1p_ddrmc_top/u_ddr_phy/u_ddrphy_top/u_ddrphy/apb_pclk_created_gclkinst_auto_created_sclk_s_1_l_bk3  |            24            
RUN-1001 :    4    |                                             u_hdmi_mixer/I_clk_syn_654                                             |  (infered sclk)   |                                              u_hdmi_mixer/I_clk_created_gclkinst_auto_created_sclk_s_1_l_bk4                                              |            17            
RUN-1001 : ----------------------------------------------------------------------------------------------------------------------------------------------------------------------------------------------------------------------------------------------------------------------------------------------------------------------------------------
RUN-1001 : Clock Region s_1_r [24,40][43,79]; Utilization: 4 out of 12
RUN-1001 : --------------------------------------------------------------------------------------------------------------------------------------------------------------------------------------------------------------------------------------------------------------------------------
RUN-1001 :   Bank  |                                               Leading Clock                                                |       Type        |                                                  Buffer                                                   |  Regional Clock Fanouts  
RUN-1001 : --------------------------------------------------------------------------------------------------------------------------------------------------------------------------------------------------------------------------------------------------------------------------------
RUN-1001 :    1    |            u_mipi_dphy_rx_ph1p_mipiio_wrapper/u_ph1p_mipiio_rx_wrapper/u_lane0_hs_detect/I_clk             |  (infered sclk)   |                              u_PLL/bufg_feedback_auto_created_sclk_s_1_r_bk1                              |            1             
RUN-1001 :    2    |  u_isp_top/u_demosaic/raw_matrix_3x3_buffer_d/zhenghe_d/blk_mem_gen_zhenghe_d1/ram_d32970204f32_Inst/clkb  |  (infered sclk)   |   u_mipi_dphy_rx_ph1p_mipiio_wrapper/u_ph1p_mipiio_rx_wrapper/bufg_feedback_auto_created_sclk_s_1_r_bk2   |           2217           
RUN-1001 :    3    |                                         u_hdmi_mixer/I_clk_syn_654                                         |  (infered sclk)   |                      u_hdmi_mixer/I_clk_created_gclkinst_auto_created_sclk_s_1_r_bk3                      |           555            
RUN-1001 :    4    |                      u_hdmi_tx/u_hdmi2phy_wrapper/u0_lane_lvds_8_1/I_serial_clk_syn_1                      |  (infered sclk)   |  u_hdmi_tx/u_hdmi2phy_wrapper/u0_lane_lvds_8_1/I_serial_clk_created_gclkinst_auto_created_sclk_s_1_r_bk4  |            36            
RUN-1001 : --------------------------------------------------------------------------------------------------------------------------------------------------------------------------------------------------------------------------------------------------------------------------------
PHY-1001 : Populate physical database on model design_top_wrapper.
PHY-1001 : Route runs in 32 thread(s)
RUN-1001 : There are total 19856 instances
RUN-1001 : 536 mslices, 18067 lslices, 54 pads, 108 brams, 19 dsps
RUN-1001 : There are total 47155 nets
RUN-1001 : 30424 nets have 2 pins
RUN-1001 : 13020 nets have [3 - 5] pins
RUN-1001 : 2385 nets have [6 - 10] pins
RUN-1001 : 751 nets have [11 - 20] pins
RUN-1001 : 505 nets have [21 - 99] pins
RUN-1001 : 70 nets have 100+ pins
RUN-1002 : start command "start_timer"
RUN-1003 : finish command "start_timer" in  2.749315s wall, 2.703125s user + 0.000000s system = 2.703125s CPU (98.3%)

RUN-1004 : used memory is 2093 MB, reserved memory is 2147 MB, peak memory is 2093 MB
PHY-1001 : 536 mslices, 18067 lslices, 54 pads, 108 brams, 19 dsps

PHY-1001 : Stage 1 | Global Routing
PHY-1001 : Start global routing, caller is route ...
RUN-1001 : Generating global routing grids ...
PHY-1001 : Generate routing nets ...
RUN-1001 : Generate nets statistics:
RUN-1001 : ----------------------------
RUN-1001 :        Type       |  Nets   
RUN-1001 : ----------------------------
RUN-1001 :   TotalRouteNets  |  33284  
RUN-1001 :   DontRouteNets   |  3208   
RUN-1001 :     RouteNets     |  30076  
RUN-1001 :     RouteSinks    |  63781  
RUN-1001 : ----------------------------
PHY-1001 : Global iterations in 32 thread ...
PHY-1002 : len = 3.09814e+06, over cnt = 4545(6%), over = 8953, worst = 9
PHY-1002 : len = 3.22781e+06, over cnt = 2951(4%), over = 5088, worst = 9
PHY-1002 : len = 3.35474e+06, over cnt = 1211(1%), over = 2238, worst = 9
PHY-1002 : len = 3.42186e+06, over cnt = 72(0%), over = 153, worst = 7
PHY-1002 : len = 3.42651e+06, over cnt = 0(0%), over = 0, worst = 0
PHY-1001 : End global iterations;  2.532013s wall, 3.578125s user + 0.000000s system = 3.578125s CPU (141.3%)

PHY-1001 : Congestion index:
PHY-1001 : top1  = 89.92(S 70.28, N 71.46, E 81.66, W 88.67, I 71.63, O 86.76)
PHY-1001 : top5  = 80.11(S 60.92, N 63.23, E 71.45, W 76.88, I 60.56, O 70.83)
PHY-1001 : top10 = 75.06(S 55.59, N 58.18, E 65.66, W 70.48, I 57.28, O 64.03)
PHY-1001 : top15 = 71.77(S 51.88, N 54.60, E 61.71, W 66.19, I 55.17, O 59.75)
PHY-1001 : End global routing;  2.911726s wall, 3.937500s user + 0.000000s system = 3.937500s CPU (135.2%)

PHY-1001 : End Stage 1 | Global Routing; Time: 2.911958s wall, 3.937500s user + 0.000000s system = 3.937500s CPU (135.2%); Memory(MB): used = 2093, reserved = 2147, peak = 2093;

PHY-1001 : Stage 2 | Detail Routing
PHY-1001 : Stage 2.1 | Build Routing Design
PHY-1001 : Routing in high effort: false
PHY-1001 : Routing Mode: normal
PHY-1001 : Generate detailed routing grids ...
RUN-1001 : Constructing routing connections ...
PHY-1001 : End build routing graph; 2.007209s wall, 18.125000s user + 0.062500s system = 18.187500s CPU (906.1%)

PHY-1001 : Generate nets ...
RUN-1001 : Generate nets statistics:
RUN-1001 : -------------------------------
RUN-1001 :         Type        |   Nets   
RUN-1001 : -------------------------------
RUN-1001 :        Route        |  33768   
RUN-1001 :      DontRoute      |  13387   
RUN-1001 :      RouteSinks     |  120253  
RUN-1001 :   RouteEntitySinks  |    0     
RUN-1001 :       Lut2Dff       |    0     
RUN-1001 :       Ram2Dff       |    0     
RUN-1001 :      Carry2Dff      |    0     
RUN-1001 : -------------------------------
RUN-1001 : DR clock net summary:
RUN-1001 : ---------------------------------------------------------------------------------------------------------------------------------------------------
RUN-1001 :   Net Idx  |                                                        Net Name                                                        |  Clock Type  
RUN-1001 : ---------------------------------------------------------------------------------------------------------------------------------------------------
RUN-1001 :      1     |                                                    I_sys_clk_dup_6                                                     |    Normal    
RUN-1001 :      2     |                                                    I_sys_clk_syn_8                                                     |    Normal    
RUN-1001 :      3     |                                                    O_cam_24m_dup_1                                                     |    Normal    
RUN-1001 :      4     |                                                    O_cam_24m_syn_3                                                     |    Normal    
RUN-1001 :      5     |                                                     u_PLL/clk0_buf                                                     |    Normal    
RUN-1001 :      6     |                                                   u_hdmi_mixer/I_clk                                                   |    Normal    
RUN-1001 :      7     |                                               u_hdmi_mixer/I_clk_syn_654                                               |    Normal    
RUN-1001 :      8     |                               u_hdmi_tx/u_hdmi2phy_wrapper/u0_lane_lvds_8_1/I_serial_clk                               |    Normal    
RUN-1001 :      9     |                            u_hdmi_tx/u_hdmi2phy_wrapper/u0_lane_lvds_8_1/I_serial_clk_syn_1                            |    Normal    
RUN-1001 :     10     |        u_isp_top/u_demosaic/raw_matrix_3x3_buffer_d/zhenghe_d/blk_mem_gen_zhenghe_d1/ram_d32970204f32_Inst/clkb        |    Normal    
RUN-1001 :     11     |                     u_mipi_dphy_rx_ph1p_mipiio_wrapper/u_ph1p_mipiio_rx_wrapper/S_mipiio_hs_rx_clk                     |    Normal    
RUN-1001 :     12     |                  u_mipi_dphy_rx_ph1p_mipiio_wrapper/u_ph1p_mipiio_rx_wrapper/u_lane0_hs_detect/I_clk                   |    Normal    
RUN-1001 :     13     |                   u_ph1p35_324_ddr_wrapper/u_ddr2/ph1p_ddrmc_wrapper/ph1p_ddrmc_top/u_alc_mc_top/clk                   |    Normal    
RUN-1001 :     14     |       u_ph1p35_324_ddr_wrapper/u_ddr2/ph1p_ddrmc_wrapper/ph1p_ddrmc_top/u_ddr_phy/u_ddrphy_top/u_ddrphy/apb_pclk       |    Normal    
RUN-1001 :     15     |    u_ph1p35_324_ddr_wrapper/u_ddr2/ph1p_ddrmc_wrapper/ph1p_ddrmc_top/u_ddr_phy/u_ddrphy_top/u_ddrphy/apb_pclk_syn_1    |    Normal    
RUN-1001 :     16     |      u_ph1p35_324_ddr_wrapper/u_ddr2/ph1p_ddrmc_wrapper/ph1p_ddrmc_top/u_ddr_phy/u_ddrphy_top/u_ddrphy/ctl_clk[0]      |    Normal    
RUN-1001 :     17     |      u_ph1p35_324_ddr_wrapper/u_ddr2/ph1p_ddrmc_wrapper/ph1p_ddrmc_top/u_ddr_phy/u_ddrphy_top/u_ddrphy/ctl_clk[1]      |    Normal    
RUN-1001 :     18     |      u_ph1p35_324_ddr_wrapper/u_ddr2/ph1p_ddrmc_wrapper/ph1p_ddrmc_top/u_ddr_phy/u_ddrphy_top/u_ddrphy/ddr_clk[0]      |    Normal    
RUN-1001 :     19     |      u_ph1p35_324_ddr_wrapper/u_ddr2/ph1p_ddrmc_wrapper/ph1p_ddrmc_top/u_ddr_phy/u_ddrphy_top/u_ddrphy/ddr_clk[1]      |    Normal    
RUN-1001 :     20     |    u_ph1p35_324_ddr_wrapper/u_ddr2/ph1p_ddrmc_wrapper/ph1p_ddrmc_top/u_ddr_phy/u_ddrphy_top/u_ddrphy_clk/pll0_clk_1    |    Normal    
RUN-1001 :     21     |    u_ph1p35_324_ddr_wrapper/u_ddr2/ph1p_ddrmc_wrapper/ph1p_ddrmc_top/u_ddr_phy/u_ddrphy_top/u_ddrphy_clk/pll0_clk_2    |    Normal    
RUN-1001 :     22     |   u_ph1p35_324_ddr_wrapper/u_ddr2/ph1p_ddrmc_wrapper/ph1p_ddrmc_top/u_ddr_phy/u_ddrphy_top/u_ddrphy_clk/pll0_mlclk_1   |    Normal    
RUN-1001 :     23     |   u_ph1p35_324_ddr_wrapper/u_ddr2/ph1p_ddrmc_wrapper/ph1p_ddrmc_top/u_ddr_phy/u_ddrphy_top/u_ddrphy_clk/pll0_mlclk_2   |    Normal    
RUN-1001 :     24     |  u_ph1p35_324_ddr_wrapper/u_ddr2/ph1p_ddrmc_wrapper/ph1p_ddrmc_top/u_ddr_phy/u_ddrphy_top/u_ddrphy_clk/u_pll1/clkc[0]  |    Normal    
RUN-1001 :     25     |  u_ph1p35_324_ddr_wrapper/u_ddr2/ph1p_ddrmc_wrapper/ph1p_ddrmc_top/u_ddr_phy/u_ddrphy_top/u_ddrphy_clk/u_pll1/refclk   |    Normal    
RUN-1001 :     26     |                                            u_uicfgcs500/uii2c_inst/scl_clk                                             |    Normal    
RUN-1001 :     27     |                                         u_uicfgcs500/uii2c_inst/scl_clk_syn_9                                          |    Normal    
RUN-1001 : ---------------------------------------------------------------------------------------------------------------------------------------------------
RUN-1001 : DR clock buffer summary:
RUN-1001 : -------------------------------------------------------------------------------------------------------------------------------------------------------------------
RUN-1001 :   Idx  |                                                                           Name                                                                            
RUN-1001 : -------------------------------------------------------------------------------------------------------------------------------------------------------------------
RUN-1001 :    1   |                           u_mipi_dphy_rx_ph1p_mipiio_wrapper/u_ph1p_mipiio_rx_wrapper/bufg_feedback_auto_created_sclk_s_0_l_bk1                           
RUN-1001 :    2   |   u_ph1p35_324_ddr_wrapper/u_ddr2/ph1p_ddrmc_wrapper/ph1p_ddrmc_top/u_ddr_phy/u_ddrphy_top/u_ddrphy_clk/u_pll1/u_bufg_fbclk_auto_created_sclk_s_0_l_bk2   
RUN-1001 :    3   |                                              u_hdmi_mixer/I_clk_created_gclkinst_auto_created_sclk_s_0_l_bk3                                              
RUN-1001 :    4   |                                               I_sys_clk_dup_6_created_gclkinst_auto_created_sclk_s_0_l_bk4                                                
RUN-1001 :    5   |                                               O_cam_24m_dup_1_created_gclkinst_auto_created_sclk_s_0_l_bk5                                                
RUN-1001 :    6   |                                       u_uicfgcs500/uii2c_inst/scl_clk_created_gclkinst_auto_created_sclk_s_0_l_bk6                                        
RUN-1001 :    7   |  u_ph1p35_324_ddr_wrapper/u_ddr2/ph1p_ddrmc_wrapper/ph1p_ddrmc_top/u_ddr_phy/u_ddrphy_top/u_ddrphy/apb_pclk_created_gclkinst_auto_created_sclk_s_0_l_bk7  
RUN-1001 :    8   |                           u_mipi_dphy_rx_ph1p_mipiio_wrapper/u_ph1p_mipiio_rx_wrapper/bufg_feedback_auto_created_sclk_s_0_r_bk1                           
RUN-1001 :    9   |                                               O_cam_24m_dup_1_created_gclkinst_auto_created_sclk_s_0_r_bk2                                                
RUN-1001 :   10   |                                                      u_PLL/bufg_feedback_auto_created_sclk_s_0_r_bk3                                                      
RUN-1001 :   11   |   u_ph1p35_324_ddr_wrapper/u_ddr2/ph1p_ddrmc_wrapper/ph1p_ddrmc_top/u_ddr_phy/u_ddrphy_top/u_ddrphy_clk/u_pll1/u_bufg_fbclk_auto_created_sclk_s_0_r_bk4   
RUN-1001 :   12   |                                              u_hdmi_mixer/I_clk_created_gclkinst_auto_created_sclk_s_0_r_bk5                                              
RUN-1001 :   13   |   u_ph1p35_324_ddr_wrapper/u_ddr2/ph1p_ddrmc_wrapper/ph1p_ddrmc_top/u_ddr_phy/u_ddrphy_top/u_ddrphy_clk/u_pll1/u_bufg_fbclk_auto_created_sclk_s_1_l_bk1   
RUN-1001 :   14   |                           u_mipi_dphy_rx_ph1p_mipiio_wrapper/u_ph1p_mipiio_rx_wrapper/bufg_feedback_auto_created_sclk_s_1_l_bk2                           
RUN-1001 :   15   |  u_ph1p35_324_ddr_wrapper/u_ddr2/ph1p_ddrmc_wrapper/ph1p_ddrmc_top/u_ddr_phy/u_ddrphy_top/u_ddrphy/apb_pclk_created_gclkinst_auto_created_sclk_s_1_l_bk3  
RUN-1001 :   16   |                                              u_hdmi_mixer/I_clk_created_gclkinst_auto_created_sclk_s_1_l_bk4                                              
RUN-1001 :   17   |                                                      u_PLL/bufg_feedback_auto_created_sclk_s_1_r_bk1                                                      
RUN-1001 :   18   |                           u_mipi_dphy_rx_ph1p_mipiio_wrapper/u_ph1p_mipiio_rx_wrapper/bufg_feedback_auto_created_sclk_s_1_r_bk2                           
RUN-1001 :   19   |                                              u_hdmi_mixer/I_clk_created_gclkinst_auto_created_sclk_s_1_r_bk3                                              
RUN-1001 :   20   |                          u_hdmi_tx/u_hdmi2phy_wrapper/u0_lane_lvds_8_1/I_serial_clk_created_gclkinst_auto_created_sclk_s_1_r_bk4                          
RUN-1001 : -------------------------------------------------------------------------------------------------------------------------------------------------------------------
PHY-1001 : End Stage 2.1 | Build Routing Design; Time: 2.501332s wall, 18.609375s user + 0.062500s system = 18.671875s CPU (746.5%); Memory(MB): used = 2381, reserved = 2365, peak = 2381;

RUN-1001 : Top Percentage Crit. Net Stat.
RUN-1001 : -------------------------------------------------------
RUN-1001 :   Top %  |  Net Count  |  Avg. Fanout  |  Avg. Slack   
RUN-1001 : -------------------------------------------------------
RUN-1001 :     1    |     471     |   1.760085    |  1533.437367  
RUN-1001 :     2    |     943     |   4.180276    |  2193.555673  
RUN-1001 :     3    |    1414     |   4.332390    |  2582.775106  
RUN-1001 :     4    |    1886     |   3.823436    |  2833.188759  
RUN-1001 :     5    |    2357     |   3.447603    |  3012.938057  
RUN-1001 :     6    |    2829     |   3.186992    |  3156.213856  
RUN-1001 :     7    |    3300     |   3.002121    |  3278.538485  
RUN-1001 :     8    |    3772     |   3.471103    |  3391.412513  
RUN-1001 :     9    |    4243     |   3.629979    |  3503.236861  
RUN-1001 :    10    |    4715     |   3.808059    |  3624.937434  
RUN-1001 : -------------------------------------------------------
PHY-1001 : Stage 2.2 | Tile Base Routing
PHY-1001 : 326 nets need to preroute.
PHY-1001 : len = 0, over cnt = 0(0%), over = 0, worst = 0, crit = 0
PHY-1001 : End Stage 2.2 | Tile Base Routing; Time: 0.342160s wall, 8.187500s user + 0.000000s system = 8.187500s CPU (2392.9%); Memory(MB): used = 2385, reserved = 2369, peak = 2385;

PHY-1001 : Stage 2.3 | Clock Nets Routing
PHY-1001 : Routed 0% nets.
PHY-1001 : len = 440112, over cnt = 0(0%), over = 0, worst = 0, crit = 0
PHY-1001 : End Stage 2.3 | Clock Nets Routing; Time: 0.543132s wall, 0.515625s user + 0.015625s system = 0.531250s CPU (97.8%); Memory(MB): used = 2419, reserved = 2403, peak = 2419;

PHY-1001 : Stage 2.4 | Routing Initialization
PHY-1001 : Mark 1% net(place mode slack < 2242ps) as critical nets.
PHY-1001 : Stage 2.4.1 | Normal Nets Routing
PHY-1001 : Routed 67% nets.
PHY-1001 : len = 5.11192e+06, over cnt = 31018(2%), over = 33794, worst = 4, crit = 0
PHY-1001 : End Stage 2.4.1 | Normal Nets Routing; Time: 15.556389s wall, 32.750000s user + 0.140625s system = 32.890625s CPU (211.4%); Memory(MB): used = 2485, reserved = 2470, peak = 2485;

PHY-1001 : Stage 2.4.2 | Update Timing
RUN-1002 : start command "start_timer"
USR-1002 : Derived clock:  create_generated_clock -name {u_PLL/ph1p_phy_pll_wrapper_25a56e5ce2f9_Inst/u_PH1P_PHY_PLL.clkc[0]} -source [get_ports {I_sys_clk}] -master_clock {sys_clk_50m} -multiply_by 2.0000 -duty_cycle 50.0000 [get_pins {u_PLL/ph1p_phy_pll_wrapper_25a56e5ce2f9_Inst/u_PH1P_PHY_PLL.clkc[0]}]
USR-1002 : Derived clock:  create_generated_clock -name {u_PLL/ph1p_phy_pll_wrapper_25a56e5ce2f9_Inst/u_PH1P_PHY_PLL.clkc[1]} -source [get_ports {I_sys_clk}] -master_clock {sys_clk_50m} -divide_by 2.0769 -duty_cycle 50.0000 [get_pins {u_PLL/ph1p_phy_pll_wrapper_25a56e5ce2f9_Inst/u_PH1P_PHY_PLL.clkc[1]}]
USR-1002 : Derived clock:  create_generated_clock -name {u_PLL/ph1p_phy_pll_wrapper_25a56e5ce2f9_Inst/u_PH1P_PHY_PLL.clkc[4]} -source [get_ports {I_sys_clk}] -master_clock {sys_clk_50m} -multiply_by 1.0400 -duty_cycle 50.0000 [get_pins {u_PLL/ph1p_phy_pll_wrapper_25a56e5ce2f9_Inst/u_PH1P_PHY_PLL.clkc[4]}]
USR-1002 : Derived clock:  create_generated_clock -name {u_PLL/ph1p_phy_pll_wrapper_25a56e5ce2f9_Inst/u_PH1P_PHY_PLL.clkc[5]} -source [get_ports {I_sys_clk}] -master_clock {sys_clk_50m} -multiply_by 5.2000 -duty_cycle 50.0000 [get_pins {u_PLL/ph1p_phy_pll_wrapper_25a56e5ce2f9_Inst/u_PH1P_PHY_PLL.clkc[5]}]
USR-1002 : Derived clock:  create_generated_clock -name {u_ph1p35_324_ddr_wrapper/u_ddr2/ph1p_ddrmc_wrapper/ph1p_ddrmc_top/u_ddr_phy/u_ddrphy_top/u_ddrphy_clk/u_pll0/u_pll_inst.clkc[0]} -source [get_ports {I_sys_clk}] -master_clock {sys_clk_50m} -multiply_by 1.3333 -duty_cycle 50.0000 [get_pins {u_ph1p35_324_ddr_wrapper/u_ddr2/ph1p_ddrmc_wrapper/ph1p_ddrmc_top/u_ddr_phy/u_ddrphy_top/u_ddrphy_clk/u_pll0/u_pll_inst.clkc[0]}]
USR-1002 : Derived clock:  create_generated_clock -name {u_ph1p35_324_ddr_wrapper/u_ddr2/ph1p_ddrmc_wrapper/ph1p_ddrmc_top/u_ddr_phy/u_ddrphy_top/u_ddrphy_clk/u_pll0/u_pll_inst.clkc[1]} -source [get_ports {I_sys_clk}] -master_clock {sys_clk_50m} -multiply_by 1.3333 -duty_cycle 50.0000 [get_pins {u_ph1p35_324_ddr_wrapper/u_ddr2/ph1p_ddrmc_wrapper/ph1p_ddrmc_top/u_ddr_phy/u_ddrphy_top/u_ddrphy_clk/u_pll0/u_pll_inst.clkc[1]}]
USR-1002 : Derived clock:  create_generated_clock -name {u_ph1p35_324_ddr_wrapper/u_ddr2/ph1p_ddrmc_wrapper/ph1p_ddrmc_top/u_ddr_phy/u_ddrphy_top/u_ddrphy_clk/u_pll0/u_pll_inst.clkc[2]} -source [get_ports {I_sys_clk}] -master_clock {sys_clk_50m} -multiply_by 5.3333 -duty_cycle 50.0000 [get_pins {u_ph1p35_324_ddr_wrapper/u_ddr2/ph1p_ddrmc_wrapper/ph1p_ddrmc_top/u_ddr_phy/u_ddrphy_top/u_ddrphy_clk/u_pll0/u_pll_inst.clkc[2]}]
USR-1002 : Derived clock:  create_generated_clock -name {u_ph1p35_324_ddr_wrapper/u_ddr2/ph1p_ddrmc_wrapper/ph1p_ddrmc_top/u_ddr_phy/u_ddrphy_top/u_ddrphy_clk/u_pll0/u_pll_inst.clkc[3]} -source [get_ports {I_sys_clk}] -master_clock {sys_clk_50m} -divide_by 1.9687 -duty_cycle 50.0000 [get_pins {u_ph1p35_324_ddr_wrapper/u_ddr2/ph1p_ddrmc_wrapper/ph1p_ddrmc_top/u_ddr_phy/u_ddrphy_top/u_ddrphy_clk/u_pll0/u_pll_inst.clkc[3]}]
USR-1002 : Derived clock:  create_generated_clock -name {u_ph1p35_324_ddr_wrapper/u_ddr2/ph1p_ddrmc_wrapper/ph1p_ddrmc_top/u_ddr_phy/u_ddrphy_top/u_ddrphy_clk/u_pll1/u_pll_inst.clkc[0]} -source [get_pins {u_ph1p35_324_ddr_wrapper/u_ddr2/ph1p_ddrmc_wrapper/ph1p_ddrmc_top/u_ddr_phy/u_ddrphy_top/u_ddrphy_clk/u_pll0/u_pll_inst.clkc[0]}] -master_clock {u_ph1p35_324_ddr_wrapper/u_ddr2/ph1p_ddrmc_wrapper/ph1p_ddrmc_top/u_ddr_phy/u_ddrphy_top/u_ddrphy_clk/u_pll0/u_pll_inst.clkc[0]} -multiply_by 1.0000 -duty_cycle 50.0000 [get_pins {u_ph1p35_324_ddr_wrapper/u_ddr2/ph1p_ddrmc_wrapper/ph1p_ddrmc_top/u_ddr_phy/u_ddrphy_top/u_ddrphy_clk/u_pll1/u_pll_inst.clkc[0]}]
8.888000
15.000000
15.000000
19.230000
RUN-1003 : finish command "start_timer" in  1.995122s wall, 1.937500s user + 0.015625s system = 1.953125s CPU (97.9%)

RUN-1004 : used memory is 2488 MB, reserved memory is 2472 MB, peak memory is 2488 MB
TMR-2502 : Net delay update with mode: Routed
PHY-1001 : 23/33284(0%) critical/total net(s).
PHY-1001 : Setup: WNS(ns) = -0.136, TNS(ns) = -0.136, FEP = 1 | Hold: WNS(ns) = -0.253, TNS(ns) = -18.999, FEP = 357.
PHY-1001 : End Stage 2.4.2 | Update Timing; Time: 5.696540s wall, 5.578125s user + 0.046875s system = 5.625000s CPU (98.7%); Memory(MB): used = 2696, reserved = 2680, peak = 2696;

PHY-1001 : Stage 2.4.3 | Deskew Clock Tree
RUN-1001 : Deskew Summary
RUN-1001 : ---------------------------------------------------------------------------------------------------------------------------------
RUN-1001 :                                                 Clock                                                 |  Pre-Skew  |  Post-Skew  
RUN-1001 : ---------------------------------------------------------------------------------------------------------------------------------
RUN-1001 :                                             mipi_rx_ck_pad                                            |     32     |     32      
RUN-1001 :   u_mipi_dphy_rx_ph1p_mipiio_wrapper/u_ph1p_mipiio_rx_wrapper/u_PH1P_LOGIC_DPHY_MIPI_RX.io_clk_pad_p  |     32     |     32      
RUN-1001 :                                            MIPI_RX_BYTE_CLK                                           |     32     |     32      
RUN-1001 :                                              pll_clk_100m                                             |     20     |     20      
RUN-1001 :                                u_ph1p35_324_ddr_wrapper/u_ddr2/usr_clk                                |     15     |     15      
RUN-1001 :                                             HDMI_PIXEL_CLK                                            |     16     |     16      
RUN-1001 :                                u_ph1p35_324_ddr_wrapper/u_ddr2/mcu_clk                                |     12     |     12      
RUN-1001 :                                              pll_clk_24m                                              |     4      |      4      
RUN-1001 : ---------------------------------------------------------------------------------------------------------------------------------
PHY-1001 : 23/33284(0%) critical/total net(s).
PHY-1001 : Setup: WNS(ns) = -0.136, TNS(ns) = -0.136, FEP = 1 | Hold: WNS(ns) = -0.253, TNS(ns) = -18.999, FEP = 357.
PHY-1001 : End Stage 2.4.3 | Deskew Clock Tree; Time: 3.683398s wall, 3.656250s user + 0.015625s system = 3.671875s CPU (99.7%); Memory(MB): used = 2753, reserved = 2736, peak = 2753;

PHY-1001 : End Stage 2.4 | Routing Initialization; Time: 25.028167s wall, 42.078125s user + 0.203125s system = 42.281250s CPU (168.9%); Memory(MB): used = 2753, reserved = 2736, peak = 2753;

PHY-1001 : Stage 2.5 | Routing Optimization
PHY-1001 : Build lut bridge;  0.096430s wall, 0.109375s user + 0.000000s system = 0.109375s CPU (113.4%)

PHY-1001 : Stage 2.5.1 | Phase 1
PHY-1001 : Stage 2.5.1.1 | Hold TimeOptimization
PHY-1001 : Iter 0; Processed 449 pins with HWNS -0.253ns HTNS -9.641ns FEP 201 took 0.398749 seconds.
PHY-1001 : Iter 1; Processed 684 pins with HWNS -0.009ns HTNS -0.013ns FEP 3 took 2.2293 seconds.
PHY-1001 : len = 5.18053e+06, over cnt = 30856(2%), over = 33626, worst = 4, crit = 0
PHY-1001 : End Stage 2.5.1.1 | Hold TimeOptimization; Time: 2.720127s wall, 2.984375s user + 0.031250s system = 3.015625s CPU (110.9%); Memory(MB): used = 2756, reserved = 2739, peak = 2756;

PHY-1001 : Stage 2.5.1.2 | High Fanout Nets Optimization
PHY-1001 : High fanout net optimize summary:
PHY-1001 : Process 4 nets and 4 pins with SWNS 0.040ns STNS 0.000ns FEP 0.
PHY-1001 : len = 5.18162e+06, over cnt = 30858(2%), over = 33629, worst = 4, crit = 0
PHY-1001 : End Stage 2.5.1.2 | High Fanout Nets Optimization; Time: 0.387284s wall, 0.843750s user + 0.015625s system = 0.859375s CPU (221.9%); Memory(MB): used = 2756, reserved = 2739, peak = 2756;

PHY-1001 : Stage 2.5.1.3 | Setup TimeOptimization
PHY-1001 : Start to optimize setup violation with net base ...
PHY-1001 : Iter 1; Processed 2 pins with SWNS 0.131ns STNS 0.000ns FEP 0 took 0.296212 seconds.
PHY-1001 : Mark 209 critical net(s) and 336 critical pin(s).
PHY-1001 : len = 5.18192e+06, over cnt = 30859(2%), over = 33632, worst = 4, crit = 17
PHY-1001 : End Stage 2.5.1.3 | Setup TimeOptimization; Time: 0.715927s wall, 0.687500s user + 0.015625s system = 0.703125s CPU (98.2%); Memory(MB): used = 2756, reserved = 2739, peak = 2756;

PHY-1001 : Stage 2.5.1.4 | Rip-up And ReRoute
PHY-0007 : Congestion: {89.81, 82.39, 77.92, 75.16}; Timing: {0.131ns, 0.000ns, 0}
PHY-1001 : Iter 1: len = 5.38736e+06, over cnt = 19176(1%), over = 19941, worst = 4, crit = 8, time(s) = 10.85
PHY-1001 : Iter 2: len = 5.4444e+06, over cnt = 14049(0%), over = 14314, worst = 3, crit = 5, time(s) = 5.53
PHY-1001 : Iter 3: len = 5.47494e+06, over cnt = 11182(0%), over = 11258, worst = 3, crit = 5, time(s) = 5.63
PHY-1001 : Iter 4: len = 5.60581e+06, over cnt = 6958(0%), over = 6970, worst = 2, crit = 5, time(s) = 6.02
PHY-1001 : Iter 5: len = 5.64374e+06, over cnt = 5655(0%), over = 5660, worst = 2, crit = 0, time(s) = 4.18
PHY-1001 : Iter 6: len = 5.66184e+06, over cnt = 4920(0%), over = 4925, worst = 2, crit = 0, time(s) = 2.89
PHY-1001 : Iter 7: len = 5.67256e+06, over cnt = 4526(0%), over = 4531, worst = 2, crit = 0, time(s) = 2.68
PHY-1001 : Marking 140 (3.65%) hot zones with cutoff utilization 81.25.
PHY-1001 : Iter 8: len = 5.83629e+06, over cnt = 2093(0%), over = 2095, worst = 2, crit = 0, time(s) = 4.16
PHY-1001 : Iter 9: len = 5.86712e+06, over cnt = 1574(0%), over = 1574, worst = 1, crit = 0, time(s) = 1.86
PHY-1001 : Iter 10: len = 5.95803e+06, over cnt = 1079(0%), over = 1079, worst = 1, crit = 0, time(s) = 1.82
PHY-1001 : Iter 11: len = 5.99878e+06, over cnt = 803(0%), over = 804, worst = 2, crit = 0, time(s) = 1.53
PHY-1001 : Iter 12: len = 6.07275e+06, over cnt = 271(0%), over = 271, worst = 1, crit = 0, time(s) = 2.11
PHY-1001 : Marking 140 (3.65%) hot zones with cutoff utilization 81.25.
PHY-1001 : Iter 13: len = 6.09186e+06, over cnt = 146(0%), over = 146, worst = 1, crit = 0, time(s) = 0.90
PHY-1001 : Iter 14: len = 6.09723e+06, over cnt = 90(0%), over = 90, worst = 1, crit = 0, time(s) = 0.63
PHY-1001 : Iter 15: len = 6.10126e+06, over cnt = 72(0%), over = 72, worst = 1, crit = 0, time(s) = 0.40
PHY-1001 : Iter 16: len = 6.11131e+06, over cnt = 30(0%), over = 30, worst = 1, crit = 0, time(s) = 0.55
PHY-1001 : Iter 17: len = 6.11325e+06, over cnt = 19(0%), over = 19, worst = 1, crit = 0, time(s) = 0.38
PHY-1001 : Iter 18: len = 6.11446e+06, over cnt = 13(0%), over = 13, worst = 1, crit = 0, time(s) = 0.34
PHY-1001 : Marking 140 (3.65%) hot zones with cutoff utilization 81.25.
PHY-1001 : Iter 19: len = 6.11544e+06, over cnt = 7(0%), over = 7, worst = 1, crit = 0, time(s) = 0.17
PHY-1001 : Iter 20: len = 6.11614e+06, over cnt = 5(0%), over = 5, worst = 1, crit = 0, time(s) = 0.49
PHY-1001 : Iter 21: len = 6.11632e+06, over cnt = 4(0%), over = 4, worst = 1, crit = 0, time(s) = 0.29
PHY-1001 : Iter 22: len = 6.11701e+06, over cnt = 2(0%), over = 2, worst = 1, crit = 0, time(s) = 0.26
PHY-1001 : Iter 23: len = 6.11701e+06, over cnt = 2(0%), over = 2, worst = 1, crit = 0, time(s) = 0.25
PHY-1001 : Iter 24: len = 6.11731e+06, over cnt = 1(0%), over = 1, worst = 1, crit = 0, time(s) = 0.17
PHY-1001 : Iter 25: len = 6.11731e+06, over cnt = 1(0%), over = 1, worst = 1, crit = 0, time(s) = 0.16
PHY-1001 : Marking 140 (3.65%) hot zones with cutoff utilization 81.25.
PHY-1001 : Iter 26: len = 6.11734e+06, over cnt = 1(0%), over = 1, worst = 1, crit = 0, time(s) = 0.17
PHY-1001 : Iter 27: len = 6.11739e+06, over cnt = 0(0%), over = 0, worst = 0, crit = 0, time(s) = 0.16
PHY-1001 : Marking 140 (3.65%) hot zones with cutoff utilization 81.25.
PHY-1001 : Update congestion ...
PHY-1001 : Marking 140 (3.65%) hot zones with cutoff utilization 81.25.
PHY-1001 : Congestion index:
PHY-1001 : top1  = 95.03(S 78.81, N 79.36, E 90.55, W 94.81, I 71.63, O 86.76)
PHY-1001 : top5  = 89.94(S 72.33, N 72.88, E 84.71, W 88.23, I 60.56, O 70.83)
PHY-1001 : top10 = 86.69(S 68.91, N 69.50, E 80.11, W 84.47, I 57.28, O 64.03)
PHY-1001 : top15 = 84.49(S 66.35, N 67.11, E 76.74, W 81.80, I 55.17, O 59.75)
PHY-1001 : End update congestion; 0.016773s wall, 0.015625s user + 0.000000s system = 0.015625s CPU (93.2%)

PHY-1001 : End Stage 2.5.1.4 | Rip-up And ReRoute; Time: 54.812999s wall, 126.812500s user + 1.140625s system = 127.953125s CPU (233.4%); Memory(MB): used = 2757, reserved = 2739, peak = 2757;

PHY-1001 : Stage 2.5.1.5 | Update Timing
PHY-1001 : 578/33284(1%) critical/total net(s).
PHY-1001 : Setup: WNS(ns) = -1.890, TNS(ns) = -73.834, FEP = 209 | Hold: WNS(ns) = -0.160, TNS(ns) = -4.594, FEP = 87.
PHY-1001 : End Stage 2.5.1.5 | Update Timing; Time: 2.592557s wall, 2.593750s user + 0.000000s system = 2.593750s CPU (100.0%); Memory(MB): used = 2762, reserved = 2744, peak = 2762;

PHY-1001 : Stage 2.5.1.6 | Commit Data
PHY-1001 : Commit better result to database ...
PHY-1001 : End Stage 2.5.1.6 | Commit Data; Time: 0.115453s wall, 0.109375s user + 0.000000s system = 0.109375s CPU (94.7%); Memory(MB): used = 2793, reserved = 2775, peak = 2793;

PHY-1001 : End Stage 2.5.1 | Phase 1; Time: 61.819243s wall, 134.500000s user + 1.203125s system = 135.703125s CPU (219.5%); Memory(MB): used = 2793, reserved = 2775, peak = 2793;

PHY-1001 : Stage 2.5.2 | Phase 2
PHY-1001 : Stage 2.5.2.1 | Hold TimeOptimization
PHY-1001 : Iter 0; Processed 133 pins with HWNS -0.120ns HTNS -1.071ns FEP 33 took 0.600184 seconds.
PHY-1001 : Iter 1; Processed 186 pins with HWNS 0.020ns HTNS 0.000ns FEP 0 took 0.664059 seconds.
PHY-1001 : len = 6.14538e+06, over cnt = 55(0%), over = 71, worst = 3, crit = 0
PHY-1001 : End Stage 2.5.2.1 | Hold TimeOptimization; Time: 1.362263s wall, 2.093750s user + 0.000000s system = 2.093750s CPU (153.7%); Memory(MB): used = 2793, reserved = 2775, peak = 2793;

PHY-1001 : Stage 2.5.2.2 | High Fanout Nets Optimization
PHY-1001 : High fanout net optimize summary:
PHY-1001 : Process 39 nets and 170 pins with SWNS -0.762ns STNS -38.285ns FEP 147.
PHY-1001 : len = 6.16581e+06, over cnt = 97(0%), over = 113, worst = 3, crit = 0
PHY-1001 : End Stage 2.5.2.2 | High Fanout Nets Optimization; Time: 1.604401s wall, 1.796875s user + 0.015625s system = 1.812500s CPU (113.0%); Memory(MB): used = 2793, reserved = 2775, peak = 2793;

PHY-1001 : Stage 2.5.2.3 | Setup TimeOptimization
PHY-1001 : Start to optimize setup violation with net base ...
PHY-1001 : Iter 1; Processed 41 pins with SWNS 0.121ns STNS 0.000ns FEP 0 took 3.52693 seconds.
PHY-1001 : Mark 492 critical net(s) and 724 critical pin(s).
PHY-1001 : len = 6.16925e+06, over cnt = 164(0%), over = 180, worst = 3, crit = 1
PHY-1001 : End Stage 2.5.2.3 | Setup TimeOptimization; Time: 3.956248s wall, 4.421875s user + 0.015625s system = 4.437500s CPU (112.2%); Memory(MB): used = 2793, reserved = 2775, peak = 2793;

PHY-1001 : Stage 2.5.2.4 | Rip-up And ReRoute
PHY-1001 : Iter 1: len = 6.16464e+06, over cnt = 60(0%), over = 60, worst = 1, crit = 0, time(s) = 0.28
PHY-1001 : Iter 2: len = 6.16406e+06, over cnt = 35(0%), over = 35, worst = 1, crit = 0, time(s) = 0.11
PHY-1001 : Iter 3: len = 6.16381e+06, over cnt = 23(0%), over = 23, worst = 1, crit = 0, time(s) = 0.19
PHY-1001 : Iter 4: len = 6.16614e+06, over cnt = 7(0%), over = 7, worst = 1, crit = 0, time(s) = 0.31
PHY-1001 : Iter 5: len = 6.16624e+06, over cnt = 6(0%), over = 6, worst = 1, crit = 0, time(s) = 0.12
PHY-1001 : Iter 6: len = 6.16624e+06, over cnt = 6(0%), over = 6, worst = 1, crit = 0, time(s) = 0.08
PHY-1001 : Iter 7: len = 6.16698e+06, over cnt = 5(0%), over = 5, worst = 1, crit = 0, time(s) = 0.11
PHY-1001 : Marking 517 (13.46%) hot zones with cutoff utilization 80.95.
PHY-1001 : Iter 8: len = 6.16725e+06, over cnt = 1(0%), over = 1, worst = 1, crit = 0, time(s) = 0.09
PHY-1001 : Iter 9: len = 6.16734e+06, over cnt = 0(0%), over = 0, worst = 0, crit = 0, time(s) = 0.06
PHY-1001 : Marking 517 (13.46%) hot zones with cutoff utilization 80.95.
PHY-1001 : Update congestion ...
PHY-1001 : Marking 517 (13.46%) hot zones with cutoff utilization 80.95.
PHY-1001 : Congestion index:
PHY-1001 : top1  = 95.35(S 79.09, N 79.64, E 91.33, W 94.72, I 71.63, O 86.76)
PHY-1001 : top5  = 90.09(S 72.68, N 73.38, E 85.04, W 88.21, I 60.56, O 70.83)
PHY-1001 : top10 = 86.81(S 69.18, N 70.00, E 80.53, W 84.73, I 57.28, O 64.03)
PHY-1001 : top15 = 84.79(S 66.61, N 67.52, E 77.29, W 81.98, I 55.17, O 59.75)
PHY-1001 : End update congestion; 0.015770s wall, 0.015625s user + 0.000000s system = 0.015625s CPU (99.1%)

PHY-1001 : End Stage 2.5.2.4 | Rip-up And ReRoute; Time: 1.464943s wall, 6.640625s user + 0.046875s system = 6.687500s CPU (456.5%); Memory(MB): used = 2793, reserved = 2775, peak = 2793;

PHY-1001 : Stage 2.5.2.5 | Update Timing
PHY-1001 : 33/33284(0%) critical/total net(s).
PHY-1001 : Setup: WNS(ns) = -0.258, TNS(ns) = -1.235, FEP = 16 | Hold: WNS(ns) = -0.160, TNS(ns) = -2.501, FEP = 35.
PHY-1001 : End Stage 2.5.2.5 | Update Timing; Time: 1.043512s wall, 1.000000s user + 0.015625s system = 1.015625s CPU (97.3%); Memory(MB): used = 2795, reserved = 2777, peak = 2795;

PHY-1001 : Stage 2.5.2.6 | Commit Data
PHY-1001 : Commit better result to database ...
PHY-1001 : End Stage 2.5.2.6 | Commit Data; Time: 0.050754s wall, 0.046875s user + 0.000000s system = 0.046875s CPU (92.4%); Memory(MB): used = 2795, reserved = 2777, peak = 2795;

PHY-1001 : End Stage 2.5.2 | Phase 2; Time: 9.867236s wall, 16.656250s user + 0.093750s system = 16.750000s CPU (169.8%); Memory(MB): used = 2795, reserved = 2777, peak = 2795;

PHY-1001 : Stage 2.5.3 | Phase 3
PHY-1001 : Stage 2.5.3.1 | Hold TimeOptimization
PHY-1001 : Iter 0; Processed 45 pins with HWNS -0.024ns HTNS -0.024ns FEP 1 took 0.930399 seconds.
PHY-1001 : Iter 1; Processed 46 pins with HWNS 0.020ns HTNS 0.000ns FEP 0 took 0.0882115 seconds.
PHY-1001 : len = 6.17637e+06, over cnt = 40(0%), over = 47, worst = 2, crit = 0
PHY-1001 : End Stage 2.5.3.1 | Hold TimeOptimization; Time: 1.112334s wall, 1.375000s user + 0.000000s system = 1.375000s CPU (123.6%); Memory(MB): used = 2795, reserved = 2777, peak = 2795;

PHY-1001 : Stage 2.5.3.2 | High Fanout Nets Optimization
PHY-1001 : High fanout net optimize summary:
PHY-1001 : Process 4 nets and 4 pins with SWNS -0.165ns STNS -0.205ns FEP 4.
PHY-1001 : len = 6.17626e+06, over cnt = 42(0%), over = 49, worst = 2, crit = 0
PHY-1001 : End Stage 2.5.3.2 | High Fanout Nets Optimization; Time: 0.512600s wall, 0.593750s user + 0.000000s system = 0.593750s CPU (115.8%); Memory(MB): used = 2795, reserved = 2777, peak = 2795;

PHY-1001 : Stage 2.5.3.3 | Setup TimeOptimization
PHY-1001 : Start to optimize setup violation with net base ...
PHY-1001 : Iter 1; Processed 4 pins with SWNS 0.109ns STNS 0.000ns FEP 0 took 0.300917 seconds.
PHY-1001 : Mark 544 critical net(s) and 803 critical pin(s).
PHY-1001 : len = 6.17645e+06, over cnt = 50(0%), over = 57, worst = 2, crit = 0
PHY-1001 : End Stage 2.5.3.3 | Setup TimeOptimization; Time: 0.735012s wall, 0.718750s user + 0.000000s system = 0.718750s CPU (97.8%); Memory(MB): used = 2795, reserved = 2777, peak = 2795;

PHY-1001 : Stage 2.5.3.4 | Rip-up And ReRoute
PHY-1001 : Iter 1: len = 6.17146e+06, over cnt = 5(0%), over = 5, worst = 1, crit = 0, time(s) = 0.08
PHY-1001 : Iter 2: len = 6.17122e+06, over cnt = 0(0%), over = 0, worst = 0, crit = 0, time(s) = 0.04
PHY-1001 : Update congestion ...
PHY-1001 : Marking 539 (14.04%) hot zones with cutoff utilization 80.95.
PHY-1001 : Congestion index:
PHY-1001 : top1  = 95.35(S 79.16, N 79.71, E 91.33, W 94.72, I 71.63, O 86.76)
PHY-1001 : top5  = 90.09(S 72.69, N 73.40, E 85.04, W 88.21, I 60.56, O 70.83)
PHY-1001 : top10 = 86.83(S 69.20, N 70.02, E 80.51, W 84.69, I 57.28, O 64.03)
PHY-1001 : top15 = 84.78(S 66.61, N 67.55, E 77.29, W 81.95, I 55.17, O 59.75)
PHY-1001 : End update congestion; 0.020687s wall, 0.015625s user + 0.000000s system = 0.015625s CPU (75.5%)

PHY-1001 : End Stage 2.5.3.4 | Rip-up And ReRoute; Time: 0.190103s wall, 1.593750s user + 0.000000s system = 1.593750s CPU (838.4%); Memory(MB): used = 2795, reserved = 2777, peak = 2795;

PHY-1001 : Stage 2.5.3.5 | Update Timing
PHY-1001 : 0/33284(0%) critical/total net(s).
PHY-1001 : Setup: WNS(ns) = 0.055, TNS(ns) = 0.000, FEP = 0 | Hold: WNS(ns) = -0.160, TNS(ns) = -1.538, FEP = 23.
PHY-1001 : End Stage 2.5.3.5 | Update Timing; Time: 0.604645s wall, 0.609375s user + 0.000000s system = 0.609375s CPU (100.8%); Memory(MB): used = 2795, reserved = 2777, peak = 2795;

PHY-1001 : Stage 2.5.3.6 | Commit Data
PHY-1001 : Commit better result to database ...
PHY-1001 : End Stage 2.5.3.6 | Commit Data; Time: 0.041425s wall, 0.046875s user + 0.000000s system = 0.046875s CPU (113.2%); Memory(MB): used = 2795, reserved = 2777, peak = 2795;

PHY-1001 : End Stage 2.5.3 | Phase 3; Time: 3.543720s wall, 5.265625s user + 0.000000s system = 5.265625s CPU (148.6%); Memory(MB): used = 2795, reserved = 2777, peak = 2795;

PHY-1001 : Stage 2.5.4 | Phase 4
PHY-1001 : Stage 2.5.4.1 | Hold TimeOptimization
PHY-1001 : Iter 0; Processed 30 pins with HWNS 0.020ns HTNS 0.000ns FEP 0 took 0.418235 seconds.
PHY-1001 : len = 6.17768e+06, over cnt = 25(0%), over = 29, worst = 2, crit = 0
PHY-1001 : End Stage 2.5.4.1 | Hold TimeOptimization; Time: 0.508454s wall, 0.562500s user + 0.000000s system = 0.562500s CPU (110.6%); Memory(MB): used = 2795, reserved = 2777, peak = 2795;

PHY-1001 : Stage 2.5.4.2 | High Fanout Nets Optimization
PHY-1001 : High fanout net optimize summary:
PHY-1001 : Process 0 nets and 0 pins with SWNS 0.055ns STNS 0.000ns FEP 0.
PHY-1001 : len = 6.17768e+06, over cnt = 25(0%), over = 29, worst = 2, crit = 0
PHY-1001 : End Stage 2.5.4.2 | High Fanout Nets Optimization; Time: 0.264600s wall, 0.265625s user + 0.000000s system = 0.265625s CPU (100.4%); Memory(MB): used = 2795, reserved = 2777, peak = 2795;

PHY-1001 : Stage 2.5.4.3 | Setup TimeOptimization
PHY-1001 : Start to optimize setup violation with net base ...
PHY-1001 : Iter 1; Processed 2 pins with SWNS 0.109ns STNS 0.000ns FEP 0 took 0.180623 seconds.
PHY-1001 : Mark 545 critical net(s) and 808 critical pin(s).
PHY-1001 : len = 6.1776e+06, over cnt = 29(0%), over = 33, worst = 2, crit = 0
PHY-1001 : End Stage 2.5.4.3 | Setup TimeOptimization; Time: 0.617619s wall, 0.593750s user + 0.031250s system = 0.625000s CPU (101.2%); Memory(MB): used = 2795, reserved = 2777, peak = 2795;

PHY-1001 : Stage 2.5.4.4 | Rip-up And ReRoute
PHY-1001 : Iter 1: len = 6.1732e+06, over cnt = 0(0%), over = 0, worst = 0, crit = 0, time(s) = 0.13
PHY-1001 : Update congestion ...
PHY-1001 : Marking 536 (13.96%) hot zones with cutoff utilization 80.95.
PHY-1001 : Congestion index:
PHY-1001 : top1  = 95.35(S 79.16, N 79.64, E 91.33, W 94.72, I 71.63, O 86.76)
PHY-1001 : top5  = 90.10(S 72.66, N 73.41, E 85.04, W 88.27, I 60.56, O 70.83)
PHY-1001 : top10 = 86.84(S 69.18, N 70.05, E 80.51, W 84.72, I 57.28, O 64.03)
PHY-1001 : top15 = 84.79(S 66.63, N 67.57, E 77.31, W 81.97, I 55.17, O 59.75)
PHY-1001 : End update congestion; 0.017531s wall, 0.015625s user + 0.000000s system = 0.015625s CPU (89.1%)

PHY-1001 : End Stage 2.5.4.4 | Rip-up And ReRoute; Time: 0.186006s wall, 0.718750s user + 0.000000s system = 0.718750s CPU (386.4%); Memory(MB): used = 2795, reserved = 2777, peak = 2795;

PHY-1001 : Stage 2.5.4.5 | Update Timing
PHY-1001 : 0/33284(0%) critical/total net(s).
PHY-1001 : Setup: WNS(ns) = 0.109, TNS(ns) = 0.000, FEP = 0 | Hold: WNS(ns) = -0.158, TNS(ns) = -1.013, FEP = 16.
PHY-1001 : End Stage 2.5.4.5 | Update Timing; Time: 0.335975s wall, 0.343750s user + 0.000000s system = 0.343750s CPU (102.3%); Memory(MB): used = 2795, reserved = 2777, peak = 2795;

PHY-1001 : Stage 2.5.4.6 | Commit Data
PHY-1001 : Commit better result to database ...
PHY-1001 : End Stage 2.5.4.6 | Commit Data; Time: 0.040185s wall, 0.046875s user + 0.000000s system = 0.046875s CPU (116.6%); Memory(MB): used = 2795, reserved = 2777, peak = 2795;

PHY-1001 : End Stage 2.5.4 | Phase 4; Time: 2.298627s wall, 3.078125s user + 0.046875s system = 3.125000s CPU (136.0%); Memory(MB): used = 2795, reserved = 2777, peak = 2795;

PHY-1001 : End Stage 2.5 | Routing Optimization; Time: 81.352813s wall, 163.562500s user + 1.343750s system = 164.906250s CPU (202.7%); Memory(MB): used = 2795, reserved = 2777, peak = 2795;

PHY-1001 : Stage 2.6 | Multi-try route Optimization
PHY-1001 : End Stage 2.6 | Multi-try route Optimization; Time: 0.067724s wall, 0.062500s user + 0.000000s system = 0.062500s CPU (92.3%); Memory(MB): used = 2795, reserved = 2777, peak = 2795;

PHY-1003 : Routed, final wirelength = 6.1732e+06
RUN-1001 : Clock region assignment statistics:
RUN-1001 : Clock Region s_0_l [0,0][23,39]; Utilization: 7 out of 12
RUN-1001 : -----------------------------------------------------------------------------------------------------------------------------------------------------------------------------------------------------------------------------------------------------------------------------------------------------------------------------------------------------------------------------------------------------------------------------------------------------
RUN-1001 :   Bank  |                                                   Assigned Clock                                                   |                                                    Route Clock                                                     |  Marking  |                                                                          Buffer                                                                           |  Regional Clock Fanouts  
RUN-1001 : -----------------------------------------------------------------------------------------------------------------------------------------------------------------------------------------------------------------------------------------------------------------------------------------------------------------------------------------------------------------------------------------------------------------------------------------------------
RUN-1001 :    1    |      u_isp_top/u_demosaic/raw_matrix_3x3_buffer_d/zhenghe_d/blk_mem_gen_zhenghe_d1/ram_d32970204f32_Inst/clkb      |      u_isp_top/u_demosaic/raw_matrix_3x3_buffer_d/zhenghe_d/blk_mem_gen_zhenghe_d1/ram_d32970204f32_Inst/clkb      |           |                           u_mipi_dphy_rx_ph1p_mipiio_wrapper/u_ph1p_mipiio_rx_wrapper/bufg_feedback_auto_created_sclk_s_0_l_bk1                           |           1201           
RUN-1001 :    2    |                 u_ph1p35_324_ddr_wrapper/u_ddr2/ph1p_ddrmc_wrapper/ph1p_ddrmc_top/u_alc_mc_top/clk                 |                 u_ph1p35_324_ddr_wrapper/u_ddr2/ph1p_ddrmc_wrapper/ph1p_ddrmc_top/u_alc_mc_top/clk                 |           |   u_ph1p35_324_ddr_wrapper/u_ddr2/ph1p_ddrmc_wrapper/ph1p_ddrmc_top/u_ddr_phy/u_ddrphy_top/u_ddrphy_clk/u_pll1/u_bufg_fbclk_auto_created_sclk_s_0_l_bk2   |           800            
RUN-1001 :    3    |                                             u_hdmi_mixer/I_clk_syn_654                                             |                                             u_hdmi_mixer/I_clk_syn_654                                             |           |                                              u_hdmi_mixer/I_clk_created_gclkinst_auto_created_sclk_s_0_l_bk3                                              |           308            
RUN-1001 :    4    |                                                  I_sys_clk_syn_8                                                   |                                                  I_sys_clk_syn_8                                                   |           |                                               I_sys_clk_dup_6_created_gclkinst_auto_created_sclk_s_0_l_bk4                                                |            70            
RUN-1001 :    5    |                                                  O_cam_24m_syn_3                                                   |                                                  O_cam_24m_syn_3                                                   |           |                                               O_cam_24m_dup_1_created_gclkinst_auto_created_sclk_s_0_l_bk5                                                |            47            
RUN-1001 :    6    |                                       u_uicfgcs500/uii2c_inst/scl_clk_syn_9                                        |                                       u_uicfgcs500/uii2c_inst/scl_clk_syn_9                                        |           |                                       u_uicfgcs500/uii2c_inst/scl_clk_created_gclkinst_auto_created_sclk_s_0_l_bk6                                        |            16            
RUN-1001 :    7    |  u_ph1p35_324_ddr_wrapper/u_ddr2/ph1p_ddrmc_wrapper/ph1p_ddrmc_top/u_ddr_phy/u_ddrphy_top/u_ddrphy/apb_pclk_syn_1  |  u_ph1p35_324_ddr_wrapper/u_ddr2/ph1p_ddrmc_wrapper/ph1p_ddrmc_top/u_ddr_phy/u_ddrphy_top/u_ddrphy/apb_pclk_syn_1  |           |  u_ph1p35_324_ddr_wrapper/u_ddr2/ph1p_ddrmc_wrapper/ph1p_ddrmc_top/u_ddr_phy/u_ddrphy_top/u_ddrphy/apb_pclk_created_gclkinst_auto_created_sclk_s_0_l_bk7  |            7             
RUN-1001 : -----------------------------------------------------------------------------------------------------------------------------------------------------------------------------------------------------------------------------------------------------------------------------------------------------------------------------------------------------------------------------------------------------------------------------------------------------
RUN-1001 : Clock Region s_0_r [24,0][47,39]; Utilization: 5 out of 12
RUN-1001 : -----------------------------------------------------------------------------------------------------------------------------------------------------------------------------------------------------------------------------------------------------------------------------------------------------------------------------------------------------------------------------------------------------------------------------------
RUN-1001 :   Bank  |                                               Assigned Clock                                               |                                                Route Clock                                                 |  Marking  |                                                                         Buffer                                                                          |  Regional Clock Fanouts  
RUN-1001 : -----------------------------------------------------------------------------------------------------------------------------------------------------------------------------------------------------------------------------------------------------------------------------------------------------------------------------------------------------------------------------------------------------------------------------------
RUN-1001 :    1    |  u_isp_top/u_demosaic/raw_matrix_3x3_buffer_d/zhenghe_d/blk_mem_gen_zhenghe_d1/ram_d32970204f32_Inst/clkb  |  u_isp_top/u_demosaic/raw_matrix_3x3_buffer_d/zhenghe_d/blk_mem_gen_zhenghe_d1/ram_d32970204f32_Inst/clkb  |           |                          u_mipi_dphy_rx_ph1p_mipiio_wrapper/u_ph1p_mipiio_rx_wrapper/bufg_feedback_auto_created_sclk_s_0_r_bk1                          |           2343           
RUN-1001 :    2    |                                              O_cam_24m_syn_3                                               |                                              O_cam_24m_syn_3                                               |           |                                              O_cam_24m_dup_1_created_gclkinst_auto_created_sclk_s_0_r_bk2                                               |            14            
RUN-1001 :    3    |            u_mipi_dphy_rx_ph1p_mipiio_wrapper/u_ph1p_mipiio_rx_wrapper/u_lane0_hs_detect/I_clk             |            u_mipi_dphy_rx_ph1p_mipiio_wrapper/u_ph1p_mipiio_rx_wrapper/u_lane0_hs_detect/I_clk             |           |                                                     u_PLL/bufg_feedback_auto_created_sclk_s_0_r_bk3                                                     |            7             
RUN-1001 :    4    |             u_ph1p35_324_ddr_wrapper/u_ddr2/ph1p_ddrmc_wrapper/ph1p_ddrmc_top/u_alc_mc_top/clk             |             u_ph1p35_324_ddr_wrapper/u_ddr2/ph1p_ddrmc_wrapper/ph1p_ddrmc_top/u_alc_mc_top/clk             |           |  u_ph1p35_324_ddr_wrapper/u_ddr2/ph1p_ddrmc_wrapper/ph1p_ddrmc_top/u_ddr_phy/u_ddrphy_top/u_ddrphy_clk/u_pll1/u_bufg_fbclk_auto_created_sclk_s_0_r_bk4  |            4             
RUN-1001 :    5    |                                         u_hdmi_mixer/I_clk_syn_654                                         |                                         u_hdmi_mixer/I_clk_syn_654                                         |           |                                             u_hdmi_mixer/I_clk_created_gclkinst_auto_created_sclk_s_0_r_bk5                                             |            1             
RUN-1001 : -----------------------------------------------------------------------------------------------------------------------------------------------------------------------------------------------------------------------------------------------------------------------------------------------------------------------------------------------------------------------------------------------------------------------------------
RUN-1001 : Clock Region s_1_l [0,40][23,79]; Utilization: 4 out of 12
RUN-1001 : -----------------------------------------------------------------------------------------------------------------------------------------------------------------------------------------------------------------------------------------------------------------------------------------------------------------------------------------------------------------------------------------------------------------------------------------------------
RUN-1001 :   Bank  |                                                   Assigned Clock                                                   |                                                    Route Clock                                                     |  Marking  |                                                                          Buffer                                                                           |  Regional Clock Fanouts  
RUN-1001 : -----------------------------------------------------------------------------------------------------------------------------------------------------------------------------------------------------------------------------------------------------------------------------------------------------------------------------------------------------------------------------------------------------------------------------------------------------
RUN-1001 :    1    |                 u_ph1p35_324_ddr_wrapper/u_ddr2/ph1p_ddrmc_wrapper/ph1p_ddrmc_top/u_alc_mc_top/clk                 |                 u_ph1p35_324_ddr_wrapper/u_ddr2/ph1p_ddrmc_wrapper/ph1p_ddrmc_top/u_alc_mc_top/clk                 |           |   u_ph1p35_324_ddr_wrapper/u_ddr2/ph1p_ddrmc_wrapper/ph1p_ddrmc_top/u_ddr_phy/u_ddrphy_top/u_ddrphy_clk/u_pll1/u_bufg_fbclk_auto_created_sclk_s_1_l_bk1   |           1253           
RUN-1001 :    2    |      u_isp_top/u_demosaic/raw_matrix_3x3_buffer_d/zhenghe_d/blk_mem_gen_zhenghe_d1/ram_d32970204f32_Inst/clkb      |      u_isp_top/u_demosaic/raw_matrix_3x3_buffer_d/zhenghe_d/blk_mem_gen_zhenghe_d1/ram_d32970204f32_Inst/clkb      |           |                           u_mipi_dphy_rx_ph1p_mipiio_wrapper/u_ph1p_mipiio_rx_wrapper/bufg_feedback_auto_created_sclk_s_1_l_bk2                           |           2151           
RUN-1001 :    3    |  u_ph1p35_324_ddr_wrapper/u_ddr2/ph1p_ddrmc_wrapper/ph1p_ddrmc_top/u_ddr_phy/u_ddrphy_top/u_ddrphy/apb_pclk_syn_1  |  u_ph1p35_324_ddr_wrapper/u_ddr2/ph1p_ddrmc_wrapper/ph1p_ddrmc_top/u_ddr_phy/u_ddrphy_top/u_ddrphy/apb_pclk_syn_1  |           |  u_ph1p35_324_ddr_wrapper/u_ddr2/ph1p_ddrmc_wrapper/ph1p_ddrmc_top/u_ddr_phy/u_ddrphy_top/u_ddrphy/apb_pclk_created_gclkinst_auto_created_sclk_s_1_l_bk3  |            24            
RUN-1001 :    4    |                                             u_hdmi_mixer/I_clk_syn_654                                             |                                             u_hdmi_mixer/I_clk_syn_654                                             |           |                                              u_hdmi_mixer/I_clk_created_gclkinst_auto_created_sclk_s_1_l_bk4                                              |            17            
RUN-1001 : -----------------------------------------------------------------------------------------------------------------------------------------------------------------------------------------------------------------------------------------------------------------------------------------------------------------------------------------------------------------------------------------------------------------------------------------------------
RUN-1001 : Clock Region s_1_r [24,40][43,79]; Utilization: 4 out of 12
RUN-1001 : -------------------------------------------------------------------------------------------------------------------------------------------------------------------------------------------------------------------------------------------------------------------------------------------------------------------------------------------------------------------------------------
RUN-1001 :   Bank  |                                               Assigned Clock                                               |                                                Route Clock                                                 |  Marking  |                                                  Buffer                                                   |  Regional Clock Fanouts  
RUN-1001 : -------------------------------------------------------------------------------------------------------------------------------------------------------------------------------------------------------------------------------------------------------------------------------------------------------------------------------------------------------------------------------------
RUN-1001 :    1    |            u_mipi_dphy_rx_ph1p_mipiio_wrapper/u_ph1p_mipiio_rx_wrapper/u_lane0_hs_detect/I_clk             |            u_mipi_dphy_rx_ph1p_mipiio_wrapper/u_ph1p_mipiio_rx_wrapper/u_lane0_hs_detect/I_clk             |           |                              u_PLL/bufg_feedback_auto_created_sclk_s_1_r_bk1                              |            1             
RUN-1001 :    2    |  u_isp_top/u_demosaic/raw_matrix_3x3_buffer_d/zhenghe_d/blk_mem_gen_zhenghe_d1/ram_d32970204f32_Inst/clkb  |  u_isp_top/u_demosaic/raw_matrix_3x3_buffer_d/zhenghe_d/blk_mem_gen_zhenghe_d1/ram_d32970204f32_Inst/clkb  |           |   u_mipi_dphy_rx_ph1p_mipiio_wrapper/u_ph1p_mipiio_rx_wrapper/bufg_feedback_auto_created_sclk_s_1_r_bk2   |           2217           
RUN-1001 :    3    |                                         u_hdmi_mixer/I_clk_syn_654                                         |                                         u_hdmi_mixer/I_clk_syn_654                                         |           |                      u_hdmi_mixer/I_clk_created_gclkinst_auto_created_sclk_s_1_r_bk3                      |           555            
RUN-1001 :    4    |                      u_hdmi_tx/u_hdmi2phy_wrapper/u0_lane_lvds_8_1/I_serial_clk_syn_1                      |                      u_hdmi_tx/u_hdmi2phy_wrapper/u0_lane_lvds_8_1/I_serial_clk_syn_1                      |           |  u_hdmi_tx/u_hdmi2phy_wrapper/u0_lane_lvds_8_1/I_serial_clk_created_gclkinst_auto_created_sclk_s_1_r_bk4  |            36            
RUN-1001 : -------------------------------------------------------------------------------------------------------------------------------------------------------------------------------------------------------------------------------------------------------------------------------------------------------------------------------------------------------------------------------------
PHY-1001 : Current memory(MB): used = 2796, reserved = 2779, peak = 2796.
PHY-1001 : End export database. 0.066441s wall, 0.062500s user + 0.000000s system = 0.062500s CPU (94.1%)

PHY-1001 : End detail routing;  111.607424s wall, 234.671875s user + 1.687500s system = 236.359375s CPU (211.8%)

PHY-1001 : End Stage 2 | Detail Routing; Time: 111.607671s wall, 234.671875s user + 1.687500s system = 236.359375s CPU (211.8%); Memory(MB): used = 2796, reserved = 2779, peak = 2796;

RUN-1002 : start command "fix_hold"

PHY-1001 : Stage 3 | Hold Fix
PHY-1001 : Stage 3.1 | Load Design Data
PHY-1034 : Refresh detailed routing grids ...
PHY-1001 : Generate nets ...
PHY-1001 : eco open net = 0
PHY-1001 : End Stage 3.1 | Load Design Data; Time: 0.394090s wall, 0.375000s user + 0.000000s system = 0.375000s CPU (95.2%); Memory(MB): used = 2796, reserved = 2779, peak = 2796;

PHY-1001 : Stage 3.2 | Hold Fix Optimization
RUN-1002 : start command "start_timer"
RUN-1003 : finish command "start_timer" in  1.836909s wall, 1.750000s user + 0.031250s system = 1.781250s CPU (97.0%)

RUN-1004 : used memory is 2797 MB, reserved memory is 2779 MB, peak memory is 2797 MB
PHY-1001 : Timing info: SWNS 0.109ns | STNS 0.000ns | HWNS -0.158ns | HTNS -1.013ns.
PHY-1001 : Processing hold violation on 20 end-point, worst slack = -158ps, best slack = 17ps.
PHY-1001 : End timing refresh.  5.329400s wall, 5.187500s user + 0.062500s system = 5.250000s CPU (98.5%)

PHY-1001 : Stage 3.2.1 | Phase 1
PHY-1001 : Stage 3.2.1.1 | Hold Fix By LutBridge
PHY-1001 : len = 6.17419e+06, over cnt = 0(0%), over = 0, worst = 0, crit = 0
PHY-1001 : Bridge count = 14; unresolved count = 0.
PHY-1001 : 0 out of 20 ((0.00)%) EP fixed by LB.
PHY-1001 : End Stage 3.2.1.1 | Hold Fix By LutBridge; Time: 0.259366s wall, 0.593750s user + 0.000000s system = 0.593750s CPU (228.9%); Memory(MB): used = 2797, reserved = 2779, peak = 2797;

PHY-1001 : Timing info: SWNS 0.109ns | STNS 0.000ns | HWNS -0.158ns | HTNS -0.721ns.
PHY-1001 : Processing hold violation on 14 end-point, worst slack = -158ps, best slack = 17ps.
PHY-1001 : End timing refresh.  0.104792s wall, 0.093750s user + 0.000000s system = 0.093750s CPU (89.5%)

PHY-1001 : Stage 3.2.1.2 | Hold Fix By Pin
PHY-1001 : len = 6.17672e+06, over cnt = 0(0%), over = 0, worst = 0, crit = 0
PHY-1001 : 10 out of 14 ((71.43)%) EP fixed by pin delay.
PHY-1001 : End Stage 3.2.1.2 | Hold Fix By Pin; Time: 0.842673s wall, 0.828125s user + 0.000000s system = 0.828125s CPU (98.3%); Memory(MB): used = 2797, reserved = 2779, peak = 2797;

PHY-1001 : Timing info: SWNS 0.109ns | STNS 0.000ns | HWNS -0.061ns | HTNS -0.152ns.
PHY-1001 : Processing hold violation on 4 end-point, worst slack = -61ps, best slack = 17ps.
PHY-1001 : End timing refresh.  0.104609s wall, 0.109375s user + 0.000000s system = 0.109375s CPU (104.6%)

PHY-1001 : Stage 3.2.1.3 | Hold Fix By Net
PHY-1001 : len = 6.17845e+06, over cnt = 0(0%), over = 0, worst = 0, crit = 0
PHY-1001 : 4 out of 4 ((100.00)%) EP fixed by net delay.
PHY-1001 : End Stage 3.2.1.3 | Hold Fix By Net; Time: 0.289331s wall, 0.640625s user + 0.015625s system = 0.656250s CPU (226.8%); Memory(MB): used = 2797, reserved = 2779, peak = 2797;

PHY-1001 : Timing info: SWNS 0.109ns | STNS 0.000ns | HWNS 0.020ns | HTNS 0.000ns.
PHY-1001 : End timing refresh.  0.099018s wall, 0.093750s user + 0.000000s system = 0.093750s CPU (94.7%)

PHY-1001 : End Stage 3.2.1 | Phase 1; Time: 1.733498s wall, 2.390625s user + 0.015625s system = 2.406250s CPU (138.8%); Memory(MB): used = 2797, reserved = 2779, peak = 2797;

PHY-1001 : End Stage 3.2 | Hold Fix Optimization; Time: 7.064987s wall, 7.578125s user + 0.078125s system = 7.656250s CPU (108.4%); Memory(MB): used = 2797, reserved = 2779, peak = 2797;

PHY-1001 : End Stage 3 | Hold Fix; Time: 7.606662s wall, 8.093750s user + 0.078125s system = 8.171875s CPU (107.4%); Memory(MB): used = 2797, reserved = 2779, peak = 2797;

RUN-1003 : finish command "fix_hold" in  7.623046s wall, 8.109375s user + 0.078125s system = 8.187500s CPU (107.4%)

RUN-1004 : used memory is 2797 MB, reserved memory is 2779 MB, peak memory is 2797 MB
PHY-1001 : Stage 4 | Report Route Qor
RUN-1002 : start command "report_qor -step route -file route.qor"
RUN-1002 : start command "start_timer"
RUN-1003 : finish command "start_timer" in  1.845099s wall, 1.812500s user + 0.015625s system = 1.828125s CPU (99.1%)

RUN-1004 : used memory is 2797 MB, reserved memory is 2779 MB, peak memory is 2797 MB
-----------------------------------------------------------
| QoR metrics               |         value               |
-----------------------------------------------------------
| Timing                    |                             |
|     Setup WNS             |          109                |
|     Setup TNS             |            0                |
|     Num of violated S-EP  |            0                |
|     Hold WNS              |           20                |
|     Hold TNS              |            0                |
|     Num of violated H-EP  |            0                |
-----------------------------------------------------------
| Routing Resource          |                             |
|     Wire length           |      6178448                |
-----------------------------------------------------------
| Utilization               |                             |
|     #slices               |        18603                |
|     slices percentage     |       87.68%                |
|     #RAMs                 |          108                |
|     #DSPs                 |           19                |
|     #DRAMHARDCON          |           53                |
-----------------------------------------------------------
Report route stage QoR done.

RUN-1003 : finish command "report_qor -step route -file route.qor" in  5.345383s wall, 5.234375s user + 0.062500s system = 5.296875s CPU (99.1%)

RUN-1004 : used memory is 2797 MB, reserved memory is 2779 MB, peak memory is 2797 MB
RUN-1002 : start command "update_timing -mode final"
RUN-1002 : start command "start_timer"
RUN-1003 : finish command "start_timer" in  1.827005s wall, 1.812500s user + 0.015625s system = 1.828125s CPU (100.1%)

RUN-1004 : used memory is 2797 MB, reserved memory is 2779 MB, peak memory is 2797 MB
RUN-1003 : finish command "update_timing -mode final" in  5.232642s wall, 5.187500s user + 0.015625s system = 5.203125s CPU (99.4%)

RUN-1004 : used memory is 2797 MB, reserved memory is 2779 MB, peak memory is 2797 MB
RUN-1002 : start command "report_timing_summary -file final_timing.rpt"
OPT-1001 : QoR tracer report on route step:
    SWNS [   incr ]    STNS [   incr ]  S-FEPS [   incr ]    HWNS [   incr ]      HTNS [     incr ]    H-FEPS [     incr ]    CELL [   incr ]       WL [    incr ]   RT(s) [   incr ]   MEM(mb) [     incr ]
    -136 [      0 ]    -136 [      0 ]       1 [      0 ]    -253 [      0 ]    -18999 [        0 ]       357 [        0 ]   19856 [      0 ]  5111920 [       0 ]      37 [      0 ]      2753 [        0 ] : dr_initialization
     131 [    267 ]       0 [    136 ]       0 [     -1 ]      -9 [    244 ]       -13 [    18986 ]         3 [     -354 ]   19856 [      0 ]  5181920 [   70000 ]      45 [      8 ]      2756 [        3 ] : dr_timing_opt_phase1
   -1890 [  -2021 ]  -73834 [ -73834 ]     209 [    209 ]    -160 [   -151 ]     -4594 [    -4581 ]        87 [       84 ]   19856 [      0 ]  6117392 [  935472 ]     102 [     57 ]      2793 [       37 ] : dr_opt_phase1
     121 [   2011 ]       0 [  73834 ]       0 [   -209 ]      20 [    180 ]         0 [     4594 ]         0 [      -87 ]   19856 [      0 ]  6169248 [   51856 ]     109 [      7 ]      2793 [        0 ] : dr_timing_opt_phase2
    -258 [   -379 ]   -1235 [  -1235 ]      16 [     16 ]    -160 [   -180 ]     -2501 [    -2501 ]        35 [       35 ]   19856 [      0 ]  6167344 [   -1904 ]     112 [      3 ]      2795 [        2 ] : dr_opt_phase2
     109 [    367 ]       0 [   1235 ]       0 [    -16 ]      20 [    180 ]         0 [     2501 ]         0 [      -35 ]   19856 [      0 ]  6176448 [    9104 ]     115 [      3 ]      2795 [        0 ] : dr_timing_opt_phase3
      55 [    -54 ]       0 [      0 ]       0 [      0 ]    -160 [   -180 ]     -1538 [    -1538 ]        23 [       23 ]   19856 [      0 ]  6171216 [   -5232 ]     116 [      1 ]      2795 [        0 ] : dr_opt_phase3
     109 [     54 ]       0 [      0 ]       0 [      0 ]      20 [    180 ]         0 [     1538 ]         0 [      -23 ]   19856 [      0 ]  6177600 [    6384 ]     117 [      1 ]      2795 [        0 ] : dr_timing_opt_phase4
     109 [      0 ]       0 [      0 ]       0 [      0 ]    -158 [   -178 ]     -1013 [    -1013 ]        16 [       16 ]   19856 [      0 ]  6173200 [   -4400 ]     118 [      1 ]      2795 [        0 ] : dr_opt_phase4
     109 [      0 ]       0 [      0 ]       0 [      0 ]    -158 [      0 ]     -1013 [        0 ]        16 [        0 ]   19856 [      0 ]  6173200 [       0 ]     118 [      0 ]      2795 [        0 ] : multi_try_opt
     109 [      0 ]       0 [      0 ]       0 [      0 ]      20 [    178 ]         0 [     1013 ]         0 [      -16 ]   19856 [      0 ]  6178448 [    5248 ]     126 [      8 ]      2797 [        2 ] : fix_hold_opt

PHY-1001 : End Stage 4 | Report Route Qor; Time: 10.679845s wall, 10.500000s user + 0.078125s system = 10.578125s CPU (99.0%); Memory(MB): used = 2797, reserved = 2779, peak = 2797;

PHY-1001 : Stage 5 | Routing DRC
PHY-1001 : Stage 5.1 | Check And Add Lut-bridge
PHY-1001 : End Stage 5.1 | Check And Add Lut-bridge; Time: 0.085979s wall, 0.093750s user + 0.000000s system = 0.093750s CPU (109.0%); Memory(MB): used = 2797, reserved = 2779, peak = 2797;

PHY-1001 : Stage 5.2 | Lut Bridge Check
PHY-1001 : End Stage 5.2 | Lut Bridge Check; Time: 0.198666s wall, 0.203125s user + 0.000000s system = 0.203125s CPU (102.2%); Memory(MB): used = 2797, reserved = 2779, peak = 2797;

PHY-1001 : Stage 5.3 | Physical Net Status Check
PHY-1001 : End Stage 5.3 | Physical Net Status Check; Time: 0.052893s wall, 0.046875s user + 0.000000s system = 0.046875s CPU (88.6%); Memory(MB): used = 2797, reserved = 2779, peak = 2797;

PHY-1001 : Start multi-drive drc check......
PHY-1001 : No multi-drive.
PHY-1001 : Stage 5.4 | Clock Net Status Check
PHY-1001 : 2 clock net(s) utilize local routing resource.
PHY-5079 CRITICAL-WARNING: Marked 1 clock net(s) utilize the local routing resources. Please check log message and the sinks of clock nets.
RUN-1001 : CTS Local Wire Summary
RUN-1001 : ------------------------------------------------------------------------------------------------------------------------------------------------------------
RUN-1001 :    ClockName    |   DriverType    |  Clock/Fanout  |  LocalWireNum  |                                  NetName                                   |  Marked  
RUN-1001 : ------------------------------------------------------------------------------------------------------------------------------------------------------------
RUN-1001 :        -        |  AL_PHY_LSLICE  |      1/3       |       13       |                      u_uicfgcs500/uii2c_inst/scl_clk                       |    -     
RUN-1001 :   pll_clk_24m   |   AL_PHY_SCLK   |     46/47      |       3        |  O_cam_24m_dup_1_created_gclkinst_auto_created_sclk_s_0_l_bk5_sclk_outnet  |   true   
RUN-1001 : ------------------------------------------------------------------------------------------------------------------------------------------------------------
PHY-5088 WARNING: Clock_Analyzer: Detected 1 buffer(s) clkin net because they drive non-clock sinks. Run "analyze_clock -detail" for more infomation.
PHY-5088 WARNING: Clock_Analyzer: Detected 1 buffer(s) clkout net because they drive non-clock sinks. Run "analyze_clock -detail" for more infomation.
PHY-5088 WARNING: Clock_Analyzer: 2 clock-net(s) because they drive other clock net, may cause clock skew. Run "analyze_clock -detail" for more infomation.
PHY-1001 : End Stage 5.4 | Clock Net Status Check; Time: 0.067911s wall, 0.062500s user + 0.015625s system = 0.078125s CPU (115.0%); Memory(MB): used = 2797, reserved = 2779, peak = 2797;

PHY-1001 : Stage 5.5 | Abnormal Timing Path check
PHY-1001 : No abnormal timing path.
PHY-1001 : End Stage 5.5 | Abnormal Timing Path check; Time: 0.199210s wall, 0.203125s user + 0.000000s system = 0.203125s CPU (102.0%); Memory(MB): used = 2797, reserved = 2779, peak = 2797;

PHY-1001 : Stage 5.6 | Bound Check
PHY-1001 : Check Pass.
PHY-1001 : End Stage 5.6 | Bound Check; Time: 0.004641s wall, 0.000000s user + 0.000000s system = 0.000000s CPU (n/a%); Memory(MB): used = 2797, reserved = 2779, peak = 2797;

PHY-1001 : End Stage 5 | Routing DRC; Time: 0.661967s wall, 0.656250s user + 0.015625s system = 0.671875s CPU (101.5%); Memory(MB): used = 2797, reserved = 2779, peak = 2797;

RUN-1003 : finish command "route" in  138.005245s wall, 262.250000s user + 1.890625s system = 264.140625s CPU (191.4%)

RUN-1004 : used memory is 2797 MB, reserved memory is 2779 MB, peak memory is 2797 MB
RUN-1002 : start command "report_area -io_info -file camera_to_dsi_display_phy.area"
SYN-4034 : The count of slices with lut is 12071.
SYN-4035 : The count of slices with lut+ripple is 3491.
RUN-1001 : standard
***Report Model: design_top_wrapper Device: PH1P35MDG324***

Design Statistics
#IO                        58   out of    160   36.25%
  #input                    2
  #output                  31
  #inout                   25
#lut6                   16098   out of  21216   75.88%
#reg                    19174
  #slice reg            19174   out of  42432   45.19%
  #pad reg                  0

Utilization Statistics
#slice                  18603   out of  21216   87.68%
  #used ram               536
    #dram lut             424
    #shifter lut          112
  #used logic           18067
    #with luts          12071
    #with adder          3491
    #reg only            2505
#feedthrough             3336
#f7mux                    812   out of  10608    7.65%
#f8mux                    350   out of   5304    6.60%
#eram                     108   out of    108  100.00%
  #eram20k                108
  #fifo20k                  0
#dsp                       19   out of     40   47.50%
#ddr_byte                   6   out of     12   50.00%
#mipi_tx                    0   out of      2    0.00%
#mipi_rx                    1   out of      2   50.00%
#pad                       17   out of    160   10.62%
#pll                        3   out of      6   50.00%
#gclk                       9   out of     32   28.12%
#lclk                       0   out of     12    0.00%
#sclk                      20   out of     48   41.67%
#mlclk                      2   out of      6   33.33%
#ioclk                      4   out of     18   22.22%


DataNet Average Fanout:

   Index     Fanout     Nets   
    #1          1       30231  
    #2          2       10463  
    #3          3       1505   
    #4          4        920   
    #5        5-10      2358   
    #6        11-50      616   
    #7       51-100      112   
    #8       101-500     34    
    #9        >500        8    
  Average     2.36             

RUN-1002 : start command "update_timing -mode final"
RUN-1002 : start command "start_timer"
RUN-1003 : finish command "start_timer" in  1.814352s wall, 1.796875s user + 0.000000s system = 1.796875s CPU (99.0%)

RUN-1004 : used memory is 2797 MB, reserved memory is 2779 MB, peak memory is 2797 MB
RUN-1003 : finish command "update_timing -mode final" in  5.166103s wall, 5.109375s user + 0.015625s system = 5.125000s CPU (99.2%)

RUN-1004 : used memory is 2797 MB, reserved memory is 2779 MB, peak memory is 2797 MB
RUN-1002 : start command "report_timing_status -file camera_to_dsi_display_phy.ts"
RUN-1002 : start command "report_timing_summary -file camera_to_dsi_display_pr.timing"
RUN-1002 : start command "report_timing_exception -file camera_to_dsi_display_exception.timing"
RUN-1002 : start command "flow_status -file route_flow.status"
Location         : D:\anlu\rtl\td_project
Running with     : Tang Dynasty v6.2.168116
                   Copyright (c) 2012-2025 Anlogic Inc.
Top Model        : design_top_wrapper
Device           : PH1P35MDG324
Speed            : 3

Timing Mode      : final
Setup            : WNS   109ps  TNS        0ps  NUM_FEPS     0
Hold             : WNS    20ps  TNS        0ps  NUM_FEPS     0

Flow Statistics  :
RUN-1001 : Flow Statistics:
RUN-1001 : ---------------------------------------------------------------------------------------------------
RUN-1001 :      command     |  #calls  |  wall time   |  cpu time(s)  |  used memory(mb)  |  peak memory(mb)  
RUN-1001 : ---------------------------------------------------------------------------------------------------
RUN-1001 :   optimize_rtl   |    1     |  2m16s(26%)  |   134(19%)    |       1389        |       1605        
RUN-1001 :       place      |    1     |  2m15s(26%)  |   190(27%)    |       2078        |       2078        
RUN-1001 :       route      |    1     |  2m11s(25%)  |   255(37%)    |       2797        |       2797        
RUN-1001 :   optimize_gate  |    1     |  1m35s(18%)  |    94(13%)    |       1634        |       1634        
RUN-1001 :     fix_hold     |    1     |    7s(1%)    |     8(1%)     |       2797        |       2797        
RUN-1001 :   import_device  |    1     |    1s(0%)    |     1(0%)     |        324        |        324        
RUN-1001 :     read_adc     |    1     |    0s(0%)    |     0(0%)     |       1112        |       1113        
RUN-1001 :     read_sdc     |    3     |    0s(0%)    |     0(0%)     |       1107        |       1113        
RUN-1001 : ---------------------------------------------------------------------------------------------------
RUN-1001 :       total      |    10    |    8m25s     |      682      |       2797        |       2797        
RUN-1001 : ---------------------------------------------------------------------------------------------------
RUN-1002 : start command "report_clock_utilization -file route_clock_utilization.txt"
RUN-1002 : start command "export_db camera_to_dsi_display_pr.db"
RUN-1001 : Exported flow parameters
RUN-1001 : Exported /
RUN-1001 : Exported libs
RUN-1001 : Exported entities
RUN-1001 : Exported ports
RUN-1001 : Exported pins
RUN-1001 : Exported instances
RUN-1001 : Exported nets
RUN-1001 : Exported buses
RUN-1001 : Exported models
RUN-1001 : Exported phy database
RUN-1001 : Exported packer
RUN-1001 : Exported congestions
RUN-1001 : Exported violations
RUN-1001 : Exported ATMR Setting
RUN-1001 : Exported timing constraints
RUN-1001 : Exported IO constraints
RUN-1001 : Exported Inst constraints
RUN-1001 : Exported ChipWatcher
RUN-1003 : finish command "export_db camera_to_dsi_display_pr.db" in  1.385493s wall, 1.781250s user + 0.031250s system = 1.812500s CPU (130.8%)

RUN-1004 : used memory is 2825 MB, reserved memory is 2892 MB, peak memory is 2825 MB
RUN-1002 : start command "export_flow_status -s read_design -e opt_route"
RUN-1002 : start command "flow_status"

Location         : D:\anlu\rtl\td_project
Running with     : Tang Dynasty v6.2.168116
                   Copyright (c) 2012-2025 Anlogic Inc.
Top Model        : design_top_wrapper
Device           : PH1P35MDG324
Speed            : 3

Timing Mode      : final
Setup            : WNS   109ps  TNS        0ps  NUM_FEPS     0
Hold             : WNS    20ps  TNS        0ps  NUM_FEPS     0

RUN-1001 : Flow Statistics:
RUN-1001 : ---------------------------------------------------------------------------------------------------
RUN-1001 :      command     |  #calls  |  wall time   |  cpu time(s)  |  used memory(mb)  |  peak memory(mb)  
RUN-1001 : ---------------------------------------------------------------------------------------------------
RUN-1001 :   optimize_rtl   |    1     |  2m16s(26%)  |   134(19%)    |       1389        |       1605        
RUN-1001 :       place      |    1     |  2m15s(26%)  |   190(27%)    |       2078        |       2078        
RUN-1001 :       route      |    1     |  2m11s(25%)  |   255(37%)    |       2797        |       2797        
RUN-1001 :   optimize_gate  |    1     |  1m35s(18%)  |    94(13%)    |       1634        |       1634        
RUN-1001 :     fix_hold     |    1     |    7s(1%)    |     8(1%)     |       2797        |       2797        
RUN-1001 :   import_device  |    1     |    1s(0%)    |     1(0%)     |        324        |        324        
RUN-1001 :     read_adc     |    1     |    0s(0%)    |     0(0%)     |       1112        |       1113        
RUN-1001 :     read_sdc     |    3     |    0s(0%)    |     0(0%)     |       1107        |       1113        
RUN-1001 : ---------------------------------------------------------------------------------------------------
RUN-1001 :       total      |    10    |    8m25s     |      682      |       2797        |       2797        
RUN-1001 : ---------------------------------------------------------------------------------------------------

