d021cf21ddcfc36c
1a373d68311b6f79
e32c181cbacf2706
4c0133f17ff45f7e
b95dbd31d3d5230b
b8bf9bf479464634
b40ad33e35ad03ea
58c2ad720ccf655f
1c2d5d4e6ae2237a
d4f2de0adde914e2
f8eaeec6cac20cd7
10cdd1e0d7dbe923
19b932d53b1022df
2c0cf1fc08f82721
35ec35e314d1cceb
c6120df7c402d91e
09c4c4d0d6d436c7
de2a27cfebc9edda
37bc00d1afdff2e1
fac4fe2b2cfd34d7
dff7d21d4f24f34b
10ffb2e402f018c2
cf2eb7560cdb2b30
c22ded6357ea102a
1fbafefd2fd0410c
c7e3cc22561745ef
dc08922c3b32084f
6c3d1709a6f30bd3
68d666b1cbdb043b
260f0d31def4154b
31ee68b2bad3c727
180b76f49dd6a8df
f5fb7f3c2e15c9d9
f7f732c79ded8cd9
49fc12e21128fa3d
0bde4cf735ebe638
3a0eedcf213d36d3
e520dcccd711e6f7
d82dc31dcc2b0ee7
c320c9d0d43feae8
00bddaf8c1f605ff
19023b1cce0d39ef
0e27e1e2f0d31eea
0dfad5f92bf3c8e1
cfda10fa0b301acc
35d267b48bc9e1bf
1e2f7fa19fe71408
5a5925e32225e860
090a34a5c4f2e71f
5efc68c1bbf3b6e3
1bea163609e53e1e
3dec27b90b2cfccf
2b1d4ed51520f3ef
3a491f663f156735
54060cb9c009a4f1
580e53b92adada34
401e2ac31cfc93ff
f5466fe7250f9e36
05fb75051617ea42
15e94ac01dd3e4e0
19f84cb2dd18e1d4
2dec45ecc8dfcd38
e91138b818cb1634
e9c40a3034122410
e9dc19ead9e1facb
1ec13cf2fbf828d4
dcc12c1bf23d2bc7
dad239ea072bc431
20ba001a38fe15bd
c4d5c9ee06c4082d
0011cfd023030af7
312fd41632d405f2
26e751e3bfc3ee26
2b0f11e5abe7bd29
16241b9ffdf39aed
62dc54c3e5c9d814
0a4e6bdcbed79915
633823a6c0f6f21c
37da22e1bf31e62f
3df9fff9cd3eb04a
632818941a29efde
dcfcb22329d120fe
df2fa56f1e314ff2
14348c3267f22709
00c5df40c7f2433f
1d508f6411c601e9
d647de5be2f61d22
0020e2f7e62d3ccb
01d98e692b097238
b8fbd94a4ddb442a
54112487912d90be
3e1e3f21fad423e8
e5fd113753dd624b
51c01392a02ff0c1
e12d4ada431416d4
f632216717154145
19db34fbd2e51e20
ec4a4a2000ffe240
560103fa143b06ec
0eec2da9b5efa5fa
0e3149d80c2eb921
643c32f6ed1ff2d4
5e245cb1ff39dd2b
404a7af0e1dbf0f3
314e55abc3e00adb
f71a26a7b8edbf10
26df05a3c403fd26
6b4c56db30271d46
cbeee1190fff3d1a
c830bd0369ef3514
04ecbde845f544fa
ef008d5955034df6
d248d45d232f6736
b8ea9e3723144d0d
d0dbca5e29e91537
ccea030ee0e6f505
d4f4b60c11f02424
20113bece3cef4d5
1dd947c6eff2fc1f
2643652ef9eed1f4
49f63c08f03893dc
05f1189acc14bddb
0f34760dfef54d3e
3cf229a9ef0bcce8
45f544f728edb8fa
5b0f413864192159
204366abd100bfe3
134679c5c43dfa2d
20257b3de41fd645
092f0ed1bfded032
fd0264dade01b5da
393d15e207f91b07
5c0062c5a3ccb0da
711a6faf1332ccef
5deb71cdf701c747
2c0fb0421a0d44e2
0ed12ddefd113aca
0204c12d2ff63e1f
cce6da52381ae92a
feeb1b3d2ee544d3
33c9b823e1c3e31c
1e28b0d7e9e7573e
c617ed5a2032040e
31cee401e6ef35dd
f4dc10a4be32b5f9
38445adf12fdfc25
e44c21196005194c
55f76ab2ac0db327
592666d42ac801d1
2b0564055ccc5d50
f7bd12aa9008e2c2
39166b35c6e72109
222c63feedff33e9
720322c71a1eedef
4f0a485e2069f004
1fef494a1531defc
781309e90615dcdb
35190a570c5213f9
0ae8243ae52fe7fc
4e034049f718e1f5
0200075c003c3923
f60f0a32ebc32df8
cd0121dfff63c4cf
3ad33d65b04007e3
121c153cee252dfb
c3eb670fe835d5e7
1beb7539c75744c5
03122032052d16d5
d22648030841fe10
04d6205119294625
0633c4150eea1aea
2c114eee0f3ba61d
53111c38095dd7f4
f1dd336b1c432c16
6df21d2bff34ab05
3301325ae44bec01
9ce0056011292807
64151901e32adbe7
35220f56ff4e02e1
ae08e240f2f538f4
01f25833c02ae5c2
1fb5404cbc34f0c8
27204e4ff823653b
0dd16115af3dcec2
34d66a62b05c3e02
173c1a15fe2c5545
f9ed5c47e649d5e0
22d95e5c0b6e3f09
1027fd234fd76829
3ef40ee9f41e0f08
0f1a07fdfd49ecf8
3f092a42f52bffeb
0bea1be700ece3f3
330f43110c32bdf6
33e9284aff2ceb29
4af721ef021afd12
2bf137300562e22a
39e6442d0a620f10
1835f7e6f81dfb19
f8004e0ecc0e1801
2ec91a5eec3a1ef3
18212bd32928cf1b
22d22634ed54e8ca
23ff4b1ae41c33d0
e41b05f11d11f42e
26e1452bc9470cc3
0fd12e47e81713ea
1303202ffc1007f9
fe09110d01ddf1f9
0a0bd0e11cb1e91f
f1f3011b18161e20
faead8fd25f73107
f01cd5dcf5c1d60f
e10514f50c0ef0d9
fd10fdcb16ed0efc
19f4e5b9e60df7db
26d9ec0fd91d01eb
f80cfdf92bdcf12f
c929cac209c1d214
f0e1d9fbdef912fd
1c0fb8c51401f830
bbf2f0e810dec8f0
1aebea05feea4a1c
012bdbc81bc20c32
ed08e5c51cd3d5e5
210737e9e91bd313
5dfe3c111523e6f4
bae6315e1c173815
4de926fe0c06e7df
631c31131e4ddef3
9612e769e7415d1c
36141be2dd19d80e
3bf50c3fd914d9fa
9dfa04651c3d5af7
ecec06baf2eed30b
09cc5e4beb40dccf
40f92c2112276246
d50613cd0a109ae1
00b86168c06414e4
2f1e02243b04460b
cbe5ea022000b9e9
f5db6044b62433de
5c2a025816fe4149
251af739ed16f1fb
e5e7f5d3eee6040d
ee0dd6ea15e4101a
f1032e4be82b1ef9
cfdee2e5fcca17ed
ecf1e5d8f8e519ea
b80a0047e72a2ff5
e407efca14be200d
011bedc4f4b8f2e0
02b54752b60c3be7
e8e3dced06dbf3db
0307d3f7faf606dc
16e9285adf1752f4
1009c3b327fad81b
e8e2ecf2e4e9c807
132b002f2a1c5718
0919ddbf22dbf53d
ee09fbdf1701e420
31de420df34af0f8
70f5272a1b4af30d
391a3158e848401e
431722d31758e009
7f0c342f1746c91a
21f5624c15724418
58dd4639245bb60b
5aec66620634fe0d
fe143e77db63420c
f0e31c16070fdffe
219d543ac74407db
39fc3f58223a2afd
d0da3e06cc4ecff9
f8ba3d38cb5bfea2
2ce16260ec7361f0
d4ea2f25bd5bf4c7
19997e71ba592ac4
4afa6873264e461b
110f20da0032f0f9
3ffc2208051ad0f1
1f081044ea25f100
6a0d2c12170618df
77001a32f255efe6
55e21c42f53915fc
48e910ed1d021921
53e6380b2028f7f4
41ff5d47ff333313
02ee1a1f1023e4ed
f6c83548f738f6cd
07fb404c11293805
df26122e042404f3
e9f95724d738f3a4
54cc447bf8502416
1c202336e342db22
f5d23334d47009bb
19d74237f1454c14
49e90e1cfb1505e1
36ef2f17063cd9e8
161e445df71925ee
501b2306010f1619
23152a0ddc2ed80f
41e32842e14401f2
0b1d482d174c041f
2cfb44f8e753caee
071c334a223b42dd
1cf13c19e8180add
1ecd4f05024f16f5
41172520e33328ee
24084340d11c00c7
fcdf0f14cc22e1fb
4adc144bcd2a251d
32e74d41c84022e8
00c82d12b64124c5
49125734f24b4901
291b15221447ea0b
2dfb131a003506f9
24e42d3c2020dee3
53ee45081037edfe
340d3210e42c0cdc
461d3f1000560717
16f13626e03cf319
241f4f2ae637f3f3
360844470b321f20
02f6202712163220
42090c0de419f415
06e118fd0b481c09
14cf2c00c23219be
22bf0a36ce2be7ee
0aef0904034b1ad4
41e84e30d82103c2
08c53628d2322af4
1e1a1a0af44b35db
30f533180e2d02e6
551537e61c16e009
4a110c26253bc71e
3f0f4bfd0b0f2f21
26df4b170d33f802
5a1f4514050acdea
3af0253921301222
4a243b302054f000
301f1b0eea53f718
3105034632080b30
f0f02e24ea09c91a
20f62844ce2c09be
24fa4b35f314ea2b
0feb3024e347cfda
37fa323ec81bf4c1
05151250e52a15eb
2fe709090241e605
03f5361bdf140bc5
3808312e011ad6e3
50e12213f9320b1e
3ded3047e11922f1
51090f4b2532e407
2df10a450532df19
fbf5f941e53836e1
35f20322153e04e0
0ff409331402170d
0c043a30f2f53721
e3e5580cd042cad0
ecc64b53b24ae1ca
11e71016041f42d8
15c04a47b919e6e6
ede83d4fc5281ff6
0e2006221c333c26
f4e9442def4a08d9
f2d40f40dd4a3107
100eed24f8053f14
e121f128de171efe
eb010e1c05c21cfa
ef13dbfef3c6f41a
c3f00303f5171511
e71be1e81da1f716
c0f8f800f3dedf0a
e3f3ee30e1141706
fb08c3dbe5e81214
edf3dbbe18efe8e7
0bc31706d92403ff
eef5f8df0aced8ec
0b19e7ef1d0d141a
fa1bd13209083631
e805e7d106c41837
ce32baeb12f8cf10
2f0001181adc3323
f0fbdab610d8c53c
d9f6efd7f2d7d510
14033c13df2616fe
3df70436ff1ff8fe
29090b34de09080c
30e4350a000215fc
1c120c180efce718
1ffe3c24de07e7f5
1cee37fa1e26e9f8
02dd413cf32c10f3
3c14f9f6213be309
23e43e03ee3a0fe0
22d60333e247160f
f0151608ff141bde
fa0308170019d60f
05f72221d4452919
0ae31d34e74215d4
0101251cdc3b2519
38fd4c45d3462bfe
e4e735281411e7d3
060218c0f5e70aeb
63f04ced0f64b8ec
2113182f142fc40a
4e0323c7fe09eb08
22df2dfd135be8f4
3cf91721eb60ca24
17f900c3150c22e2
28f33500fb45c40f
50eb3723e633d9ef
201fd9b231dbfb33
f0fb5509da5cd4d7
fdec5c38f535ead0
0f20d3e320f2ce2b
de054200dd61d1e5
1ee13e46f92825e4
1621fbee2e0af02d
fbfb24fe041fe4e1
f8f32740d34f0ace
f610e11de40cf500
bd1bd82218cf0ee2
dc1deff1e7edfede
f3e4e70decd52921
e0ddeade0ee42fe0
c7f8e4b0fab00de5
d5fdef26e60a0bf0
b015e0dce3ea29fe
d922ebd2f605da05
1c0fdaede6e2f024
fb06fdcd2ceff504
d6f4d8be33b7cc2a
0ce1ddf7f3e633ef
e725cbca19bbf037
efe1b8ee1ef0d022
1105dde02cc4f027
15fdfabb32e1081f
ef2501bbf1f4c011
382238241f071ae2
371d0306fc13f6dc
2602094fdf6233e3
140137f3150ae009
4cf40ff72519bdee
0bec4359e456f805
35f20b1902061af2
4c0f2503e522f1e4
2ef91b38f15f3b1a
2d073f33fef9071e
f6df10defc1bfaec
06e11c25e62924f7
11eb441418382ade
00e326ead924f5b2
08064559eb495313
e7fb221ed843230f
ffe13b11fe46e9bd
4e162562ef49580f
f618d5ec1612e7dd
d0dff6e4fadb15f0
b8e4c2cf21e8e6f3
e0f5f52002fef5e1
ebe7f00018d7f8ee
fc0cd4e0e0ed081b
dde7fe34251a1d1a
f0e6eff220d6f7e2
b70b01dae40708fd
19f1d014ebda0e2f
1604bfbb37e812f8
fde4e3baf2bcd7f7
201cf6ef17ca0728
edf7da0234e9fa0b
e110b7f031ecf729
1d17fd20f0f908f0
0e13d1f908d50f2f
fd22d9cdf6c0cf35
0813101b053ebfe1
eaf5fa55e8352409
cdd91215fb032c19
28f039fce044d8f9
02e3045be6442306
00f602dfe02ce20d
4b0e0a24183ce1e1
34e1295aee3307f9
16fd1922fa06e4ed
1cee3b22c62800d8
34f9302ddd4544fc
1ff7e00d32dc1c25
14e53e1df44619c0
32f0122dd23c1b19
2d1c0adf2611f1e0
10d83047e03cf9be
28e02146f81e2e06
12e42ff12715dcf2
2422161916edf0eb
e3f6eb3ae4fa080c
f707fce0eebbf70d
f0141a0e19ed06dc
fbf9d0e40bf7fcf0
bb1be01412d9ede4
e119fa07d9eff2e4
c111edf914bf2814
e7f7ebe3f5d40719
f1d61202fd18d808
1f17d82122f620e0
f4f2efe2e3fc0704
e403d9f5facc1b0f
07f8c1e0f0d40c15
f017b6fdf7efef2d
df09bc0403f9161a
011cec03e7bce30f
f10ccad42ee7f321
4f1f1024f93ae1f4
48e00953e64ff7ed
39e82c3de81aebf3
2d17200e0a25ecf2
4f2634571a4dd800
0ee31501221f2820
3201441df911f0e7
1ff22731102307ec
ff233bfbde1f03e4
28ee0b10ee42eed6
0ac2582ad544efee
31071842cd02f6f7
e4f75102020fddc7
17cc2446be3d30e5
fb174e1109263b04
1aea361ae214facd
39d32758ea113b10
25f52b201838fae7
14f73e2cec21d8f5
0efa2ffa1847eada
0e0b072f0144f9ec
19252c1b0328fee9
3c0e2013043ae127
35dc4448ef1effe9
5bf43a031f3b080e
51251228f952f621
26f3482cf61f2413
2ff24429f21c2313
09f73027cc290c06
3ed81f26002706de
e5dd4f3fcb1e16fe
00cb1733eb441bc8
26fb2b0e0a2c1216
15cb4334c71be8d7
24dd6131c62cfaec
050c5637dd182b03
391b1efd000eec17
33e82307103cf3df
0efb311ef931f5e6
4ee910f92019d301
530133061750d5d9
1af1155ae85df2e0
3aeb3237e91819df
52df5252dd4ff31e
09f2372910301608
00f35122d322ddd3
18d35115c1390cfa
450e4736de0f4007
20f44530d73dddf6
36f71d1eee2900c9
1ad91c4ed32e4507
03ec3e31da2ef90e
03de445dbc4bfedd
15145237e81c2dff
0923122afef8e0e4
dbfddb42f9e72c11
13e7e5f40cc3e60a
06e10824230914e4
d6f4d7140d040626
d0f0f6c9e1c41a06
dd1edc1ff732e211
e2e5db2efce508f0
071704c5ded1ec1a
f7ff0f12fe0f11ec
281dd7112ce32dfe
daeee3c004cfcee6
0f04ef40e6141b18
0aeddc1e08e02537
020db8e218fbbb29
0f110d1ee01d42ed
2001f50b25e2352d
fc1bc9f422bbe402
c9f60e2425ce161c
ebf3ead6ffbede03
fe0212f81be9ea0c
a5ecddd9db041825
be00e9c9f2c012f3
c6f014d31af4f1f1
d80cc5c5fffb2620
faf8d7d310c51f12
cef317e8e1f211df
db16f8e71beefd17
1517fad829d7ee13
e7f6fe020fddfaf3
2202cbef1fb22018
d729d0ef2eb0b829
03fec8dafcf3fd2b
0c26c6c92ebdee21
ec22d3eeedecdc03
1eefe4dd28e125ee
01f9f9eddc1cf9df
0d090ccb08cbeef1
ff15f50d1fdf0efa
c400051afd060619
c9200aebf4d5110f
d2f104f0130b121c
a707def3eafa1a0b
f7edc9d809cd1b1d
cf0ad5f6e1d90af4
e0d2e02d07d5f806
c622bcea0ad4dce1
230b1cf7f4f2fbf5
26fdd8ee2407fc34
c9eebecc24f6f115
1e1fc5f8070bef03
f0ed01ea38f1fe2a
cc1fe6df0bcbd62c
18e1d10217002a2a
c0190f290330ee17
be1cbce425bb1f15
e320ceb61accf307
d5f5e152e7342126
c4f304f704cc0be1
dc09e4bd14fcfe12
e521140c1a2928f0
bef2f5f911ddf3fe
25e21fc61004b814
20d8ff1de9db3405
db16cede36d0fa1d
f903e3c127d5d81a
1acf2648f6e158fb
d7ecd1ee3db30c33
eb05f3e1f8efe306
eb0e132aeb073306
18f1f3e130c1f4ea
000824e9f50cb7ff
23020f08ee00e60a
ccfb140916242e18
f701d10121d80e1b
0e14f51bddf31529
d2e6d339ea031315
de0bbfe027c926eb
bd15fe0bedebe121
be16e8ef1ed0180e
c3eeeddc25d10df1
11da10e90414e4d6
f6d50c0f1ae7f203
dfeaecf92b00ed28
1206e404ece622fd
ec14e11309c11d36
e2eeb8dc39d802f0
dc01cefbf5d2e115
1fe6081703c7f833
fd16b5e511b8e739
4518402d1e29f4f3
e7ec142500370c17
e5debcd609bb1921
630f2a4e0d2b090b
bd17ed67f33032e2
e902d9a5fe9debf8
4ce0f62efc36fe21
c8f61a4f12313c1b
b6e7ccb3ecad1cf4
08cb3e4bda5808c1
24fe4d5d2e29572b
d104a8f741dcdd33
e80c3b5bcf5937f1
2511333804325e22
0a02d69e2291b9ff
f1062d55e9150ec7
2504f7262efd3108
cf3baca928bacc13
e9f8ec21ee0df5de
c81ec40c18cd0bed
f30bfac416ddeae9
befe0d4ffb0e18e1
dd0fee2123d032f2
b616d5b0e4acddfd
f5e4cf0a0027d50e
e20be7061c20e00d
d0def6d8ecf2f403
19092931ee1c010b
2001cc2416e61a39
f6fadbf43dbbdd2e
29fe113c05023bde
e800fedb0df9100a
d3f1e6ee10e1bc36
13d23244f5052004
e3e712efface0213
170ccbe003b8f012
58252c1bf430d406
44f21c4be8310af5
160e30470a3ff11e
16dc02060d27b812
49083e37f34f2222
0a19394a1efbef17
490c1716f643fbff
1bfe0f3bfd3a2426
0f03113c2108f007
27be472dc433ebb1
f3ee2f22f317f2db
21f33a19fe083f09
dbeb482ac40fe6aa
0ee5332fd73736e4
f3f11c07ef031c19
e1c21f0be52618f9
15043228ef403a16
360ef7fef83b3eff
27eb1b34e233f603
34ef2b431d21ebfd
280a3047f6060423
5809412ff037d904
0f1af82a031606f1
eee3320d00282014
0b141e210720e21b
0814f11dfb332a21
ea142aebf2e2f01e
e5db2a50b857fdce
2ece4454be1b01d7
f8e9f618e9fb0b01
26d35720fa191ec7
2de93237d63b0f14
0522ef23201f1cdc
2fd61f2ef7480be0
f805041e1c313611
ff12cce4322018e3
01f8f6f306fe03f8
f8f9050708070400
f504fdf40002f3f3
04f3f4f206f50304
fd09f6fffa0105fa
0b00f906f8fc02f5
01f602fe08fff507
0205fff103fcfd07
050af5fafcf707fa
02f7ff0808010304
f306f9f1fef3f905
f10603f900f2fafe
0708f705f605f509
f9fc00f2f8f9faf8
03fa020405f4f207
faf4f7060807fb01
0200f5f1f1fdf401
f600f605f3faf300
040803f6060200fc
03ff0202f4f505fc
0003f6fdfff201fd
f602fdfffbfcfdfd
07f5fbfd03f6fafa
02f6f104f1f305fa
ff01f802f800fafb
06f1fff103fd0705
000504f50205f9f2
f208f8faf608f705
fefbf1fef5f106f2
f501f108f60207fa
fbf7f2fe04f40305
f604f90705f5fef5
08f406f906fdf1fd
f8f8fafc0805f5f8
fa05f6f7f205fdfc
0501f2f708f7f1f1
03ff0008fff10807
0cf4fefff70405fa
f703fbf603f6f5f0
f3f301fcfb00f5fe
f605f1f3f9f9f408
faf70606f7f702fd
0501fbf70901f508
06f7f3f1f800fbf9
f907f008f1faf309
08fcff04f707faf7
03000104f70004fb
fafa03fdf2f8f8f8
f503f600f6f2fb08
0202f207f3050305
050405fef5f30204
fdf2ffff0203f7fd
fc050502f9f9f705
02f2f9f10801fcf6
fef8f4f9f6f603fb
02f5fdf1fbf50600
01070b0501fdf500
0300080cf6fefefe
f8f9030704faf6fb
0000f60705ff0608
fbfefbfef2f603f4
fa07fbfff7f6f5f3
0000ffff08fcfa07
f5f3f8fff8f1fd03
f50804fe03fe0605
02f605fdf9f5fbfb
07f406f9fb020706
0000ff0807f2f906
f800f6fa070303f4
00fffef307fc08fa
fbfd03fcf8f806f7
f2fc08f70401fd05
05fcfaf200fefef9
f6f804f602f404f8
0601faf801fe08fd
f6fbf7fd04020604
fffbfb01f1f1fb05
f3fff7080101f303
05f2fbf8f6f60b05
faf9f4f906f7fe00
fef9f105fefcf607
f6020805f9f2fcf2
01fcf4f902f7f9fd
faf6f707f6010100
02f7fd01f8f70bfa
fff5ff0602f204fe
fdfdfffff804f7fa
05f1f4f602fd04f7
fd0303fb0000f608
03fffafffff7f7fb
fcf306f2f8f90707
f6f4fb03f9070701
f90b04f2fcf3f2f1
f50c06f60603fbf6
fa0601f3f4f20407
0605f4f4f9fe04fa
fb02f3fc02f407ff
fffd02ffff060206
fcfd0604f9fdf9f9
02fc050504faf7f9
fb02f900fbfcfb05
03f4f4f705f20704
faf101fa08fbfb06
000805f1f6ff010a
f5fc00f3ff030402
07fdfcf505f50700
f4f8fffc0200fffb
05fdf5f608f5fe05
f5fbfe0701f9f8f9
fcff0500fffff4fd
f4fffa0108f6f5fd
f4fb07f7fd03fe08
fbfcfefcf4fc06f8
0300ff06f1faf103
f905f2f7f4fdf706
f204fffafa08f208
0404f400fefbf80a
f5fcf9f3fff305f7
06f9fa05f6f7fcfc
fdf1f5fcfa0708f9
0c02090707f30403
09faf5f5f300fcf3
050707fa07f504fb
02f50400f4f90503
00fcf20205fb06f7
f3faf4fefef20708
f2f707fd06fff9fa
0203f20701f8fefb
0802f8f6fdfcfc08
fd0403f8fbfd05f8
f4f3f8f40a0002f2
fdf9f603fdf70101
04fe0201fafe04fd
fcf602fa0601f8ff
f5f90601f5ff0706
0806f4f707fefd07
f6fff9030102fdfe
f6f8f2faf40700fd
08f506f40508faf3
01fbf60804f4f4fd
fa08f702f200f103
f604fafcf2f20007
ff00f204f4fefdf3
0205fafb04f3f909
fdfbf1f7f903020a
f5f7fff90205f808
0604f1fbfcfdf5fe
f7fdfff6fcf8f501
f60b05fe07faf7fb
f7fbf20504fe07f4
f3f2f6f800fbfffb
00feff01060707fe
02f900f4fef7fd00
09f80707fa07fdfc
0bf4fbf806f1f5fd
f8f2f4fafe030508
030b02fbfc07f2f7
fbf5fb000008f9f3
06030101f90105fd
f3f8f10801f20006
f705fef4f306f7f7
f402f8f906f9f104
fdfa0108f6060708
f5fdfbfef7f7f4f9
fd05f703f503f9fe
00f7fefffefb0608
fa070400f4fe03f1
f502070408f3f807
f5fdf808fe05f800
fbf70104f9faf1f8
0107f704fbf308f5
fbff010000fb03fd
0cfd05f1f302f106
fbfafffd030606ff
f6f404f2090703ff
f7fa07f503fdf300
07f7f7f7f907f6f7
070008f107f7f8fa
f703fffa05ff04f2
07fdf7ff01f402f7
fbf5faf7f707f507
f5070301fa04fafa
04f1f4f606050bf3
010700f606f309fb
0a0807f400f3f209
f607fb060501fe06
f701f4f4f602f806
f204f6f90bfef602
f90cf707fef1f0fb
ff00fef9fd0808f1
fff601fef2fefb01
fd0103f9fefd05fa
0a03fef3f1f6f6fb
05f2fffafa05f5fb
fcfc08f90bf901f9
07f400f30505f3fb
fbfbfaf60406faff
f5fdf8fefb06f4fc
0008f4ff08fffd00
fcf8fc01f504fe03
040300f2fb0707f5
04fdf204f1f304f2
fdfefef8fb00f8ff
fe04f605fbf508fb
0800fefcf7fdf809
0c07fb0602f6f701
fff6f1f201fcf9fb
0007f2f1f6f10506
06f6f3f405f4f3fe
fefaf8f7f6f4f804
f50204f609f5fa06
f8f7f803fdff0b0c
03f6f7f4f5f7f3fd
f9f1f108f20203f3
05fb00f10bf6fcfc
f502fff302fe0a0a
ff040408f2020806
06010105fbfff701
f507f9fff6f1f705
f8fafaf10307f40b
00fdf902fe08fb01
03fdf701f80104fc
01f303f3f6f8f9f3
f9040101f7f4fef9
0afd0302f6fff9f7
fb0108f6f501f808
f3fa010601fb03f8
06fbfafc02fcf2fd
fcf90105fbf503f4
f60001f9fafd06f1
0cf205020906fbfe
f3f3fef5f7f707fc
fc05fcfff208f5f4
0001020cfb010807
03f6fef602f60503
fef1f107f9f604fa
02fafefef907fdf6
f803000300f6fef8
03f9fdf9fff1f6f8
f8fc00fd05f509fd
fafcfbf306f70bfd
f6f401fdfe04f807
00f502f20003f805
fb00f7f5f1fa0307
fb060600f2f606f7
07f304fefbf203f6
02f40005070701f2
fbf5f302ffff08f5
010c0af3f403f3ff
08080508fff100fe
fbf9f2f7f7f30bf8
f806fbfdf20bfffa
090bfcfcfaf4f9f6
0107fcf9f501fcff
f1f6f8fa02fcf105
ff02f2fb0207f603
03ff08fe04fefb04
06f8faf804f6f203
fefefb07fb000307
0aff0bfdfc070dfc
e0eb14f511eaf5e8
0cf8f20305dce0f0
15e1e7dc08ef17f5
0ae7051615081314
21f7fee1fa1ae91c
f71e27fafd28090e
fa1d0b0c0018f907
06f8f0f1faf10404
214ef130f31f2f23
fc0301f61e061731
f720231af525ff2f
141bf612f1f0fdee
0a0001d6ef2cd4e8
f02312fae81b200f
fb0c1009eeedf91b
03f3f7d3cb0cfdfd
2744ff30f8271714
ed0a09ec0f28472a
0129312cf8180031
030d05140102ece5
eaf612ef08dd070b
fc0a011601ed07e9
fcf40611ff0f02ff
0e060206000e05fd
fb1003040af7f50c
fdf50efcf304ffff
f609080000eef702
03fcfaf6f708fdf9
0007ffff02f6f2fb
f9f3f000fe0d140c
0a0b08fdf9fc0115
f8f9080703fdf50d
f1f101db0ae8eed8
0bf6e007dbf315f2
04f7f9e7090110f8
e3f313070506fafa
1cede0cf011ae803
003620eaed38160c
eb0e2515f40af806
f805f9ebf0fcf8fc
434fe631fc134225
ed050ee11e0d1d24
fe343836ef1bec40
09230221f2eadee7
0b0210dfea1fd206
f52c0afcf72d0d14
d61c1108deebe615
f3f2e0c8c509f8f1
5b62ec35fc44323e
ed1911e62e213a34
f458433af91af22c
133d0923f4e7dbea
05f203f1fdf91409
00ff0207090f06ee
02fa0900f70f0bfb
0e080f1ff70e0e08
211dfef80619fe0c
f6010003fb121412
06261c1605f70306
ed0c05f3040b0107
311cfd00f620ec08
f50808f503293631
002828fdf2fd002d
f30af9fafff9f2fe
343bfbe60906210a
0dfe17f906203414
0a312511081bf910
1111090e090f0800
3f47e420f02e0121
ec3736ec174d3136
eb413522df19ed43
0416dadfcfe2f2f7
5160044b0406604d
f9f221f539031f2e
10383644e546f518
2d43f93af101dfca
07fa1edf1a12e814
0826fd1d092000ff
f1f503fb08c9f216
f6e9debeda091a14
2a3b0033f81b334c
fc1224f721041d24
fb2e1c2b0a1a0123
23300316f8f4eae3
e9ea0cea03e7f6e8
05fd06190a04f7f2
f9ecf7fe05010df0
0c0b090cf70b1315
190ef502fb0efc08
08fc04f70dff1c19
ed32141103fcfc12
f0190408f2fb0108
0c06070007fefb00
f2100bf218150116
fc1b0c0c0b03fa03
0904060706f7fdf8
0207fbe60cfa0a1e
fe0110f60900ff0a
06100d1af7010903
08150403fffdfb05
5334df41ec33353c
d4302fea433b3026
f2432d3ef418f44e
201fe4c6ddd400f2
1c3920371df83b4c
06d725122e050f15
202225230b4c010e
2b44225f201ef6f2
1d10f9f10e1eebf6
022d02090209f806
fc0a00fcf8e91905
f5f1f9cef81c031e
0d2eff1c00fd2c31
f2011aef2a002416
052624200b1e090f
131ffb0807edffeb
ebe312da12e1f9fa
0adcfa0405edddea
08e6deec13f30de3
f9010b12fa021010
fdd2020208f9f614
0b100af7ff01edef
fb0ee9160ae5feec
fcfffefb0afeff07
eaebfcfbfdf408f8
0bf5fd0a0cf2fe0f
fa04f00af8fbff04
06fb0bfa0007080a
060104f204f7e904
0a131207ff06f806
0308f7040bf4080e
04fd0107fc070b06
302ce314f6150126
ea1a18eb1b21181b
df2b162bfe0aea1d
1c26dee5f1f7f6f3
1f411523170519f0
05e316f717122326
13202e02021bfa1e
151c1b28ff15ebf4
f30f0ffcf6f80217
f410171200040e0b
030609170a01180f
040404f800f20609
f6fc1c0cffea0a1b
10e6020914f0f2ef
0feefb091b0608fa
1917021818f60b12
e4c418dc04e4fbe9
0df8fa1be7dddace
fdcfd6cf02f811d8
e5f208fc09fb1913
bdbaeff90eebe8fc
0c0beef8f5fcebe9
04e2edeffcef01e5
ebedfd06fdf50b0e
f1eb0bff10fcf7fc
f5f3f7fa06f80002
faf901f809f8fafb
fdf80cf80107fa01
f5f30dfc01ff0c0a
fe141606120efc06
0d1207030bf6ff12
070a0209000b08f7
14f904e7f20d0e16
ec0d0d0013161b13
f116151f0015f810
090fec04fefa00f4
4542f435e4222830
db0d25fa2426324c
eb4c362e0411ed3f
1c32eff2f3dcfd01
d2fd10030fd22a1e
00c2131616fd15f4
1303231e173402f3
29101a4824020913
d5cd07f209dfeacc
18ccdb1df4eeece0
0cd9d7d51de909ee
e7d70ff61c161020
d7d5fcec01daead1
13f1f115e5f2e2dd
f8c8d9e714f60be0
edd80bf6fc0e0707
c3d7fcfefde3def1
080bf6fae5fe04ef
f4f0e3f210e30cdf
e3e809fff8f50c0d
e3df03f403e4f8f5
fff3fd1209eae0e7
f8e1edf50dfdfde2
1009090201ff0409
e2cc0af407f800ff
0900f5010dfcdfda
05d4effa0fe2ffea
0cec050e00f707fb
f4f1fe19fefe00f7
0ff6ef0d11daf2e7
11f9f7f8060d02ea
03ff0a0efe03ff06
f5f3171ff7ef192a
100ce41b24f6edec
0df4ecf31ded21ee
04fbfdf82100181f
cabf1fdd26e6e2cd
1fd9eb19e4d9d3dc
2accdccf2df826d5
09ef24613c191a0e
d7e1150001e3f5d9
05eada0eefedeaec
0ed7ebd50cee10ec
e5e205fc17091616
e2dc05e504f5ebeb
12f9ed0cf9e901eb
fde1f9f40f060ad8
f6fb01fdfd0f0710
dbfe01f20effeced
0100fd0bfe05f503
f80bf20804ebf7f4
e10806ff010207ff
f602fd0303e405f9
fbefed0dfdf4edfd
fefa0bea01fa1006
effe09fafa00fb0d
d6e00c03fdf60102
0f02e509f2f7ebe7
fde1f6ef12f911f3
eff2060606040112
331cfe36fd2b1109
021505f60e0cf3fe
fa03130af809fd0e
f40af5f2fb01030c
cfdf2ffd13d44afb
19cae81e08d0e3e9
2be3f0e91d1318ec
09fb3245211e1307
ddd634ef3ff7cfd2
38e0dd48e0e9d1d9
30d7e6d835e33ce5
d7d025f63843363b
d8ea0efd01ea01e9
10f3dd06e8e9e5ec
0bdfe8e812ee06f9
e3e609fbff09171c
e0ea0be2fdf0f7fc
06f5f415ebe8f6e7
06dcedfa10f30ce8
f701fa070a011217
fdf7f007f9f70201
01090b03fdfbfc00
051005fd00ec07fa
e8f5fbfe0bf70802
07fd01fb01f2f7ff
ff05f5ff08fb0b0b
0204f70300f3f7fb
00f7f1f105fef4f3
f30cfc00f908fd07
02f7f40ef70007fc
fcfe060000fbf208
0c08f2fefffa00f5
f20c0105fd05f6f4
ff020102fff8f600
fc04f2f504fcfefd
0203f7fcf6fcfc01
010bf1fb02f306f4
f5f3f80103fffe03
0000f4fd04f2f506
01f2fcf5f202fdf1
fcf9f5fdf906fb00
fdf7f2fd00fe0c08
fe07f2f5f203f6f2
f7fc0308f3f40205
00f7f8f408f2fafb
f3f9f803f407fb02
f6fff20102fe02f2
04f4f9f304f1f403
08f5f2f8fd050106
03f2f1f40807f4fc
000400ff04020000
07fa06f3f5f3fe03
0bfef4f10405fc04
04fcfff102f3f707
0606f400f7fdfafd
04f207f4fb02f907
07f8f704fe040901
f8fffefbf5f908ff
06fffafcf5faf8f3
00f305f2fffe0307
f50603f7f1020b04
f20008f8f608f9fe
070bf7fdf2f9f4f6
fef4f3fafbf2f2f7
fe0104faf6f5f50a
fd08f6f8fa0304fe
fe06faf4f1fcf803
02fa01f6ff07f604
010a03f7f3f80502
0304f7fe01fdf6f9
02f9f80803f3fe04
ff010407f303f403
f4f50009feff0008
f5f2000701fe0807
000104fc0002f6f4
fef2060307f20602
0af600fcf50106f9
02f9fa06fe0603f8
06faf7fdf600f2f7
f5f8f202f40404f9
08fe0707f307fc0a
050306fc05fb08f1
0a02f7fef205f7fd
06fffa07f6fc07f6
fa03f4fafffdfffe
f3f1fffc09f100fb
f1f904f1f2f2f1fd
f900f7f3f3fe09f5
fd0a0909f2020006
03fcfc08fff90602
08fc080008fbf7f4
04fdf8f6050700ff
f9ff05fef6f404f6
0201f80301030afc
04fb060701f80006
05f30007f706fefc
050af9f7f5fa06f9
f7f504080afbfe05
f4f4fb04fffdf7f4
06fcfc05f9ff00fd
02fd050a030405f9
0707f7fb0608f704
ff0bfffefcff0505
ff0102ff03f7ff07
fcfe00f808fe0106
f7f502f5fd01f804
08fcf70002fb03f5
00f2f403fc06fef3
06fbf7f90106f600
06f404fa080307f9
f3fcfcfffefcf3f1
08f5f9000707f400
fdfb0803f6f3f9f5
f4f4f3010501f805
0600fefd02fb0600
f9ff02fc00fb06ff
01fb00ff06f5f90c
06fbf2fa05fbf606
f900f6020000f8f7
f8fdf8f9fcf3f5fc
08f609000801f403
fa01f6f6f8f2f6f9
f3f6fb01f7f60705
0806fe01f5080505
fafffd0cf9fc0b0b
f200020cf7f2fb00
08030201f7fb06f9
0b00f5f3f1f80205
f5fcf2f606f3fb01
03f7f6f5f6f302ff
04f900f6000309fe
0903070900f600f5
06f80afc0002f802
fc07fe00f3fbf5fe
09f608fb0005f706
07f4fdf2fef101ff
f8f70105f4fdfb09
00f6ff05fcfbfa03
f6f9f90405fefef5
f6fa01f40802fff6
05f406fefa0007f8
0206fffd03050b0d
06f7f805f4fbfcf8
07fbfd06f201f7f6
fcfdfdfdf3fff80b
fe01f705fefefe08
0c09f1f603ff0505
fafafef6fff8f6f3
08f602fc00f4f6f8
01f9fdfdf906fc03
fc050201f2020907
05fb08f701f1f701
000bf7fe03f5f701
f30605f6fb010607
060af7f5fefffaff
0b03f8fa0305f6fc
fbfdfd0af1f303f8
f20103f9f402f605
0ef6f200f3f6f606
fcf507f203fd02f5
f80309fef80500f8
f7f3fffbf501f7f6
f6f6fe01f7f3f704
f7f9f8fcfc07fefa
08f7fd05fdf6f509
f603f3f4fef90205
0305f8f6f602f504
f7f8fcfbf1fcfdfc
f9010a090608f8fd
f1080207f6f704fc
06faf60607f803fc
fcfff5fafa080001
03f50409f6f9f6fe
fff4f80bfef8f408
01fc04050701fc08
01ff00fd09fa0807
09050602fcff0409
fcfa05fa07f10bf5
06f9f605f7f20cf9
0bfbf1f5f4f7fcf5
f6060908fc08050c
faf302fd00fefb0a
fdf60300fc0304fe
020300fbf504f7fc
f6f4fdfdf7f602f5
fc05fb0106fa0203
f8f90702f30204f9
faf3f7fb0800f408
0105fd01f7f1fc00
03030103f5030903
0df804fdf3fafcfc
ff0507f1fc080705
fb0208fbfafefa03
f805f8f9fd0005f2
0706f8f6f7f4fa04
fd0008f4f9fef202
f7f9faf4f9f4050c
fe00fff9f10604fc
03000600fefb0106
03050406fef403f9
08fbf70af903fdfb
fcfbfc0cfdfbf5f9
fa07f5f8f204fbff
05f1f2f102f407ff
f50c08f5fe02fefc
03fcfd07f4fdf50f
f60a0600fa060205
f90502fafefa03fe
fbfaf6f5fc05fcf9
fbf4010b080504f2
fb08fbf7fefc0605
0403f4f606fbfdfd
f60af7fcf7fc0203
01040805f3ff00fd
fbf6f7f8fdfc0103
0604fd09fdf6fb05
030203f504f50303
f8f8f7fc010507fa
fa07fef3fc07f8f9
ff03f506f80704f9
010502f705f20a00
06fe0808f6fa06f7
fd0708faffff0404
f8f70403f7f6f6fa
05faf9fafbf50bff
fffdfb0000f4f601
05fbf9040908fa07
08fafbf7fcfe0105
0504fd01fa07fdf8
ff000800fd0602f8
01fd0500f3080407
f5fd01f2fa04f900
000308f6f1fa02fb
03f3fffbfb05f706
f40400fcf4f5fc00
060001fb05ff03f1
fc0af8f7f4fdf8fb
f1fbfe09f8f8f905
f8fff40403f4f106
02f1050402fdfafa
0bf407f6fcfaf703
0202f9fd04ff03f6
f1f9f40500f902f4
fdfa04fe0601f505
00fcfbf7faf70a05
06f4f6fefbf2ffff
03fe07f807fbf9ff
fbf1fcf606f7f804
0300fc0000070106
04f8f1f3fefef801
fbf908f40608f7f2
03f5f4f207f10405
f6f7f500f7fafaf7
05f6f604f9f204fb
f7070406f4f4fc03
f9f80107f10001f6
f402fd03faf706ff
f3f3fcfaf40408f5
f70508f2fa02f8fd
fff9f8fffaf4f4f4
fa080a0bff0805fe
070807fdf8f1f4fc
0307f5f3f206fefa
09fffb05fcf2f501
fa07f9fb0904040c
ff0703ff07fa0b00
f6fff6f302fdf904
fc05fef205f4fa06
03faf6fc06030509
f804ff04080807f9
f5f5f8f504f3f5fb
f5f907fefd06fc07
fb05ff01f50501f7
08f3f100f7f9ff04
fc0cf6f5f3f40802
0dfb060801f5f901
01f7050bfcf5f7f9
06fd05fffef6f408
0400fafdf6fff303
0701fbf1fc060504
e6000e0901ef0b05
ff090dfe11e2fd00
10f0fdfc070006e9
0c0612020403020b
f7f30f1f0ae70200
0000fa0605dfedf6
00ebe5f5fbfd13f0
f5f6ffef0305ff06
e0f119160dd71bf5
19e0f72200dbe5ea
08e0eee41cfe1de3
fe0014fd1a051b1c
dfc70cca0adbd1cf
0d03e919deefd5e6
04dadee10ed616e1
e6d80cc30314201e
e4dcfbf2eff0ff00
10f8f4f507f3f6ea
0ef3e9f9181901f4
f8f718311fe6ff05
f9d609dffbf2e4e5
fe0fe3fbeff7e3e6
02ede6e4fdf4faf7
07ebfdf2faff1416
161102090a06000f
09f6000204f4fe07
fd110e05ff080720
ff0a0402fdfd07f8
f9e8feed01030309
0713fd0e04f7f8f4
13e8f5e50503000b
0fe816fd0a14ff08
fa150dfd07eefee8
04e908ff07f21307
fc160702fefc08f4
ff0612fd0208000a
dbe30e16f8e70aec
07ea03fb00ef01e8
00e2f204fe100af7
01fdfef6fc081006
ef060f0a04e0fef3
14e2eb13f4d6e3e6
02f1efe5fefa09e6
e2eb06e8080a041d
e6e1eaddee07d1cb
f61bf8f6de09fee9
dbe705f0e8f2f9f8
e0e8edcdecf3f7fc
f208effafeeefff9
f8e4f9e905f81309
0ffd100cf62cfff3
02010e2f1007f0ea
e2ddede101feebd4
fb11f0f0e907e9ea
f8daeed7fcfa0905
e9daf4fdfafef8fc
0208f6fcf615fb00
0010fdfcf7fc0821
012314f7fc0ffb10
0210fc0c0704f403
eded0aebfb12e402
fd17f50d06fd0eff
fd0a03fd04ff0e0c
06ef0c0e0102fe0d
271f0411fa020def
05fb18f6140a2523
06202310fe040b0a
0d0600faf907f4f4
f800060b0501010c
03f715060fea0507
f5fd0e02f325fe07
fa14080401fc0dfc
082cf7fded05faef
00f2faff05fb16f7
03fb01faf3fb0207
eef703e0f4fcfdf5
0910e3f6e61701f7
e90811f009221411
e019131af0fded17
0809edcaecf7f5ee
f9ef000ee4e91c19
ecf8fcea13effeef
f702f615fb26fbf4
1023124114f9ece5
ff10f8e9fff5e8f0
fff4eafd00ebfe06
0aec07fc0ff6080e
07f5f4100cf40b09
fdf5f4f60b0bfe06
f90ff1f405110613
f608f8fa00fbfd0f
fcfef40e05f401f5
00f512f8fd0ceff3
011b0503000405fa
0e1512ef08f80812
0ff0fd0ef60d08f7
03050601fcff03f6
05f709fb15ff0103
0a240317f80df5f6
17feff03f5fcf4f7
04f80309fef9fbfc
f9ee1afe03060908
f6040111f30ffb07
020704010107fc01
fdda04ea0605edf3
0a11f4fe0111060c
09fe0901fd0803ed
f40503d8f90901f3
0af4ed07eb1ee9e9
e30d17e0090d0d07
e6100302eafede00
fd0cf4ffe0ebe4e6
ff1efb0beff51209
f1dc0201f80f1c02
010509090a0b0602
05040c010fe7f7e6
fcf016f10cf9fcfd
1aedf311f5f5f8f6
0bedf2f508000bf4
0af5fa14150e1020
04eefdef0b1ef1eb
fd0bff03ef09ef0b
04faf6f3f8f70918
03f304fb01050509
eed912e7010bf2f7
070af9090302f3ec
0102f6f900f9ff15
0af001fe0110fafa
00f1ff0606f6fb00
fffd06050ffefe05
031207fc0209fffa
0900f50600fc0802
150006f9fe0eeced
03fc18fa07050f1c
fd191e13f007f918
090bfd00faf804fd
00000ac50f02bdcb
00f801fbf11a0c11
f4140eebf5fdf9f8
dde502d1050cf0f7
2a35e914f822211d
dd1b18e50a241421
ef2b2526df01e415
0623dbe4dcdde9f2
0215f326eafe3425
e6dc07ea1c031711
061d0c1bfa260001
171ff90809f9e7e2
f6fa0cf90c0ae3e2
18f50106fef30502
1fec01ee0efe1af6
fff2150c0d150615
fef704fe0425f5f1
0020f1f6f31cf313
090502fcf3ff011e
09f2fc0f0d07f106
d4d2feebfd16ebfc
ff0df80d0102f304
04fe09f6f80e0812
19f71016f90609f4
0d09fffbf9060204
fc0e0af50f0d1710
09150701ff02030a
0209fbfd070c0609
010e0010070d1411
f51813f413150f1e
fe1c0b21f70ffa15
1c1903f8f105f504
272501ea0704f817
f01020ee141a1c23
f02a1521ee00ef12
1d10f1eaecf4f7fd
14360210f51e3329
f4171be813171313
f2202828e813ee0c
161e0117f7faf0e8
f001140607070c0b
fbf2f8130a0a0103
fe0ffffafc0b0307
12071f1e0d1909f4
070209fb1603f20e
0ff60d03f4fe0a10
11090800070f1002
fbf90007140e170d
0e03ff06f922f008
051206f20e100914
04140bf4fc00f41d
09f5040a06f601f3
eded05e20008e40b
06060dfb050109fc
fb0b0b030109001c
13ff0b10f90908f2
080cfb01f9fc030d
080c1208020d0a0a
0811fa0c05f9fdf4
170df6fcfd07fc01
0915fd0cf51c201e
ff1e1efc1111fefe
031c0d12fdfef218
1c16edfb05f00003
fb0efcf10907211f
f60f1cf61412130b
f81b1a180901f300
121bfc13fef206f2
0f150b08fb1d1617
ff281609211a1117
ed260c1af4ff010b
0f14f713f4e4f507
0a1e0c0ff8012808
130e0d07180f140f
031b11080c0e0915
031d141905fffbfd
1123031004220f1e
0a180afd0809120d
120f0e120c0dfe17
090c021f00110c0a
201604fefe20f706
080805fc02ff0416
fd1f03f80108011d
0500f60701f809fc
0bfd08f10214ef17
fa15fe0e14f600fc
050a06f9fdfc030b
1d060b02fa050a0c
f805fe1402ee0ff1
fbf3150a0803fff6
0feb0602fc0f0fee
0d08060f12020d01
fc06010e05181910
fd1f21fb0b1502f9
f313fd1204fa0b0c
0608fcfdfefa0c07
e80005f4fcf71b0b
02f40bf90bef0500
0506fb000903fd00
1c0f132d0a0a0305
15fb1005010bdf11
141bf90efbfcfffe
0206f70415f10500
f60702d9fd041216
191ee5f3f6180b0e
ea0616000b060706
07140204e204ed06
11130dffe005e7e4
2a1607110110152b
fb1b14f403110917
0c1521070b110118
1a1910130e02f5f3
1913010efd09fc0d
0a0f000d04fb0703
13140eed0e02fb1b
14f1090302100b03
e7f013f4fe02ecfc
060403080f0bf4fb
03f113ed05fb1015
0500140c0f0e10f8
022505fe1014040e
070505fd060506fd
010f0bfc0ffc0e0a
11050508030a040d
0cfc0bf20bfcf4f5
05030b0d0ff8f3fc
0106fef70711fbfc
040cfe1202ff02fd
dda80ec20fdac2d7
0cebf602eaedf3ed
20dfddee22fd1ddb
fffa1b462b0d0504
15ea0e071d08f2ff
06130712fbf0ecf5
0b0b01f511e8f905
04fb05f006f7110c
f8f11b0006eef9f2
f900080ff20be7f6
fd08fcfbfef00503
e2faf5e5f003fef2
fef6f508f80601ff
f71a0406fe1c0fff
070bfdfff7080cfd
000e05f800f503f6
fee60ffc06fb180c
090715040ff90304
0d02fb081010ffea
ff06fd170f001103
fde4000100fc0809
0308f6fdf80ceef3
0dfaebf813fdfeff
10ef02010c10fd07
f41d0614fe001614
12fcfe160302e7e5
0df2e80c14040df6
090802fd0003050a
f8f308f41801f9e5
fe12000705faedfb
1902fdfc14e90e02
06fd0af509061103
beb128c11fdbc9cb
1be3ee12deebf5d8
31d7d1e9321224c8
09e3353025ff0f08
fce1ffe8080bd3e5
0d19f71deee8e706
07faece627e019fa
f0ec04e40c002525
e1f109fa02dfeafb
06e10d080007ec02
f0f4f6f417e001fd
f1f8f5e50a0b0a16
f50cfa1df40f0e20
ea150afc0b09fa04
f5fa06040a12f907
0b07f8f7f5f50901
ecf3061614e609ff
05eb0b1721f004f9
0bebf80b192002f3
0b1b052112050eff
f5f711fa11f9f704
0c080517f506eff3
09edfcfb0f0403e4
f9fdfcfa0e051003
ea15071717f3170d
1afcf21101ebeee6
17f1f3fb0d0813ef
0508171012150d19
ebe011de13f7fcfd
0d1ef70fe6ecdaea
08ebe1e009e811e7
fced04ff12051319
a7b919a403c9eafa
15d0f21aefd9fbdc
1adcd6f2291c18ba
16ef3c463200181a
03dfedcdea18b2dc
1441ec06d602f1f9
ebfbebdf18c409fe
d0d300a900e51e1c
e8f10fed10e902f7
14c5f51003020101
0cf205f50cff07fd
0405000819040e14
f9ebef15ef1f1915
ef3a0706f42b0404
f002eef3f503ee02
02f9faf802eefdf3
ddf1130904eb2710
12d8101315ec05f7
10f202000f2112f6
11160e1913091406
01ec06fa08f5f802
1b04f706ebfff6fe
03ebedec0f0b0df8
e9fcfff8180a0411
f91c0d110a0713fc
100cf11aecf3fae8
07eaf304150f12f2
f712080f08160a14
f1f901ef100cf3f1
0318ff08f5f6f2e8
14e4fffa160015fb
ece40e07090f0204
97af04baffd2dad8
07d0f809dddaf2ea
14d1e9eb021103c3
f7ea145a07150c0a
04fcd7f2e71bc7d4
0236f9eee105fa0e
e9f1fce6fdd2fd0f
d0dd01a8e8ebf30c
dcc622ea0cf4e9d6
fee8f713f906f6f6
26e9f2f902fe0afa
fded233b08250df4
ebf6e60ffc120203
e62bf9f10b1800f8
f0f508fc0104eef9
0007fef7fdeb04f3
dcf40f080fe81502
12dd12130eecf600
02e6ff0107171ded
180d040d07151709
06f60c02030401fe
0c080b0af10e02f9
0af8f1f2020f18ee
fb0706fc1315060f
0f2012040715fe0e
18170d0f0318ff05
12fafff80c060108
fefe04091502020f
2422070f10252619
ff2dfc06fd1e1911
0a1c18091015fe1b
f50f0a040c080611
0bfe00df040ffcf8
001003ef0b091613
020b0f0aec25f419
06fdfb40eafbedf5
d5c8efedd9f2f4e0
e805e8e505e7eeeb
e0f6ee00e609eadd
fb00fb1df3eaeefb
1700db060517cabf
f8050deaf40d081a
ed03fff0edf9f020
e1f613fceb19f603
0214f709f11b0c00
ed2516fcfe251904
e51220160318e60c
0a0404f5f3e9f3e3
e9e80c040ce012f1
15eb07020afbfef6
02f4f50d0c130ffb
1416fe1608150901
07190c0002fe0a13
17fb0510f0fb0c0d
0f0603f517fb03f0
0006030c180a1617
1825ff070e28040d
02191114ef1213fb
130d08fd130b1521
01050f081105010b
1639fc0607162528
1130170803151f11
ff1a1d1afe1bff1d
091a0f070205fd08
3c2de52ce5211a03
ea1218e11a28302b
da34251eec21ec28
171de8fae0e0efee
e7eee2c9ecf1c0d0
e2e7fbe0e2ff0905
edf6fbf3e814f1ee
e5e5f1ffcffcd6d9
383cce23d010f2e8
c20bffcefe1a1623
d2221b05c6e4c722
e2fbccb8bed0c6ca
150e0023ff1c1e25
fd050f0215141612
fc21231d0618f714
0f2706f8eff7f4eb
eff60d0e11e61b0e
0af80b1104f1fc04
0bf8f31114101ce7
1b040a1e03061015
11ff12110d021508
1101ff02f104f5f2
18f5f4060c0d0eed
00fa1100190c1a0a
221df8fc10150809
0b221406ec2d0415
0bff0b06f600fb22
ed0ffd150d0f0c0c
212cf5090d131318
f4251ef90f202925
0b321e23fb15f81c
10140901f60604f9
5f32e80fdd472445
e94b25e82e2e2926
df262939de18d750
1436dde9d2e2dde7
3d45ecfee32a2133
d1fa2fdf222a2836
db3b302bd935cb41
2733da07cdd6d7c8
373cdf34c8155e36
c8f121cb420f1e2e
cb3f2f35c928c124
182ed6b7bedbd1d1
f414021d04081d01
e7f71efc1b0c1c0b
f60b1a19f609fc0b
1420faf5f2f9f2fc
f5fbfc1000fb1702
10e802150ffd0307
0cf1f6fa161014f4
fd04161d120f060c
03f90800000a05f6
01fdfd04fa0003f5
08f800feff0208ff
e8fe0d0b150af802
0f0e04fffb28fc0f
00150e03fa171211
07210b1009ff0b24
010005fe0c0b03f8
131d02fcff1f242f
fc2722f526141518
00261a150710f607
1d20fc17f6f2f409
2721f6d3f71d3439
e92d1bf72d171127
f6211e1d0c05fb37
3128f70ff3ededec
4c3cc00bd8372241
d33130c21937292c
c639242ecd1eb838
292bd0dfcdc1c4d0
102ca72ab1124528
a10a239c3817242e
a72a232ac43fb71a
3930bb09b9b5bfa7
f80bf916fc070ffd
f11307ea0e191f0f
ec170d13f416e505
1517fdf3ffeefdfd
e5ec040906e80309
0cef030e0bf6fa0c
0cf9f312101110fc
0d0a0d09ff09fd03
fcfc0b0d0814080a
00fbfa04ef0f0c04
0a09f30b100a08f8
ee08000512070a01
f6fffe03fcf2faf9
06fb03f3fdf5f900
fcf5f4f6fa0306fc
07fdf402fffcf7fb
03faf30706f706f9
05fbfb07fc08f9fb
fa0301fe030700f5
f5faf2f5faf8f7f4
07f7f4f6fb040a07
fdf4fcf4f305fafd
fafefcf4050400f7
ff03f10906f40808
fcfb06f604f50100
05faf7fbfd02f6f8
0af9070703f20604
f50808fb02f6fb01
f5f7f80501f708f8
ff03fdfe0302fd03
f9f609fcfafdf8f5
00fc04f904f6f7fe
0509020405f5f50b
fcf1fa000709f9f4
0601f3f2ff07f8f7
040502fe0308fb01
fcf8f6f2f40405fc
00fe00fffaf8f608
08faf605f905f603
fdf80408f6fd0402
08070708f200fd0c
fd08f1060500f3f9
f9fefffe0701fbf7
06f600f7f4f602f2
f80a0901f9fe0b0b
f902fc0601f9f803
0401fbf904f7f7f3
f8f6f9fe05fcf504
09fefdf6f9010402
fe03f3f5f401fd0c
0200f207f2f3f9ff
05f1fbfbfcfcf305
ff0bfef708000cf6
fdfaf2f507f30af7
01fcf6f60308fb02
fb07f8f9060001fe
fc09f40009fafc04
fbfcf1f4fa04fff5
fcf5f6f709f9f4f2
080002020301f5f9
fff80806fafc0100
faf3fb0afaf4faf7
f603fef9000107fe
fdf400fdf10403fe
f707f9fbf7f509fa
01f7fffffbf7f7f8
f8fe02fef3fa0ff4
0af2f3f303f7fafe
fe030406fdf7f7f9
f800fef7080702f5
fefc04f304f9f802
0104fffc03faf8ff
0109050c01fdfcf8
fd0100f5f8f60af4
000b07fffd01f503
04fdf404f1f2fbf5
f7f7f40f01fbf602
0704f8fe0005f8fa
fafef6f1fa08f901
f7f506f7fdf80604
0609f405ff00f705
06f6f503fdf20cff
03fe06f602faf808
02fcfe07f3f2f6fd
0b02fbfb06020502
0300fa07f5fc0b0a
02f5f6f60602f8fa
09f8fdf303fcf4fd
060601fffe06fc07
0af6f40a010803fb
07fcf2f402020ef8
f7fef60103f602f8
faf90a09060808fc
0bf4fb0b070306fe
0f09f8fff3fb0500
06f8ff0400f90207
f908000100fc01fc
f5f8fffa08fd04f9
0e01020202ff0c00
04fefe010408faf4
f7fffefffc01040c
08f5fefcfaf7f602
0607fffaf501f7f7
fbf60001f60804f9
f90a050c07f301f7
f4fff2f50106fb06
f80df2f9f207f5f5
f8f8f4fffcfefaf5
07010af4fd04f5f5
f5ff08f8f80ffd05
fd0600fdf7f808f9
07fdf8faf903f806
060706fdfdfafe0c
f8040700fa06f902
f909fcf30306f502
0003f4050604f4f8
fcf807fbfaf3f907
0803f707f9f50004
070305f106fcf302
06fff5fa05fdf7fd
00f5f80104f3fbfe
03fff3fb03fd0308
0a07f6f50001f9f7
0104f607f9fff6fc
fe04f500f9f30a04
0001fef9080300f5
05f6f3f404f30707
08f9f308f3fc0006
0006020106f7f7fc
0400fffdfc070708
ff09fcfef10502f4
fbf909f2fcf3fbf3
f403f3080302f7fe
f1f1fa02fc0ef9fa
ff04f806f707f5fb
fefcf106060605f7
0a04f905fdf3fc02
f1f7f7fd0b080a09
f405fb05f6000700
05f2fa00faf4f7f1
fc0807f8fbfbfbfc
00f3fe060109fb0d
f2f8faf5f3fdf6f4
faf5fdf501f904fa
f6fa080c01fb0301
f9f6f5f5fbfb0a04
fb070803f500fe08
fd01f8f6f4f306f2
0006fefdf10108fb
02fff60404030b04
fc06fb07f4f303f7
fd08f9fbf5f6fafc
0406f502f9f802f6
f4080109f8fff60c
01f7f1faf3f20904
0cf10208f209f601
05fbfa01f9030006
0805fe08f4f9f5fb
020af6f9fe060dfd
0506fa04f2fc03fe
faf90ff4fbf506f7
f2f802f6fd000900
010bfcf1f7f2fbf6
f503fbfaf800f1fe
fff40103f70407f4
030007f5f50b0908
00ff04fcfdfa0308
030907f6f80005fa
f709f2f9f8f10002
0305fdfdfaf6fffe
00ff00f8fbf5fcfb
0a03f8f5010606f4
f700fdf502f5f809
f6ff01fdfd0002ff
fc03f100fef2feff
0903fcf707fffcfb
f803fc0afb01f604
07f3050702f40209
fff6fef2f2f8f608
0b0e04fcfefdf506
f8f80007f4ff0cf8
03fef50a01fffc0b
fbf505fcf3fd04f1
fe01faf202f7feff
08f7fbfbfc050407
f70205fff8040608
f5fef9fff2f30606
01faf3f2f5ff05ff
f50afff701030bfd
f7ff05fcf10804f1
fefc02fa05f406f7
0c0106f5f8fffef9
fe080e08f8f3fbff
0c08f807f9fdf405
0b0b07fbfdf302f3
0bfcf200f2f4ff05
fb06fe0107060307
fa0d06f5080bfd03
fd070708f3fc0203
fcf7f10108f40205
080a01f8f4fafa05
fef6f7fe00f1f9f8
0800ff02f8faf1f9
0301f700fef804ff
ff0a0af907fafafc
0206f705fb000508
06f4f1f4fd0607f3
0409fe07f907ff05
f907f8fb01f8fb07
02f20501fffaf4fa
f704f3f7f5f106f7
0b060600f202f6fe
0a09fdf9f6fb0cfd
fdf6020a08f7f606
feff060206f20a04
fbf8f3f8ff03fdfd
f7fe0201f1f209fd
0c02fc01ff08f5fe
01faf90205f90302
fffcf701f105fe00
fb030dfe01fef908
07fdf301fb04fc01
030b07f30009f8fc
040108f70bfd09f1
f5f605f8fb06f8fd
0707040708f3f7f5
070704f5fb080003
fe030607f2f5fd0b
fffc030300fa0400
f70a00fcfef2fefa
f6fbf2f804fbf3ff
faf201f8ff0807f7
03ffff060206fd0b
02faf6ff05f7f9f9
030d02fb00f9f7f4
0afef3f504ff02f8
0aff06f2f5f7010c
fb08fc0409010807
f6f2f3fdfefe06ff
fcfb03faf3f8f1fc
f70cfb0afe020203
05f40507fc020bf6
fef6f400fefdfb05
0708fcf60602f8f4
f80afefbfafef609
09ff02fefb0305fe
fa0605f7f2fe0ffc
fd00f4fc08f4fbf5
0c04fb06f2f803fe
0c01f7f80606fb01
000408f600f8fdfb
f1f706fb05fdff0d
020b040cff0800fa
0206fdfc01f505fc
0bfa030301fcfe09
f4f9f5fe0808fc01
f8fa0c0afffef80b
0b08f908f4fef6f9
03fe02f304fffaf9
0607fffbf701f608
0502f405f4fdf406
0603050404f7faff
f4f4fefb02040108
05f9f6f4fbf205ff
0cf6fc0008fb0608
fff702f9f8f7fd01
040404f207f50107
feff07f207070208
25aee4ebf82bf2fd
e12c2beaf73a0c2d
f1221ffadbebe037
f6fdf1f9e6e6e3e4
0711e410e0101c11
da130dd51e181813
e81b1815e824de09
291dddeadfd4e0e8
020be7ffe412120f
d9f513f012031610
e6131105de10da10
0c06eb06dee7e7e1
0a07d102e2010b14
e10316e412060714
e8171502ec09e513
fd0ce6f5d7d6d8d4
fb08fd04e1010010
e9050dd80e000407
ef090707db04d907
1406ebfbe3f7e3d3
fd09ebead909f00c
da050ad703100b00
db020109e5f6e300
f704deeadfe5dce1
1615d515d1130507
d63421e20925100c
ea191512d4feeb0d
0319ecf2edd6dfe3
292c0130f72d412a
f9f027f03b163226
0a2f3034eb2ee62d
2229071ceffeedeb
0206f3f6f017f002
f43810ef0c0efd0e
f2110602fbf9f10d
f0f3e8f3fae6f7ed
1217810eeb231a1f
e51e22da23172f29
d31a3019d32ed31e
2624e3e1d1e8e4ee
0d19030cdb0c0c15
d2f70de7150c2b18
f0142918e117de01
1824e809fadfcfdb
0512ed0702fd040b
ece610ed21f80706
fa1401150214dd10
1009effee7d5e5dc
e5e920e5ddf8edf7
dff3f3fceaf8f3f6
f5e7e8e816f3d4ed
f2ece2f7faf904f3
ecfbe6e8e502eaf6
d905ffe5e201ebfb
e8fcf6fae8f3e0ff
ece5e0e0e6ebd8dc
111ee408d8101403
dbff0bd80e0b1009
ec0b1c18f303e00a
0809dfeffce7e4df
1310191813052114
f7f407fd20010609
fe0d0704e41cfc04
1c16fd0ff312e5f0
0fffe6e8f011f300
fc1107f8f6061407
fe130703f3edfa0e
fbf7f4f7f7fbf8f2
140ea30aed0f0e09
e60605ef17010510
e1160e13e609e6fc
1706e6dbdee0f5ee
061618fbe5fd0e0b
e0f516eb0f0b0a13
f90a080ded14df09
05070305ddf6d4e0
0606fa021a081906
e8f809e11af5fa06
f60cfa09f611ed09
0815fc0ede0edee5
00f3ede7ef0bf7fe
d6fd07e4fbff0bf7
dd00fb040f0ad8f3
f1ffe1f9e719eaea
f7efd6e7def5fdec
d1f50fe7ef03fb03
ecfe07f6d004e404
07f6e1f7ded4e2e6
1411de17ed04fe0e
e40208eb0b110c1b
f7071a08edffea05
fb01e8f8f6e2e4e2
0110091dfeeb190f
03ebff0912fc0509
13010b12e70ff103
09100410ed07e8fc
0900ebe9ef0decf8
ed0bf6ebf20bf30a
02f706f5ebf6ef02
efeaf1fe01ec00ec
fb143f0beefc1814
ef0808e003050c10
e30f0412ef08e4fa
1107f2eff1f0e3f3
f702360006f10808
e2f5fdf4fffe0002
02f607ffea03e102
0c04f4f9fbf2ebee
f404f7fe5c06fdf9
eff701f00504f107
eef1faf21ff8e702
fcf1e1fcf606e7f5
01110905dd0c0dff
e91309e4ff04120d
e7010202e50cda05
160ad7fde0e4d6dd
f8e6f2e3ddf2ebfc
f1e2f3f4f8e6f1ea
f1f6f5f4f008dff1
fefee6f1faeaf3f7
0315dc06dbfe0305
df0406ec0b1f0c13
f0ffff00e1f7ec03
f613dbf6e2edf4e5
0b2311380ae93616
efec07042a111c21
fc122c36ef2dfe10
32380d17f707e1eb
ece2fdefeee9eaf8
fbf5ebfbe8fde4e2
05eaecf905e804eb
f8fcfefe04ef01f7
00f66bf8e906fe09
f8fbf5faeb02e5e4
ede5f3f7f0faecf8
fbf6f4e4f2f3fef4
f6f43ff5f3f201fe
f2f2f7e0f207f4fd
f8ff03f4f2f4e6f7
fefaf5d9e9f9ddec
f5fdf9f2fff0f0f5
fdfcf7fbf101f607
fbfb06f909efeef7
fbf602ecfaf5f0f0
dde80fde01e3f4f6
fde7eaff05dbece2
fcf3e0fffaef04f0
09f908f5fa07fb01
f9f1e7deddf9e0f1
f906edf9ee02eef2
edefe6eefcddee01
f9f5e8ddf4ebed06
fd00ed13ef12f80b
dd0812df0701fb0b
fdfd0707ef07e60d
fd08e9f9f5eddded
0d260229f8c12830
f3ea180626fa171a
fc150e24ec1ef3f3
2621fd02fd02e9e5
f4f3fcf504e2f4fd
eee8e1f5dfeee7f4
fee9eae4f2f802e2
f6f902ef07f9f204
04ff00f8e6fcfef6
eefbf0ecf1f7f201
dff604f3ebedf0fb
e8eeeae9eaf2f4ed
eff81900e7e404fe
e7d9ebeef1d7eaeb
e3f8ebfae4e0e6ec
f4fbe907f4ebece0
dad80de9fcd7eff3
0be6e811edebd3de
04d5dfdb05e80ae2
e4ddf8f1f60203fa
e9e2edd8fadcd9df
03ecd202dce8d0d1
eed1d3da06d40de4
d9e3f9e005f4f2ff
f9f0e8e5e909dbef
e1feffebeb0604f0
eafefafedfebf104
ecf5f0e5ece6f3eb
ff05e50ced020ef9
e707ffeb0a070f03
ea06ff01ecfad712
ff0aef02f0e0e1d8
21220120f7d12d27
f1ee11fb1d101f20
03221c22d331f805
1d1d0e03eaffeee5
11f9fcf30102f9ec
f2fffbfce70a0e08
f5070df9f2e80414
faf7eff2f0f4faf5
0715e912d4f60002
e2020aed0301030b
e30f0a0be90df9fb
0902dee7e7ebe4f3
fffa08eaf1ecf4e0
ebe500e7f1f2f300
f3fffdf9e307d8f9
ecf0e7f1e709dbea
ebffe7daedf1e2e1
eeebf9f9d402f6f1
efeefadfeaf3fcf8
d7d604efeb00ece8
fafee0fae5f8fcf8
e10cf2ebebf8fa04
dcf60403effce0f6
00fdeceedef8e7e9
0bf9e2ead6fbe7fd
db060bed01000b0d
e1fd07f9e2eedbfc
03f4e9dbe6e6deea
0107d306d50c010d
d61914ea0f1afd01
e707ff13dffad809
f7fff4fbe8d8d9e4
1b28163003ea2521
e7e431fc2624322f
fa1c2727e439ed28
35350502f410eaef
e5f3ede5f0eef7f1
f0d0f2ebfb0bddd0
eddbedffedf8f0fe
fbfdf3f3f3fcebe6
0f11f510e6ffe9fe
e80e01e4e5060406
dd0905f2e5ffe60f
c6cfd8dedcdfedf5
0b1405fbd5050609
ecfe03e10513040e
ee060114de0dde0e
1704e5f3e3e6dde0
030fe00be70d1110
dd090de600fd0a00
f8110010e607f310
09fe06f0efeff0ea
0a07eef5d9faf7fa
f40dfbebf7fd02fd
f1060703e2ffe200
ff05e606f0e3ebe4
0808ddebe6fff206
edffffedfdf9f7f9
d905fd07e003ec0a
fafbdaf2dee4dedf
010ce106d903010b
d30b12e70b091203
ea120803defad402
f907e1fbf5d6d5e7
1b2a1134f9ec2c24
f6f22dfc380c3426
062a2d2ada2ff71d
3830fd14e10bf4e4
f4f10304faff08f9
05fa0dfbfc0b0b11
f5070c0204fc01f8
0af6f3f3f3090708
f00df212f8e307fd
05e5e5f709d2f90b
02f9fe0afc0d02f2
fd10fcfbfa08fc02
f9ea180afde4dcfb
05e6fd0beee8d9e1
01e7f6f1fcd417e7
e2eaf6bc06fd1c13
e8e5fddeffe6e3ca
1009f400dcfff4f3
fdf3fcf8f50004f2
f1ea0bf7f710f4f9
ef19d304f2070af1
ef03fee100fc1400
e4020402e812eafd
f00c05f4effdf4ee
fe0107e118f0ede3
0fe6000e0300f40b
0802fcfafffdfb11
fcf3040c07fb0909
171105fc0411f7fb
f603e707f427e401
0905f2eafae4ff09
f0f0fbfc05050204
0611010cfafb07fd
04fc02f601061914
0009121aff1cf606
f40afb02040af507
fd0701f3fc0300f6
f80b1dfdfb07f509
f700fbff01fcfdf1
04fbf806fb08f9fe
27f9fb0d00e4f8e6
f7e405f607dc030a
02160b0e090909e5
130ef6f4f9f8fe06
0d26db00e3fed4ef
ecf407ffe4fa0809
d8fe0cf4e2eaedfa
e3e3edc5e706fc08
131bd5f0e31bfae6
cc2211ddfa38150b
d613130fda0fe902
f6fbedf2ddf1d8db
1230c918cb0d251c
c9240dcb121f240b
e41e1c2ada2edb02
1021dc29eedcd8c6
fdde03d814dcedce
0cd3f3f2fefbff08
060009f501fcfaf4
f9fe04071906fffc
1f0ff50102fee9e1
f9feeefae50aea0e
fb3609f103e00000
eeea06f0fcfbfd07
eef807f9f9e30c04
fcf70d0819fb05f9
07eafb09f900f9ff
17170606fff3f3f1
f9eb0a0afef603f1
05fcfb0af2e7deef
01e7f4e6fd0308ea
02eff20309f70407
fcd9f9ec0112e5ed
0d100bfae4fcdde1
faeedcdaf5e3f6ff
eef2f3f7030802fa
3253ef1ae828363c
df120ae3262c3223
d7423131e50aed1c
022ed9d2e0eaebef
1d1de90be9121829
d81a19d214311d11
e732241edc19d718
0e1edc07e1dfddd8
2317ef14f3fe2323
d40703ea23080805
e71c0c1de218e4ff
2429f32df6ecdbcd
03f8fbf909f9fff1
18f2e802f1efe60c
0e0af8ea08f1011b
eefe081b10f50611
1d0df4fdfa09f508
fbfaebfcece7e006
f51dfcdff9f40110
f2e3f600f5060402
c0c60aec05de0ff7
fefdfa04fff2e0ef
ffd0f5ea03f409e9
0cfdf7fcfe0ef708
fefd0cf909ff02fc
01090d01f2f106fd
f9e8ffef05f90001
ff05030b09fdf705
10ee0506fe120e01
010b04f9041efe01
0aecff02fb040c13
f90404000c03fc09
fa040824f2ff3e2b
ee0a08ed34e9fcf1
08f5f318fa0dfaf2
281ce82dfff515fa
e3d923d2f8e8e4fe
08fdfa16fb01ecf5
05ecf2eb02f3eef7
05f3f3fffef110f7
e7e2f8f0e7fe1513
e81711ed100cede6
f000f604eef9eee2
1e0afaf7f1efedf0
13010508fbfa03ed
12eded07fdd3f0fb
12f710ed060d0d15
f9110620240602fe
d3e4ffdb04dee0f2
f803e300f3e4d0e7
04d4eed70ae1f500
f3d904e900fc0cfe
d4d503effae3f9f6
fdeef808f400e6e9
08d3dee8fffffcf3
fb04f60600fbf701
fa0101fa070204ff
060e0e06f60102f7
0dee08f30502fff7
0cf7ff080004070c
170f0b27fe16fafe
ff0b0707021a1409
f5fefc05ff0e0613
080bf5fe06f60c04
020f0220fb073b0f
01050ffe15f2060f
f305071bf739fb0d
1213100e05fcfcf9
fe03e5ecf213f5dc
fff60a01f51208fb
ed010d02e3eaf8fc
eae70cdce515e706
0e0ee7def90ce4fa
e02b15eb09220509
f41c0c1ce102e803
080801f4e6f6c1df
2724f615f91d12fb
fff9f9f404f31225
192f1f180c1e0c25
0b1b07281f05e9f4
dae80ce7fdf6dcde
040ce805edf2daeb
0edbefde0fee040b
f5d80becf8060114
f3e4f7f6fff7faf9
06f1fd00edfee4e4
fee1efeb09f50af3
00e80506fdf70b0a
f8f0f3f70200f8f3
0c0f0e06fa0400ea
00eefce5fcfdf506
f9f5fa05fcf90006
09040024fa1d0006
f81f09030a210407
ff070613fdf9fe15
ff09f9fd020805f4
3120ee0ee5170428
ee1322ef08152b22
f02f2621fc2cee23
1f09f5e2f4f9f5fe
301de107d32a0d0b
c7231ed90e382f2f
ef32211cdb15db19
0509dfe6ddcee0dd
2710fbe0e4170726
e42e18e11e23232d
f62b2328e60dd30e
231adf16ead8e4d4
2931fc131216120e
fcf101f317eb1b21
0f2b1c09fe0ef822
1e110c3a0706dfed
ff1405ed020fe0f1
0b0cfc08f6fbfc00
fd0403e409edf506
f2e3fefcfe09fc11
0d07fbf20603e8ed
06010908fc0907f2
0afdf603f80df405
02f2fef00105fb03
1b1dfefcfa16fcf8
080f1602fa1c250a
06191ae6ff02050c
f9f4fefcfefafe06
3039f224032f0f2a
f7192cf51a382d1c
fb331523f126023e
0623fee80201fb03
353bf728e9151c2b
f6021bf81b3a2c2c
fa402e31ef11ed2d
2b27e8f5e4faf8f2
130dec0eedf91723
daed03f514101023
e51b150aef0ee014
0820ecfbedf2eed5
04f9f7e9fb08fbfb
e41014ecf6080c01
e4061003ef08dc11
fefff31ee8e3e2de
1717fd1b1b120817
10e40c0408e6032a
17260f070b070225
1304161f120be0f1
100601fa0119ecf0
f811ee04e619eaff
071004e7f8edf61b
fedc070001fefaf7
1824f00bfd140613
fd0214f91b0a2914
fd1c0b0c03140328
0409f3ff08fc0307
ee05f8fc0907fbf6
01fb1a01fb02faf7
f7f8fafcfd08fef0
0904fb04fdf6fa01
11f5f90f05150317
001527fe1a040407
fb12031f0902ff10
210bfaf4f9fff9f9
0a03ec20e80f1b1e
f1051ffb1101080f
ec120215fc01ec10
282bed01f6e9f5ff
fef01700f9f512f6
eff4fc0218f503fc
1108f20004f4f7ef
1910ff0602f604e9
0f0410e20a17df0f
f01806f80106fe10
0507060bec05f60d
fffdf9e9e4faf1f4
2626fe130cfa050b
0dec14f010ea0916
1d181d090f11121d
170910271510e5e1
12f408f3f918e5eb
f609f4fbf111ddf8
02f909e7f9dff607
ede3fff800070e08
030d0d00fdff140b
f6090a0616f71007
0b050603f9fd05fe
1706fa08f407fcff
17ebfbf6fe0bff08
fb0e18020a131107
0c0c080bfc06f306
0702f70c000d0703
0827fb22f802180b
fef9fbf61ae30f1f
040f1d1d08fcf706
020ffcfdfefc01f4
1af81eee1e1ee8fb
1723221df515f1fb
11100ffefa0b0a09
10fcfefe050f0d13
292de515f9351815
f52222ef0816122a
f31b2128f415f622
1018ee07e2dceef6
1c05e9f7fd210001
f31412ed0b231818
f513080eed17f526
fd01fa1ae6f2fbea
0812fe1d190d07fe
ffef0a0010f62318
15032913f6220918
0e141621001703e5
0b270504fa0f0905
010f0205f91b061a
0413080609e8fc21
05fdf7eef4f10dfd
130bf712fa0916fe
f80cfd0014070a10
05151007ff1dfb03
ff1009180702fefa
0d0707040215000a
f91b08f3fa16190b
04ff0711ff030015
fcfbf213fef6fdf6
0d130619f7e71af7
08eb00f90df61a1a
0b130407f713f7f2
120cfcfffdf9f8f5
1f23ea18fd26f8f0
ec320f05f32a09fa
effa1105e6f0f619
e6eaf2faed00eb0c
2341ec2aee243720
ef021ee02d1a282d
f61d3930e52ce717
23200122eee9dbe1
fce703e90819deea
fb1606020319fa08
00ff01f600ebe80d
fafafe0a02fdfdee
28200d1113061704
0ceafdfd20fb0f1e
06280918fa16fe16
182303260c01f5ee
1121fff7f703ff00
01f5f501ea111417
ea18180301f3fa1c
ebeaf8fb01f2f5fc
130efd0a0ffb1207
f9f414050a02190b
0906120e0a06f90c
19110c0f0606fb06
0cf40df6fc070606
090cf1fdff000001
07f60603070ffe04
fefff20b11020ffa
151afdeeff081418
0efa0509fe060a0a
f51b0d04fa0f00fe
031709030af708fd
5959f2240a3e1d30
ec411f00043a372e
ee323529e601e637
0d27d4fbecfaf6f5
222dfd3f010c2d27
e9f10ce72809171f
fd292a26e736f120
2e23f037f204dce4
0e08eef40306dbec
f61209fbf30bfa08
f30a0501f0e3f202
e9f5f3cef50dfbf7
26250f2212f62127
1ddd04f917eb0e14
15150f17030f0b0b
131b062e1209eef6
14fbf2f8ebfef9fc
fbeef700f80d0717
e413f9edf5e6ed07
e6e3f1e4fbf30d00
0a0e0a12fdf91205
0fec0e0408f8f616
06f60a10f917fdf8
0e01fe08010b0602
fcf10bfd13f50616
1413041306f1f5fe
18e7ebf10a0e1206
15ff021917001212
f90d000300ee060e
09f0fa0b00e8e903
0bf5f1fe03f10cfd
0c0e07fd0f061809
3a1f0b2816131f3b
012b0007100ee9f3
0c17010713e6101a
1f14eaf416072011
1c101c120a0b0e24
08fd1c0f1f03eef8
10fbfb08140f02ff
1f14062617fc06fb
27170309f4110b1c
01100203011c0d00
ee0f140607eb0001
ff0bddd904e40807
1c04182212e5221e
12e7f20e1ae601f7
160a14161414170f
0e27151f1a14fa02
05f7f1030108f8fe
fc12fd0de800ef0c
f002f7f500f20511
f7e3fef408f8120d
09f70012ffef2302
14f1ff030a01fe17
02f9fb05011ffcf2
141701180b0cfaf9
eafc06020def1701
0c05fb07ebe5e9e6
12d8e902111018e4
0205121e160a1212
ddd8120a07f5ed04
07def907fbeffff0
17e8edecff0a07ef
f4e103010f100715
f8021b160704f803
1dfdea1de7f5efdf
22e9f2fb15f819fe
f30205fb13222313
f8f505fd0708f5f0
1efb120cfcf9feec
0affffedf4f804fc
05e816030a18fa0f
ff10020dff0d1203
03f505e902140506
050815ff030912f8
000bf6effdfbf1f6
f3f024071bed01fa
2ce0f21a0cdef5f1
24faebf0180621f2
fb031e1421141b13
09fa00f6021c0413
0a14f103e706f503
f8f3fee909f0f403
03f7f3f2fc041614
f6ff01060bf40f07
07ef040efbfff506
10f2f9fb090f03fb
0a090c1c03060102
e7dff6fe0ffc07ff
0708f506f6e1ece1
16cfe1f2060f14e3
edf901100f0c0d15
e7e6e915f9f9f103
10ec010cf8040a02
02fafaf1040c1403
fff412f8050d0811
d3ed0fd81bfde9ff
2603f015e9fa01e6
27ecf8dc0dfe28dc
fbe22510271b1123
0e04f707f7100505
0c2703fff4110d0e
0304150607fe0503
0b0505e813f61611
0afdfd1903ff281c
0f04f1121aeff3fe
06f0fa0a0d02fffa
261314251d0811ff
f4e71f031fea01f7
21e5f22500e1f6e5
27ebeeeb220029ed
f8f029242520132b
0c06ec000212ece9
0725f4fde10bfdfe
01f9fae5fde8ff1e
f1e80cf1fd09140c
0616000610f50bfa
07030dfc04070e1d
1302020d02110201
07080e0d0e040200
dee0f304020109fd
0604f8fef0faf1ea
fcd5f0ea010d0eef
eafd0b0c050f02ff
f1e5ee1afbf2eaf0
04edf1f2f601fd06
efecfffb03f8fdef
f7fd0a04fefafb0d
e90707e017eae6df
1beaf015e7e5eae2
16e7eedc13f825e5
f0de20211b22150a
d8eafd0cfef2dd03
09fde210f3d9ded5
02e2ebe110e915e8
f6fa0d0519131019
e7d90b040f08f5db
17ffe709ed01e9e3
08eee5e907ee0401
efea1c1d22150917
e7f20f0219eff2f2
29e0ee06f9dff6e8
1decf0ff10191bf4
f4f7191d2030110f
1405fef9f21afdef
f50ff603f31df910
ea0a05ecf7f3ee0f
ece9fbec00f0fc09
100e091208001c03
10fe12f616110e14
fa02150e07190c00
1b110a0c00060404
f0f6090c0efc0704
f70c0ff8f40407f8
08090705fc08fafc
fa0df70d0706fa0a
e0e00907f3f9f810
fceaf0fb13ebfd03
0210f815061c0400
0d13f700f8fefa03
e2eb0dec17f5f702
23e3f00adcede1ea
1addebe40ef116fa
fdf116140e1f1918
c2cd18ef11f5ead9
0df6f921f600dee1
1cd2f1df15ed18db
ecf114060d182523
fde5f5161a0d03ee
f302f203fc0cf4f5
10f6fcfb05f70106
ecf81ef5f91c0507
e6f82df91fe7f3fa
28f80a1202f001e8
23e902f5131117ed
0cf5220d1016ff09
1612f307f01af9f4
f413f0fbf822020a
fc0d02ecfae1eb1d
e2e1fef902ee0902
0a07fa0cfdfa0e09
06010a02130e0f20
0e14fc110917ff09
1711fe0e0600f9ff
f103040b07ff10fc
0406060bfff5fceb
00e9fff30905f7e4
030108ff08f90d0d
e7e1fef8ffecf8fd
fb10f501f8fdefe9
f8f3e7fc09080ad3
ec09040213ff1100
1a44ef4ef8fb4b2b
fb04040224df0d10
f413162a0e1af8e9
1524f1e704e5f70d
ceb11fd027bde0cd
2bd1ea21e1d5bfc0
09d1d1d025de13c7
e4da0feb271e221d
dbbb16d916f0ded8
1fdae204f3cbc9dc
0ec9d6d624ea12cf
fbd713141a051e23
13ccf1f70b05d6d7
0313f0fde5f2d1f6
f9f3dbe3fee307ff
e4dffff603f3f606
09d3fdf50d0bff05
0e0f0ff70df9e509
0e09ee060610fb08
0a05ff160707f7fd
1303fc03030bf903
0109ecffffecf1f9
09e9fff710f50b02
f7ee0b08060a0905
e8e30af304f502ec
0e00e713f8d4e4db
16dee4da120019e0
0a05020d0ffe1711
baea0a0811dc20fb
18f8ea0601dbd4e1
0bd0dff008f708d1
06f70f071b072414
faf8002efdee34ff
0bfced191bc1cddf
05daebf406fefdda
2405fd0507f72217
bfc012e922d3e2c0
11d2ec26ddcfcccc
0ecad8da1cdd0fcc
dddb0aef0c112628
dcd804ea06eeebd9
11f3ef15eee1f3e1
1fc8dae61b1a14e0
eae7051e0d0e0e13
f0dbedfe0e05ebc7
0e0df00feb08daee
14d8e6dc11e803ff
f3e207eb14f61102
facb12f30bff120a
0810fd1202e3d0ee
05eaddf1091213fe
14fd06110af80b10
0e070bf307eae2f6
140aeb11fce9e7ef
14e601ec120012e9
eff303f915061713
c7d6140815c80ff8
1af4dd10f3d0cdcf
06b6ced613f814cb
f7f00111190a231d
c3c009ea03dbd7d9
26e1d510cdd4cfc2
07d0cbc610e618d0
d8e01a0a17130c0e
0ff6012bf81df1d8
1519e804e6fee8d7
fed4dddefffd1513
e7e70ee3f50c090c
f816fe180efb1c07
05f5010d061b20f5
fbf7fe01f41211f5
f2f40605ff13f108
fef5fafbf400f507
fd18fd03ff0d0ff3
e9f3fc03ed18fbef
f8f20d06090cfefd
0016ee08f6f401d6
0ff8eceffce60406
07f90bff0a0604fa
00fc070e0f06ee04
eecff3ec0d25f1db
0020fe12e7e3effa
fcd8e5e9fb010f05
faf106140a0100fe
01080ff20501fffd
09fdf907fef4f1ee
18ebfbf1fcfe0604
f8f908fc11100312
ef02170509eb03d3
25defa1dd3eeeadf
0de0ead6fd0f16ec
e7eb0e031416140f
faf8fb130d00e7e8
1601f10de2eaedf4
04da02eb0fff10ff
e9ed0ff6080d0413
11f80f380430f202
071f02fafb13f3fe
0ef1f8f806f90a28
f3eef4dc00ff0f04
060e0a0b0a12010e
ec1f1800021c070f
f510141af814edfd
0d08031bfa07e8e9
0237def8e5081a11
f1101ee9031e1b0a
d8241c23ec11df03
0010e5d4e7dddcf4
1b33e91c0303f4ff
03f1fee7f6011b12
f6141718f01df509
0211fa0f0affebf7
0701e9ee0620fed3
0b1bf9f6e918f90b
07fb02f7f5030eff
f6f601140cf80202
1638090000f108f4
07f7f002f7fe0803
11fd15fc060c0014
11fd1606fefefd0d
fcfdfcf5fcfcf6f7
0bfdfa06f1fe03fd
feeffef60eff0a00
f8f1040409001615
fa0b00040702fbf6
0b03fe08f0020400
08fb030005fe10ff
f4f905f8f5031501
040ef5fcf81ef8d3
f90a1704f11c030d
0b0d01f4ff03040d
f4f0ffcdf206f400
3d50001d01311a1d
f92b10fc19392a32
07433a21fbf8ec2d
0d0ef9e1f8f1ebee
0122f1f4ddf92c40
d70d10f41322280d
e41c1a29e322d8ff
1f31d60be9ddd7d3
1a10e112fc0f0af4
f1fa0cde0606131a
f919140c00fdef12
fc04fd0906e9dee5
0e01fdf7f00afce6
fbf8f40bf4010e15
0b0500f80807fa14
00f409070ef4fef9
2d3e00f201000313
13f9fc0c05010906
0f061af6f810fa1c
0dfc05fd000d11fe
051111f80cf912f9
0600fa11f500effa
07edfff304021102
f208fcff01010208
ff0206f707f9f710
fdf5f509010300f1
fafcfdfc0df711f5
0609f8effefa1907
0d1f001106110616
fd2e03f8000f100a
ff07f6fe0402f00a
f9fbf1dcedf80a08
333df62dec193d37
fb1717f429191928
ea302635f315031c
1925e30b03e1fffb
c9d115d419ec0c30
0df2ff0f0608f7ea
0cffeeff1c1c13e8
1115ff3516051f16
0208ef1d01f51507
fe0af1e404faf00b
fc0c070ef9020b01
0a0afc130ce403ea
0be20e0005100410
12f20108fefddc04
0ffcf2ed0b04fe03
1b010a1c0e001607
1e160fe805001121
07f6f30e03f9ebf9
0cf105f70af00dff
0afa04f40d09180a
dceaf90511eb08f5
04fcf30eeee3e7d4
12d1f4fc02050be6
fe0205110112f60d
e7dbe8e9fafbdeef
03f608fef40e0bee
f5e7f40101fb04f6
f7e101fffd0d020e
e5e6f2f4f3fcf6f4
fbfc15eeff0c0af9
fafefefaf80af7d8
fee3feecf8f1f807
fdebeefbf70e0de9
fb18ff030a0e020b
e80aee04fbf90104
080005fefafbecfd
efe50dc41401bdea
1afdfd08e005fafc
0efdf6fe16020ef0
eef7294815060a0c
1e23f119f4141407
07fc00f10703ff0a
031204fc0518fb14
f804122703f5f003
d7dff6ed10f3f6ec
05e8fb12fef2e7fa
0be0fadd0cfe0dea
0aeb1b2003040716
cde6fae0fee8eada
14fdeb07f1eae3e5
0ed5f9d10fff04e8
03dc0bf00c0afd11
09f0fdfb0b13f8ef
001900f6e8190aec
0a02fee1050e0bfc
f9f604fa09f804f9
212cebfe0229e203
021725f70720202b
00190f26f70ef624
090cf0fbee03fb04
222ee72df2270506
e8fc28dd051b291b
e91b1e1cdd27e30d
1405f1e7dff8e8f2
02fd1112030a002d
0b09100c1dfb0308
0e170e1b040b0efd
0d1410220801fa04
fae226cb1e04beed
14020b0ce3050afb
1cfdf0f70ef705f4
f0f0140f15110c0f
2925ee1efd2a160f
f3220ce808141122
ff312317000bf72a
0507020ef3f7daeb
eedf11f00e08faf9
000402010605fd0a
13f105f2fe0f0e0a
0eff120efe140805
f9f408fb0705e2f9
1600f302fcfafc00
fcf208f202f7110a
fbf80ff3030df50b
f7fa0303fd01faf6
000304f2080cf707
f8fdfdf908fdf5fa
03060507f80203fd
030a0801f9040bf5
030008ff070a0106
fefefbf3faf7fff4
fbf9f407f4fd0608
f4fb010afe04fafd
f9f6040504f3fcfe
f704f605f4f8f701
f70603080707f2fd
fff8f3fbf40807f8
05f306fc0002f2f1
0701fbfff2f2fdf6
faf4f5fff20303f3
f4fef6f5f1ff0bfc
fff908f8fef70002
f301f6fefaf8f308
0408f806f7f4fcff
f406fff8fd040b0a
f4f3010af7f40dfd
080303fd09f70600
f9faf9f907f8fcf4
f802fffbf708fafe
07f2050306090cfa
01f4fd08f4f8fbf2
f1080408fbf601f2
040aff0bf802fa0b
fd040702fb0705f6
f707fc08f2f508fd
09f20703fe050704
00fffa020201fbff
fafc0208f2f801f7
0507f706f1fa06f5
f7f10905f603fefb
f704f9fbf9fbf801
00fcf9f7fff2fcf9
fbfe03f6f6f6f201
f8f4f8f2fcf50605
f5f7fe0708f4fd00
fef40608010202fb
f9fcf20905fcf1f7
05f3f6fc0200f806
0301030bf601fdfc
f203fffb030600f6
08f9070606fa04fc
03f500faf3f7f606
080502f9f2f404fe
09060404fc0808f6
0801f8f200f5f905
f501fafbf60305fd
fbfcfffb01fd0afa
fb04f908000af8f9
f806f6f3f8f104f4
fffd06f6f6fe0707
03fe070ffef204f7
00f6f20900f7fd00
f6fcfdf20801ff05
0902f3f306fd0604
0a00f70bfff10001
fbfef501fa03f703
05fc09f9f8060204
fafaf40807f7fe01
09f8f8ff00f7fc03
f2f7fcfef3fd0808
0606f8f1f2f705fd
0805fff30706fc08
08fb0407f9f1fc03
f202fb0008fd0706
00f704f503f60207
0300f600f3fbfdfb
05f40707f1040a03
f903f8fd02f8f6fa
fefefcf5080407f5
0bfaf2fefef3fc04
06fcf9000500f6fc
f9f7030600060107
f409f308f7fdfcf3
0af107fff4fbfffe
f500f9fbf9f9fef5
06f4010bf4060905
0101fcf8f7fc06f8
0001fa0607f80108
f6fe04fd0608f406
fef4f900fff7ff07
fc0800fcfa08f307
040808f5fe0804fe
f9fe03fdf702fc02
0802fcf3fe050c03
07ff0406f6fbf1f6
f9f4f6f5f3f10008
0afef70b0604f7f5
0700f1fa0404fd0b
060bfaff0304f401
f5f5f4f6f7000800
0b00f606fff5f40b
fe05fcf909010a05
08faf6fdf90101f4
08fbfcfef7fcfb07
0b09f6fafaf304fd
f8fbfc0600f800fe
f8f4f9f8ff02f1fe
f5f302f3fbf2fff5
fc00fc0bf9f8faf6
fd06f5f7f1fe08f8
0efb0306fefe0207
02f901f2f8fdfcf1
f40800fb080503f9
f90808fdf3f9f7fa
fffdfef403fd0105
040808f9f5f8f4f1
f7fcfdfb06f20bfd
f1f4f7fb05060c01
03fdf801f9f3fb02
01f9030401f7f303
0905fd05f1f4fef7
00fbfef7fef80104
fdfe02fff8faf3f8
07fbfc07f3f3fcf7
0302f403f8fd0402
02fef5f704f607f9
0802f504fdf2fa03
0407f5f3f7fff3f7
0b010807f901fbfa
f904ff04f7f10500
f705fef5fffef607
f4f7fafc0305f3fd
04f80a00000408fa
08f2f40001fb060a
05f500040104f8f2
fafcf5f2fafa02f4
fb0601f5f4ff0b0a
fe02fd0902f9fdf8
00fffe03f4fcfb00
f4fcfb02fd0502fb
f402040cf5fbfcfc
fcfe02fffbfff509
fe0005f3feff00f7
f90201fdf90106f6
fcf70b02fef8f700
fa060706fff90706
f905f20806fcf603
fcf2fef803f50607
05f6f806fdfc09f9
08f2fe05fef2f8ff
070c08fbf7fbf5fc
fbfbfaf904f206f8
01fc0108f50408ff
03060008fcf70503
07f80004fff3f2fa
0b04faf9fef9f6f5
faf9f80103f305f8
f406fffff8000907
fffbf2f7fafc01f4
0804f5f4f30201ff
fff5fa0907f201f9
f4fdf706f703fdfb
07f5fcfe07f3f8f4
f602f407f3f200fe
f9ffff01f8fc04f8
f3f900fbf90a0b06
fff8f3f4f10506fe
fcf208f2fc07f907
02f9fc0a09fd03fc
0803f2fcfb00fbf5
f8faf7f5fff6fc00
07f4ff02fef1f2fd
f7f8f40a00030203
07f9f905f803f509
fdf6fefe00fdfdfc
04f1fff50702fef8
fe0b0a0bfe01fc05
03fafd04fdf8f7fe
0906ff02fefbfa06
0706f801f403f9fd
0306f504f9080307
03f6f9f8f703fcfb
07fbf3070407fbfc
fcfefbf901f4fbf5
f90c070307f80bfa
f50802fcff040406
fef507f106f204f4
08fcf7f1fc05fffe
fd09fefb0501fcf7
0505f4f203f9f906
0803fc04f3070601
0305f201f2fd0108
f7f704fdf2f5f7fe
fcff010800f700fe
06050201f703f4f5
09fa02f1f8f1fdf3
000b0bfa00f4f70b
fcfef600f9f900fd
f401f808f8f40207
090002fb0700f5fd
03020807f5f60000
fef5f30a04fc0908
f50101fcf8fcfcfe
030403fffc000403
fb040bfdf707040b
f906fbf6f7f8f80a
0afdf9fcf108f2fd
fef6fd08fbf4f8f2
07f60408f6f50109
0802fc0c060203f9
050705f10403fc01
05fbf2f1f2f8f4f8
f801fb01fdf80b08
fe01f80b06f80a00
0cf9ff03f3fef903
fbf505f2fafc03f9
070801faf90004ff
0401080b07f4fef3
00fcf7fbfb07f9f4
fa03f3f3f6f8fdf2
06fef7f7faf50502
f5f2f9f5fa00000a
fbf7fdf9f201f4f8
0904f9050605faf7
fc02f8fe0501f5f8
f2f9fa0806ff0afb
f5f8f6fa0108fbf9
04f3f1f6fefa00fd
07fa00f6fef30702
f905fef6ff0a08f8
f80906f5070509fd
f9f7fcf404fef308
0906fbfdf4070804
00f9f8f7faf40609
ff04f4f9f801fe02
0bf3faff08ff01fe
fbfb00fcf70603f8
f407fefc05fdf5f7
f601f700f7fdf1f7
0109fdf807fd0302
0204fef8f30204f8
f6f4080cf507ff07
04f50404fbf8fd01
01f1fffdf2f3f6fd
0cf8f90bf705f5fa
0706fcfdf207f504
fe09fdf4f7f6f3fe
fa01fef9fc0708f5
090101f904030b00
0809f8050806fbf6
07f703f2faf908f3
f6fafcfbf9f700f8
000cf5070000fffe
07f204fb02fffc01
06fdfbff01020703
00f9f4f8f4f3fb06
08faf90bf901f405
0807000303fa030a
f6010607f6f402fd
fff200f2f5fc0606
f701f7f20305f8f0
f7fc0301fffaf1f4
f4f6fdeffa0205ef
f005f401f706f1fa
04ff01f501f4f9fe
fe04f5faf3fcfd05
f8f4f005f8fffdf9
f8effc0204fff9f6
01effd02f8fff8f0
f2f6f1f5020006f1
fc03f5f404f7fcfa
fcf4f106f3f5f0fd
04f2f9fefd06fc06
f3f8fbf6f307fbf1
f5f9f2f402f9f2fa
f7fcf1ff06fceff8
f8f705fbf7f906f5
f6fdf4f004f1fe04
fcf9f706f7f9fc01
f2f80504fbfdf5ee
0605f3eff3f303f1
f807f6f90501f8f4
05f20305f20101f4
f7fcf002fcf6fdf6
fcf003f3f9f505fb
020a030003fcfb05
04f6fa04fe01fcf6
f20300f504f503ff
03f4f2efee00fc05
f7fafcfc04fafbf2
eff1f1f1fcf2eff1
f8fdf4fbf4f5fcf0
f2fc01f0f803f305
fff904fdfaf6fd00
0003fa0103f7f5f6
060106f6f1ffeff7
01f0f100ff02f8fc
f1f9f30302eefef1
f3f8f902f2f900f3
f4f1f603f3fa05fc
f3f90503f3f405fd
f708fff4f20506ee
06f101f4f8f1f1f4
fff1f6fefff306f1
f40007fc00f20207
fcfff8f6ef0403f5
f20304fc07f10502
fbf1fff3020406fb
00f7feff07f5f6fc
f7fbf1fbf2f200fc
f5f8060403fef5f8
fffdf20700fff0fc
f4f3070003f5f1f4
0bfef206eef6f0fe
06f6f7fbfcf6fdf1
fff1f502fb0af906
f002f705f5fd02fa
fbf2f900fdfef2f4
f9f5f5fdfbeef9f2
f903f1fb00f0f804
00f1fafef6f502f0
05fc00f4f5fbf3fe
eff9f7f50503f7fd
faff02f1f0fd0602
fcf7f0fdf8ff03fd
00f20204f9fcf9f3
fff1f7ef00f2f0f5
f5fd05f5fa050500
05f305fafaf3f800
fffff0f7f500fbf5
f801f2fff2eff905
03f9f4effaf0fcfa
fef0fbfaf60502f0
f203fe06f6f504ff
f3f4fe0504faf9ff
fef105f4f9070705
fef3faf5fcf00304
04fdfff8eef2f002
f0fa0402fcf105f3
fdfbf206f2f600ff
f40607fb00fa0306
f3f7f502efeffd05
f801f3fa0805faf1
faf003faf604f8f2
f004f4fbf5ff05fc
0c03f5fa05fff8ee
fa01fa00f7f9fff5
f2eff306fdfc0408
00fff7f8f703eeef
09fcf302edfffbf1
f90500fdfaf405ef
f0f40b020003fa09
f8f101ed01ee04ee
f6f2ee06f3f8fc01
f1ff04f909fe0701
fef3f504fcf30400
f5f6fc00f9f003fd
fdf105fcf5f400f3
fc050103f7f3f1f1
fdf1f4fffffb0005
f1f2f4f9f604fef3
ff00f1fceff7f9f1
06f8f606f0f9f700
03fcfef4f3f907fb
f8fbf3f200f900fb
f304fff8f2f1f8f2
08eef9f60501fbf4
03eef4070308f105
f5f9f3f404fffbfd
ff06f601f8f3fbfe
01fef5f8fb0406fe
f90504f0f0f5faf9
0406f7f10103f3f0
fafdeef8fc06f2f1
00fcf7fc01eff9fd
01f7f9fd0101fafa
f1010af9fe03fff1
03f2000003ef00f1
01f1f1fefe03fdff
f6f90603f9f705fd
f001f802fef0f9fd
09f2fa01010301f8
fef2fbfe09eefbfe
f0fa070503fe0aff
faf8f30201f604f1
f7fdf905fdfff1fb
04fd00f1fefff902
fc0400f0fcf30101
f504fbfc07f0f4fd
f101f4fdf5fdf9fc
03fdfcf7fcf2f002
f7fff800f905ff02
eff204fcf8f3fe02
f5f9faf4ee03f0f9
f704f7fc06f8f104
0402fefc07fcf102
0304f5f00401f1f1
fffffffbfcfbf201
04000605fef302f6
06f8f1f4050300f2
020301f4f903eef5
f903fdfeeffb02f2
03f0f0f8f104fbf2
f4f9f3fcf1fef908
eef1fbf504fc04fd
f3ffeff0eff604f9
fefa06efff00eff8
fcfaeffa04fb05f2
020003ef06f504fc
fbf6f0faf70502f5
fc04f5fe05fa01f5
fd02ff07020300fb
f6f9f7fcf6f304f3
06f7f1fdf2f9faf7
02fcf5f1fa05fcf8
ef00f9f205f90103
f9fb00f7f7f7f7f1
f5f502f904f2faef
f9feed03f8ef02f4
fe01f2fbfef7fc0a
f1f905ff00fcfaf9
06faf9fbf7efff00
fcfef10009f307f0
fe01fc0808f907fe
00f1f805f701f8f8
05f1f5fc02faf7fa
fc01fef7f90107f6
fcedf4f205f5f8fd
fe0204f3f3ffefef
fa03fcff02f9feff
00f9f0fa0001ff05
f6f40106fc0403f3
f5fcfcfcfd01fff3
f9fef8f4fdfe04f8
fcf3f0fe02ff0704
0400f8f8f1f1ff05
f5eef8f8f6fff306
00fffcf5f70001f3
fef5feff06f708f5
f2fe080a06fef804
f2f1f5fe01fdf8f6
0703ef0a03faf2fc
0802fd0000f4fd02
feee07fbf5010b00
f0f8fe02f7f9f4f8
fff7f703f3f6ee00
f5faf9f60405f6f7
fb00fd0606fd02fb
f2f0f2f4effdedf0
f6fe05f7fa03f204
04fc02ef0afafbf7
edf8f9eefff9fefc
04f8fd0108f401f9
08f5fa00fafff1fe
f705f2f7fcef09ee
fbfef50002000209
f00305ff09fcfdfd
fe0005f6ef05f2f4
00f6f9f3fd020504
f3fb01f304fbfb07
f505faf5f1f2fcef
ff0002fc0201f1ee
f700f0ee07faf7ef
f3f3fafdf4f3f5f4
fcf608fd08f1fcfc
0702faf1fe02f202
f2ef00f402eff9fe
f60105f0f7050400
fa05f503fcf504ff
02f904f6fa00faff
0b0302f20bf407ef
01fdf5fafdfe0af5
04f3fbf106f1fff1
0bfff60bf4f00305
fef1fbeef6f00603
fb0401fdf5f7fb05
f0f308f409f8fa01
fdf302f7f3f2f7ee
f9fffdf7fcf609ee
f504faf408f704fc
04fb06fffd0500f2
f7f5faf404f5eff4
f8fe05faf4fb01ff
faf3f300f703f8f6
ef04faf9f50005f8
04efee03f5fc05ef
f8f3f601fbf6fcee
faf8fdf6f7f2fbfe
f1f2f5f509fbf9f2
0b01fefef8f2f3fb
0203ef000a00f5fb
fcf005f8fc00f5f8
06fcf3fafff704fd
09f2fb0004fbeef7
00f9fff6fcf30301
fafe00f8040605f5
010704f1fcf6f3fa
09f7f30606fd0203
0101f8fef907f405
f6f2f602fef4f6f1
f5040cf500fbeffa
03f801000201f7f3
070204fefcf1f8fa
0200f5f80509fef4
f2fdf600faf700f0
f5f9f1f5ff02f0fb
faf7f6fa07f00004
f8f1040006070505
f4fefceef8f7f004
0a03ef00fdfdf6ed
f5f5f3fff7f90001
fd05f8f70005f906
f2f9f7f8f1f0f2f5
0807f8fff7f6f2f5
f6faf8fdf602f202
fe01fbfa0603f807
07fdfff307030c08
fb070f0cf9f60409
ff0bf403ff040202
08fe03fffa01fef4
040008fd0708fa02
f2fdfe0405f909fc
fffffe0aff01ff08
080103f201f50303
ff050f030807fb05
05fb080607f90006
f2f5fb07f3f3fefc
f409f108f1f708f3
010afeff07050701
fefb03fb0801fdff
050df6fefbf607fb
0cfd01020807f203
0e01ff0a03f40600
f307010cfdfffb07
f705f30502f2fdf3
0b0304f20407f306
fb03fcfbfef90a0c
feff050401f50800
fef8f5f301fdf8f6
f806f806f4f80801
fe04fbfa070108f9
05fc08fe04f1f304
f90107f9ff07f5fd
fb05faf4f8f2f8fd
0a0c00010408f4f9
04fa04f2fafbfd02
f3f1f6f705f5f408
05fa00faf402fe04
fefbff05f3f909f9
f207fcfffcf50b00
f100f9080002f9fd
fe0405f9f70403fc
0600f7fe01fd0103
f60bfef5fefffafe
04f7fa08faf20c01
f8f5f7f9fffc0d07
fbf6fd0509ffff09
09080205f405fdf8
07f6f2fc05f40302
02fa05fffcf5f905
010af903f90807f4
0707f1fa05fd030b
f3fa08fcfff608f9
f5f908ff05f4fb06
feff0402fbfcf7fb
fff307f9fbfdf805
0109050a0bfb0207
0a09070104fe06f1
06000904f90afdf6
faf9050003f9fe02
fa02f607f909ff01
0af702fe07fef703
f904f9fd010306ff
08f503f5fdfa05f8
f2fd02f5f109f9fb
060306f9fbfa0800
f6fdfb0908fbfbff
fef303fefa070603
f8f40400f9f101f6
06fbfafef3090501
f4fffff8fcfa05ff
0afafcfff908f1fc
fffaf5fdf9fdf9f4
f9f8fefcf808f200
f8f80afbf5f204ff
f7ff010407f4f102
000809f4040408f9
ff06f5fa070601f3
ff01f40802fc02f8
f4f9080af2fb0507
0308040202fb03f9
06f4fef2f2f4f6f7
01f60303fefb050a
fe01070903010408
06090601fbf9f4fc
030307f2070406fa
0bf4f708f6fdf5fa
fcfa0108f7f8fd0c
fc07f3fbf706f405
0d070d0505fdf3fb
06fbf9f608fd0900
fc0afff70609f7f2
fcfbf302fc09f1fc
03f205f7f808f902
fafff40cff01fefd
f700f9f804020af9
030903f6fdf600f7
f608f70afcf30804
fe01f4fdfff5fefe
0107fa08fd030a04
01fe0cf307fef8f9
f8f20105f603fdfc
04f8040a0201f90a
f904f9f7f5fafb07
f804f8f1fbfefbf7
080308010604f4f6
0b0bfe05f80b00fa
fbff090206fa08f4
f90703f6fff7feff
04f502f9fbfafe01
f70bf40703ff01ff
f2f8f907040809f6
0303fafffcf6fff8
0300f7f7fffe01fb
fff404f8f1f1fc08
f9fc060c0bf10202
fd0af3ff05fbf2f8
02fd0607faf4fbf2
f4fd09fd04f8f808
08f1fb04fc05fff7
fc06fcf1f80dfb08
0a09f80d0cf8f9fd
f9f60b060706fefb
fafc0604f4f3fa06
06fbfd00fdfffbfa
f1fc0804fcf7f8fe
04090c0e050c0507
f3f60e0805fa0cf8
0403f901fffafaf3
f4f3f607050605fc
00fefc06f8f4010a
f306fd05f9f80808
090206f2fd04f104
faf404f3000cfbf9
f706fc01f7fe0402
01f606f7fafc0701
fd0705f105fbf4fa
fafcf8fefdfdf403
f6f7f6fdf3ff0007
faf50004040f0bfa
f50c010504f9faf7
fff5f5f304f1fef4
07fdfdfefcf5f600
fff4f80202f1fefb
0507fff9fa080006
05fefa00fefc0103
0702f9f501fbf609
0afcf9060af10004
f6fafb040bf30cf9
fd0500fd04060ef7
f904fffff4050200
fff6f9faf3020af2
0c0508fef4f6f6f7
0003f9f2fff80eff
f8010403030f0902
f3f907fe00fe0af7
fdf70606fff7fd00
f7ff06faf6f2f2ff
f70904fffb050bfd
0308f701faf204f2
0bfffdf2ff0406fa
fb08f8fcf700fe06
09fb0300faf4f8f8
07f8f806f9f5010b
fdfe0c020202f906
0900fffbf10efd06
fef7f201f8fefcfc
f6fcfb02020cfffe
fd04030200f20206
06fbf504060207f8
0908fef605fffcf7
f405f9f8fb0600fe
fff90403fbfe04fc
fdf4f7f30508fef4
0afa0100f8010bf4
f8fdf5020af40700
f5f4f3fdf708faf9
05ff0cf5fef70df7
f9fdf8f8fafdf7fc
0500fefd04060908
fe0401f4fa01fc04
0af40ffa0c0afa00
f706f4fef30cf9f8
060904030103fe03
0304fe06fef30904
09fcf304f202fffe
f70203fef5f90800
01fff904fb08f807
060b0002f20601f5
00f301f3f2fbfff7
0905090df3f2f4ff
08f8fa0005f901fc
09fa040b0105f800
f8fd04040708f107
f7f50803fbf50c05
f5fbf4f6fefffefa
faf308fc08fdf300
fcf8fd01fe070808
f7f803f907fafdff
04f10606f9030c09
09f9f9f4f804fc09
03fef205fdf700f3
0909f4f5f7f7fe08
08fdfffdf302f606
00fff5050108fdf6
fbff00f7fa0301f4
f809fe08f2f1fffb
f702030cfcf105fc
f902f7f2010103f4
06fcf8fb0ef6f5fa
f802fdfa0400f801
fcfd070a03020706
00f5f602f8f8f4f9
f7f70600ff030406
f90bfffd0008f908
0efbf605f70106f3
f30af1fd03fc05f1
05f20700fcf8f606
f8fefafd01fe0b07
09fb05f9010c020a
f8040400fdf8fffc
0800fd0608f9faf2
0c0af20206fcfafb
fff9f405fff9fdfb
0e0a08ff060a0003
fe0e05fefdfaf707
08f8fefcf5fd0009
f708fafbf8fff6f8
050200f8f906f3f7
0c050b02f102f205
0af6fffbf1f402fa
f904fa03f4fd0502
ff06fbf60504f908
07f503f902010506
0804010304f40a06
f1fbf9fef2fdf509
fdfe01f9f407f104
00f2f9fa0201f7fc
04f90508f8010cf5
fb02f5fef808f505
ff01fefffd050104
fdf2f8f6f6ff02f5
fe02fc06f3fa06fc
f7f4f207f9f8f8fe
0707fd01f702f6f5
fef4f203ff0af2f9
0005fafb0807fe0a
0809f5f8fb0b0602
0303f10bfaf1fa04
f6fbf601fdf6f302
020bf501f8060902
fcfffefa09fe0bfd
f80600f6ffff0605
fb0e03f4fb00f403
07f7ff0201f5f7fb
01fcf9f3f9f2010e
0708f20708f8f504
f8000200fb05f304
07f9fd06fcfcf606
0406050603f6fa07
fa02fcfcf9f700f4
0403f6040401fdf8
02ea05070407fa00
f803120f02010af2
ff0afa050e0bfeff
0d0d07ff0703f9f8
102308040d120a19
f30d0cf813050812
f52308180e10000c
1319ed09f6fe0509
06f4faf5fa04ee04
f80117ee121d0407
f00b0718ec07ec0d
ec13ebd8df0200f2
1c11f001e613fa02
d30c17e008262a22
e61f1913e104d515
fc14db07cef1dad3
0d37e61ef7161920
d30417d91f1d3a26
e9241a2fe23dea14
0926e80aeaf4d6d7
00ebfef8fb0df90b
eaf90aff16141117
fe21011e001c020f
0b0df816fd06fceb
1be7fcea0719ecde
03fd03f50f0d1202
fe080806f7090503
02fc0c0b0c0b06ff
06fd0700050501ff
0c0d000a120cfd07
0cfe0c04060afd10
0dfd09fe0f08f6fe
091005020d0dfaff
01fc0107fa0700f6
01fe0df70d060ff3
fd0bf90c12ff0602
1016ff0afbfc0521
090920081ff3f20f
fdfefe050c1002f3
200f01f711f901f9
08f7fdeef202d904
f3ff18e70121f803
df00f20000dbf609
07fde6d5f0fbfef6
2113e808da10f1fc
c80421d012311121
d9190b07ea0ec915
0e16de00d9d6deda
191af020eb023736
c9f817db30101c1b
f726143bef2cd91c
302ee326f5dfccc8
e7d4e7ceebfcdded
f9df13f103f7ed04
f5f3e2f709f5f3fb
0df7ff0200e8effc
05e409f50c0bf0d1
03e2f9030efeee12
f6fff6ec080cfa14
00fc0209faecfe08
ddf217fcfce113f9
01f8ff151105f1fc
11e6f7f9fc0704f2
120b050c0c060902
0710091006080406
13faf317f7f903f9
00f2f90000f90106
0a08ff0615001710
e4f407ef00e2ef01
12f7f914ecee01f8
07fefcee07edffe0
01f60ef0fdff0bff
ece4e5d6e711d9f9
d60511dd000710fd
e5fbf703eef1de01
ec03d6cfe4dbf7ed
14fec6f4dc150608
bc0b0fc60d2b3120
de211b0de201da2a
0c1cdee6d1dfe1d9
06220623faf94335
dede10ed25f90921
19050b22f630f10d
2a1efd61f8e9f0df
eddafbe8090cdef4
0af9ed11ecfdeef9
0ee7fce316f1060e
06d0f4f515f70b10
15fb02070efe0bec
04fef1fdfbecd905
fafafff7fb0a0a0f
05fa0709fef5fffd
ddd512f515ebffe9
17fdfa16f5f3deeb
0fe3f0eb080217e6
04fb0f04110a1206
0a080e0c03000001
0a020e06fbed050e
11f50e0606ff1504
010505130f120915
111004fbfe0903fc
040806fff801fc08
0c0604f10e020dfe
f4f701e5080ffb12
fef2edf7f3051110
e70119ee1918191d
ee1e072bf813ef01
1317dff2dde3f5e7
1dfef304f30afd01
da0510ff091a1220
f9120bfef7fdec12
0f10e9e3e8cfe8e3
f1f0220c0ef72e20
18dfff0b0cef07f8
10ef04120e2a07f8
230c10552d1510f3
f7f402ee0422e5f5
16170216f101f5fb
1fe700e00902130f
f3eb111e16052216
02ee03fbfe0400e0
0e22f70ff3eceeeb
09ebf2defd07fe02
fcf402130ffd150a
daf304090fef0ae0
0bfb020bf90101f5
03e7faea020d00eb
f9fd15fb0b150701
1a16fe110812fdfe
0817100bfafdf90f
0f0018f9f913fb09
f506fafe000e0608
1b17f30b09331710
022d2104f522182a
0c1e1b0f0618081f
0d16fde9ef010400
f518f126edfc3319
dcfa20e73a062616
e519231e012aff10
2c2ef033f4eff3fc
eedd31f52ef3f6fe
22eaf83af8f8ebe2
2ae8dffa24fc2ff8
05f81703221a2813
05f330ff22fdf600
2f200322020aece1
1ef200f123041c02
08f614112135311c
fe1408070e180af7
0f1fff0c060702f7
240516f9180e0c11
03f7031f1e1a0818
06e603f10df6e6ef
0713e601fefaf0fc
fe03f5f204fb050f
f8f608fc0b070e19
2b0e08070f0d0ffd
0205ff0a080eff01
0e000bf80c061206
08ff08fe08130212
151aeaf90a1ff9f4
011d15f7e8130812
0f010afef4100912
05fdf8fafbfa0109
2616f41704372823
033d19fb10322f32
f71b1d1e0321fc22
1910efe4e8f3f4f3
fe1ff130f0e43f0b
e6e219e929e12015
fa1a0f2dfa3bed00
3222f641f2e5fff9
a6af26db35bfd8cc
3cc3df3cd5d4d9d0
21b1c6c024f33bcf
e4c93e24333c1726
03eb03dd0f18cacb
2528f511d400e2ef
05e0e0dc03e00ff7
c8dd17c40f2e0e12
201eee0e0d211415
0a0dfb00110d101e
060e1912fd2efd1c
0e1008140b110102
0afaf9f00affe6dd
050e0204f7020607
fb0703f00102111d
f8e90b040d0303fd
3329fc0301171414
03080a05ff131711
0d041b12fb0fff13
0e0b0ff506060cff
1a2bf2f6051dfb16
0a0f2101f0241f11
07191dfff3f70507
07fdff0bfefcf204
3e40f116fb241b28
fb3125fc1e2c242c
fd392c2af60efe39
0e2beff7eff50206
153af82af304491c
ee070cf425032636
01312e2a0547ed27
2b26ff41fc0af8ec
dbcd1ae711fbccb7
09080207d802f6f8
12e9f0e6090c03f2
e6e41824141c0c13
1223e2fdf912f413
ed1616f5fe181308
e3211821ef03f201
e6eef0aae40eec05
230df2fd00250a0c
ec1820dd12171d26
061b27210019e61c
1721041605fae9e6
1b01f9090e02fafb
fa1000fc0f100e0b
0dfe0cf40810f31e
0a0609010b0bfcfd
412f05050a18181c
05040702120a090a
fd1516160c1d102a
140d110a0600f5f9
e8ee09070911f80c
060120090ffe0107
fb0f05130ffbfd03
0104fc05f80002fb
25f60f0dfd10180f
f4301a071c0ff10f
f912f0060503fc10
2019f902fcf8fd0a
0d04ec0cfb01492a
e90006ef2cf92120
ef2a17290232fa27
21270232fdf20206
0cf303fa142de6ec
f72a16ef02201014
fe160af70af5f414
08f1fcd10105fbfb
0917daf4e916fb16
c3270fd210151713
d0121f24d91bd817
231bec0ad8d4d5d7
1c07f006ee1f0613
f11e1ae10b0b1e29
08211519f610e520
0f1ef21cf6f4e7e6
06fe08f0fd05eee8
020e0bff0e120717
060809fb0105fe1d
1703090205010303
07fc11050f08070a
f80b040902fa0806
fc1102040510fa09
19100501030bfef6
f50206f707030bf9
f1ff08fbf60705fe
fff6f9f206f5f9fa
f2020603fe07f106
f205fff4f5010503
fcf2080002f8f504
01f3fbf6080105ff
05f7fcfaf201fa08
04ff0605060200fa
fdf8070402fd0700
0702f80605f80cf8
fa03f7ff07f309f6
f2020dfafb0208f8
050602060002ff02
07fe07f3fbf6fa01
f6f10dfaf60608fe
0105fdfef605fefb
fc07f8020104f903
fbf5fefe01f40305
00f8f9f101fcfd04
f40503fd06f3fafb
fbfe0708f9fd0306
04f4f4f904f20104
ff0708020507f7ff
0202fffa09fd04f7
faf907fff504fb03
0608f90002f6f6fb
0704f3fc02fbfbf7
f608f70907faf700
09f708050308fff6
f1f408fd03f30504
04f5f30601fef908
f9f8070600f8040c
01f50701f5040707
050103f408f80203
f8fa04fef5fdf803
080402fbfef80503
02fb09f6fd03f4f6
ff0cfff108f9fff1
f50401faf608fcf7
fb05ff09f8f90700
08030207fef709fc
f9fef5f5f5fffdf9
030603fe0ffe00fb
f8f606fcfef802f4
f903fafafe060afc
0108fdfbf301ff06
0103f7f6fd02fa0d
08060302ff070805
f503fe07f2f50106
f308ff00090506fe
0cf6f80205faf7ff
0cf604faf8f9080b
0504f10cfcfcf6f4
0bf5fb05fffefef8
fd080305f3f4fa03
03f9f9fdf7fd07ff
010af8f8ff0003ff
f10bf3fdf107f102
f8fdfdfa0104fa05
fcfa03f7f5fbf70b
04f9f8fd03fc0606
02f90801fd0304ff
fdfdf1f1faf300f2
fafcf9040006020c
010705fa000efa04
060806f70504fe01
0901f3f602f6f9ff
f806fcfe02f70604
fafdfe0bfdfc0f05
0000fcf80002f909
f6fefafaf4f400ff
02fef902ff020af5
0efd070104030206
f902f9fef70603fd
03f50007ff09fb07
0005fffc05f10bfd
f503f301f40efc0b
040705f7f4f203fe
08faf4fcf505f201
fff9fe0bf9fff5fd
f9faf90cf806f906
0ffcf2f7f70609f3
fcf9fb0400faff05
f9fa0708f8f50a00
fefbf301fcf7f507
09fc020505fbfefe
010afbfbf2f6f4f6
0bf6fa05050003fb
f502080305fff700
fef906fafffb0607
06fc00fb000307fa
f80701f4ff01f9fc
fbf4f6f803f2080c
f40406fcfd03f303
0af2f8030905f8f7
faf8fff4fd01f6fc
f4f5f702ff07fb01
0408f1fcff0002f4
fc05f6f203fe02f2
0bf509f801fe04ff
fb02ff090301f90c
060608f2fbf9f702
0ff2fcfaf7f3f901
01f9f806f6f809f6
0107040904fbff0b
0f0708f7fcf10dfb
fb000508f9fdf8f9
01f50a03f7f508f9
f4faf90c03060900
0e0006fdfa02f8f7
fe0ff600f4fbf2fb
06fa010407f50703
0bf408fdfaf3f500
0ff801f6f6fc0af9
0e0907f60504f2fd
00050af4f7fbf70a
fefbf9fcfe04fdf9
05f6f20704f70905
faf20806fb0605f8
0005f204fefaf50b
0000f10cf705ff06
f6fc02fcfaf4f309
fef8f7010002fbfc
05f70af60608fe08
04faf708f1ff02fe
04f8f204fff102f8
0604faf3f2faf202
0406fcf50703faf4
fd04fb0408f9f808
f9f8f2f2fd07f904
f7f2f3020200f304
f705f6fb04fcf8fe
04f7fffa0100ff0b
fc02f9f8f6f9f306
0c02fff2fffdf9f7
0200f8070005f5fb
0004f80b01f90a06
0af407f9fafdfcfb
05fcfcfdf9f7fbf8
fb0bfff8f2fc0405
fef3fa05f305f800
08f7f303040901f3
faf2f4f704080102
0b0c0307fcf1040c
09ff0903fbfa0c0c
f707f506f3f701f3
0cf206f40403fd06
040bfe03fdf90608
0cf3f909f50607ff
fcf7f50106f4fcfc
04f5f8f6f702fafe
04f50003f907f908
f5030702f40cf702
f800f4f2fff4faff
fdf7f4fdfdfff406
0b0402f5f504f9f9
00fafdfff2fa00fa
ff0af40402f807f8
0cf90006f4f5f3f8
fef4f8fef5fd000a
08fb03f9fafb0708
f3f9fd08f304fefc
fcfe060400f2fef9
06f9fcf406f707f8
02f5fafffb0d0000
f304f2fd040608f9
06f7fdf9f205f9fa
f50a06fdfcfc05f7
f60000f60406f9fb
030505f5fdf40707
f5f6fbf1fef5fd02
05fff207f8fd0405
0205fcf90307faff
f20506fdfdfa07fd
030bfbfb02fef2fc
09f5f6fef6f4fd09
05f2f5f7f808fe0b
0802f1f6f50202fa
04fefe010407f701
fafc0109f8fb0206
05f1050a0001f8fd
01fc02f3f907fc03
fdf202fcfcf2f804
fe08f70709f5fcf4
fdf70600ff00ff0b
fefa05f803f9fffd
08fdf208010101f7
02f8fdfdf9020807
f9f5f9fcf3f905f7
010bf50502f2f8f6
0b0403f502020601
fb090efef60109fc
fbf4fd05020b05f6
f2f6f407f3fef302
f5fb02f10704f5fb
f7fbfb08f1fe0103
f207f2030404fdfd
ff0c000106f404f5
f8f6fdff09f4fdfa
fa07f8000501fffb
06fa06f4f70b0408
080805fd020206ff
f80802fa08f1fbfa
f60107fe09000bfa
00f208fefe00fbf8
0603fa03f4f5f803
030100fef5f7feff
04060f0c05f5f8fd
00f404f803fafb08
070af8f5f6f7f9f7
08040bfdfef800f8
fd0af9f307fa0000
ff04fef8f100f9f8
0df7faf6fe07fe03
faf6fe01f1f2fc08
0af90df8fbf30206
01fe0108f2f7f907
00030107f1000905
0900fc0302f9f6fe
f90900fef300fcfa
fdff03fef70202f6
fafdfd02fefc07fc
f9f5f10504f8f407
0802fb08f90500fb
f2fe060e00ff0606
f604f7ff03fcf2f7
080802f903fb07fd
fbfd07f5fff9f806
08f1f307f8060a02
fdfe02fdf203f3fc
08f401f8ff04fcf9
f4f80cf808fd00fb
f201fef7020306f4
fe0af2fcf2fffff4
f4fefff2f3f504fa
040102fbfe0706f7
030300f708fe080e
09fbf6f3f8fafdfc
fa0bfe00f9f8f3f6
fa05fcfc02030800
0e01faf7f5f203ff
fbfdf80407faf2f7
070a04fa01f205fc
f80afcf907020905
fc07f4fdf9f1fdfb
fe0a010605f707f6
f7f4fd0809fef507
f90300f4f90105fe
ff040709fef607fa
fcfb04f20403f4f7
04f30001f8f104fc
f907f102f2fe0b01
fffbf801fdf9fa04
0801fbf5f9fdf4f4
f7f5ff03fbf2f606
00050a07fbfe0905
0b01fe080e000613
fffd0c090c0103f8
03001108050507f8
e0fc0c19ffdb15ff
fff6f50f0fd7f008
fdfb02f90bf116e2
fef605010006fe0c
f617194211e22405
25f4eb2406dad5f6
1df3f8f624f32003
fa05180b29041d24
edc217b714e6e301
0d1f0105ef01d9d7
05eaf1f70ef40ae4
fdedfd0406101c23
122ae91feb1e290b
00180ef415082629
de1a271bfc13f314
091ef40404ebf9fe
0af50ff60ceb04ff
0ee510150c07fb12
1b070306060d0c0c
09141a241f090713
04eb09f2090feaeb
0014f10df0f1f3fd
06fbeef10ce10502
05e5fcf10ef40515
f910f7f5070a010b
fb0cf8f60bfd0504
0ffb0b0c09100af7
03000afa0c06fb05
1f0efe08f8080e12
f9fe0ffbff0e0b14
fa20061b04ff01fb
fa0d040b0103f809
0c1a0a1cfae510f2
0ee6f0090ad51711
022118f7fa0d00f3
fd11fefa0bf90305
0818fe271ce826f1
2aefe82805e4fbf5
fbfdfaf205f71900
e8fc11fe1d19231a
b9be01c9fcf1cada
0424f20ddc1ee5cf
fcdcedd806ec06d4
dbeb04f30510140d
233dc933d9223818
d60e20e12e0d2e31
ed22292def2edf20
1629e307e9e3dbe1
f5d822ea10e6fff7
11cd041cfaf306fe
12f2f9f10b130efe
18f1161c170d1817
0df106e1fcede0e9
10f5e40ce30ff704
020502dc07f1fef6
e8ec03f0f8f4ff04
faf305f5faf7faf6
fffdf6f5000b0f01
f8fef2fc070301fc
0c02f50c03060306
e507061202f60315
02fef1060bfcee00
05f4e90bf609f9f5
02000af807f9f804
e0f50716f5d0211b
14eff007fbd5f1ef
06fbef0308fe0edb
0cfe060a07f90aff
09010904fefe0702
160cfd13f4e3f8fe
ef0e060406fb12e8
e20bfaf600050c0a
f0e8dccde615d7e7
ed2309e1f5370ef6
e9060ff2e2e7ef13
eef8e1e9eaecf900
1f17d228d703261f
c3fa20c3220c1d16
d624131ee12dd511
1a2be01bcec9cac5
efe3ecef07f9faf7
0bccf609f9edfb11
0b0a09fd02040e10
ffec0f081afef80f
f0dafaef02e2dbe1
0adee600e6f3fcf9
f9f209e60fe308fd
dbd7f4fbfa060e02
f2e9f8f7ff00f9f4
02fffa0806fee9f7
07f3eef70cf208fa
fc05f7090106fdf8
121a0b16f90e1101
fbfb10fa0b0301fe
02080417fa060119
03100805fdfe0502
fa18082d0feb2910
10df000813e7fa06
0bfc0afd0f1410f1
15070e0e07131607
d7e41af21eeff7fa
29ffec29f7d6e6e3
17e1f3f31df521d6
f9ef1314200f1823
14f5fddff90fe4ee
fb3310fcf80cf802
d70b0602f5ece70b
00ffdbd1e7da0706
02f9fef8f9f00d18
efdd00f7090409f8
fb120d0df123d209
1116eb36f3ddf6d4
f3e511ff13f801f5
15d2ef0900e2e7f4
07fa02fa090208f4
fc01011313020f0f
fee9fce00704e8db
04e7ed0aedf0f7fd
09e905eb05f1fffb
e9defaea08f80f05
f72108f5fa08fcf0
090cf9f70810fe05
fcfa0a05ff040cff
08fb07f5070d0705
1924070a04111219
fb0806070e070505
020c1d2200ff0f23
080dfafa00fbfb0b
0e071730fffc271c
06fefaff02eaf1f2
03f4fef5001a18fd
0e0e1024150f1403
efef1dfe19f1f1e3
270dfc23eaeaf8eb
1ae2fee2190a23eb
eee42714112b1112
cac403e705f4f0ec
031ee302edfce9d6
09dedfee04f710d8
f4e7f805fffa2416
12e304eb0efde3ef
0e120111f509ea01
00fcf9ef03f40703
fdf4fa0a1005fe06
05ff0f0313151203
18080516f3ed04fc
16fb06f3fb1409fd
06fe0423071a0703
04050aecfb0cfdf2
f90bf2f8f707fe07
050409fe0bf0f51a
f4f5fb010af60b06
2b3ef907001a0d03
fcfdfff60e152127
01101511f3140a11
0f0300090afa0604
1915ff19fa00fd11
0e0e0d060101050a
fdf308120c000f0d
010b0f09080dfbff
1314f62a0c080d0d
0709f407f0fdfceb
fff005f2021513f8
f80618090aff0003
2622fa260b172215
110ffc1b00ff06fa
0c0c100b011c1b10
fcfb0a11fd120b18
d8c40ae11ee6eace
23dcdf18ebefe6e3
0cdee4d712f70fd6
ece619170422040e
0cf3fbdb1012c6b7
0837f900cef8d8ef
09f2f5e1f5df1008
e1da01e7f801090b
262c081007231423
1b250d0204031311
11271a10fe26011a
10150e1c1607faf9
0f16f6f5011d0509
032607f8fb11070b
090f15f905f4041f
feff01fffb050b09
3522f9fef9180c15
070606f801072519
061d090ff70a0221
1206020bf906f80a
261ef50bfe02fd12
01090104f6fd1311
ff0a1a0d03080e0b
f10d060a040106fd
2a30f62201ed140e
0df3ff11f4fff402
010309ef011b1307
0bf8160d13fe0dfb
0f2101050f080028
142ff60efef402fb
f80403ff07fe01fa
0204050604081912
f80603f815ebfae5
0be5f609f1f00000
0ef0fbed0c0afa06
fef30a180506fdf8
25360c0afb1b130e
102f05070327110f
e7231b0afde5fe1f
e00bf5beeb12060d
1518060b02121c2b
fe1a1f061310071c
21131f22062c000d
2d24061c0a04ffff
10090cff050d03f8
0600f905fe0cf901
011109f704010711
0bf1f7070afdff0e
40230106f8171217
f60c0a030a161118
0a251212030ffd20
1a17f7fe050903fc
0afdf9100cf80902
05faf9f912090107
f90f040c0a040d06
0305fc0bffff0a03
d3ca01060cd8190d
0fe6e9fff9e2fbe9
0af4f2e7060e09e2
02f2130807fe0c06
d8e923dc0bf0e002
170df11af8faeae7
10f2f3ea19f222f3
f3ed121517191d18
e9ea01f103fde3ee
1706f60aed07f1fa
fcfaeeeb15e407f0
f3fe0adb0d0b0311
1a21d425ef191624
ce1d1ddf15171715
e8232019e3fee818
2014e6eeebe5e3fd
181c16000e151d2c
130e030b17f60016
2319160bfd24050e
221805230a06fffa
050d0df9f70a01f8
0c02ff12fa00fc03
000a12f6fcf7000f
02fdfe0c06fbfe07
0e0007060b0cfafd
010b0b00000bfcfc
0bfc06040505ff04
07fdfe090c040a0a
f6020e02ff081107
09080d000207fd09
05060d0dfb06f915
0c0c110cfff90d0d
1c300f1df5f90e0d
091009fc12fafd0f
03031909fc05ff1b
060c0f000104fffc
283d0f2c1b141e14
17250c1d1306130a
071716050b19fe27
060e0d28fc03ff13
0a00070af9180d11
ea1d19ed152112fc
02f90d15fa0903ff
120a04feeff0fcf3
2932f41ef1253126
e7190d0226100c10
e429261bfc11f814
1820f1ffe4f7f5ed
0412151707102123
fd190d121efe05fe
140918100f280203
1c1b111b130c10ff
12260102ff081100
0f1506ff000000ff
09fa13040f08fc1a
fdfbf50ffefd0f07
070d041009fc08fd
fb06fcfc110a0d10
fe010f1203030506
05010811fc07f809
210b02fa00040d0d
041807f806190e08
fd0a021c000e0209
030b0dfe030c0b09
393e0508fbf80d10
11f40df7080d2714
061f1c0ffc081011
0a130800fb04fffd
3f500b4709211e2a
0f1705fd17001525
fc201411fe0b142b
f50ffc180d09070b
f4f51d1a01e01d22
0af2061c160809f6
0bed070816f60806
0a12f61116051d0e
0cf91903190d0e0a
1a290a24190decf0
15f5edfe12f502f6
0a0c08220f071a21
16160e0d10152334
092809150beffbff
0613fe1a131fff04
0c280e23060a0e11
0e26f7f90bf2fd0c
f9fdfffeec0e080a
f40b1afa08f3f901
fbf9fc0a0d020110
0e22070e0ef71700
fc02fbfa0bf9010d
040d021208040905
01110605fb06fdfd
f4fafb040beffd13
0610f2fd1403e8e2
fbf4ee00080701fb
0606000d03070801
000711fefee00e12
14f6f00f08e3e8f9
11fff60205ea08eb
1410120f0dfe040b
1f2e072a150a211c
0e0ae40d14f5e900
1b1510060dee1e0c
17fc0e2c0b0f1617
c9e429f619d104f4
2ecfef2ef2e4d4d6
17e0d8ef33ea27e2
faf6170f3621382c
f5df06fa2400ece3
3318f618e7fed7ed
17dfddd523f117fe
f2f019fe29191d39
080d0713fd001316
0d1507fc18fef201
08feff16fe0c0af8
150a0a160e07fa05
0b21edeef9f8ee06
fcf1000cfbfd0af9
f4fd08ef09f8fa07
f9fc000000fb04ff
fa1102fdfa000500
0ff2fdf800fc080e
09fdfd05fc030904
fff6f9fa0cf502ff
eaf7061006e51109
0cf4f0150fe6faf4
0bf70308060b0f04
11121104030afe12
020503060af21d18
0feaf20d07e1f3ef
07e5fcf701ee0df2
0ff1091411071605
fc07211e28ee2404
2602e11a08dcd6e8
19ebfaf820fa27f9
03f1251e2c101e19
cac91ae91edfdcd2
25dfe433e4d1d8d4
2bd5e1e725f328cf
fdf4281528292f32
fdfe0eec270ccfdc
211ced18f411f1f9
0df1f7e91ed42111
d6ea09e6150c212d
06ee1c0902f41717
1b02ee080cf5fe05
0909f3090f1317fa
0a13030c0517fd12
090e0101ff020401
09070107e80205f9
00f406ff0f01010f
f0f4fcfb07fe020d
0130000402fb1e07
fd0afa0b13fe0c1c
fdfa03fe0812f8ff
0019fbfa0cfdfffe
f304130f0af9051a
11f0000e07ece9eb
0ae703100b130af0
00fe17000312150f
ef03080e02e91006
0edde217e9dbece3
0ed6f0de11f518e6
f0e3161707060709
dedb1edf20ecd1ce
1ef0e522dcd2e2e0
25c6eecd12ee2de1
dad81b1a1d282822
fbfb0df81c04e4f7
1f12fc15dde6fae8
08f1fee80af31bf6
e3de111418172228
fefd121b1af400e3
28fbf70ff80af7fb
1ce4f6e81af92d08
eaf10ff912172a17
f0ea1d010dee071c
2108fa18f8f7e9f8
09f1f8fa140a10f2
08060d0708191e21
0e0606efff0d0508
fe12fd0dfa0a00ee
02ec0deafafe0bfb
f7eff1fbf9f80e0b
1f290603f90d1b01
fa0a0d04f6091218
fc190e15ff09f801
fd08f6fffcfe0705
f9f7021901eb1404
11f8f309fae3dee4
10e2ff0112051301
f70a1200100b0910
e9f30706ffd5f908
0aeade15ebcbe1d5
14e4e6e616f41eee
eaeb1dff0b120f19
edf30cd211f4cbe9
2c06dd27d6ecfbe7
1ce7f8ed16ef1bf4
ded52bfc1e1f1316
151bfa17051cfcf6
1726ea06030ef3f7
fd0813f40df9130e
f3f40909180a191f
0d271736130222f5
22f5e720ffe70bf9
110501f0040e1804
120a1e1d0f1c2125
ece41afa0eeffb08
27f6022601f404ea
0de2ebfc111224e7
00041512111c1f2e
0d0509fc020af9f8
0421fb0feb0cf6fa
f4f6fbeb05e80605
ecf208000908070c
2a26f30b070d2213
05f908f4fd091023
fa0e0507fd15050d
fd12f3fcfb0af608
f9fc040ffcf10103
03eddf01eed1e1de
0ae3fe06071002ed
f4021513ff0308fe
e7ecfbfdfae2e6f9
02e9e007e2e9dcde
08e9fde812ee17eb
e3e208100c15fd11
f10816e109f5ebf2
23f8e909deeaffe5
20ee03e017e328e7
eef01a01181f0508
1f30081206160716
121cf3fa0dfaf8f8
0208061011f71d0e
ff15fb0d07fc1c0c
fbff1a250ef62e07
20f4f00d0e00fa00
1afcf6000f0e1e06
14161718251a1c14
f6e11bf718f8030e
1ffaf31f00f7f4f3
1df2fcf4241624ea
0df8170017122f1e
0f0401eb010f00f2
fb1bf006f613fae7
fef102ebfee8f909
fffaeffc0df11306
1d1a010afe101f03
0410ff0602110918
0417020e0a09fa0b
020a080bfa060afb
ff0b010706070207
0d02f00efffb0afc
00f4f9140c010909
f7fdfb12020202ff
f104001500fb0d17
0af6fff8fa08feed
120207f309130cea
e7fe01120dfe0304
eff818ee15fdfdfc
1cfce71dfcfaf5f7
27eafcf910031dfa
05ec2626250f0a18
ff0e030211f9f8fe
1507fd26f502eef5
0be0f6e716f410fa
ffec12f320041618
fc0500260cfc0bfc
0ffb0309fc050201
12f7f4f914fc1003
ff041809fe0e1022
e2f61f0515e7eef5
13f7f82aedfbf5e0
22dff6fc1a1d1aef
01ee2111111f1d1d
100bf7fc0918fbf7
060bebfae600eee8
03f10ae010ec0ef7
eee5fffffd011b03
031209090b090300
fdfd100d0310fbf5
0e0afa0a0b0109ed
0410fcfb0b030308
0ef500fafe06f7f8
0006010703fe0a0d
fb1808f809fdfd11
fcf902fb050003fa
22f3fef4fa1901fb
f911140102130c10
f6030f04fe09f11a
100bf8fffdfd03f8
0f260230ed0e150e
f001ffee10061817
f9151714ee0fe924
0d0eec14fbf4ebfb
fbeefecfeb11e704
e51e09effa1afffa
fbff030ae912f0f9
fa0cf104ebf8e3e7
1d40ce1dd31e221a
da2713d81a192b25
da33322ed314e121
0f31cceadfd7d2dc
0c12fd0fe9010c0a
f8ea17e90e28271d
f520221ee719ee0a
121ef301faf6f3e3
0e250f18f8e7fbfc
09eb0d011005200a
0c141a140a110d06
06020503f7140cf5
05f50606020c0409
05fc0b0c0a03f5fc
f9f5fbff09f405fc
f9fff8fff600090b
0e0af7010411fd01
030d0cf50e100816
fc04f505fcf90303
06fe03fefdf7f8f8
1dee06fe0e1def02
fb040a080805090a
f80c0701030cf71e
17fe01ebf003f9fc
150afc11f1121818
e5fc0cf10f0e0a19
ee141004f004f719
0d11eefae6ecedf6
f6e1f8e5f303f317
de2417fdf8191a05
fd0a090df007e60f
f904eefceff5eeec
2738cb26ce223431
d61f26d125252233
d930252bd226cd2e
1e2fd6eee2d2ceda
1812fef3eefd0f11
f1eb1bf21d1f1d1a
ec281a0ef212e707
1c1eeeeaeee7e3f4
082bfb1702fb1919
fff00e080f042722
02191c29ff1af407
0d14fc0501fffaef
03060912f90dfc0c
faff0109fbff131b
02080b040008f907
010d0f08fcfdfcf7
3320fa1505190002
05011d08011e2620
fe182b0f01f7fc29
f804fef2f6fa05fb
19170b08fb050b0f
08f60d0610112511
07091217f8190a11
120cfbeffffbf707
0a0edf0cee01eefd
ecfe03edf7070114
ec0d1ffde2fae90e
e9fdf5cdd9f8f6e3
edf8f2f8e10a050b
d90d0bdd021d1415
ec0c1d1adf0ce901
030beff4d2ebddd2
18280c14f80c272f
e7070ef228031922
fe28162ef119eb10
232eef13e8d3eae2
01f304f507fde5f5
f9f608ff06130809
ed0f08f7fcf9ee14
07fbeeea010010f4
18310e1bfe02141a
f6e91aff0f0b111f
f9192525f5fcf303
011000fef70701f9
131bf814fa0ffd1d
f4ff070900100f17
ff160f1f0a11f808
0508fefdfe00fcf4
07040201f61bf203
f81916f9100b1416
061a0405fc07f20c
0c08fb04f5f6fc05
0d03f3ed010aeb05
f5071afa02070e1a
011a1e00030bf60b
fe06ef01fbfeeeee
2e35ee02ef1c020c
e60e17e30e24191d
ec2c1813f200eb22
f318debce3ebddf0
1a11f509eef71e26
dde11de122fe1218
fc230a24e218e914
0f290015f6e3eedc
e5ea08f9fdfe1103
05ebfb0611edf7ff
07e7f2f9fd0b05fd
03f80c1dfd11f8ff
eae2fbf704f6f7fd
fa05fff5f40e01fe
f2f0f505f9edf600
06fceff8e7fd0a09
0b00fc25fcfd0d10
fbec01f8110d0710
ff1a0b08f401f5ff
110501f9f7faf1f0
f8eb010dfff70215
f90d0c100a0b06fe
020ff407fb020ef2
13070a03f90e0c0a
0a0204fb0a20f800
fa170604fb120913
0a1016f9f5faff0b
04f5fd07ff030207
130403f603170004
ea1a16ed07160d21
f71e131ff010ff1d
130f00f3eefbf003
0e04f90ee9ff0909
e3fe02e0190f1316
ed1a0308e906e415
1817dedce7dbdfea
f0e20f13fcfb0d02
fee10ff911f0fefd
0d02ee0ffc1bfeeb
0f140c2113effdea
fedf2ee11a10f1ed
1c17ff22ebf4f5f4
28f2efe818ee1205
f4f30f0221222309
f4f708faf8fe02ff
f80f01f5fd0303f7
fa050301eaf1ebf4
020b02f80006fdf4
0d040d14f9f21111
fafb11fc0efaf814
01180d02f711fa06
0016fef90506eff3
c4d213fa0df0fefc
fff50e0df8f402ec
0bedf4fc110510e7
0df80d140001f8f8
0cfbfdfe05240301
fa2201ff04151d1e
ff1511030009fc1b
050304f1ff0102fd
1b18030efc1f211b
012113ee1f1a1c13
012222210518eb14
131bfd01fcfbeaf5
07f50bfdfbfa1108
e500fcef0f030f10
f3120f0bf317ed05
1113f70bf9e4fcf0
eef41f0a13ff0900
0de3f81df8f1f5f9
1bf9ea01151814f0
06022514061a0af7
eae703e90f09d0e0
0012050dee02f902
0efb0bf1040114f5
ece91e00ff0df900
0d14e801f00e05ed
f01d0dee07080b13
ea100f0bf3fbea13
00fcfbffeb09f2f3
00220e1f07f61914
fd0206f71002110a
0d1816200704f604
0017010bf50dfff1
ddebfe040ae90103
01ef0507fb08f601
0cf6f7faff0407dc
00000f060a04fb0b
1afdf4f2fe10ff06
081912fdf4251312
02191c0005fef50b
070205f605f900fd
120cfa1a09122a01
f9030dfe140d0a1d
fb0c0d23fb11f817
151a0002f803eef1
ddd9050bfdedf5e2
f4edfcf9fdf5ec00
0cf402f3f5f6f4f5
fa040c0a09fdf300
dce215f119f3e0f4
08ed0009e4f2f3fa
14e5e8f016fd14f0
f8e71cf3001f0606
0e0ef1f0fc0adc01
03170af5f9060604
f707140df8ecfd02
ed04fbe2fd01f906
1211df02f10cfdfd
e80c04e404191e1d
f31b0c09e3fcef1b
0e0ee6e7ebede6e0
20280b1d01041618
f5f40ffb12032815
00292725f115fb1f
08190c07f4fef8ec
020a080a07000cf6
0bf80602fc061815
000a0b0b0709faf5
0afe0000fc0302f4
12fef305f815fb06
f717fdf607130c15
fc1a0ff9fef4f302
fe0902fc0406fdfd
f70c0df50a022714
0001f3051c01020c
00071600f901f20d
171af5fcf807f9f8
d4caf5ef03ebced7
f9f0e9fcfce9ed01
f7edebeff600f2e2
e1fb08e80801f3fb
ebd201de0906c3b1
0008f901e40904ed
06f6f5f301f50df4
ecd90a02011cfff3
0406f705ed09001d
f6160be70f051301
df0b0808faeef613
fe07e3d9fbe2f005
1704f401f10c0416
e50b0be5161b150a
e31b1111f0f7ec19
030de6f0eee0dde5
221d0b18f607172b
fbf910f61df82126
f82c0d1801150215
1d2b0c01f8feeef9
feff020f03001708
fe000d010d060f15
03160b170906fb0b
0e16060c0803f4f7
140901f7f917fb02
080c0105fc110617
000bfcfd08fd081f
00010806fe10ff08
00e8ffe9001203fc
fd09f90102060d07
0bec0ded02090b28
05051103010e0ff7
d7af20cc08eeddf5
13e9f00eecf9eff6
1deae5dc180016d9
ffe82d2d20230509
110e0b0bfe10f1ff
0414fcfc02ed0603
0bfef8f00a0306ff
f6fafed80013020a
08ee0ef0f107d9f3
f80d0402f616f5ff
f011f801efdf0609
eae9f2cedff802f7
0c27ef1be81d1013
f31712f001222112
f5161e0a05120610
040f020602fff4ec
ef3c01ff0af40e07
0a01201106072a0a
020b2515001a01ec
0922f90302060510
09160318fdf90c0c
060916010e121418
fc1f0d12ff080dfc
0d1a0a0c0e020c02
0a1e0a030209040d
09180803141d0d0a
0e0c1a18f810f717
030703fef7fefa00
3207fbed0218e2e3
f90d0df30011161b
06150e14f2080521
0a10fe0bf703f603
cdca11cc1beccfee
0bedfb10ddfbfbee
14f0ede421f71fe1
f9fb290d230a0e0f
2600f7fcf90fe505
0907fd02fef9f40a
f402020702dff712
effbf8def9ea0bff
efe803d800f5dbfa
f6f40603ed0cf0fc
f3fa09f20ad304f3
f0f503d6f5010204
272a0013fe140a2d
f51c09ec061a02ff
f819030cf312ed04
fe15eff904fdf6fd
f8250b0c0dec171f
fb0a23001a163013
0b112c200a0bfaf5
1b2e0a08f90a0d02
0afbfe1600040d0a
faf909fa19fd1216
07050b130b000d09
0117f70cfbf80cfa
e0f10e0b0f091109
ff12fd0210fff3fb
0100ff12f7000606
0e0dff0205f6010b
f6f80fed03ff01f8
f6f8f5fd0deefd00
0efe020c07fb0505
0efcfe0f060402f5
b6b516b612c3cae4
16d6e212d9e4f8e3
22c8e2ea0eef20c6
f0ed1e10180e190a
0d08f3f2ff1be0e9
0920fc00ea05f005
f61606f314d40a07
e3ebf6c90bf20d16
f5ed10e312f1dcce
10deeb0fff060707
0cfbfae610d913fe
e9e707ec13190b0d
14f90bfefb0d1411
f8220b081009fc05
f60af60d06f8fbfe
0714fbfffe000609
031c020b0af61f14
07f0010019060b06
f90e0711fd060af8
0219fb03f7030d00
ddf20c19fffb1bfc
0207ff07010d0b04
f9f20a17010f09ff
f91afcf803080901
0b04fc10f8190205
000c0dfa120d1e08
08121c020809f910
01000e0dff0af9f9
1d0a0a1411191106
07fe060419151a1a
fe120907f8150d1f
0e140d070e04fc0a
d9d40ed011fce8d8
10ea0313f0040808
100507fc0f04fce0
f0fc080e081bfc06
1628e023f22519dc
ec15fee316111211
ec21281aeb0c030a
05feeecaede3eff2
f5ee19fb1206e6d5
1b060309f8fffd0c
1806f6f503fe1001
02f5130f0c250600
efed03fe0f030113
120d03080d0df8f9
0f04fd0710f50ff5
0a02ff0608fe140c
ddd4130507dd01f0
05e00001ff00f9f5
fef8f5fd0ff70bdf
0e0b0106ff06040c
ddf3071505fd0cf2
fa0807ffff05fa05
05fe071200f705f9
f21304f20df9000b
1e1106fc0511fa1c
0c151b0c17181b18
fb142214090dff0f
0d01010c0d090efe
0704fe1cfd01190d
0909050118fb000d
fefa0d07010f100f
1014fa050c03080b
09fc0dc8fa18d2f7
f609000df9110d05
0cfdfbf707fd0b00
f8fa0916010601fd
101de516d1161e28
d20e11e819fe0305
dc151717e315e50f
1123e610efd1f0df
ff0e0618060a05ee
0af00b0307fb00fe
f4fb11fdf6f8f41d
f30014fd00fa13fa
f8f31ffe02f3f817
13e00a170cf80605
0e0404080b010f03
00000d0403181c19
c0bf11ee09d6e8da
11e8f20dfefbe3e3
02d5e8ed00f713d8
eef20ffcff060b0d
0400001afd080a0c
fc0500f8070a0e04
09fa020d080afb0d
f00bfcf30903fb0a
140d040b0a071008
0701040b0a050914
09181a15ff01091a
05ff000501040909
040c061108050cf5
fffffe00020105fd
0af60c0401090709
0a090c000ffaff0b
2618f9090324f301
f81703f20d171306
f60e0a07f704f12f
0706fffbf5f7f400
0712eb0ef9190302
f5120df5fa021d17
fd141904f204f9fe
0406f5e9e2f8efe6
1a24df24edf916e4
e2f006dc06f31005
f0141105da02ed03
fd0df2e8e1f6d8dc
f3f519fc0dfd00f6
02e30a130d0006fd
01ff0b0901f80c0b
f9ff0d0cff1a0f1d
cfdb060005e8efe3
fc0402fbeff5f3e2
09eae3fefcf10eed
f2ee06000b03060e
fff9f91404140803
020709f505060f14
05040409f7fafd08
f50af9f508fc0007
1b2a0701f71d0d1d
fff51c0a05132716
0b13291810010a1e
151000ff020c0a08
1e1311120e070912
0a080e07140c030d
12130f0102000919
1805fd08feff0402
260f0421fc2b341e
ef1f19fe142c0211
f103181afe1de920
2117edf6fa0105f2
4038f60af63a2a31
e6342ce2212c2735
f42f251ff314e538
1926ecf8eaf2dde0
1846e848e5145020
d0f11bd72418172f
e91c3629d03adc2a
2630e6f2dce6d6df
ff160c03fa03160e
fff90e030103150f
080e1b0afd100515
06090108fc091406
d9e9040709ff01fd
060b0e11fa0e0cf6
fefa000b07060ff0
ff010406fb0912ff
231ffe16fe201c10
fcfe100aff07241d
08132215f903fe22
0d14fe0b0d08fcf8
020906fdf8ff0617
ffff07fa15f20605
00e4fb0e0c100d03
170c0dfafd0e0406
dad00cf30febf6db
0401f106fcf5e1e2
13e7fbe910ef0be7
f8ec02110bff0508
08eef9e4fc170319
042616fc10101509
fc0f0214060af507
0f06f4e106fd0309
3c4be2ffe123103a
e13425e012301c33
e9312a22de17cc33
1715dfdee5eeced0
1237e428d202462b
d7f312cb1f020f0e
da101521f231d80a
3134dc18f3badbd1
f80b150a00ff0112
0afffc030dff0700
000efe030cfe0805
0c0ffa0201081114
d9fa090a08f20805
00f401fe00fd05f2
04e9fa070b0402e4
0efb03fc05fa04fe
0b0e0a080c011d0b
fa030eff04fc0414
fa150215070ef8eb
fc1a0800fd06fffe
03fdfdfef4040b09
fd05fffcfefc0a01
02f8f9f60600f2f1
f8f4fe030200f707
fc00fd0903f403fa
f7ff09f800f3f6f6
09fff8f5fff609ff
fe06f805f9fcfef8
f5faf6060300fb0b
050702f5f6f1f308
f7070404f902faf2
fc07f203f603f4fc
fefbf30a04f2f603
f6f4f6fff606fc05
08f9fd06f5f607f5
f802040905f4f404
f80a020304040306
040309f700f4f707
f5f306fa0401f8f7
07f2fc05fb04f702
f2f6f20afb0608fe
f2fdf6f208fcf90b
07ff070100f201f4
ff07f205fe060103
04f7fcf8f8f5fff7
f602f4f9fc02f808
f60003fe05fbf4f6
f80402f9f8f2f2fe
0301050bfcf6fff4
fff1fbf10402f5f9
fefaf404f4f5f203
f4f30503f9f3fbfa
0503010a080304f6
f6fa05fefa05020c
0306f9f60304f203
08f1fc07fcf90700
0bf700fb04ff0508
f4fdf8fdfaf302fa
01f803f601f20106
f608fc01fef7fdfd
0301f8fdf207f406
fb04fff9ffff0006
040a0403fc0808f3
07f300fffe01f3f8
07f6f80703f2f9fb
07fcf40801fc0903
f7f901f3f206fbf5
fef5f404f7fcf709
ff070800fa07fdff
04fdf2030400ff0a
fafb03fd04fa08fd
0600f4f605070204
fdf8fff8fbf200ff
fdfd0002f80308ff
08f7f80605f1f3fe
fcf208f3f5ff04fa
f5f70afe07080905
f6fb00f9f906fa05
0000fcf4fef6f5f7
080101f107f3f6f3
01fe080809040afe
f7f305f8f1030002
fff5faf204f30104
080706fa06050400
fbfffcfbfa03fd0b
f205fe09f8060102
fbfefffe0705f4f9
08f9fff5f6fa03fd
0405f80bf3060903
f1f3f409f9f2fe06
f904090502f9f906
0204f3f803fdfdf3
06f8f1fc06faf407
faf1f2f508f5f6f6
f5fff2f2f106f2f4
0601f3f2f5f30406
f707080006faf605
f3f2f103f5f5f8fa
08fef902f4fb00fb
0af4f4f5fe0102ff
f8f8fb01fd060b01
fefa0801f700000b
070208fbff00f7fc
f7fff30805f1f9f6
040aff01f4f903f9
f8f3fa0a05feff05
00fff3faf4fe00f7
fefef305f3040305
f9020b04f508f507
06f20507fe070a00
fafffc04010901f9
09faf1f600ff09fd
01020601fa01f900
0305f5fff9fff7f8
05f3f601f70602fe
f6f40304f8faf301
0b08080604fdff07
faf9f401f4fdfa0a
03fe0307ff02f108
ff08f306f3faf208
f6ff0bf607fbf9f6
09f7050701f40bf7
f7050804f4f3faf7
000300f6f9f808f2
fc08ff0bf2f7faf5
02f7f8f9fffff607
fff6f3f8f10603f6
f6080701090101fc
f50bf900fd070400
f80100fdf405fafd
0004070606f80808
f7f2fef2f302ff07
fd0afd0504fd0afd
03fe080903f4fcfc
0b0a050607fb06f9
0602fef6fc0307fc
05fcf8f9faf10bfc
f504f80104090206
0afb03f8050400fd
fdf4f4f6fff9fcfa
fc03fdf6fb07fa0a
feff030b05f2f906
f808fd03010905f2
f7f702fefa0203ff
fdf902fbf20303ff
f1fdfbfdf2fa0007
0003f8fefd05f103
0af6fa06f7fe03f1
ff03090a00f5f7fc
f301f8fefbf108fc
f6f70505f707f304
0600f8ff06000906
fbf6fc03fffb07fd
0504ff09f2fb06f8
0afef7fdf5fcfd06
0bf6f4070007f9f1
fcfd09fc03060c0a
fdf1faf3fbfa0bfd
07f5fbf6fcf3f7f9
f9f80807f2ff02f6
090cfc03f6fb04fc
04f20304f602f807
f9f5f503fafafbf9
fdf607f408fdf900
f50bfa06040108fb
fbfd07fffdf70400
0b0af5fe020508fc
03030306f702f5f7
02080005faf1fa01
f1f90503fd0101fc
07f9f5f3f707f3f6
f50101f8f8fa0702
08f501fff3fb000a
f4f9f9fefdfd08fe
0bfd06fb00fbfff1
01f20204ff05f9f9
0401f9f7fef70b08
02fb01f405f90bf5
f3fe0708f90805f1
fff8f7fff5f3fd04
f8fa01f509f1fdf5
09fe08f5070af80a
06f6070100fe00f7
06f7060705f3f308
ff06f6fc05f5010a
fe09fefb08f40afc
04f8f8f2fef6faf5
fa000001030903fa
f7f7080bf5faf701
040104fe08f90300
f60403f6faf6f8fb
fbf2fa040008fcf4
05f80308f208070b
f7f809f803f20806
fef8fcf5fdff08f2
09f5fbf3fefcf2fe
f9fbf707f706ff09
08fdf208f6f10806
f700fb00f5fbfef5
fb07faf6ff06f306
0005fbfcf7050605
fd03fef700f20303
04f5f2f2faf2f8fa
fbf1f801f6fb01fa
06f909fd020007ff
f4f1f5fef4ff00f8
fcfbf3fa00f30000
0701fe0800f5fbfa
f70a030b0501020b
03f601f1faf9060a
040108fcfef9fcf3
05ffff03fef7f307
0b0bf9f90505fdfd
fbf204f406f80b06
fc0808fffd080601
0301f70805fdf8fe
0305fa0309f2f701
fef9f509fdfe0aff
050204faf5f3f9fe
05fc03fb050302f2
fbf7fbfdfdfff7f4
f5f4f80afbf90406
0a0cf9f5f2f500f5
fd07fa09f502fcfa
0303ff08f2030501
fe030609ffff0a06
fa09fefb08fa0801
f804fef305010804
fb0308fe0804faf4
fd00f90b05f3f404
0b0bf905f7f107fd
fe08fbf6f20302f5
02f70a0cf9f90af6
fdfb030afd0808f7
0afd06f7fbf3fb03
fdfc02010006f208
09f7070409f8fff9
fd030109f703fff7
f7040305f1f308fc
0605f8fe000303ff
03f8f9fffe030c05
f7f5f5f3fdf4ff0c
03f6f6fe07ff0502
fbfb0608f8f5fefc
fbfbf8f70501000a
fff4f6f6f40806fe
fcf9fcfd01f5fc07
fe0507f5f5f9fef7
fcf40afe04f2f704
0007f6fb08f9fffe
f600fdf5feff07f4
09f8f8f7faf10902
070705fc01faf901
0709fbf6f7f7fb06
04fef4faf1f70307
fe09fb04f2fef7fd
02f9f505fe05f609
04f6f5fc0708f7f7
f706f905f402f1f1
0004f606f4f20208
0001fa060501f8f7
f9fefcf504fbfbfc
0202fdfe0808fef6
f7f201f902f703fb
f8f6020a04f103fd
fefb01fdfb05f8f6
fff9fafefdf5f508
fb08fe04f2f5fcf9
fbfc0c07f806fdf8
f9f906fbfe00fffc
0904f6f506f6f9f5
fb01f509faf70404
fffff5fcfaf30cfa
fefefdfefcfdfb03
f306fe08faf4f102
04fa08f4faf7f3fe
f908fdf3fc060605
070ffd030204f1ef
01fdf504fb040d09
fff8000f0702f90e
2d4a0532f90a1128
0a1306000c0d0f25
ef251f25fe01021c
fc12f7090af60509
ff0805fb06f31815
14f6fe0c16f90d00
08020af90e0b1000
0508fe0a0c050e02
e5f20d140aeb03f0
16e5f90df1e7f5f3
0af5e9fb0ff916f3
fce61a2120170612
fce712f90af9f6ee
1504e61df6f3f1e2
fdf1eff80ed705f1
eeea0adefa080611
f80bf4fffd04f70d
0a0afb0bff001801
f50409070ff80307
0907fafb00f1f603
2635f80e04240c30
090cfbf60e131325
f91c111606ff031f
fb08fd0304f7f504
02ff0f06f9fa0609
10f9f4fd0b060a00
11f9fcff05fe0200
020c051b080a060d
decf0d0209ec1012
0503ef11fddddad6
06dae2ea100f15ea
0c0206ff09fb0d06
dbe6041205e11a15
06f7f812fcdbdef9
13e3000112f107ec
05f0000308000415
fbec07ee11eefbf4
1bfff308ebebe2f7
0bede4f813f609f2
f1f1ff100e050302
f802141920e4110b
34d5e21e05ccd601
1efcefeb21022bf8
f7eb1018230f2520
f4ee19ee15f0ecf7
2b21e22bddf0d9ee
02def3e813d41cec
d5ecffe9080c2a35
061c02ff03080220
0a02091803ecff0e
0c0104121103140e
0013080305f81816
211b0b09f904030e
111c07040a0af90d
fffe0df800021105
fcfa070103f70910
1e1714fc020f0305
080c0a03fcf9effc
1afa0af6fe0a0e0d
0cf20e090f110cfe
bcd007020dde0300
0deafd18f9e0dfda
1cc0e2e5030718d9
0408061306121917
e4de09f307fad8d3
08f4ef03d2dad7d4
04dad8ea0bf409e2
e3e40ef806090306
1d150125f71702ff
0e13020500160711
0d09060ff917181e
fcf91108f8010500
f817262524ef262f
29d9fd220cdef700
3206f405201d35e5
040b35241f351210
0a0421f32204f4fe
371ff82ee900fcf3
0de9fde616e52b08
e0df19e01935232c
0f16fb0f06fe1c27
fd1b0f020d06180d
16ff121ff6120310
0b18fd0e090b05fe
0ffde809030ff8fa
f82014f20b141805
03050bf4f30df31d
fef9f9fbf904f500
283cfe0600122818
fa050afe16182021
f9151a1ef32a052b
0b0cfc15fb0cf803
f1e605f806fff5e1
0af3f910e30110f1
1803f9f5f5040bfc
eff3140afb060612
f501fa070420f9f9
fd2b17fd032519f8
060d0005fbf0061a
eff3fae0f3fa04fa
2329fc42fc023828
f90312ee2dfd1a12
111d1d1e0121f61e
2520fd1af0fa02fa
e6f123ff12e71921
21ddf7200afaf8ed
28e8f6fb270a14e8
0ff62e3821341d16
11fcf8f01910ee08
1c350515f50a1006
020b090410eb180b
f7f607dd0c12111e
0d18e106f40e1225
f50a0ce910070f16
f60c051cea13ef04
08180101fcf1f7f0
2317e417ff200d13
ed0e12ed0e191c1e
ff0f1610ed13f931
fb06fbf6f1fbf1f5
2420fd0107fe232e
faf607f41cfe091a
0b0a111a0413fb1c
2b10f70d07fdf1f9
01eef7e9f601f8fe
000cfd01ff111a0b
01070d02f5090108
fcf8f7040209fe06
eef4eefd01f904ff
fb1306f0020d100a
eb071008f2f7ed04
0304fbf2f5effdf7
0609f516f1000c08
f7f511ff0aef091c
fa140312f71ef115
03090026080501f8
112b171b1c1311f2
27fb001d07131d10
1020180e14071519
f9fa24ec092b1209
f90210e7fdfb021d
091a1309ff0f0af9
0d060503fa010604
0009f708ff0afe08
13f3f4eef3080626
e417f3ee0009070a
f90ff612f2fbe3fa
0e0ef307f8f3fee8
1d2bf924fd192c33
fd0713ee15030218
00230c04fe0de926
1518f118f3fbfdfc
fcf112070deb1a11
01fbfdfe1706f8f9
17f602f8fd050801
190fff15090efd09
0a0f0efe080c051f
fb020206080cff15
17081107ff06fb06
0806fb0afdfd1503
f0020af900021918
fa030704170f04ff
051a001705f9f400
1706ed0204f300f6
0a1220f8fa12091d
1214080a11140c03
0c10fc031204f612
02fc02030a050009
3a470d2c00153635
0d1a1c081725343c
0137322e0e11043d
1835f80b07eb0409
e4f72ee918d73a34
25e412151f010c0b
19170b11172517f1
1118192a21031b19
f0d117e3fcfaf0ee
05fff512f9f9e2f6
07f6e7e51cdffbfc
f0f2040118ff1a1d
0707050c000a210e
03f503ff02dfe513
0efb09f50e02071b
0f1100120aef020a
c4c714f902e00ef9
05f8ea0d03fbd3ce
19cfdfe711ef00e1
07f3001417140d0c
ded2030b0ee50cf9
0df2001512d5cbd3
13d4ee0b1011fcec
180e000e13121004
d0b3f7f4fae2f6ed
0af9f51203e4ceda
10d2d5e2fbdf02c9
11db04070afd110b
e4e7f7ebfadfecdb
02d9f91505edfefe
0eeef1f300eb07de
09da1aff03060404
01140422fefc2411
11edf61911faf9fe
030cf8f90aff0ee8
10fc150219fe1212
cbba0bda20d7b9c6
20d9e320cddacece
21d2dacf1ceb1cd1
f9cf31503317251b
ece9f7e8fedde2d4
21e9d61ad7f9dbd7
12e7e6d109da0ad5
dcda0bef0906171c
082ef21106fa05e9
0fe6e9feede8f30a
fef813f50a0b090b
eff20f0e070bfc02
adc003f1fbd5c6ba
0901e20ce8f6dcd8
11d4f3c300ff04c2
e6cf1c09060af80f
00f308fb060ef8fd
0b13f3fde919020a
04ed0af8f6fe09f7
f8fffa0f03100301
060ff7f70214f604
0c140b01f8060815
fe1c0c0bf6070004
e80af904fef403fd
1618f215ef1103ef
f5fb09f51016ff1d
f10315130210071a
0b0e0203fe06fd03
d5d5180312d30def
2ad4ea09f7dcecf6
2cdaf6e307091be0
f9f9153215081f1b
e3d426df31f0c2c8
2ceddf27d3e8e4e2
31d8d8e726cf26eb
cfc422f0282e1928
eeeafce9fbf7e6ee
0a01fafedf04f0e1
00f1f7f707ee09fa
dae3fe0000090d06
352bf207f91e0909
0c14f3fcfa1c0914
f3141df7fcfe071e
f104060b0c02f8fd
02fd01020208fc04
07f9f307f50f0911
0900f7fe0b0c0afb
f0f1fd0303fff605
28fffaf8021bfa08
f918130af81b191c
1213120ffc050115
09010803080afa05
1412fbf00b24ef13
061017ff0a281f25
051c19160023fa1a
0e10f7020306f3ef
00e1f004effee0ec
edf508f30603141b
f6151112fa09f609
ea08f7e2ecf8f1f0
0d04061500f003ec
06f400010d0c0111
fe050a10060a1011
f90302ee07130705
e6f00df91bf8130e
14ff05130cf3f8da
18f5ee04132416e1
1a05263923150a0d
16e8f4fdfb2bf6f4
f016fcf1f604e30c
000401fef9eb011a
f0fbf8f0fef9f704
1604f810ff1a0afb
ff171f041b2b1516
f8101b2008020b1e
0f090805ff0a01f8
1e1f0e1c1308030f
0b03180a16111b1c
0920161e09240f0e
031c0e19031411f6
0819f2ec0329ee0d
f71d24f90e161f20
021f1f01f307f214
14010809020707f4
2710ed04f923181d
ec1a25fc2423292d
f32d281df40ee71e
2021f7fce9f5f0f5
0dfcee0de5220a17
df121edf19232521
e3221b1bf625e61e
1e16f3f6e9e6e0dd
26211012060f1fff
f9021efa1016191b
121e0c03f920f920
0613161e0c0d0005
dced22f4220ff704
1f0f0e1800fb0c02
2ff40107242c0ef9
08fd234e28150214
04f4e4f4f51debdc
ed200df60c10fc13
ed0b0f00fbfbef1f
03ebfde5e9f8f10b
25120518fb1f0806
ed291efc1527190f
05261e15071bfe1c
111a0411f600fbf5
1720ff1f010e2413
f5ee2b062707281c
f916251cf62a0124
2528ff0ffe08fe06
2e28fa020732f106
fd253204132b3220
001b31120406fd27
090d01040609f5f0
302bf40e042a1916
fb292cf92a2f2b2d
01242a21fe2cf136
1b28ef00fdfdf8f9
3126122cf1272f2e
e924320a323b1d26
fc201525fc25fc2f
272a0128faf203f8
14ff23111d15210f
1b080d0c19fd090b
110a04050e190613
141b1a441f100a03
f2f502ef13220715
13171d17f9141600
061510090926060b
12f91b191118050a
1217e0fee33608f5
e7300eed0b2b2e32
f7352d18eb08ea35
0615edf5e1e4e6e3
1c25fc1f0624230d
fd201af01f2a1a1c
f51a1c2df022f428
27240b1cf204f2f1
2320fe1c040e1b20
fa0022101e052817
fc2c252bfc170b26
181e0c2000fcfa05
210804fa0127040f
fa3819f7111e1629
fd141e18f513fe16
1a17f70705fcf7ff
1d190f03ff0e1721
f01d15ff18161e22
061a14191115ff14
2d22f812fd03fbf7
04fe102d070e1f3a
ff081e06280305f2
0a05060dfd1bf812
17210f2d10fbfdff
fcfb29f53011eeff
23080e2ff5290107
1b0108f512001308
eeef1c182a2e0f1d
1616d7fceb20f024
e33d2be8142e2524
ec272c1ef508f105
1b11e8f1d302d9fe
2d38d102e4311c24
d43e24cb1f28393a
e3363428ea15e642
2024e4fde1cfd3dd
2214121a0a122b23
f91a25082d0f2721
f728281efd23fc16
22320023ff0bf9fb
fac9050814ff1512
0efd1807100eff03
0a08fd1a02180eff
1217f9140bfd040c
050105fc0020f8ff
0320140d0821170d
0c1b1a02ff090319
0100080007fa12ff
0a03150507fa0017
0d0117021601080c
101219100a140d16
111a0e1405030a07
fdfa0bf60cfa030c
0a0510ff1006fd04
10fe06101426fff4
1b0a072107090c13
2117f2f01f2deaf2
092029ee0737201b
f223310efbf50d24
fbfe11bfe91cf111
2040d10dc31e1f2c
cb2323d62e2b2c26
cd2c3637d628cf1a
2128dbe9cdd2bcc8
2b34db1adb381412
d72a16e824233b3f
e637302ae216d729
221ce807e6dedde2
0b0a0b2006181c1a
f80a180d250b121c
fd1717140220091b
26190b200dfb05f4
d6cc02fc14fef8fc
000007161a0205fa
12e8f80901180df2
0512ff0d0b0b0ef9
0cfd12fd0b090505
030f090e0d060a0f
0c0a130703060b07
0d05fffbfc0a140a
170aff0008141908
0b030efb17041112
0510190615170e07
17170c140913fa0d
e9eb07f912f4f001
05fc0f0b050d160d
0c0e16110223fff6
181300fefc11060d
2d2ee0fed9340f14
d83c22e5153a3023
e32b392aed04d526
1d24d6daddcaf9e3
181df6fdef173052
d91c3cf3242f3e3c
f0393c3fef2ee025
4443e00adfd2e3e3
2220df17e52611f4
e91d15ed1a202a1c
ef1e171af613de1e
1126f0f4e9d2d1d0
f5fdf9180e180cda
01fe10fe151e101d
f4190515fa17f413
1117141af7fd0606
d3e5071406f3fbde
000107140a0e12fd
08f2030d021c0b00
1113051c0f07f9ff
240e06080f270807
0425200b011c251b
0e1a260cff02fe1c
071203fc0e0f0212
080ffe0c131a1a1e
0b0a2d0715281a18
0424201300280e0f
11140108ff10fd0b
1b2b070bfa081105
fc0c22f7251f272d
fe33302c0d20fe23
1e1af701fc000b06
0819ef19fc2321f8
eb0e15f511221725
fb271f27f611e61a
1827f4f1f5eb05f5
f4d306d8f510ed02
ef1e0ef8041213fb
ff14fc0ef3faf7fb
0c10fc26f6ecf5e4
17ffeef7f91804fa
de170cf2131a1a13
e417100dfa00ef1f
0c0fefeef1e7f1d8
1709001ffd2a11f9
f6151ef814261f11
01160d1bf715fc22
0715f508f90600ec
121d0f10150c14ff
01f9120b100e1e19
0b281b12f9230f19
10170b0e0409f5fa
ffef03f3121206ff
0f1d2107fc1d131a
0b120700fe0f0214
020dfbfefd020103
0bf9ff02062bedf3
fa1b1ef70b242023
fb1a0c1f0018f719
1a0fff050c00fb07
2314f010fa033924
f2fb1ae73415311e
f2222029fc1dfe2b
28250c0e07f0f7ed
04f60b2a0e102819
0710150719110016
fd15fd1a070cfb11
1e2cfbff08fd0bf9
fbe810db14fad7e7
06f9111ff2030dfe
200e09f4000c06f7
1104131b03081102
1711daffeb20f6f5
e81a13edfd1c050c
fa1f0b08fe03de1f
0807ec01f1f0ebe6
0f01ff1dfc1608ec
fe2b1ff41d1b1a0e
fe1a0916ff05fa0d
1812fc0a0007f9f8
101804140b0d261a
04fd2205290e1e1f
08270d1f09290021
251c0a150d0d04f9
1afa09fcfdf40d0e
1004fd11fb03ec02
fe07f8031407feff
fa06fb0911f8090d
15f303e2021cf1f4
00221c10e720f7f9
000400f70ffffa0e
01f102f900060212
1a61e661da103c2a
d8120eef3a06372d
ca2b3c3ae22ad919
1232d3eacfdae6e7
f2dcf7b1e7e2ccec
f4f8f9fd01331a09
e3f2080df8f6f1f1
f2efdfebf8f8f1fc
fd07eaec00f31b1d
ff0b07e819f7140e
010819130423f1fc
1721fe3b18effc04
1cd8f4f5f5ebf5e0
0208ecfc0b100202
fd00f7fb09e5ef1b
edeff9effee402fb
fc23081704f70c1f
1203001218061002
05f9151c03120008
0f190009fe000104
01190d01fb050f0f
0206fa0c0afb08fe
000dfb0205fcfffa
050a02fa00f7080f
08eb05fd13f70f18
16fce10df8f5e8f2
11dbedf7190612e4
0205080e0ffd170f
230804e8061be9ea
0d280706ef1df5fa
14f702ed0ae61202
e7f7fbeb130c0200
3b59d659db285736
e21e0ad948012c3f
d041453ddc1fdb1b
2638ccf7d4dffee4
deea09d708e400f4
edfb110a061c0c0a
ee05020df504f2f0
0104f2f2faf1fcfb
f6f1fded03010613
12ff030016ea03f7
0501f406191f02f4
1218f63917e904f2
fde2e5edf9f6f8c0
0102e3f2030bdf05
ebf3eee70fe6f515
e2f7e5e00eda0b0f
0639201612dc111d
1adc041808f90305
1afe0d0f01050602
0d0d160c07021b00
fe200aff04f20d19
0bfa0817ee05ebf3
01eff8f313f4ffea
f6fd0afe1409060c
c6de18071ae70c14
1defef17f2d5cee4
12cdd0f00fff0cd6
f2ff1d0a0f051615
ead908d90f09ec16
1d18e716dff3d6d6
08eed7e911e212ed
e5ee060619160808
4d51ed5df537473c
e02a00e026100528
d1372728f0ecf044
2226d8d0d5edf3ec
d7f6140d0be01617
eecb14f7160108f5
fe05fb1b0721ffe6
251a041fecff02ff
01f1f904fc0dfb1e
012320f5050dffe4
0605f41bf423fae0
1919fe1ffffb0202
0e09ef08ed0e10e7
f40807e50608040f
f31e1a06f3f3031c
ef06f5ef0bf4faf1
0e35120e0ce11924
12cc021105e918fb
15fd11110e0d0800
08171a150812160b
f613091505f11ffd
12fc0207ec0109f6
06e7f2f717fe16fb
e9fe09f50b110511
01f1060616fafb05
19fdf70ddff806fb
13f2f8e30e140c06
f0fa1c0c0b191807
060bfd071103f906
0e10fe0b0206fff0
03fc0f0103ea1812
fbf608ef06170011
1f00013cf7112b07
f30bfe021c070d19
02ff09170bfaf625
0402f6d7f3ec0009
e5cd0cd6fff0dde6
f7d40d12f1edf7f8
0de3e3e7f912f0f0
00f30720e90cfffb
fd01dae6e405f60f
e6f50fdf04131806
e80a0f0de608eaef
eefcded6f2dcd8ef
190ee01fff0111eb
03dffef911fb0c19
f80609f7feff001c
f708faf5fbf902ec
f90a1d030ae6002b
13dd080b03fd0df0
0cee0e0a05fc0a02
0d05180f080e0418
0e30090910040e16
08fef80df903fe00
feff12fd12fe03fc
00f808fc0ef9120a
1105fe0909fbf9fd
1112f200eb0600f9
f8f709f608061308
f801100a111007ff
07160d0a04020206
01f5f5fef8f30c07
04f607f4ff061009
00f805fe0b040b05
fcfef5fff30af3d8
02f80dfa0109fd03
fe000afafbf8eef9
f3f5edbff707f900
32340a0afd280810
e60e17f3fd311e22
f11f2609faf6012b
0602f1e8e0f6e6df
f9f5f8fde5f53043
e0f611f216140b08
ec020a20f51df403
1d16d90ff7dcece6
09f5050df600080c
08e40af810f1fb15
f7fffffbff02f318
f608090810e7f9eb
0701230314e00d35
06f4f80ffeececeb
0ef5fdf215fb0fef
0e1207030e16180f
191c0a1701082136
11fe0601000bfc07
000d07fd14fc0811
fb0e06f8030d0913
1d1d13050003fc07
06110813fbfafafd
110a09050e0e0f0b
f9fa0e100f020c0e
171b08fb130a191a
0f09fe020ffe0aff
0eff080506f50107
10110e030c0a1514
0316201dfd0d2023
0afc02150a0bf104
02f60e110de607fd
161502e610040e02
f2f8311b19fe3824
26ef13241cf0eef8
2ef7000f2bff1e07
2e0b1c35310b2520
d1c03cd529e8e813
35f9f43ef2eed0cd
2fd9e1e233042bde
fff7202a2f302c2c
04fe0b19021309ef
060ef7fbfffae610
fffeeffa080c080e
01fd110718f20809
001e121007ea131c
14f3f22113f5fbee
20f1fef6150916f2
13f51b100f1a1b07
0e1a110bfffd1b19
1d050019ff06f7fb
06f4f00513ec1202
03fe11f81a0f091a
06fb0508fcf7fa0b
0b00f91405f2eef1
fbee0cfb040a08f4
f3020f060200fe0c
fdf80e070bde0a0f
09e1e01706e7e0f3
0aeff5e90aef0cf7
0c00071217151406
a1c010f40eb2d8d2
1ccace23dad0d2bf
14c2d4ca0dd817b4
e7da231b23202010
b19b12ec12e3c8bc
21efd81fdccab3c0
21bebace25d127cd
ccd31b1d19202823
ecd114c11b0aaccf
2418011cd10dfbef
14e0e3e413d81ded
c4c922170c2d1428
2b1ce229ee220ff0
ee1b10eb071c1e25
f31e1710f10bee32
f9100b0cfff3e0df
fa1d160601ed1019
15eafe100eed0df7
08f615070d1313fb
1f0d121905220015
061af702ff0006f9
0ef607fdf5f5faf9
08eff5f40df804f3
f9ed12eb0c0a0f17
f80b0e0101e9f707
0bf3f8fd06f3f1f6
0c0709f9110211f5
f9fa120d08060106
bfd707eb02ddfbff
0ce7db17e9fcdbe2
12daefd8120410d3
eae5130611121209
a2ad03df05dab1b0
1dd6e417beded7c4
10bcceb6fff81cca
cebb16080a1b0210
adae23da1eeca198
1401e11fbcefd4c0
1bb9cebf0de530d3
c0c21d0308280b1b
fffb02cf161cb4ec
fd1e0f0fec18140d
0200fbfafff3030d
daee11e7f90f060b
3027e330ea341423
dc3b25e814221b24
ee362a24ed0bec27
0d1afc0bf6e0dac9
141d231410fb2526
11ec100324e91a13
160b1c19fc1f0d16
271d09240709fffe
1119fb0601041703
0d04f5faf7fc0dfc
061d06f80ffe0cf3
f7010704f901fa05
0af7fbfa00f70704
07fe05faf4f8fafd
fff9f8fd030206ff
faf3faf6f6f401f7
fe0906f6f4fdf70a
04f2f7faf4fef400
fff9fe05fbfd00f5
04f402fe04f5f602
ff0c04f6fffcff05
0804fbfb07f5fbf1
f80ff407fcfd0006
fff70609faf5f507
f5f606f8f4fe03f9
06fcfe0cf80300f4
f409f8f4f9f8f205
02f4f90307f5fbf6
08f6f2faf507f50c
02fd00fff2ff08f2
01fdfc000200f7f8
f402f704fa080107
f90afd02fdf60908
0205fdf6fb07f607
f8fefd06fbfd02f2
00faf7f3fd030007
f101f2fcfcfbf7f6
0702f301fb04fafe
040402fbfb040307
01f9fbf30402faf8
0a01f6fef7f10006
f500f3fef302fdf6
fffcfef708fbfef3
ff08f40204050307
0708f7fd070307fe
fffdf2fd0404fb03
ff06f3f7f7080000
fbfd0804f4fd0308
f907fb0706f903f7
ff07fa0804f70604
0f03f901010304fa
0a06f5f204f9fafe
04f8fafffd08fa01
03fffbfcf605f602
f908f90507faf3fc
02faf6faf7f30900
f80501fefbf2fdfa
01fd01080103f50b
f804fcfafff1f409
030708010703fcfc
0b060a01f4fb06f8
fcf2f7fa08f80b0b
f200f5fbf605fbf5
0603f3f9f3fbf506
fd08090c00080407
ff0305f60ffcfafc
fa0705fcf4080dfb
08f8f70501fbf406
0af7fa01f3f40102
02fb02fafa0203f3
0cfef9fff2f80bf8
07f4fbfcf205f701
ff0804fafaf1fe09
f8f4f200fe030600
fbfff701fcf502fd
03fa070103fc08f2
f60bfaf906f703f7
04070902f900f8fd
f2f6f5040400f408
fef9f1fafdfb06f6
060208f805f3f90c
f9f9f1fef2f9f5fa
0efe0702f7fafbff
03f3f8ff000707f5
0002060afff903fd
fd0203060b0207f7
f60104fcf9fd07f1
f5f4fc040303fbfb
f500fe08fef1f40a
f3fd00fb07050006
08fa06fffdffff07
0004f8fdf8f905fb
00f6f9f706080706
fd00fe01fdfc0507
07f703f30306f5f1
fd00f307f9f6f4fa
f8f604ff08f2f503
0808fffb050bf505
05fdfaf4faf20df1
0906fdf9f30500f8
fbfaf50203f2090b
00ff020cf2fe020b
0c07fd08fe050105
faf503f403060706
030a07fb05faf4f8
f5f30602fa07fd02
00fffdfe08f2fbf1
fff20602f6fff608
0b06fa04f8f3f90c
08fcf2f607fd0109
fd05fff6f2fbfe02
08f4030102fb0808
03fd02fff102f5f7
0803f604f6f401f6
0cfef5f9fa040efe
02f70007050504fb
0cfd05ff0505070b
0804f7fa01f40cfc
0c01f3fb0300f7fd
fe02f6f2fef40d07
08f80c0bfd040a00
0b08f9f9f9020a01
f80307f5fff3f208
04f3f4fcf702f301
0803090af2f5010b
f70601f5f805fd0d
0cf7f2fdfcf900f4
f503f2f2fd010703
06030a0f05fdf9f6
05fdf9f5020a08f9
0e04f701f7020008
0af7f50504fb07f8
03090ff9fd07fdf4
0b05000df201fc08
02f8040601fefdfd
f8fb05f8fc05f700
01fb070a030209f6
fbfbf70304f708f9
f5f6f8f70306fc01
f403fcfbfdf603f7
05080707f5f10601
00fb030bfdf7f4fb
fdf306f4f308fe07
fa00fe08f5f10507
010bf1faf8f508f6
0df2fb0af308fe04
0206f6f700f60bfe
f6f9f403070702f6
fbf703ff00f204fd
040b05fafffefff4
04f5f7fa01010901
f80208f3f702f9f7
07faf500f7f90508
fbf30400faf402fd
f2fa07f2ff0703fa
f9f106ff07f6f8f7
fcff020a07fa00fa
06fd0504fffb0205
fdf5f2f8fd0602f7
fdfa04ff04f3f101
0cf807fbfa000400
0ffbf3f5fdf4f5fa
0c04fdfff9060202
06040bf4f1040ef6
0b02fbfff2050bfd
fa0805fefffd0606
05f9f7fdfbf4f9f2
05fe060703f70602
f80bf208f5f700fa
fdf8fa0303faf4f8
07f306f505fcf6fa
080008fbf9fafaf9
080cf40907fe08fb
05f806ff04fb06f9
fffbfef200f90006
00f208f306fbfcf2
fffef50103f9fcf5
0cf8f40b060309fa
08f6070809060ffd
f7fffafc00f5f7f6
01faf9f60206f603
0f04f600f5f2f707
0409f106fb060506
07fc0109f2fd07fd
f40000fb01faf908
01fef2fffffd0403
f7f50804f4f4fdf3
fe080308f7f80bf2
0308f6fbf50905fb
fd0805f603fffaff
0809fe070306fefe
04fef1fefb0206f5
fa08f902030000f9
02fd01f6f6040b08
fdf9f506f9fffc02
fafdf503f1fdff02
f80bfdf1f5fe0801
0c04fdff010606fa
fefcf504fff7fdf2
fbfd02fa0003f3f7
0405fb0bf40503ff
06f404f8fcfdfa0b
f4f3000100f2fa00
fcf9f1f5f100f307
0601fdfd03fc0b0c
f908f805fbf4fd05
f5f7fcf3fe020102
09fcf906f2f5f101
f60a08f5fd050a0b
fafa0404f301f70a
00fcfcf8fef9fff3
ff0107f8ff0001fb
020bfbf50005fd07
09f4fa05fe0a0a06
00fffef6f90004fb
fcfdfaf906f1fafb
0a0600f8f9f2f9fe
f704050604f209fc
f2f8020501f5f2f5
0008f5f4f403fcfa
fe0302f2000401fc
f6f4fa00fd010801
fbf7f3f6f8fdf4f7
00fdf205f9f5fb04
04f404fef3fe0902
ff0201fdf6f1f706
0a06f807fcf8f6f2
06f40508fb060602
06fd05f6fe08faf5
fe00f3ff04f7faf7
000afcf9080405f5
0bf701f4f2f301f1
fe0af2fc06f8fe02
fcf707faf3fbf5ff
f2fdff06fe07f4fd
05fbffff01f606fb
0cf500fef803fafe
f3fb020600f3fafa
0503f5f8fafbf3f9
06f4fb0806f607fd
fafbfc0cf8f4f7f5
0104fe05f1f505f8
03fdf4f504050e00
0af7f500f500f208
0206000005f60b04
0cf407fff60c01f7
fcfcf308fdfa03f8
080404fffdf3fafb
04f8fbf5f4fa03f8
03070109fd00fff1
0cfffafcf6050006
0404f409f600f203
f609f601f8ff01fe
08fb0209fbfdfdf2
fe0107f302fd0206
0501f7f5f7f2f1f7
07f9f8fdfdf605fc
f8f9fe0303f4f8f8
0506ff0805f8fa01
01fbf9fff5f6fd02
04010ff7f6fd08f6
0805f501000408f9
090707f2f4f504ff
f90307f2fbfb08f3
fafef809f1f50500
f903f9f8f802f705
f2f5f708f9f702f9
010702f303faf9fd
fe0905fe0809f8f7
08fef8f3f6f6fafb
04010806fcf6f709
fa0005f304fa0101
02fff2fafbf8fd04
f708f8fbf7f903f7
f906f303fe00fffb
fdfefefa0508f2fc
f3fcf8ff06f6f4fe
f30501f5fcf4f2f3
070300fdfe050900
08f401fbfdf4f9ff
03fafdf90801f800
fc04fcff0700f6f1
0201fd010508fef1
06f5f7faf6fefb00
f60cfa00f501fcf8
fcfa00f70001f3fd
fd0107faf3fbf7fe
0306fdfefdf9f804
08f6fbf50903f903
09f8f307f8fbfff5
fefd090206f3f4fd
fff103f80906fc00
0101fffbfc04f7f6
09fffaf8f9050601
00fc0106fffafa01
f5fd01fd01f8fd08
f203030bfcf5ff04
0707f4f5f7fdfc03
f7f6f704f6f40004
f60007fef90101f7
07fbf901080a07fe
f90709fb0a0b06f7
0004f9fcf60903f2
f8fdf5fc06fe0703
fd04ff08fdfaf50a
0804fb07f6fef602
07fb0201f5f50601
07f7f6fc02f1f804
f8f5f30006f70bf9
ff080607ff05f205
f1f40705f70705f9
0106f8f3faf402f3
07f9fef9f3fa0bfa
02fdf4f2fa05fd06
0204fbf908f1f8f1
f40107fa0701f302
04fc040905000a07
fd0400f404fd0002
03010506fef3faf3
03fcf5f302fdf8f9
f50702f5f10c050a
01fdfbfafd03f106
08f709f4f8050505
f1f105f205f60107
0505fefcff0607fc
fe07f2faf8020cfa
06fdf80001f2fd03
f703fc04f6f2ff01
000afef603f707f4
070803f601fa08fc
fd04f9f9f90b030a
f9f904f6ff0406fd
faf9030604f4fbf5
0708f5fb0a060505
03f507faf3f8f107
fc01f2f1fcf4fe08
0b07f8f7050507f5
fef9f704fc04ff04
f2050704f9f5f302
020afffb030108f3
0906f10afe06f903
07fe00ff07f7f6f8
fdfef605fd0603f8
090704fb04f8f8f1
fbff02fff507f9f7
0409f603f6f701f8
03f8fc0505020605
06fefaf8f3f7f4f8
f6fdf8fbf10107ff
fffcf30009f4f2fd
fcf60407f2030207
04f7f701f4f806f4
f8fbf504f3000500
fbf6f4f801f50100
f7f3f903fbf5f2fe
fcfef202f300f707
080a0008fd090903
fb05fefef7f9f6fb
fff5f4ff0508fa03
030903f4f7f2fafc
03f9fdfefa06f8f8
fcfd0701fcf400f6
01fc02f5f1f5f1ff
fcf8ff07fdf80102
05f8fefefa0a02fd
fe04f9030a07f9fd
f802fef106fc0406
04f80901f9fdf9f6
f7f8fdf600ff00fa
fb060708fef4f9f8
07fff8f905f604fd
f70cf3f5f209fe05
0700fefb03fcfaf7
fefcf4f909f302f5
f605f2fbfa04fd00
090306fbf6f90402
04f5f2fafd03fe07
040304faf4f5f6f6
07f3f4fefd00f307
fe03fbfafef402f4
0b06fd0cfc0907f6
0302060803fbf508
f807f1f5f7f1fbf2
07fbf5f5f4f1fef4
05f906f7f9fb04fc
f4060003f508f701
f604f7f3f903f7fe
f607f50306f905f5
08f405080107fcf6
040b03f3f500fef4
f1fa03fffdfef5fb
06050704fdf8ff04
0b0802f8f405fe07
01fb03f303f3fa0b
fb060b03f308f5f7
050a04fbf5040407
fc010703fd010104
fef8fef905fe0205
fc0003fc02fa0003
0afe09f3f60500f5
0bfc0809fdf5050b
f7fdf506fcff0a07
0304fbfcf40af9f7
f5fcfe03f8fffd01
fcfffafefb08ff05
f8f7f8f8060603f5
080cf905f3ff04fd
01090302f6f906f2
ff000606f7fb03fb
fdf5fef5f7fdf8f2
0509f6fa09f4f6ff
fd02fff9fd04f8f8
ff0907fb0703f4f9
00080502f909f504
040706f2f90004f9
02f8f304fa00f408
00000500f7f5f701
f108f4faf8ff07f1
04f1fef105fef2fe
fbfffe02020300f7
0905ff0706f8f800
f9fdfd04f809fa01
f5090609fb01f7fe
fefb05f4fcf8f106
01f8f609fbfbfcfd
00f1f3fcf6f7f8f8
0603fc03f5fafdfe
f5f70201f9fe02f8
faf8fcf9f5fdf609
040c0205fafdf605
03fafefcf30106f7
010801fc0107fc07
faf70008fb000405
f6fefefcfbfefffa
fe06ff0b0007fd07
0003fbfd06050402
f50508000208fdfa
f7fefdf9f209f5f7
fbfbfcf7fef4f2fe
f8040004fbf4f602
f4fcf1ff00ff04f9
fd00fffaf4f8f4f9
08f7fbf7f30006fd
07f201fbf2f405f3
fc060107f2000307
04020501040104f8
f5ff00f50500fafc
04f2f5f8f9fbf900
f5fc030900fff6fa
06fef8f500f3f7f2
050900f602f400fa
08fafaf1faf1fff1
f90706fe01f5fa0a
f1fbf40702fbfcfa
f5fa0805f6f9f503
fb0b070103f2fcf9
fafff101fc030009
08f3f40101f907ff
01fbf600f7fdf40a
fa0af9f506f50802
fc02f9f7fc060a04
fefdf5f507fc03fd
f9f605f904f3f5fa
f5040406f2fef800
f9fafbfff9f700f9
f206f8f501fd080b
f2f70607fdfcfd02
f9f501f7f3f3f8f5
fa0af8fb0806010a
fa0108f20001f4f3
ff0008fcfcf904f5
0c0204fb0904f308
f604f508f7fffb07
00000800f808fd08
050cf401f4f902fc
0209f2f8f30408fc
0107060303f4fc02
f9fef4fefb03f707
fc08f205f902f7f4
fe06f4fffdf3fd08
05fb02fef10109fe
f105fbff04f9fb02
f9f6f3fcfbf504f5
fdfaf503fafcfcf4
0609060bfeff09f5
f5fbf607f4040bff
08faf20306fdfa07
06fef2f7fef50300
0bf8f4f6f90bf800
04f2fe0504f50c08
f30403f9f302f209
f90802f205fcfdf8
fbfaf4090808010a
fafe00fcfcfaf8f2
fc07f3fe01fd0902
f9f6f108f803f5f7
04f605f9fb030307
f60106f3f30500ff
f8f8fd0809fdfc03
0504fff503fcf6f8
080804f307fc0b06
01fb07fdf507fbfe
f5f606fe02f4f6fb
00f706f6fdf402fa
090b0506030106fe
fdfaf4fb03fdf2f5
f1fdf4fffbfff6f2
0705fefa0208f205
0cfc01fcf5f7f501
05050408fa0501f9
fa09f30002020702
f90604f60408fe00
fd02f3fef7070106
06fffef408f80502
f3f4f8f4fa00f9f2
f701ff03fef802f8
fe0afef2faff0af9
f5f7fdfff405f5f9
f705fcfbf803f707
fbfff20703fefbf7
fc0103f7f7f7fefb
030301fafdfcfb0b
00f6f807fbf7ffff
f8fbf9f207080709
fdfd02fa0d0c05f5
fbfc020efff8fe06
f901f900f503f701
05f4fdf2f5fd00fe
07f9fbf6fb01fbfd
03f3fa05fefefcf9
04fd05fa07f2fb0a
00fef2f7f8fff3f6
05f001fbfff4f104
03f4fc0602f90bf5
00040f0108f30e01
0600f8070ef804ff
f80100f3000bf6f1
fc0003f303f30202
0308faf2fa03f7f3
ef0808fa04f9f705
f7f506f90309fefa
ff00f7f0f6fb07f3
0606ffff0b060afd
0704fff607f90200
f3fefdfffd00f2f7
030302f4f6fb0808
01f7fbfdfffdf604
fcfef2fcfcf3fdf2
fdf1fcfcfbf6f8f2
f604fffcfa02ff04
f9f709faf410f3f8
fafd01f8fbf9f8f7
f8ff0101010703f8
ff06f20004fdef05
00ff0a01fafc03f7
fc04fc05f8f806f7
fdfe03fd0304faf9
fdf2ffee0aff0304
fb0efff3fefff10b
02ff0001f7f50502
f9ff0cf9f1fb0601
faf2fb03fc00f000
f9050cfafc06fc0a
faf808f305fd01f4
06fa07f60103fbf0
01f507fefff2f4f3
fceffd08fdfe05f8
01fd05fe010e03f9
0604fbf602f4f9f4
ff05f403fa00f8fb
0c04fdf9fbf3010e
f101f7fdf406fc07
01060105f3fc0302
f707fff002fdf5fa
faf1fdf6faf4fefb
f6f4fbff0300fbfd
fefdf8fcfb0ef9f7
f20405040202f4f6
05f1f7f60300fafd
01f800f903fcfafd
fa0100060604f806
f50808f30504f1ff
02ef0007ff0cf406
f008fcfefcf70208
f4ff0301f1070705
f50701fdf9f8f1ff
00050bf7f10907fb
0701fe0af30df703
fcfffc0b0309f4f8
f1fa0df6f8f7fbfb
f7fafd0bfe04f100
fefaf4faf9f7f2fd
f9fd1206f5faf802
0005020501ef05fa
f4fe0507f5fcf701
f904fefe08fff9f1
f3f507f5f3f8f705
f7050bf8f4f8fef2
01f60df4000bfc06
f0f50e09fe09f8f9
f1fcedef01fd03f8
fafd06f203f50301
f8f80304f7020004
fcf503faf305f7ff
f3fd02f9f2040106
f906f305f407f107
0300fff6fe0205fc
05f7f705070bfef6
07000cf90406fdf9
fc01f901fdf90705
f704fe0a0304f7f7
f1f5f4f1fff2fd06
0705fd0806f7f703
02f305fbfe040302
f5fd0807060a0705
f90f03fcfaf5feff
07ff01f20602f602
f3050c02fc0400fc
0a0af90c05f7f20c
0706f9fdf9f90704
0603fcfdf40d0603
0506f70b0506f20c
f9010a0105f9fcf0
01f7fff40404fcf5
020705f6faf8f604
f90103f0fff8fbf5
f304f8f8010402f3
08030101fd08f1f1
070800fbf2f100fe
f005fbf1020401fc
f10304fa07f90103
f5f5fffffa03f108
0100f00706f6fff7
f8f2fdf8f9f0f803
f1080b00020602fb
fc0b09fcf205f8f1
fef10005f2fe00f3
f801fa05f801f8f9
06f206f7f40afb01
05f40900f9f3ff0a
02f6fcfb010e00f1
fb09fc05f60806fb
fdeff6000407fc06
fd06060807fef5fd
f805f000f401fff5
f5f3f706fff2f7f6
08f4010cf7fd04f3
f20af3f8fdfbfc01
05f7f9f7f7fef6f5
f5f30a05090dfaf2
06fcfafe0504f3fc
06fefb07f70300f8
05fdfcfbf600faf9
01fb0c080d10f907
f3fdfe0b06fd06f5
eff902030207fc02
070cf407f9f8fff8
ff0d00010c00fc0f
02f80c02fc010500
f60cfb040207fa00
f605f4fafb02ff01
faf40bf3fc06f708
fcfe0f0d07f9fffe
fc09020102f8f4f7
f9fdf9050f01fc06
0d0003eefcf0ee0e
f7f9fff90504f7f0
070dfaf900ff0d05
fff7f9f3fc0601f9
fcf9faf5f6fd0104
f70607f2fefbfbf0
f8f202f80e01fe00
f0f404f80607fffa
03f8fef2ff04f2f2
f900ff02f80305f6
f1f1f5f6fb08f6f9
0108fc00f70c0007
fb030efdfbfc05ff
f9f907fc06f5f6f4
fb00ff0b000003fe
f5f8f6f80205f606
04f6fc0b0007fef4
020e0e0500f901ff
f3f8fe0d0809f303
fd06fdf507fd0406
ff04080805fd110f
07fe03fcf20706f4
05f3f9f001fbf3f9
f50af802010afdf3
f40c0bfd0efdff07
f807fa03fb00f106
f50102f108fe0000
fafbf8ff0dfbf2f7
070801fbfc030608
0600ff00f7f70505
00040c0c0402f8f7
f301fef9f603fdfe
0af0f5f50604f306
000603fef2f906f5
0703fb020600ff09
f9fd04fafd01fa04
00ff00fc04fdfd04
01010206f50507f8
03070905fff6f407
f7f801f20709f8fe
fa00f4feff09fbf8
f4fe0803f1fa06f9
fc0601fff7f9fff5
07f30706fb0b0004
fd04f3fefa01040c
f4060200f3f802f5
030ff5fd07fbfa08
0506fcf9fbfefb02
fdf9090b04090203
01000a02fff6f8fc
f1f9f809f202fbfb
fd0a000407100304
f2090c0808ff0a05
0811f5f9f6fff202
05f6fafff0000304
f902f6f706fcf7f4
fffbf702000904fe
fff9020c0107fcf5
02fef1f70508f1f8
01ff09f5f9f8f5f1
f3ff0a01fa02090a
fbfd02fdf90d0707
f1f40c0600fd00fe
f1fb07f8f9fbfc00
fd0ff9feff0b06ff
ed0405f209030301
f4f507f30af301fe
f2fa08ff03f9f105
01fffcfef6ff0300
f905fc010af7f707
f3fff0ff04fefa05
06fbf9f70702fef5
fdfcf9fb0504f5f2
f1eff2fc04fc06ff
f3fc07f501ff05fe
01fd08fe08faf705
f3f4fc040301fa04
0001effefbfdf6fd
0702f8fbfeff0009
07fbf8f401fa05f8
0707fcfbfcf9f300
0cfa02070505fc05
05fc0100fe02f307
0afcfff3000903fa
06f90e03f60e03f8
fe08f3f2f802f8fb
0207f9fdfdf20700
f712fc0205fefc0f
ff0302f2f9fe0805
f01002fcf402f1f4
0dfe01020106f9f1
fef8f904fa06fbf6
f6fef3f203fc0803
ff0009fc0008f6f4
0105fdf90f0505f4
fef811fb05f301f8
fc02f5030bf6f1fb
07f4fb0009fb0e0b
ecf9fcf800fbfd05
fdfcfaf8f8f202f3
01fbfc02030001f1
f8f5030203010cf4
f801f3f80ef80efb
f7ff0906010d02fd
f6ef0308ff0cfdf2
06f508f5f3040106
fbfff508fd0902f1
00f000fe0301f0fd
0005f7fe05fdf201
f203060dfd0d0804
fd030808fdf70803
fafa02f903fefcf1
f7060cfd02fcfaf7
fafd02fefaf705fd
fffc02fbf808f904
d319fb0906f108f7
0e01080efad5fa01
08d8f605fefb0a06
ff06090407f7f7fe
1702fc12ff18f609
0305f100ff0fd9e9
0604f6fafff30314
fb01f1fafbf80af5
080f12ec1209fb02
fffd0d04020a0d13
0d0609f60513fa11
1a11031d0b02fcfc
202fff18061b1724
0405081118ef0507
102007161725080f
192a0d141605fbff
1af20ffd090dd8eb
03081404f719e109
fb10f6eaf4ebf70b
f2ef02e3ea1f0408
0d230c13fcfc0019
00f3070603f20e04
f5fd0d1dee0cfefa
011600fef00602f3
f83c051f07f70924
03f10201f9ef190d
081c1218fd14010b
ff10fd05f90602fd
f9b903ef05fff9fa
080009fcfe0dd9eb
06edf4eb0aff02f6
04f709fafa070106
202ff9ff03f8fd03
fdf8fd00feed1106
f71d041403f8f7fb
0a0df6020b04f502
eedcf707f80919f5
f6f8f4080206f3fc
0ce0f40afaf70413
141006fbf9010507
f60412ed07f902ed
fefc0c0104010503
18ef0f07010709f1
17001a1e1a14060f
0810130a06200421
12061b0604e70814
fefd16110f1d07fa
1b06010f0b150e17
fc06fa060316dbd4
061909f4f225181d
eb0c01fb03ca0809
dbe4f5d3e9090100
2130170f00f71127
f51510fb160b1f12
fc151722020e060c
0213f5f8ef1200f1
0e3cfd1a08021f30
fcf717f408f42621
f92e201afa08fc0f
f80ff90c0ef504f7
08f301f80afee6ee
f910f103f7fef801
070207f80dedf610
03e9fd0df6f9f901
0d220b0107f6010a
f8f8fa0911ecf8ff
070109020408fff8
01fa000b06040808
1ffa0604fd1bff02
fffefcf9fc1ce7f3
f7f900fafdf9fe15
0808fdf900f507f7
cb071de217f10af7
16f6fe20fd111e14
15f41502011007dc
f90f112e1819fe0f
0b0cfb06fb14dbfb
ff1f0508f4010e14
04080e06f5f80c15
f9f205e903fef50b
20030703fbf8f3e2
ed0008f5040c0d21
ee1d12f7fae80917
fefaf2c6fbeb0c09
f6092a0d0fef131c
0d02fd0f050bf7ed
07faf202fc0306f4
fe0304eff51611ff
211ff60a08051c28
fd130e080a04151e
09260723f404f804
f90b0a0506f6fd02
03ebfef30902d5f8
0f0bed09ed02f3f0
01f1f1fc02fd0804
01f9090d03fc060c
071d08080bf30efa
0ae1f3ff15dbecf8
0cf8f8fb0b0902ec
15030b121105090a
f3d10e0f08fffff8
1301f602f8e6e8d6
05f2def8fdedfcea
fee7ff0dfe090f10
00400dd512f6eddf
07060416d9f50aff
081205ef02f707fe
def311130c0ffc0e
212ce518f306280b
ec02f0e827031f11
fe232013f708f4fc
1719fae1f4e20000
02f6251223e911e0
24eaf523faf2ecfe
19ebf4f11fe80a0c
04fe12132612310f
d6e926fb17ddf7f5
13f6f21afd02e5ed
04daedfb0af21eee
f5fc14f5050e1615
130b0114f90e151b
06000d0c04f00114
060d0e19f9fbfe01
f903f80812f70503
e2ba13f70df5cffc
fe01fa07f2f7e6f3
04f5feec01f90605
01e80f0002021003
f71a0c0f09eb04f9
09f1ec19f8e8ebe9
14e6fffa110211ef
f8fd061109060906
dbe100f7fef6eae2
14e5e10fdee9e8db
04e5ecec15e61ce2
eeeffc0c1601150c
311d0f1308051431
0620ef12fd11ece3
1900fe0308d51507
f00805f30e0f1707
f0e8f40deedc2922
00f5faf715ccddf3
f5e5f5000b09ffdf
1f12f94813f30b0c
eedb1cf319fbdcd4
2bf1f529f4ece4fb
27e9e0db1bee33f6
ede418021c272129
e4e812fe05f7fe07
23f30a1df2f3fce8
f7e9ecf405fc18de
eaf911f60a22191a
0c1ef725fa17140b
0113f902fd010819
121e0a08f4130311
f8040f0013fc0505
05fb07fd0b04d9f1
0704ed0bf4fbffef
08faffe4fcfc0d0c
07e9160dfc120c13
e3fffc0108ea0ff7
04f3eb0501d7e0df
12ebf2fe080e0cf8
f90519141202090e
d7d3f8ff0beddfe3
11dfe305e9e6e4f3
07eae1e605ea08f1
edd70a0909ff0a0e
23fd05041410d7f1
2102e310f1fad3eb
1ee3e6e80fd21a10
e7de0eef0f1a0c0b
e9f1feec16f1e4e2
16edf821e5e9f7e4
18e1e9de0a1519ec
f8f31602081c130a
080df31b0911fae3
0704f00bf4f8eb0a
0af309ebf9eb140f
ede211e601090409
f4f2fbec1105ecf9
0e0f0d05f80908f9
fb0a01f3f8fb0e07
f7ec04faf711f80a
2733fb2704181c1f
010d00060e061727
02311c190317041c
030806ff0b03f7f3
280ff7fc0508eef9
000604f9f3fc0505
0202fcfb04f90213
00ee13fe080efefb
eafd06f805e9fcfb
03e9f3feefefe3eb
0adff8f40c0201f0
04f80bfffc060806
f0db07080c0ceaee
05f6dd05e1dcdede
f7dff9e30aef08f1
e6db0af60c00fb06
12e70bfafc15d8fc
fdf9f4f8d700ebe2
15e2f0edfee406f9
e0f004d5f904090c
120ef40609fdeb1b
03000302f4f902f8
06050c010607f70b
fdf60af3ff05fdf4
1832eb2801192114
f8fb04f102fe1413
f00e1a04f313f514
f911fadaf7f8f7f2
fbfe00ea0a00fe0e
0a07fdf5011c06fb
ecfd0112f3f6fcf6
f20100f6f3fdfff8
3226ef1efe1f241e
f80509050816162f
062c0b1ef01fef1f
fd120404fc03fbfe
1513f903fb0df6f6
fa10f8fe0601130f
fc0015f00b05fa19
08010904ff020b05
e21b0d0703f30bf8
0702effaffe5f9f1
00f9f7fd080e0905
ff0a080808000d02
08f0fa00fc04e9e2
0cefe40aeff2e4f5
0be7f4f109f5fa0c
efe8f5eff908fef6
fff50ae2190cc6ef
110eea0bdefffcf2
10e3f4edfbf305e8
ebdb0ef211130efe
132ed904e701fd0b
e11209df010c0907
ed0d0b10f30deb18
fff3ea02f1e5f5fa
1520ec24ee032a11
e70b0bde1dff0612
e00a0905f7fbdf0b
0213dffff3e803f5
efe914e702ee03f4
0cfa07150ffff8f1
f1fef605fff9ffde
0805fefffffa1806
3023f112f60d1d19
f40918f20cf8121f
09320617f111f512
0e18fbff0407eafe
d6c30dfff60bdbef
0012f70b10f7f5f0
09ce0bea0bf4fc1d
01fbfb0209fef801
fd01fc0602f904f5
01fef6fd06f6f90c
f8fef9f3fb0800f6
02fb0000fcfff7fc
f30005f70200fa0a
f9f60401f3f3f6f8
fef70204f9fbfb06
0efdf6040008fb08
02fd09080006f601
03f7f20af304f3f9
080503fbf6faf802
03f2f5f709020809
f10306fe03f702fb
ff01ff08fef4f1ff
05fbf6fcf207f5fd
f70508f301f00709
080c030904020301
06f602fb01f60f09
f5f805fe01fdfffc
0302f6f2fff3fb03
030408fb07f406f5
f9f60804f5010dfd
05fff701faf7fc03
f903fb0001fe0509
f5fb06f3fb020807
fdf2fff6f9f6f2f1
ff00f0faf7fcf9f6
0103fe00fdf90203
f90300f9fff3fbfa
00f7f3fef7f804ff
0604f2fdfdf6f601
fd00fcf7f406f2ff
f60507f9fe030305
01fcfb040301fc00
f7fafa06f1f7f601
f9f2fa04f4fef408
f6fdfb04fe00f702
0afbfe00f2070903
0506f5fb05faf903
f506fb01f3fa05fc
02fb0b00f0070605
f8f8f40ff4f1fc08
ff08f60504fb0502
f4fbfefaf6f50202
01f7f5f8f4f90205
fdfcf3f101fb04fb
fdfffa02fbf804f5
02fff404f901fcf4
040308fdfdfdfaf5
04faf5fbf30afaf9
0001f9080703f002
f70900f40305f4fe
f4f9f20804f20707
fdf0f2f2fcf1fa0c
fcfa01fdf307fdf3
030402f602fd0602
fd0405f806f80708
f6f8f90cf1050602
0c09fe00fbf901ff
fa07fafe07f8fe03
fff50201f505f8ff
04f9fbfefcfbf4f6
0003f9f606f806f7
09fd05fa0608fa02
f6000005f7f70c01
fbf002f704f80bf7
07faf503f10304fc
01f6f3030107f5f1
fa06f70d02f4f902
03000902f805fb0c
03090002f703faf2
f9f6fdff05f3f2fc
0bf7f1fd0400fe0a
f7070500fa0705f9
03f503f1f2fefd02
0bfb04f8f5f9f0fa
0b0af0fc0407000c
03fa0005f20a07f4
01070105f5f4f904
0901f4f0f3f4fb03
0907fffc08fe0bfd
fdf8f6faff010201
fcfbfe0308fcf4fb
faf8fcf3fe07fd05
fa0b0af7fcf30c07
fff7f7fa0bf7070e
fbf8f6f9fbfe05f9
03050103f800f8f6
02fdf8f408f4f508
f8fa0601fff2f7fe
fcfa05f8fc0401f4
06f7f50203f3fd0a
01090602f2fd090c
040400f909f9f8f4
f7f8f2f1f7fef5f5
0afcef04fdf7f5fc
f6060608fbfe0002
f6f2fb060cfdf9f9
03f8fd01f6fbfffd
f7f8f5f5fef8f2f7
00ff0703fb06f70a
feef00f3f4fafd10
f2fb00f200f1f8f8
0e01f3f4fdf80100
0406f300f10203f5
fd0bf2f9f5fb070e
07f9fe04f5f6fdf2
f90903f3fa02fa03
fef5f8f403f409fe
fc00f9ff0bf70c06
060cfff5fefff6f1
07fdf4f2f703f6f9
f40a0405fafe0a03
050400f600f9f9f9
0000fcf504f7fdf7
fe070001f2f6f0f0
f6fdf90906f30a03
03f7f1faf2fffd03
0f06f9fdf8fbfcfb
00fe0401fe00fc02
fd0c0807f3f8fef9
fcf70009f601010f
0cfe0805fcef01f8
0406fb040207ff06
02fa03fdfbf6fc01
f40303f9f7fafff6
01f706f302f2fafa
fbf606010600f703
f9060708f7f50208
f7f8f6f80a02fc05
02f402ff0700fb05
03f804f9fe01f9fb
06fafaf8fbfff8f7
02f509f1f2eff9fc
fdfdfffdfa0200f6
f6fbf1f805f4fdf5
fa070704f8060102
09f9f500f9f503fb
f9fdfcf305f60105
0900f0fafdfa0806
fefa0a0bfd050a02
fef5fe07fa02fefa
03f5fa0206f4fefe
f9fdfb02f704f601
060606fb03f1faf8
f2f9f30907f8040b
070bfef4f009f5f9
030505f40605fbf8
0405f1f7f8f30209
07fffbf5f90604f9
10f5faf7f30bf8f8
fcf609080a09f607
0902fe04f2f70703
f80af60bfbf3fb0b
faf807f0020402f8
fdfcf2fffe07f7fd
04fcf2fbfcf8f7fd
f7f3fa0104f40100
ff0403f902f506fa
08f307f7f9f6f5f0
00f4f6f9f6f601fe
f2040205f5f20203
0203fbfe03fdf4f4
06040601010403f9
0b07fbf905f30bfa
fff504fb00f109fa
0bf602fa02000806
0ffcf5fef3fff8f5
f5020006f8fe0909
f9fbf2f4eff80104
fd080202f7f5f5ff
0506f8fcf3f6fb02
fe06f4f9f7ff0b06
fffcf3fafef405fe
fbfa00fff9fcf6f7
fefa03f4f70102f3
000cf1060808f5f9
00040300000a0200
02fff201fdf4fbf2
0cf7fbf5fe05f106
0bfef1fff7f5f8f4
07ff00f904effbfb
030901f2060cf6f7
06fef2fb08fb08fe
04f604f3f8f7faf4
0503fb08ef010702
04fcf7f1fbf9fa05
fd04f8050007f4f6
fbfdfd03f90606fe
f304ffff06f3f608
fd01fc01f2eff1f9
f8f4f6f1fef4fcf3
09f500f2fe07010b
0004f303f4fbfdf7
fafc03fcf6f802ff
f407fd01f607fc01
04070808f604fcff
f4f504f206ff0003
07fefa05f604f6f8
0a06fafafa02fe03
fdfdfd0afefbf607
fdf8fa0106f8ff04
0c06f802f9f70004
f9fdf90208f1fdf5
00fa0406f7ef04f6
08fe0702f7f5fa0e
fbfdf4f607030100
fe0506f3fe00f4f5
fef7f9f1090003f9
06f1fdf7fefb0607
030506f700f6fcfc
fe0307f50703fef5
f80105fb06f3f705
f8f2f206fafd09f8
ff0b08fc02fd0cfd
0208f70408fdf3f5
fb02fc07000804f6
0904fd03f0080b04
fafbf1f8f6f40b07
06effbf9fe00f6f8
0cfdfff6fc05fef9
f404f1f703fafcfa
fe02fa0307fa05f2
f5f4fbf902ff09f8
f600f5faf4f80803
f60307ff09ef09f9
0401fef006030700
f908f9fcfdf5fefe
08f7080af7f4f4fd
fbf8f4030a0209f5
060604f10903fc04
fcff05f3f80805f7
060b05f801f9f806
fdf9f6f802f20bfc
0c09fcfbff05fef9
fafe0308fbf2f6ff
ff03fe0902f40806
fdf104f8f7f20e01
fceffbf7fe02fa04
0afaf2f6fe04f8f3
fc0a0cf3fafd08fa
f6f106f2fff7fbfc
09fefaf803f5ffff
fb03fa04f2fefff6
f806f6f908f3fdfe
01f903ff05f7090b
fe03f3fdfaf609fa
04f4fd010bfff203
0cf405f108f7f6f8
0103f801f9f601f8
0608fcf6f7f0f304
f90304fc01f5f8f3
0000f909f905f50b
f9fc01fdf4080307
0507fe0502fafcfe
fbfff9ff0207fbf5
f8fcfa0605fa0701
06fdfc0b0805fdf6
f8f9f5f3f3f3f6f5
f8f6f1000500f1fa
fb0af409fa08faf7
faf7fdf50d0d0dfc
f5070c0cf1f200f2
0b0d090205fe00f6
07f50cfafaf4fd05
000c02f8faf9fefc
03f2fcf2ff05f4fd
f702f600f4f106f4
0cfbfa01fc07f806
f2f9f8010303fef8
fafd000a0705feff
fbf80301f60308f8
0f0705f503fdfb0a
f9fffdff0906fbfa
f506040ff4f8fff5
fafdf40406fffef5
00fc00fa0001faf8
0308fc0409010701
0afb0cf60404f9f9
0004080afc00fdf4
0909f1f1f4060cf7
04f106030802f9f7
f903fffcfaf1f9f6
0305ff04f8f60301
06f504fcf8020b03
fffb000103090cfe
07080500f2030002
0afdf8f706fdf3ff
06f700f5fe050401
02fbf206f20d0806
05f1f10704f105f6
f800fd02f6f702fe
05060bf604fb09fb
f9f3040a06fbf9fd
fa03fe00f2f4fe03
fa08f70706f3f406
fefb09f9f1f20504
f805f9fbf90600fc
f4fbfb02f6ff08fc
f8fffc08fa08f400
0af90300fafffd06
00010af7fc050607
f4f8f6ff04f7f9fc
0005f9f1f706f9f8
01f7fb0208fa08f6
fefc08f80c05fa07
f60b0100080104fc
03f9f9ff06fafaf2
fdf807f907020afb
07fafd0309fdf7fa
f5f607f9fe01fbff
0101040cfbfd0408
030afb02f7070603
f9010a09f5f8fff4
040b03f2fb04f602
f60bf5f5fcf8f1f7
03fdf9fdf5060706
fe04f9fd04010a06
0cfffefafb0103fd
ff050600faff0505
0af9f908f803fdfc
03f3f40806f6f5f7
0900f907f200fbfc
f6f50604000707fc
fa0cf60a050108fd
08fc0501f409fc03
f101f7f304f4fc02
00f8f801f6f3fb01
02fdf5fefa06ff06
f1f10105f5080803
f7f7fdf9f3fe080d
000201fff405fcf4
000500f801fffe01
08f5f9fa0c0c08fa
f20504fefb02fd0e
0a08fb070609f700
03090504fcfaff03
f9fef203fbf8fc05
f904060800fdfefa
0507f1fef2010405
04f6fc03060e08f9
02050506f4fb09fa
fa0004f501fc0400
0b070408fa0705f1
f80b04f9f40009fe
fb0bfb040602fb09
08f7f502f907f2fa
faf40505f5f20ff7
f7fc0400fe05f504
f4fa06fe0500fffb
0301fcf7f802f205
fe0302faf8fffffa
fff6f70508f8f7f7
fc00fb0505f80104
070307040301fb08
0af601f2fcf4fdfd
fc0b080306f1060a
03f50700f2f70005
070005f6fdf7fe08
fe09f1fdff0807f2
0507fb08f50bf6f7
0309f5080bf803f9
f5f80008fb000bfc
03fcf605fc020404
fd0cfcfb0903f604
02f7070bfef209f2
f604fe0cff02f606
fefafbf3f3f1fdf1
f8f50801000606f8
00fa05090104fdf8
fbf90201fbf6fefc
fc0b020400f2f3ff
fdf508fef907f508
0afbfdf9f501ff02
0502f3fe02fffa09
000ef205f8f4f4fb
fdf9f9f808faffff
070e020d0205f7f5
f8fb00f2fbf20001
000308fe0003fc09
04010001ff04f9f5
0bf4fc0afa09080b
06fdf408fff3fff1
00f202060dfdfe07
0cf4fd08fa00f600
0e06f6ff0201f8f5
0002fe03f2f5faf3
f6f1fafcfe06ff08
09f50afcf902f8fd
faf5f4fffaf8fafb
060afa0700f605fc
0a08fff707f900fb
fdfbfd04f6f90602
0d080b0afb0606fa
01f9fdf907f4fc03
f6f30908f307fb0f
0509f9f4fd040103
0e080108f3fdfbfd
f9f9fc00fffef6fc
08f6fd0803fcf7fc
0a000007f8040af5
f90cf702f80704f6
02f8fc07fb07fff3
f9fef9f1fc080808
fcf707f9f2f700f8
fb06f6f804f80202
0efc00fdfe0ef703
07f9030608fe01f5
f5f703ff02faf6ff
0dfe06faf700fc05
0dfbf900fd0704f8
fdfefd08f9f7000e
fbf803fa04f80af7
fe00f404fff8030c
0bfc09faf7ff0a00
f5fe04f20ff80209
0bf7fc04fb07f6fa
0e0201f108fbf8fe
09f4fffdf1fe09fe
f3030600f206f300
fafb0404fe0808ff
ff00fefaf4fdfe03
080a05f6f506f400
f9f8f205f2fd0007
0206f3ffff0106fc
00f207fa070c0c03
040bfbfef4060801
05fff2f8fafa080c
06fff201f4fbfdfd
fcf8ff0001fe0b08
fafbfff20205f4f8
00fc02f4fb04fdf4
f8f5fdfaf204fd07
f904fe01060b0a01
04f7f2fc02fe0301
010801fb0901f704
fef6fb030608fafc
fe0507f6f102f5fe
0402f402fefb04f1
f7f4f6f9fef6f103
01f5f903fbf706f5
f6fe00fef300f903
fefb02f800060309
fefa0b09f807f50d
090cf8fdf200040b
fd01f4050104f9fe
fefd00fff30802f3
f904f80001f501fe
fa0a01f9fafafb04
f80403fdf300080b
fc03000204f4fff1
f8f2fbfc01fdf201
0a0b0609f2f403f9
f80801fcfc0cfffa
03fcf1f5f4fa01f3
060e05f2f903fd03
0307f907f10808f5
0800010204f1fffe
f6fc08050505f6fe
05fe0df60204f6f8
fef8fb0109fe07fb
0500070707fcf603
fc060307f4fdf7fe
020c02f2f6fe03f8
07fbf8f906040904
f8fcf8ff030e04f5
f609fafd02f7fefb
0507f9f30205f304
0afdf2fafa08f9f4
0f030cfb02fcfdf2
fb0205f70105ff05
fbfbf2fdfcf50002
fd04fbf508f2f50a
ff05040206fffbff
08f9ff0706000706
faf1fffffdfc01f8
00fffb02010106f8
f1090807f803fbfe
0dfd0005f500fefb
01fff1fbf105fc02
02fe0405fc05f7fd
0902f5fa050ef70c
f30cf80707fcf4fa
fff60001f701fb01
f40af804f60406ff
07f30bf600020900
030afaf7fdfa01fb
0a05050605f1ff03
fd0306070207fa04
fdf60b00f8fe0003
fff7f6040201010b
010df6f9fdfffef7
0c00f5f5ff06fef9
fb0301f507fb0100
04fff5f107f3f207
f3ff01fb020407f5
fafdfefc0208f6f4
05f2fcf7fa05f408
040e05070402f2fe
000104f60800f2f7
0509f8fef9f904f7
01f20afff8f5f601
0a010808fdf8ffff
0efbf9fe02030200
f801040408f4f7fd
f9f90bff05ff09f8
f2fafdf1faf8f7f9
03fdfef3fcf8fef2
0b0902f7fb02fc02
0604fc0804fcfbfd
0bf607f6fef6f408
04f7f8f204f105f6
0102040400090105
fcfd140503160502
f9fe020afc030304
0efe0005fdf9fe06
dfc5fcfbfdf0e0d3
f6eff009fae7faee
fbe1e1e9faf801f5
0902f5f502f60709
d1cd08fc02d1efd5
15eaef1becd3d0e0
12dfd3e50ff211ed
ede906ff24061208
f8ce14e011f0e6e9
1305fb0ff8dad0d6
14e8edef10e409d3
fdf413f31b052610
e3f404e408fbe1d7
1af30100f0ebeef9
0deaecec0ff507f8
e3ef04f30f0c0c0a
f7ecffed0f03dee4
0bf3ff12ed05030c
f5eff6ef09e507f7
eaf80feeff15fbff
f4fdef1105ff0407
05fc05f502fc000a
fc0cfa090109f1fe
e90401ff0af501ee
0efaf9fc010b0e0c
0500f807fdfd0b12
0609060b0a03f8fe
09fffe03fcfaf5fe
fc0f0df8f6070b00
08131a05000d03f6
0000f7060104ff09
05f4fff7fb07fd01
edec050406fee9df
f9faf1fcfceffc05
ff01f6f2fc0c0405
f3f9fbecfdf10208
e8ecfef608def0d2
0bdff8f8e8e5ebe7
00e3e7e6fb0107f0
eef415010a090507
f300fdd60d1fcbd4
0f38f60ae61301ed
fcf7ffe0fdf9faea
e7f217dcf4100614
1744e50df0111002
e90d13ec09162428
e1223119e510f216
fb0deeccd7f5e9ea
030b07fd0702f0f7
020808fcfa101907
0f060b0af7070004
f4000d03f400eef2
f20b070dfd02fb00
001405fc0103fc04
0906fb0ffd02f3f1
f810fffc02000305
040401f805f90703
03010e0518f809ff
feff090bff11fa09
1010fcfaf70af8f7
0c1105f7ff0104f8
fa150802fa130cf9
fc0d0201f4f70613
01fcfafb0704f80b
2a13f60e02212005
01070dfb1cff030d
02120615f205050a
090dfe0b03fa04f3
09060903f4f71406
f7f40bfd06fc0901
f90e0807071ffd00
fc17050bf0fbeff3
1e0502e9ee19eb06
fd4013eef61d0f0c
0022140ce3f8ec07
f507eae2f5ededec
2b23e709dffa1232
dc0212e01f0b1d11
d91a131fde0cd208
1129e5eed3e1dedd
0e05f7fdfbf80902
efec06f4f603130d
f30f0503fe05ea05
f80cf70b06f002eb
f00d010901eb090c
fbfafffd0417fdfd
ff0a04f4fb00f4f7
02f603f800f4fafa
08010cfcfaf9fa01
0cf8fd080dfc0203
0bebfc04fa120806
fefb0d090d06fbf6
1a0d0408f90dfcfe
0a0708f705080ffb
0d00050107fb070e
04fb080c04fefd0b
04120909ff0e280d
fffe13f20fef0403
0906f9140a180613
121a00170cf9fdf4
c3bf17e1fed0f6e1
06d2ec11ffd2ccea
17d5d7dffe0405ce
01e9051b0efc1102
f1f402d206fbd0ed
061a05fdf604f9ea
ed0de9f0fde7eaf7
eee1e7c9e9f3fb0b
0605e900ddfbfd04
e4f704d20bf5fafe
ebfffd0cd8f9d706
0c07ecf7ebdbdde7
f007f5f5fdf9f3ee
f8e2f6f009f40904
060207fff904fafe
fc02f7eef7f411fb
f0f7f70903f0faf3
0aeff308f30df8ff
fcf5ecf705000af2
f9f805fe06ff07ff
ebf90e02fffafcf6
10f8f60111f9f1f2
08e903fb03100dfc
11f8fc04070d03fe
0d1bfbff050ff905
0a16050af90b0df0
fdfdf7fb0e070609
08fef4fdfbfefd08
04fafd180b190b14
f90d080b1609fd04
0707090705190001
07110015ff0e0ffe
121f02120700f8f6
04fd090bf901190f
fa050a0601110617
ea0301ec060cf6fc
06ffe1ecf8f5faf1
e91001ddfb160e07
eff9f6f6e5f1faf4
fefcf8f3ec00efec
160edc05e3020c0c
dbfb07d90b060716
ed0d0708e5fedf01
0806eff1dfe4e1d5
fd0701f703f40af2
02dcfdef01eefd12
11fffc0def09fcf8
f1f9f4fe01fbeaf7
ef0d010af4fef7fc
0ae7fc09000afa0c
fb09f3fdfaf807f8
01f70d010300fc06
fa080d08060103fc
0e06050d0001f0f5
ffe9fcf1f5150a01
000308fffb0b05f5
0117080a03f5f9f5
01030e0d0af6ffee
1003f5090afe060c
0a06fb0af8050c04
f8fef0fc0d24e3f9
fe231607ff1900ec
09030a1408f9f605
e907feff08fa090b
3d3fd71bf31a2914
dd2920ee192f291d
e430281df31aee21
0e21e6d7ddedeef3
170fecffdc050601
da031be6031e1223
f4181216dc11dd1c
1512f012d4d8d9dd
1405e50fe7070e10
dd0e07e11512fb0a
f9180efef1fce21c
130ae801dbd6d9dd
0f0ff0fbf7fb0503
f9f505f4fb00f91d
fd18020febf9ef0a
0305ffffeef4f6f7
0725f80cf8f80a15
feed180006f81019
fb1d1a12f601060b
0a120a03fb05f0f6
fcfd06fd0a10020c
f8060c03090802f3
feef0c080403fd01
05040c09020a0404
0d130900060ff702
0c081308fa08f705
04050efff309f409
f3f7f503f6050803
f2f60600fb0df20a
ff0828f600151913
fc101119fa19f402
0709f1f6fb08faf6
1707fb0de2040d31
df191bf3121a1506
e3210a21f003f103
0a08dce1e0eff5e9
1526fb07edfb1019
e1ef03ee1aff1412
eb1a090beb0ae81c
ff17edf5dfd8e5e7
1700010ee9061dfc
e2f904e611090114
f8090f00fb08e211
f70bf6f9f9f9e3eb
1819f812010b1514
ee0d00eb06110d12
061b0e0ff105e71b
fbfcf2f3e606f1e8
0d1d0416f5031725
f50c0806070b170d
01160b0bfa170013
0f03f80e0707f4ed
02100bf80a03010c
02f80b0a110f0601
fbf11308080e0516
0e0dfffc04080408
0206fff8060df4f0
fa020805f80e0a0b
0bf20400ff03fbff
0706f90701fd090b
e0edf80b010be90a
f2011efa17fb1a05
fa06011af615fb07
04fafb00f6f302f1
fcfd03f9ff0ef3f5
e81200f9fe08f901
e1fcf20ef3f2fa0b
f1ffefdce5efeeed
0dfafb09f3041c08
f6070fef0e0d0d09
fe16070debf7ef08
1b1af30106e8f3f3
0306f307fa090a15
fb0f05fd09fe0e13
e90905fff90cea02
020aeff5f3ebfdf1
141cfe0afb0e0b19
f40e10ed00070a09
080e0bfffa0beb01
060df1fa00fceef5
1518120402fd1814
fbfd090510f90509
071c0a06fa020500
fb16060cfa0afcf9
f7ef0308fe0d0400
02f709010d030a03
05fefb07f50ffbfc
050afc0c04f70a0a
0a0d00f40514eff3
0508fffaf30d03fa
f31d06f2fcf3ef06
faf7ebeef4ed02fa
f90cf313f404090f
f80301fc0501191b
f9070f0101f1fd01
0a0cf902f6f5ecfa
0df7f50a08fe0c06
f6f7fff607fefd07
fb030805fc030afd
030804ff10020802
02e4f8f0f6f5effc
050af8ff02faeeee
07f607f400f7f8f1
f2f806f3fc02f1fb
fdeef505f8f5f6f7
0afbedfff1ecf9fc
02effbf7020002fb
fff2fa030602fffa
f5fcf801fef6f1f8
07f4e805fcf8f705
fef10c06f3fcf500
04fbf5fbf9ee0309
e1f3fef5fbf2f0ef
04f9f5f3fbfefdf1
04e1f701fde701f1
f0f207ee0a06060e
ebec00050406f305
0605f9f8f101f6f0
f9fff8030902fffd
f6f503f0f6f70702
0401f607f40ff5f0
0500f4f3fe04f70a
08fc0decf8fb011d
f305f9f9fa06fcfe
f1ed040702f21106
0eddf3ff00ecf30f
11e8f4f804130c0b
06f30301f8fe070b
ded610eb06f0ec04
0201f505e2e9ddf0
08e6e8e80607fcea
fbf0fc0305000e04
e4d8ebef0011d1ee
0c09fef1ecede9e8
f8eeeaeff40205f1
e8e9f1dcfd03f809
0211ebfbfef8fafe
fafdfe0004fcfdf9
01fd0a0102050219
05fb00f8fffdf209
05fd08f8f6ea0a1b
01f7f80404fbfd01
0f0d0803020310fc
11fbf2070af701f8
01f60af90108f903
f606fbf6e8010a09
ff07fdebf7fcf6ff
fefe08f9f002fcfc
0f0f0202001814fe
06f3fc0704fdfef8
050e0f0a0813fe0b
00f9090200030bf6
312cd7f7f121e20b
e0fc0dedfb1e341e
e1282b1cf208ee19
f9f6f2e6edf4f2f0
2c2ce415e9090e17
e8f02de405153220
f314230cf230f718
190bf8fbe3f5d8ef
020de2eff016ede4
eeff15eaeb201b16
f2fa0ff1ec070313
f6e9f5f4f1fae1f7
f6f8f60ff0f402e6
eff6ffd900021613
ec0b1016f9fdf007
f505f3eae0f1efed
ecf4130dfcf60f0a
05fffc190ef102f3
fe04fafcfc0af400
1215f50811f602f5
ebdb0dea01fbf3f9
11f1f811fee7fdfe
13ec01f205131603
fa05161712191017
eff70300f308e6f3
001601f2eb19110c
f6fd110705fcf7f9
f8f504dd02f607fc
230af608fc2d0f0b
e90c0ff911042a1e
ea320c1ce717f30c
0511ff0be9f9eef8
f805e9e8f608e60d
e014fedd1209fd0d
e2110418f1fce4fb
fdffe9e1f7daf3ea
0501e4e9f0fbee02
dbfe15d5f81e151c
ee200c06f40fda06
0dffe408dfdce3ee
171ad9f1e427ef13
d62816e0fa202518
da312326e50be11d
0b13dad3dadce7de
0e1fed1d00023315
e6f704e227f9101f
f52d2316eb19eb12
1c2efe34eff7dade
eacf09e50be6f6de
f7f5f311fefbf704
03eafce9ff050dea
edf001050d080600
05f5f6e6f803dfed
001afbedec0c0808
ee0c0108edfef0f6
f9ecf3edee03f5f6
0e06dc0af31b0fff
f81af8dbf9212516
fd281706ec01e40f
f8f9f0ecfaf2e9f0
0ef9f20ff7090512
f20f1bf817081815
fb2f0e13fa0aff19
12110016f602f0ec
07f1f0e2fc1ce3f5
e90408edf919001d
f714f9fff9f9ef0f
fbf4e6e6fdf9ebed
fcf9e6f7f9fdfe0d
eb0118f211222317
fa130518ea0ae31a
160cf0ecefe6f0ef
0ff8f8ecef15fe1b
e80911ed0b170f1d
f11f0f0ee0fcdf11
0e09ecd3e4f6f4e7
0321eb11fc02120e
d0e306d80a0a0c13
f5190a19e520da16
1827f81bedebd2e5
00ecf7e5fdf5ebd7
dfeffaf300030800
040ffdf3f1fffc06
06ff0fe7f8f9d9f3
fff8fef2f803e4f5
ec140bf3fa170108
e6090f11e9fbf20b
faf6f4eaf0ebf0eb
1813f519f11a1a12
ed0f0cf305111524
ec2e0812e907e223
011aeef6edf5ede6
ecf9050d00ed10fd
f4fb11f81f05190f
f420111800120105
111d070a06fcfbf6
f7fcf1ecfb0be600
ef1a0cea04171e15
f3141011f400ee03
10fff8ebebf9f5f7
0106f6fff8131712
e0ea20e511001b23
ed11101cf81ee50e
211efb12f6fae8ee
fee210e2f306ef0e
e60c1af2f60d1315
fdfe0510fa00fa0f
1205e1eef0fc04f4
2927f719dc331d29
bb1917dc141d1a29
e92d2325e21dd91b
1529d2ebe1cedbce
123009f6fe062a17
ef050feb0d1a221c
fc14261bed1de60f
2212f61eedf1e8e8
0801f103f7fbfb19
f313f5f001fbf012
fd10fe00f9fdfb0f
1101ebfff2f8f8f5
0f07f604fe0f161b
0316fcff1a1a0716
f70a0d17f6ffe908
0a0cf4e501eeed03
ecfc041803f90e0c
fef4050524f60c09
f315fa11000e0704
1112f910f50908f2
e5ddfff4030deef5
ee1519f4ff170302
0605f70cf6f0f50a
fefbfcf3feebfff8
02f2f30b02f70a00
f40005021900150f
030dff1bf507fbfc
1d10f50af7eefbee
f4e20708f704faf5
09f80a050408ff09
08fcf9f90af40bfc
05f90b0403fefd0a
14050423fafd1121
f1150e071aebf8f5
060402090201fbfc
0f1006e7f4ec0707
f3fc040408fa080d
04030c0b07f9e3f0
07f8faf20ff808ef
0705081e09fa0611
f2f4fbfcf5e6e7f7
12f5fefd08f1f1f3
08f2fcfc05fb05fb
05fdf4000704080f
0506ea01fbf90efc
fb02fef6fef4fffe
fb0b060301e7f204
ff01f4daf4fbef05
f5f5f21604ec0502
fae6030710ef010b
02fbf805fd0ff5f0
010ef9fcfe0303ff
1205e9f7fd11def0
f91d0bebf9161015
fc200cf3effafb0a
e4fcfcfcf1f8e8ff
1b15e817ee151d1b
fc0803e812071025
e81a1214ef22eb1a
1017fdf8fdf1e7f1
0d0501120a081c0b
fbfc0af2f6f6f800
ff0c16fdf712050a
030c0308030df1f7
f9f40806fc00e4e7
12faed0ffef1fdec
03e50cf103091702
f9ec0efe040b0408
f1f303f10dfed6f3
0ef8f0f8e7f9f701
01e8f6f8fcee05f8
dfe907f90301040d
fcf30405fafcf409
0502faf2f3f6f6ed
f301fd03effdfaf7
f5f40101f6f4eb09
faf6eb0df3130016
fb11f1ef050d0e12
e906fef3effcef08
f405f1f3fdf7f802
0afcfe02050012f5
f9ec08ec0d030a18
00190d120405f808
0404ff02f2f6fbf6
f20bff0100f3fdf8
0e040b01fdf804f1
0eeb06f9040f0aff
130a100a0dfe0407
0414111006120a1a
fb02f4fd05fae4ef
fff9010609fbfb07
070cfefc06f70e01
f8db1feb08e7e8f0
0ae9fc0efbf6f2e3
1ce2e2e917111aea
0cff1001140d1000
faeb260923faf9f1
16ea0420e7e1e6f7
1ae4efe119fc22f5
05f12111270b191d
ffdf16f50afde4fd
fd1be808f1eecfe0
0be9ecf308de0f01
efdf10c7fe02100e
0e1805fcf9fef5f4
fc060d0001020800
fc07090606ee050a
0807fcfefd05f6f5
061107fef9051222
0102130413fa00f6
fc16050f010d0f01
07150413fd04fe07
fffe06f5070006f4
0d00090efa0afdff
01f904ed040b060a
fc010b07ff090f07
f21c120104f00efd
fdf90d0e04ecf003
fef10a0705fc08ed
04070b06fe060c0f
00f311eb050bf602
1600f30e010aeadd
12eef1f109010d01
0e0807f80b080c07
d2d503eb0303e8f6
0fe900fdf2fe03dd
0ce1edeb070dffee
0eff1d041b1b0b06
01f9f62120eff7ea
1dd50008fee6f5ea
26dff8f911ff190d
02e91830120c1716
eade28ff0ff4d900
160eef1fe1f7cee7
04dbe8e515d022fa
e0db0eee1a0f3222
0f0d000f09f205f4
fef8fa09f6ffeef6
06fa05fb0aed07f9
ea0e0af3fb030709
fc11fd07070f081c
fa080d0308f00405
f7f80b0b0a19f605
02060a1102000901
e70109ed0801edf2
0b0405fffdf901f2
fa0104f10903ff07
0d0b0604fa0f0d0c
14140b0d00f90ffb
0feb0a0ff9e5fe06
fe1204f70015ffff
09020108fd0c0bfc
f2f0f8d20b14ddda
041ff60ad601ebf3
12de00e3000a1104
dce815f5fc110e06
e1f5110203f8f6fd
faed0d0bfa0e0aec
06e700fafc210003
fc0306060f0d00fd
0308061c07fc04ef
12e3f10bf8daf5fe
0fddf6e710150602
fbec20130e0c1101
020821f52cf6f2f3
3a06ee27eeebe7f3
23dbf6dc17f9220c
f3e919e62730302a
ff0ef917f413fd03
0e1ef20808ffedf1
fff30cee06fd1218
ff02fd010506071e
ed090d080dfc1f2c
0307081805f7f4f6
14e8f808050d08fc
0a05fd12150b1205
fbf504f8fef6f308
ff0bef0203f4eff2
13f603edfdf406fd
14fe1009090810ff
14fc05fc0b0c0908
0c0b0b0dfa040a0f
f90a01ff020b02f8
0b0ffe0604040d05
0007f3020805e2ef
090b03f1f4040ffb
03181201030b0bfc
f2f8ff06fcf9fa07
ff0ddb00f60cee1c
e70f14f2f5011607
e50014fff511e70b
f406f808e5ec0200
181f0a25f9121d18
fdeffcfbf8132126
0a0a21fd0d090c1a
05ff0e180a0cf5f4
080b100710161e0e
280e06190e06fafe
16f90a0b0500290d
01061af72525100f
101614230112142e
110f080f03ff0c06
0af800020c04170d
0e1110141b001101
d0e7070908f21c1d
0b0700110de1e6f0
06de0005151f15f7
16fc0f19050a0a14
d5b1f9eaf806d7fd
0d0ff602ddf5ccda
01e9dae10bed05e5
f4ef05f3070a0217
0e0beffffc06fe05
fa120905020f0ffc
fd0c12fc0103fb0d
05fcfffcf60bf408
160ef506f1170302
071807f3fa1f1b05
032c0f130610f213
ea0401f7fcf404f5
0f01fcfff107191e
fa1406ec110211fb
ed110026f404fd07
0e12f11805faf8f6
0c0bfffc0cfc080b
11040fff050b0711
e3230c07f60fee06
03120301f70eeb01
0c2709020f150017
0d0c0c0508151512
0a0d0d1a0a00faff
f2140ffe0a18f106
1225f51510ff2100
0efa070817f80706
13090c0a111b0e06
0c130f1a1bfc021a
cddcfbfe0def00f8
1607f70efddfdced
0dd1e7f4140906f8
fce91610080e120d
c8c405e8fbf1d1e9
0d11f612ee03d3d5
09e4e7de0de508e8
e3d9040003050214
17fbf2f0fa13f0f4
03260cfc07121b1d
f121120cfdfcf20e
ff08faf603f90602
131bef1800132206
f1021ae923211810
f8200d29f907ee1c
101fffffebf6f903
02f3020e03fcfdee
07eff30108f8fd03
080b03f7fb0b02f7
0c000d1e0dfcf80b
0e07fb01f708e8fc
021cfe0702fdf400
f3fb02f70bed0c09
f401e6e804f31e03
1118f8ff01071725
141a18091bfb1115
0a07121803070d0b
0e0ff2f103e7f800
fdfefc0a06fd10f3
1106f6010103f004
ff0113fc09ff1202
fafb050f1101f9fc
cdbf04ddfae7f0d6
13ffea06f1e0d8d2
0ccadbe30c000df4
f1f00e140210180c
eadfffe40201d9e7
1410f50ae906d6e7
00dce1ed12fa10ef
e8effefb00111315
3022fe0d0329020d
f91027f4132b1824
09232110f6f9f824
1802f9fefefb0302
242a04220031271d
ef181cf21d271616
ee2b2020fb1c012d
191afdf501020bf4
2620060cfe0c1113
05e800fd0b031a13
071e080804230a1d
1d2211170405ff00
f4fbf4fef7ff01f4
14f50101f8f30df0
fa0301edfe0dfc01
fded04f703111200
f7fcfaf20403dbf8
0f03f8f5e5020901
f9fd03020200f90f
02f51004f8f4faf5
fb04050602f707f1
01fef2fb05f203ee
fcfe02f3fd0c0c12
f6fe0d050bfefcf6
e6def4f50806eee8
0909e9fee3eaeedb
f9e4f0db04fa01f0
f1de02030402050e
0710fefa0919f1fe
001307f1f101fbfe
0e0405f4fffd0c15
f4000d0404010009
f8fb0a0701fd0c11
0e0f100f0e010a04
02f800110700f6f5
09ff0107fe0110fe
1c1ef90f09171b0c
021511051d04050e
f700050c06faf816
170a02fd0104100e
1618fd08f70f0b14
fc020c0312051a0c
010b130bf311fe06
0a06f908fefdf505
17131008f60d1311
030e090f04ff13f9
140c1616f4100c0b
0a0cf80ff5fdfb09
fbfc18f11402f605
0804f80d02fdf706
07fbfc0513f613fe
f3fa0f0b0c0f0a16
fa04080609060bea
09ee02ff00f0f30f
1205010507feff0c
ff0801010705fef8
dae600ed04f2ede3
0607020ceff5e1e8
0bd8ecf60f0409f4
ebeb0d0410030900
ebeb0cec0dfeff02
fc0d0302ff05f4f6
0aebfff4f90000f4
f7f00cf40afa0802
0a0afd04151a0406
061e1f1010170af9
061af9fa09fd09f1
0005070a0e120200
4c38f01cff30ff2d
f40c1ef11c31141a
f52b1f2f0324fd2e
0534f6f7f705fc0a
fb0df7d904edf6f4
f8f311fc0b1f2524
f3211a11fb17fefd
f70ef4f1f8fdf4ea
1923e501f5ff15f5
02faf9f409101d17
ee181a080600000d
f015e0d5fff4fa10
f3d816f921dffce4
21d0021c04dfe6f6
17efe8f8121c22ec
08fb1f3f2d1e090c
05ca09f00709e6f9
fa18000ae8fce4e6
fbece1f006e6fffc
f1e1e9fdf6fa0eff
392c03230d290503
08f805020c190929
0037141107180a34
012007fa0af3edfe
11dd0e0d11061006
0711fa031ffcf702
06f7fe01031d0a15
0e0b070804030dfb
06e107f810040500
0b210b07020ef6f8
1af804ed00fb0601
fa0505070311120c
1d130922fb192222
f11d2df938290120
f0050223000f071a
1c12ffedf5f71106
fe1011e008f0ed0d
07f11d0412020d1a
ff20141a09000df1
1d11f2f5fbf91205
1f27e209f01606f7
e91815e70306151e
d8212201f7efec0d
0915efd1efe1fa00
c8d70fe209dafbde
03bd0a12f9e1fff6
14eff5ef0c131ee9
17f61e341e1aff05
e6e200e40813dbe1
f926f70be003d7d9
0dcce7e806f10b04
efdd01fe0909130d
1e2ef42a081c190f
f31011fd2113102e
fb31101c0319001f
070f080711fafe00
d5db12f801ef0502
0d090c1d1900ece9
1dd5f9e0080f1808
29041411060a00fb
e4e807fc05fb05ff
151bfd04f9f4e8dd
12ecf2ec12020be6
fb01010a03000215
fee8f619f81e0f29
fa1e15f90718e9fa
f9f0ec080c13fa05
1e19ef0108fe0bff
f61012e5090b221b
fdfa1f050b0e280e
00120a210310fc01
1e14070bfc08f30f
3122ef09e7320b08
fb2519fa032e191d
e9301a150103ea0e
1408f0e0e7f2fb0a
ece2f3e6f9edf8f4
fed6f8faf3fa11fe
08fc0304081ffce6
0f0f2b211e0ef6fb
fa0afbf61708eee7
f416fdf7081a0af4
07f8f50bfafc08f9
faff0a08f60c0c03
33380123fa15151f
f61419ee23061631
052a191cf70d0234
0414fa13f9f3ee02
d6d018f518ed18f7
0af40e170c05ec01
1ee9fbf00e131502
14f80c12120d0c0a
eafa03031101f8fc
0cfe0911f9e6fbf2
1ce2f6e3050515ff
f7f8090017110908
feecfd150b230200
fd1a1206f512f8fe
f7f1fd030708f10d
f808fcfaf0fd000b
dcd613f1100f01f0
f7f517f70d140214
01fdfd07070f0006
1afc15290d00e703
f2eef3f9ed07f9f0
f10dfae2050a07fb
ecfb0d0009edeef7
04eef6e6f6eff0f0
f6f411ea00e9f505
04f80c020106fb03
030b0014140200f8
fd0df81619ebfcfc
f5e4fde40808dada
0602fb04f6f5f8ff
f80803fb02f100fe
f804f80b0715fc0f
3426ea1af822ff19
fa2a0ef70c2f2030
02371917f119ff2e
04160af4f3f3eff2
0e470d0e0ff71df1
04fd190a2a0e2e23
1e02170a07280a20
28151723fe0af7f7
ea050f0b0609fe0a
0efc0f14f5f8e9ec
07e200ef041503ef
00070704170b160d
ebeb090709120a00
040718fb0d1200fb
04f708040a02fa0d
0708f5f9010515fd
ebda03f0fe11f6e5
eef813fdf606f6f7
09ff09ff030cf3fc
f5f305f7f7f7fff3
f704090b080604ff
fd0505000f010807
07140d0808fc000f
010e0b04030603f3
ef00f40500fbf6ee
07de04f80def04f2
0402faf40c03f5ff
fb090afaf80f0416
02f7f4ee0a1fdee5
f6180401e80c0106
f5020d1000e1ea01
effdf8fbe7fef907
4249e83305321d19
e42312f527363043
08433429f70df142
0b20f4fbf8f6e6e2
384c0c1e1414331e
faf7140721101b27
042d321a032b042e
2b2b152303090306
e40afcfd1404fffc
1809090ee9f0eff3
09e6f8eb03100ae4
00060d0407171005
ede406080314eaf7
f70cfe0cf708f2f6
09e4f5fa050308fb
04f604fe06fc05fc
0005f80b0d0eeb04
f2fe0b010b170504
f8070e0e0500f925
010cfcd4ef03eef2
0c1df3ff080f1206
ef1513e5ff121216
f01c1215fa13f606
020e0e01f80feff1
000bec0af00ffe04
fceefaf1f8020e15
fa10f7fe0703fcfe
fe010a03ec0bf8ff
1305f9ec0507e520
f90b1beb0d050a17
f5101210f4f7eb19
0d10f100ebf6fbff
4346f52df9321623
ee2b1eeb19312e2f
f7363328010ae738
0f1e03fc0af0f9e0
26370a0d15063127
02fa1d0b2d19151f
17122117ff250b2f
28290910090d06f8
ecfff70406010f04
0818ff04fef4e1d9
00d8edecff0304f2
010b04111012ff04
fafe00fdfc1de4ec
fe171501f81b1301
fdf8040507ff0405
f40102f2f8fb090f
0412f002fc0df4fe
f60d1ffd092f100c
01191310fd0eec1d
0a02ffeaef03f1f0
1616ef08eb17121d
ee1915f41d2a0e26
011f1f28f107e721
151cfef8f5e8f2f7
0416f71c01143614
f0fd08ff210b1209
fa1e0d15fd0ff114
0214051ceffef601
070604eef705f01b
f31816f103091c1a
0b1c091bf7f7f209
120d0610fbfcfb08
4624002408271c1d
eb160ce9201f1433
0b3c1717f617ec31
1018f91006f3f0fc
12e1080d12f31915
fd0c15132c0dfdf8
12ec02070325020e
1a121a0f02110910
1e07040011290af6
0b311bfbee2b1512
030f02f40902fcfd
ed0b01fe0c09040e
1b26fb0fff300b21
ff2534f122212421
e92b13260402f61d
09200200f6fa0209
f8fef702f7031810
eef912ed200c250d
f1100623ff16f90d
1c0b050bfdf9f0f7
1604f7ff011def10
eb0d16f108140c0d
de100612f1faf118
010cece4e6edf1f7
061ae913f6030c18
ed130ee61d1a1718
ea210d12e410e31e
1613fc10e9f5e4e5
1003f9f10a04f71d
fa0919e30e151c18
fd1a1311f205f919
040bfd0af105f2ef
3330ef25ff340704
03230aef1a232229
fa2f0e0ef80ef131
061208030bf4e8ed
f9f41a1106020afe
0dff070915051f18
14061302fc240322
2e0e0e15140d0303
0afbfefc03fc0a06
fafd050001fa08f8
050afcfff8fe02f7
06fc04030604fdff
fd01fd0af504fdf6
fef1f2fbfd0afb05
00fe010203f406f3
090903fff8fdfafb
060af403030809fc
0607000807f808fe
05fffaf4fefd01f5
f8f1060903f80905
080206f50305faff
fe02fbf2f1fb00fa
fcfcfcf308f4f802
0704f5090106f5f3
06f806fd04fc0a09
fbf204ff03f40605
06fbf2f4fef7f3f9
07f6f3f409f2fc06
ff0bfd0c0404fb03
f108fef2f3fefd06
01fefdfff9f90707
05f8f8fc07f8f605
f500f9f5fdfbfdfa
f70305fcfafff6f6
0200fff508fef3fc
03fe00f3f909f902
f5f7f101fa030304
f6fb04f6f20605f7
010301f7f9f60202
0203fbf5f9fc02f6
fbfb040bff0206f8
faf6020201f50804
f2f903f8f7f90503
f8fb01fdfef301f5
f60bf702f6fb0b09
f5fb01fef50509fa
02070904f908fdf8
faf4f9f5fef2fcfa
03fe03f606fbfafc
05f206060af90c09
f5f5fb01050700fd
0901f9f706080809
030b0008f5fef5f6
04fef1fafaf8f9f6
f7040308fbfcfefe
fc0303f6f50801fa
02ff0b020503fefd
f106f107f603f807
f4fdf409f400f2f8
fdf4feff03fffdfc
0a0802f5fafcfa03
08fffe03f600000b
0501f602f2f100ff
f6f3fdf7f5fd02fa
01ff0203030809fe
fe01f6fb030708f8
fafef305fdf703f9
01f90506f105fefa
fd0b03f6fdf3fb08
f3ff08fffaf4f6f6
fef3fb06f4f60802
fdff04f7f6fafbfe
fdf50c0a01fa04f6
f9fcfa0708f4fd01
fdfbf4f5fdf5f9f8
f5f306f605fdf2f7
08f70603fff90403
f4f9fefd05f30401
0c0af401fa04f906
fdf107fc04f2f1f6
f908f7fafafa0305
01f2f8040407f701
f7f5f5fcfcfc04fc
fdfdf3fcfdf2f7f2
fbfb030cfff3030b
0801fdfb03fefd04
f707060107fbf603
00fef8f7fffef703
f606f70604090507
05060305f70a0600
f50206f1fef3fe07
fe01f80202ff0304
04000a05f1f20604
fcfcf50bf2fd08fc
f5fb09f8fd0307f5
07f70404fcfcf7f7
0804f806faf40903
f104060207fcf607
0a0bfefe0605f9ff
0cf507030203fbff
09fef9f903fb040a
f4f90506f6fb0cfb
02f8fef7fcf804f7
f8fafafcf802f3f8
fc040509f2020104
f9fafc0606f400fd
04fb03f9f3f1fb03
f8fff1f20400f5f5
00fa07f5fe0106fc
0709f100f1f6faf3
fcff0406f6fef7f2
0702f5faf8fe0307
f8fdf501fdfb06f9
02f80308fa03fcf9
0cfe06fe02fdfbfa
fafdf2fb06fffb01
fc0af5f40003f9f9
fbf5fdf7f9fe040b
f4fafdfffc00fdfc
03fa04f9f403f802
ff00fffdfcf40aff
0108f404f5fe0309
01f5f70806fb02fd
f601f6fcf40705fe
fdf407f9f7f701f5
f10606fd03f6fafe
0208fd0103f2f7f1
f6050106fc030809
f80b0bfdf400fef8
f7f2f9f8fbff06ff
f6f9fe0202fa09fc
f4f3fef6f102f2fd
08000aff05fa0b0b
f5f400f6fa0403f6
f4f6fbfb08fe03f8
01fbfb09fdfbf200
f6f6f8f708f60204
f106f3f6f204fbfd
09fd01f407f1f1fa
fd08070004070302
09030603f4f4f907
04fe07fffaf9fa02
09f502fc01f4f2f4
02f400f70002f5f5
050a070300f109fc
f20508f7f7f2f6f6
f6090103fb09fffc
fef5fbfb0105fb05
03f6fe09f5f502fa
08f202fcfc05f806
f707f701f5f1fef2
050601f4f8fa04ff
fe0b030106f904fd
f2f7f9f509fef8f8
f606f3f60703f6f3
0009fa05f6fff604
fc04f60b03f3060b
0bf4f601f103fc08
f6ff0603f3f4f101
ff08fcf7f4f403f8
0bf9f5f803fdfb00
0205fafaf5f70af5
06f7f204fa09f907
06f1fff6faf101f6
030afbf9fff9f7fd
030702f5ff070009
01f6ff04f5f2f5f4
fff3fbfdfb060506
070203fff906f802
0101f8f7f4fb0c09
fffb03fffcfa03f3
00f405f403f9fe05
0702f70208fdf8fb
f804fbfbf904fef4
040afc0302fbfeff
03f8f3f5f1f7f6fd
07fcf8fcf6060300
fe0106f9fd0405fd
0708f7f8f907fdf5
0204fb00f6f9f303
040bfb080807fbf7
fc0603f9fd08fdfc
f4ff040601faf4f4
fc09f104fa05f5f5
02faf3f7f3080208
fbf6f3f8fcf30501
ff05ff07fbf606f6
05f202f8fef300f5
030a06030102fcf5
f306020bfdf60bfd
050cff060204f6fa
0703ff05f1f2fefa
fe08f30906fbf700
fbfff803ff030b07
f907fffffbf4fefd
f502f602f6030301
00fe070cf8f509f7
fef10002f6f60900
09fdfa06f707f107
08faf503fbfaf309
0b01f801f504fcfd
fcff04f202f70701
08fc08fff406f1f1
0603fe06f4f402fa
0102fbfa05020409
f9f3f9010304fb01
01fe04000103fbf4
0cf3f8f600fdf607
fd02f1090808fcf9
f3f3fefaf4fa09fd
ff05fef4fffe0100
070505f702f8f3f2
08f702faf5f2fcfc
f1fb04f6040cf609
fbfff301f605fd00
ff08fff3f3f9f7fe
0804f1f6f4f6fcff
03f7fefbf5fcffff
010af802f905f9f2
08fcf60608f60007
0cf8fdf4ff010504
fcf40703faf6fe07
05f903fcf30105f2
fd0405fd07fbfefe
00f5f400f3f302f9
0403f4fef2fa00fc
f8f5fd03f5fd05f3
f6fdfdf6fa06f803
0009030508f7fa03
f2fff108fafefdf9
ff02f905f1f8f3fb
090200fcfbfa0409
0b00f906f4fbf600
02fcf8f2fb08020c
030306f709fffd03
f407fef6f6f2fb09
f6fbfcf6fd00f407
05f5faf7f2fcf8f7
fb02fdf3f4fdf7f8
fe000406f5f4fef8
fcff0203050307fd
09050c02f5f40300
fd02f70002f70500
06f704fcf7f3feff
fef7fd0402f3f803
01f303fcfcf20bf7
f6f4f1fef3fb0000
f8f301f5f80605f3
030900fcfc07f8fe
0204ff010809fb0b
f8fe0808000701fe
0801f4fcf702f604
0bfc0b0bf6fdfdf8
f3f204f4f5f8fd03
f7f5f8f903060503
0b0808fcfc0504fa
f9f5fe01f1090106
07f206fa04060004
f60503fef2040407
0bf203fc040706f4
faff06f70505ff05
05fd05fdfafb02f8
f603fbfcf20906f9
f501fd05f6fd0005
fbfff4faff020409
00f4faf9fff50206
f40bfdfdfc08ff07
faf4f60503ff05ff
fa0406f7f1f4fffa
f203feff07ff03f5
0306f605f2f4f808
07f60505fa030708
0708000306f902fd
02f5f90508f20708
03ff01f3fafbfcf7
faf6f1fdfe05fa08
05f7f3f8f8fe020c
02f6ff0502f3f6f5
fc06f7fdfe00fcf9
f90701f4f5f803fa
f90bfdf6faf105f7
05f7f8faf906f3fa
f3f7f2f3000007f5
03fdfb04f8f80005
040afe01faf80a06
f1fcfafff2050cf8
0707fc0202f9f207
02f9fbf707f5f706
09f8fcf908fdfc04
f4060709020b02fa
0504f40003f6fef9
f807f1f5f803f1ff
f508f60ef2f70afb
f6f6f4ff00fe0401
0807f4fcfcf2fc09
fef8f4fafe0507fd
0cfe02080400f9ff
0601f705f3000509
f7f5fc060707fbf6
0804fbfef801fe08
0803090207080c04
fa0908040800ff05
03fdfbfefaf8f607
fc0ef2f3fafffdf7
fbf8fffcfaf9fbf7
01f40306f6020603
f2f7fff6f5f20007
faf9fcf9fbf8f8f8
0a0cf806f1060103
09020600ffff01f4
f2f908f9fd030702
04fcf3fff3f3f2ff
0afbf6fdf6080209
07f502fefbfffb0d
060301f30900fd04
09f300f506f30306
06fc010df4f40af9
f3fdf706f50bf6fc
f8fefafeff08f5fd
02f9f90400f5f905
f6020107fb01080a
f3fc03f8f9000a0a
fb05fd020603f4f1
fb0bf4060304f807
02fdfa06f10205ff
f2f6fcf3f3f7f6fb
f601f505f304f502
fd04fa04f3f70602
0006f808f9030502
fa03fdf6f903fef7
f508f5040105f8f2
0802f4f6fcfafefe
03faf4fbf800fb00
f304f604fafff604
f4faff0308f3f407
0a06f1fdfdf601f3
0b0703fbfeff0407
fbf5f708f60efb04
fb07f80106f2fa01
fff8080600f6f501
f6f9080b09fdfd08
faf606fff901fc0f
fefe0600f3fc0100
f707fcf208f60606
fcf90900f80605fd
f6f9020406fafe0a
02fcf7fdfefff305
090a0205f1faf8f5
f806f701fb07ff01
06f5f807fdfffe0b
fdf600f30209f4fa
f8f407010001f800
0509fefbf6fe0800
fb04f60701080100
fcfdfafaf201f8f3
04f9f305fe07f502
fef5090b03020507
f4fefd03f5f80909
fafcfe0805f406f2
fafc09faf900fbfa
0bf9f40802fdfafd
fcfefff9f8010407
0803f7f2f308fc07
fcfc0503f9fdf5fb
020706fdf8fafcf5
f808fb0bfc0ffcf8
fff7f3f6f4fa0300
f4000400f7f5f908
0c0507fe05f103fe
faf4090c0b01fcfc
09f7080201f6f9f5
f6fd05f6f802f903
f8f6060a04f1f9f6
0601fd04fdfffd03
0c03050801f209f3
02f408f706f3fa04
03f5fb05f800f807
fdf70208f90e040a
0efcf9fe01f6f3f1
fe08f6f203f6fff5
070702fbf60203f7
fb0908f8070900f7
fff904ffff03f2f9
05f5f1f6fafa06f8
fff807f2f2f10904
08070607f7f8f708
08fcfdf2f10208fb
ff05f8f6f4f407f8
06010a0af9f1f9fa
04fff4f707fd04f9
fcff050700fcfeff
f800f6fe02f9f9f6
f7fafef904fcfefe
fcfdf900f608fbfe
ff0002f203f304f9
00fcf5fb01ff0403
09f90107f5f4fcf7
f80102f90202faf9
060808fafcfcfcf7
f9050404f205f7fa
0a0609f6fef40bf9
f1060006f6fd0200
0009f6fcff07f2f2
09f206ff0808f8fc
fdfd0b05fc0805f7
f2fffcfefdfcf60a
07fcf5f8f7f605f1
05f5030406f3fa01
f6f508f7f7f5f508
080202f8f904fcff
f8fa04f9f407fc04
04f3f2f904f8fff5
fc080bf8fd09f402
f4f7f6fc03ff09f8
0002f7f5020308f3
0600fb07fa07fc07
f5fff3fcf7fb09f9
f7f5faf5fef90b02
f90bfc0601fff905
fcf502fafc03fbf2
050b0ff5ff070708
fd01f2f6f2fff9fa
f60702f8f6f80505
09f3f5fef701f803
03f5f905fcfef901
f5f7fa0d0307f600
ff0b05f90601f606
070303fff1fafff7
0b07fef50205f708
0506f5f6f900f601
fb0604f1f5f30608
f4f6f6f7020701fb
fe03faf900f5fcfa
f7fbfc0102f9060e
0308f2f5f9f5f9f3
f7070604f9f2fff7
fefc0b04f3faf8ff
f4f8f405f20ff50b
fc0905fa0506f702
0600fcf4fb01f501
07ff0003f5fd0b01
f3fb04f50701fbfa
000a03fef8fa05ff
06fcf9faf4fdfa04
fa020508f6fbf6f6
f2f2f304f8fdf4fb
0901fdf90005f5ff
08f30403f6fffefa
06f500feff0807fa
f503f70e05fc0af4
f9f5fc0304fafc07
fafffc05fb04f802
00f5fb05f20802f8
fd02fbf7f5fef400
08f60306f506f9fe
06fdf1f3f4f40704
0b08f608f3fbff06
fbf40803f80301f8
fb00fdf1fefbf6f4
00fefd01f202fdfd
0a07fbf5fffefeff
fc05fbf8f200fd02
f3fa02f607ff01f2
07fb05f4f701fd02
0508fa0708f40201
f4f1fcfc08fb0404
04f9f5f40602fd00
fdf205f805f6f6f6
0708f904fb09f505
fef7080e04f802fe
f60104f402f4fb03
0c0900fd0401f904
0a00f601f801fcf9
0202f30aff050905
f604f602f3010300
f807f405f5fe00f3
040900050505fe0c
f100fffcf605f50a
f50403fe020006f7
f6f607f9fdfcfb07
0a02080707f209fd
06f3080e090b08fa
f1f5fffaf20707fb
fb05fcfef8fff602
0705f606fb0508fd
f50705faf8f9f4f5
fb000006fc06fe07
fffcf1fff500f209
080b0807fa07f608
01fdf6fbfafdff02
04f800f1f902fefc
00f1f8000203f2ff
0a0409fef2070500
f8fafd090003fdfc
fffd07f404fdfbf8
f4f7fcfcf8f6fbf5
0807090907f1fa02
f3fd02f6080ef4fe
06040104f4fffbf2
fb0601f70103f701
0202faf503f5f900
f704ff0402fb050e
f208f2fefefef3f8
06f8f704fff1fffb
0bf709fe020008ff
07f7f60bfa03fa0b
faf3f6030403f803
00fbf3fa0608f3f7
08f80c02f2f40800
07fa020c0404080e
fcfffcfe00f608f7
0b02f6fcf808f8fe
fa0606fdf700f70b
fafb04060401f707
04f7fbfcf602f6ff
fe04fbf507fa0604
fb07f80603f90a06
05060903fe00f5f7
f10bf6f5f9040205
09f70405fefe06ff
f9f9f708fdfafcf6
fff6f6ff08f505fc
fc0008040807f3f3
f7010103fd020705
0305030afbf206f4
03050c0b080e010a
08fbfafcf6f6fbfb
0b03f9f8fe0004f8
03fe08fd01f805f8
f8f5060df8f40707
f50fff0700fafef9
f507f7f3fef601f3
f3050702f4f40501
f5f8fefc000b0006
f3fbfa01f4f1f6fa
020202f600f2ff07
07f8fdfef2ff04fd
fdf2fdf7010105ff
0607f20809f2f5ff
f90df8fef3f3faff
fdfa02f8f906fb04
faf8070706040bfe
fb0a01fef5f3f302
01080cf7fe02f806
0903f504f807f608
fff8f2f80609f908
050ffb010200fc03
030902f602fdf2f5
0902f4040704fd04
090503f801030e06
fffbf5fefcf103f6
fdf9faf308faf9f9
0a0b06f7fffa0803
05feff07f70efd03
f6fc0008f6fff5f2
0bfa00000807fc00
0a02fdf7f4f8f700
fa07feffff0f0409
08060808f4f400f3
f9fefef701f90607
fb0200ff0401f8fe
ff08f2f600060605
f9fdff05fcf700fb
0b0a08faf90403f5
0cfef8fcfbfaf800
040500f600040604
fafd02f6fa08fdf5
060bf3f8f800f805
080af9f8f7f40a00
0604fcf8f8030304
07fafbf9f5f602f1
070008f10206f7fe
0b000bfafbf70109
f30209070401070e
f7f8070602f3fa00
fb06f800f403f8f8
fbf8f6f708060307
09fa0b07f20cfaf9
fef6f6fb0601f8f8
050b08fbf6f3fff2
0b0408fa07fef909
08f5060bf7080808
f700fe0502f8f608
040507fe00fa0707
02f701fefaf8fb0c
0407000efaf6f7ff
06fcfe01f7fff201
f9f3f5fb02080107
f8f907f9f2fafcfe
fe03fcff010bfe02
0800f7f8f9fbfff8
f9070706f5f90403
f706fbf90601f6f4
0601f80205fc0cf4
f106090eff06fb08
050c0203f703fdfa
fe03f9f4f907f8f8
fa0206fdf20ff804
fdf5f90700080507
000b0006f9fcf7fc
f909fb0cf8fc0405
fdf208f5070cf900
f4fb0003f500fffc
080cf6f4f5fffcf6
0107f50af4fefd01
fef8f3fcf90706fb
f500fffd05f600f6
09f2f5f2fbfaf7fc
f70805f308f8fb01
fe05f80ef1fd080c
05f5070908f5f4f7
fc05fc08fff403f9
fbff09020508050b
f1f90800fcfafff5
f40100f8f7fffc01
030303fa00faf9f7
08f8fcf7f9f407fc
fa040109f900f407
0602f40601f9fff5
f6f8f5fff2f104fd
f8040804f6fffe04
02f5f6fbf7f8fe01
090af3f5fdf60802
fff5f803f3f4fa07
fe00f8080501fb06
02fa01fe0f06f7fc
f301f4f9f6fff5f9
0004fdfbf10606f7
00fb0101fbf70cf6
01fbfb0902f80b05
0109fbf7fffd08f4
f9f802f1f9f807f8
fe03f607f7f60b0b
02f306fff6080bfc
ff0804fef503f704
0204f9faf408f1f3
f405ff0f02060af5
f4faf1fefe060005
fd0503040801f6f4
f6fe01f904fb01f7
040af7fef7f905f9
02fffb0300f902f4
0ef608fdf90808f6
0403020503000afa
06fefb06f9f7f80a
09fcf500f6f2fbf6
f7fa0600f7f605fe
03fbf300fa050df9
0a07f70b00fafb00
0507f2fbf7080707
fafbfef5f1050309
090808f3fcfc00fd
fa0b0cf5f30708f9
0108f206fcfbf801
07ff08f7ff080bf9
fe08fa08fdf6fcff
0509f8fbf701fcfe
f80f0705ff0703ff
fbf9f900020308fb
fd05f6f4f509f3fd
0b0a03f4fbf8fd09
f500f2f504090907
03f7080606ffff03
f805f4f20800fdf3
04fe00f70503f7fe
08fff203f602f9ff
fa07f5f40405f8f8
09f200f5fdfe0705
ff04f1f9f5fb0101
faf505ff060cf805
fd0206f904fbf2fb
07f8f205f9f3f608
0109f708f706030b
0c05f80402f80408
fff8080603000df3
f8fc08ff060e02fa
01fe01f6fe060004
070807fdfdfb00f5
02f4040401f801fe
fa07f706f6fdfefd
f508f905fa080605
f3f6080ff6f3fdf8
0afffcf2f6faf9f9
05faf8ff01f9f800
0105f4f6f205fef6
f806f6faf6f5f802
0bfafa05f5f104fc
fcf6f8070009f601
01fefb0bfa0306fe
0706f8030707040e
0807fd020003f4f5
fdf2f8f1f4f604f1
f5fc0009f90006f5
f8fe0509fb010107
060bf10dfdf2f1ff
fc010100fcf30800
fffa000909070af9
fbf4fa0c0b0b030e
f9fbfa04010603f4
f7f1f9f403fffefe
0104fdfcfb08040b
0204fcf509fbfa07
fb09f2010407fe00
fcfb0ff70d09fcff
0b0202f7f3f4fcf4
fa0705faf2faf704
fc0400f7f6f90a04
03fa02f3fdfe0504
fa0202f60802fd0a
faf9f9f6faf30401
f8f303f7fafc0005
0307f7f205f3f9fe
05f60406f20206fe
04f100fdfd0bfafe
0806f107fdf504fd
faf208020807fa06
f903fef5f8050508
f505fa0405030a0b
ff010501fc0608fb
ff090903fcf1f7fe
0101050505f4f5f9
fbfff800f3faf609
f8fff3f1f3f9f501
06f1fff6fe070104
ff0a00020107f5f5
06fd0402fcf8fa02
f7fdf70306fffaf2
fff7fefef207fcff
04f6f7fcf4fbf602
f808fff60906030a
fb02f8fa04f2f4fa
fb05f109f3050907
08fa010a06ff0005
f8000f07f8f109f8
fbfff1fef5020506
09020902fff9f4f6
0cfa00fc08f9faf4
05fbf6fcfb0af6ff
06f6fd08fffdf4fc
0800fffb05fcfdf9
fb0b05f605f60900
f7f3fdfafbfc0302
f80100f1fefb04fc
00faf1f3f7f9fb05
f9f50c05f1f50109
fd04fa000705fc0a
fa0efbf404f1f3f6
f8fefffcf1f8f2fc
0b0cfef9000605fa
f8f601f6050a0107
f908f1fc06ff0705
0305fa0401040708
0602f4fc07010b00
f1fff904f9fd050b
faff04fd0205fb09
fc03f5fffcf201f9
0cf5f80301f4fef5
f5f50c06f2f7060a
f503070804f9f4f9
ff0af4f904f4fff6
0502000bfb00fa06
00fafdfef1050501
0304f2060805f102
fff8fcf409fff6fc
f506faf907f2f8f6
08fcfefc0302f708
f304fb00f200ff09
fffcf906fcf505f5
050a03f207f5fdfd
f5f8fc0df103faf9
050b0701f50001f6
0606f30708f406f8
000a060bf3f6f8fb
06ff04f5f5fb06ff
f702fbf801fa00f2
0700f5faf80703f2
191008f2fa130901
00180708fb200916
fd1209fc08fd0325
fa02f9f80009fa01
1126fd04f5040d08
ff0208090bfe1c20
f5130c0dfa1d030a
0f150113fa0405fc
fd0afe0cfcf60f05
fefa09fd0f050609
05000608020bfff7
0a030cfbfb0002fe
f8fefd0601fa0d0a
120af4060cfdfdf8
0d00fc02070a03ff
040102060f0cfc12
ee09ff0e10f413f9
0b02f3110bf7fffe
0cf1f80802f710ff
fe080a150f0a090e
f309110c05060fff
05fbf50e0a00fdfe
0df504f0fe0814fd
0400060109020808
040006f40712f4ff
fb09fb0c0a120dfc
f9fff8f5fdf3fcf3
02020cf80b0a0f0b
ff110a03fdfc0efb
020e01fafd0f0916
0b04091df80809fa
0718f7fd0c00030d
08f3fdfbf818f5fa
f1151bf3021c1512
f5131f03f40cf71f
fc050af8fd06f6f7
171fe816f6141c11
03071bf31b0f2a15
02192914f31ef121
0716020402f9fcee
f2f3fa01fafafe01
0ef3fd0809fc09fe
ff07fcf7f6011405
06030c0e090606ff
ded3fdfe08f7f8f3
fbfaec0b01f7ecf4
fcfaf7f40f040af9
f2f201090bf90f0c
e0de03f70df0ebfc
01f6000aff04fdf8
0deffaf606010cf3
fefa0ffc0ffb090e
f7ff0406fff700f8
0afc000ffd0003ff
fb02fef405fa0c06
08fc05fa06030e09
010bec09f3fdfbf6
0207fefcf615050a
05041407f1f8060c
f8f9f8ebf108f9ff
ed00f108060116ff
fdef110519fe1309
f811fe1dfa0efe0c
14100909000cf708
0c06f3e9e71eef04
ea1e18ed040f070e
e3160713e503f01c
0d09e9f1ecedefde
1d11f71fed182f1c
e1fb1eea20191f25
ef161d13e80ee11d
2722ec0ce2efdde7
eae3fafaf9fe111a
fbf4140a13fc100b
0e09000dfb0e05f4
17130b10fa0cf303
e3eafdf2fefce0d6
fff40003e6fcf5f8
fcebfaf407070d08
f6f508eefb08ff09
ecfc04fc0200eeec
10fbf30802fe0305
030101f4040012fc
fc010df5ff06070d
f7fdfff904f9e7f9
0002ff07f4fc0208
0cfafd090201f508
fcf903ec06f2fbf4
f208eff6ec01f7ec
ef0401fbfd070111
f4fa03fff000fbfc
05fefff8f8ea00e9
f8fef511f7f61002
fe0408f112030807
f80cfb070106f6fb
0204f60afdf3ef01
fb02fff6ebfefcff
e406fdf90e11f708
f8fefb01f1f0ee02
0c01ede6f1f7f3fb
02f1fc0c07010dff
fdf50df205f7f50b
fc030403f306fa0c
0703f20af7f7eaf1
d9dd19fd0ff9f6e9
0eebfc040cfeeff4
00e8ecf3fdf90ee9
0f04100afcf605fe
e1e8fff402f6f0ed
0207f30505fdeffa
f5edecf309ee08ec
03edefee07f901f4
0401f8070201f60c
ec1a00f00809fe00
fefc05fff40cf2f9
00fceef30002faf2
0b13ee04f01ae802
f3170bebf90f0406
fb100a0eed0fe806
0a03fb03eff7e4eb
131dd80cf01b06fe
de1115e708112109
e3191715ea02f109
fe0ae7efdbeae2e7
213bf81eff0c2d04
f8fb1df00e072c20
ed272a1dfb1ff723
0716f909f500e2e4
eb080c05fcf00a0c
f6f703ff0ff50901
06f1fffef0fbfe00
13fbf6fffd0004fc
eee90904010a1707
00f3fe020ff50606
09fdfdf9f2040501
12fc1202fa09fcff
f3ed13ee0dfaeee7
05eff701ef04fefc
00f6fb04040410f1
f5fb0502fb12f4f7
f0ee05e60af4eef0
0e050907fe06eff8
0aebfdfb05f10ef6
00e911e4f8130f03
00f2f0eb0502e0ef
fa1808faf702fe05
f409100af0f8f2f7
fbf901f7f009e6f0
1d21d803e91eff10
d32510d806121c10
df1f130fe704e612
0714dee1e2f2e6d4
2127d7f6d8230b05
dc1316e00d202211
dc1d2d16d907d81a
050cefdcd6e6e1d7
313ce52eed16201a
e2f119ee25102422
e72e2c22db26ea19
1b1df504f3e1e3dd
e2faf609fcf8f7f9
05f001000303f5ff
0df5f201f511f1fb
00f90c03ff0df404
e8dbf2f401ffedf6
ff0a0000f2fd05f9
fceff3f3ee0cfc02
03f9fc02eaf6fb03
fb01ede8040df6fc
f60ffdfdf2fe0a04
f0f8fe0af610eb03
f5f2f7edf102f9ee
fff4e7f0f007f3fb
de130ae6f30b0410
e104130ae601e100
02050300e9eed9ed
0b24e605ee0dff11
d821fddc04161110
df11180deefed410
f917e8e5d4efd6e8
201aec01e1080d24
d9150fd31a1e161b
dc211d22da15d119
151bccefcde0d1d0
1e1decffe417041a
e02421dd14211911
e51f2817e409dd17
1315e4eadcd8dad7
1d34f623f2132922
e60123e31e1a1c24
ed2d201cdd21e826
252df60bdee5e0e0
e7faf7f7fc0c0306
030d070504fafe00
fff3f20207fbfdf7
0901fc00faff05fe
000a02fa02f1f9f6
09fafaf60b010c09
06f8120101fbf5f8
06fe05fb02f404f2
f50f0bfbfe020307
030afd0b080cfefd
fe060606fcec0008
f905fc00f6f302f7
0afd060b0301100f
02180a020d05f800
fc07051700ed08ff
1713faf60be90702
0d021213080b0f23
06fe07060af5f2f5
02fff9080ceefb06
1b14f8fe00ea0900
fffb13f90b03161f
080d150d080af004
0300f41105fa10ff
0a03f7f612031708
1005f5f9f41d1028
ee180b090a0cfc04
fb0e031203f4f60b
0f0ae6e402e00df7
150cfa2502fe2b2a
fd0015051cff0a1b
fa1513170610f413
1226f40901f3fe04
27fd03fc0f24fe02
0a170a06f210200c
04111904f600031e
07fef408f7000009
191cf718f4091a19
07f911fe1903121a
f9111d18f80e0012
1d1f0006f7f20701
0b0cfa1109000714
07fefdff04f0f50d
0408f80b0e0306fc
04fc020608020610
f3010d09feedfeee
0aecfe140101fffe
12ecf0f5010003fb
0208020dfffc1104
f3fb030612f7f7f0
04edf914ef00fbf5
16ebfbf207f712f4
fcf50a0b12080a07
f90414f616f2f503
0bfaf203edfb0000
06f1fb0301f11100
faf102fd000c1504
070c0407f30c0103
f90c04fefa0706fc
01f7f90000ea05fe
0106f4f5f700f909
0f1b0b210e081811
03fc0d0d0a101b07
f922f9130a07fbfc
121d0609fbfd0803
fa03fcfc0207fe0b
fdf102050805fe09
030b05fc06f8faf6
0e050407f7f60805
f9fc010afbfbff05
00030606f4050600
f808fd0001f90100
f208f704fa06fafa
0303f70306f3fa00
fefc00000af906fe
0d07f9f4f70503f8
f9f4f707f9fcfafe
f5fa0703ff040102
0402f4f5f5f9f302
f7fafb05f9010500
0b05fbfa020303f9
ff0702ff02070001
03f908fcf2fdff08
faf8f3070502fef8
06000d00fcfd0c0c
06fd09f6fa00f606
fc01ff01f90806f6
fbf40001f4fb0008
00010503f4f3060a
0500fdfb04fbf402
0504030007f7fe0c
00f8f200fd06fef7
0b0b05f5f806f601
04040700f5f9ffff
0505f805fa020608
00030405f7020308
07fef4f1fbf80807
ff0307fef1010808
f2050a080ffaf7fe
02fa0df9fffff502
070000f7fc0402fe
fd02fa05f2f40af5
f2f9020b06f20c05
f5fef20602020bf9
07f1f40102ff0700
0003000708000403
07f1060b0707fb0a
00f5f6f8f4030cf2
0bf9050106faf1f4
f600fbf303fef903
0efa06fcf202fa0a
f7f6f2fbf9f30c0d
010008fdfdf40607
fdfd080800fb0100
faf303fafcf50c07
f9070404fcf50201
060805f90b03080f
09fdfe06f4020406
03fff5fef904f704
0a0808f2f108f703
02f5fef8f1f1faff
0404fe0707fd0a00
f1f705fe0706fbfb
ff0a02fc0803ff09
04ff06f9f6070103
09f7f3fffd0dfb02
fb02f6fef801fd0b
f90efb0605fd0109
09000ef6f8fef9fa
fbf501f6fd00f8f8
fffaf7f1ff0c0ef8
fe0a06f7fc08f704
f9f5f4fc0307f9fe
fe0bf80405f3fb09
fefaf8fdfff20100
fef50b08f607f8f4
0a05fcf506fcfaf1
00fd0204f5f6f708
fc05f90bfdf2fdfb
fc0a030505070400
05f406fd09fb06f6
fcf605f8f40ffb07
ff0702020606f7fb
02fcf9fb0002f9f6
00ff08f805f6f8ff
fcf4fefc04fe0303
0f0407faf4000cf9
02f6f4f5f6080efc
f906040600f90700
fb0b02f4f6f7f70c
fa00f9fd0709f605
fef7fcfdf7f50e04
01f80001f50206fd
fb0a0d00ff08fd09
04fd00f902fd04ff
ff07fa0e0206fb07
ff0d010103f1f3f4
f6fcfa07fc0e0604
07f6f20cff0608fe
08fb08fd04030408
f8fb07f30205fcfd
0401f6fefefe0708
07f1050508f8fe01
fcf9010a04f304fb
0101fb00f6f3f8f4
fc05fafef5f30a02
f7f8f8fafcf20b00
f300080df3f9fff1
0909f403f4fe0007
090b0300f8090bfe
00fefcfd0105fcf8
00fcfb02fd03fe08
fa08faf908fe0503
fdf60402fa07f9f9
f7f704f507f104ff
06fcf8fb00f50a01
fef60906010600f8
05f6f8fb0404f4fd
0dff030af5020a03
0102f5f90c0c0cf6
04fefefcf8f30e06
0100fdf5fb0f06f7
0100fcfb0805f707
010708f4f80006fd
fb01fcfefdfc0207
f7fbf30ef109f7fe
fcf606fe0a050108
f104fb040207fcff
0300f6f100f60700
0001f70c07020bf4
00fffc010b02f908
07fa0d0600f4fdfd
00060705f6f70005
fafef708f8f105fd
03f50f08fb03fbf8
05f8fefef5f2fe08
fdfdf704faf7fb08
03000704fffc0b0a
02f50df90804fc0f
fefffcfaf9f2fcf7
fd00fdf6fdfa0102
0707fb07f301fffa
0902f4fe0605f405
0dff08fdf6fef7f3
fd0ff4f70808f2f6
f4f90c04fbf90303
00fcf5f8f905f7fa
0809f60e06f503fe
f50100fffbfd0605
fc060203fbfbfb04
f8f3fb02000709fa
ff04f809fe0df4f9
ff07060800fbfe0e
fc00f908f906fcfe
f9f906f9fdfb0b08
08f8f7fe080602fe
fc07fcff080405fe
0709fb0ef6f806f8
f9fafb030b07f8f9
f9fdf7070107f600
f60507f400000709
00fbfb02f40607fa
000202fffefaffff
060efb09fff605f1
fbfa05fa070803fe
00f70702f4030009
fa0504050bf3fd01
04f2fb08f808fc04
ff06fe06f6fe06f4
f6f6f8f502030205
0407f7f7f2fa0604
06fdfbfafff6f9fa
f903faf6fffe02f1
0b06f100fbf2fff6
f6f8f10802070af7
fcf9ff01ff060808
0b0408f9f905f8fb
f609f9f7f2070602
fd01f7f6fdf909f1
0805f1f40101fdf3
fcfcfbf20002f7f3
f9f9fb02f40800f6
0af9fffbfefe0af4
fff40605f9f503f7
06f9fe08f6ff0307
0009fffefeff01f5
05f9f8f6f4f906f3
fa09f6fef9fdf700
07f4f307fc06f506
0603fffaf102f804
090501f5fefffc06
f1fb070cf9fa0800
0409f2060302faf9
f6f6fe02fcfe0200
f9fe080dfd0f01f6
00fc0dfc0903fff7
02fcf5f2f605fef4
07f50c0303060cfe
06f7fafafd0a01fe
f20af603fa090406
fcf707fafa0501f5
fe0400fffbf7f7fa
04f9040c02fdf4fc
f504f3fbfd07f404
f506f406f9f5f9f1
04ff09fe03fe02fd
02f9f60800f40af9
080c08fafef508fb
fff601040a07fbf2
07fafe0bfbf107f5
0a0d03f7f7fbf6fb
fffaf1f4f6fb02f7
000605f805f9ff0f
03f70005faf4ff08
ff03fd05f9ffff06
0506f90507040807
040705fa0903ff07
f50c0c07f603f5f9
fffd08f5f9fa0001
0404050a01f6f7fa
0a01fb04f4fcfa04
fbf90401fdfcf504
08010603fe0008f8
0808f2fffa01f9f7
00fb070302fb0608
020b07fe01070402
f2fa0bfefdfbff00
fefa0a0905fbf8fb
fe00030408fafff5
0aff0103f2f6f90b
01f8f50705f1fa0a
04fdfafff7fdfaf9
ff04fef1f50608fc
0afef9fe03ff0af7
03fbf5fcf40900f8
fa00fbfc0803f5f4
06fef5f2f30202f1
f7f5040bfe06f7fc
f80106fe09f909f1
fe0002f90307fbfb
ffff0af3fa0701f3
f4f702f6fb0609f5
0904fdf4f5ff0afc
f9f8f7f40cf3faf9
fe05f9f40c06f1ff
fef6f4fb04f5fafd
fbfd04f7000107fa
02f7f306fa05fdf1
f50504fefd05f900
06ff00f40708fc00
00f600fcf40efdfe
02f9f202ff010307
0308f1f9f1f501f2
0303070f03f6fa07
07fff8fe02fe0301
04f7f601f2f3fa07
0a0a00f7fef9f401
080902f9f5faf40b
f1f10808fb0204f5
f1f8f503f706fa02
06f8f6f4090303f7
05fff6f9fdf909f9
fa00fb01f206fcf6
0906f4fef6f6fbfb
f6f3fcfff403ff03
040bf1f408f9fe08
00f4f7020906fbf7
f80b05ff00f6fffe
fff204f902f90908
f2fbf3fdfefb0603
fcf704f4fbf3ff07
0a09fefffb080306
09fefe0808f5f804
f30508f8f60509fa
04fc0505f805f909
0104fafd06f50004
f8f6fe00fbf6f7fc
06f50106fbfb09f4
02f6fdfbfdf909fe
f1f705f400f6f6f8
f6faf10006f3fbf2
010701fdf9ffff00
fb02fe05fe06f901
05f305f2f807f3fd
fb03fdf205f8fdfb
09f5fcfefaf7f508
fafaf3fdfaf402fa
f405f5f6fb06fcf9
0b04fcfdfd02fe03
fd0bfb0cf5fffbf9
f4f8fcf6f6fffdfb
05070805fbf909f9
f9faf9f8070604f3
fcf704f5f6fffcf8
f8f9f4fcf909070b
f2fcf700f2030206
f504f50108f3fe08
00f4f9000204fc03
06f60304f706fcf8
04fef40a000c06f8
02f3f8f3f2fff206
0603fc02fd040bfe
0601090bf206fb02
06fcf902f8f6f1f3
fd02f701ff0905f5
0206080bfb08ff04
f7fefef2fff70007
fef5fa020704f302
05f7f4050508feff
0204fdf9f7f5f409
01f9f208fbf506fc
f3f8fafafdff08f5
0900f7f705f5f301
05050afb0308f609
f2f9ff0303f6fc08
080000f50802f7fc
04f30804f902f4f2
0005060700060603
050801fdf4080502
ff04fdf5ff01f7f7
f60908f1f8f4faf1
fe0a07f602fc0407
06fcf8f306fa0a02
f602fd0709fc0200
fc0908fa03fdf4fc
fd0509f9fb0706fd
05fffcf2f5fafe09
00fff5f40006f700
0c04f2f902f7f2f6
0800f509fdf801f8
07fe0507faf70500
07f509f507f6fa01
f703f4020906f5fb
020109fdf708f900
04f70303f6f4fd02
0cfaf8fffcf80707
ff04f802fdfe0108
ff040cf90305050a
06f5f4070704f5ff
f700f3f3f3fef206
0607f305fd08fcf8
0a00f90afdfdff03
07f304f405f30cf1
fd0905f309fcf509
0af906f90909fff2
02fe0902f3fd0702
f50005f6f407f9f3
01fd03f6fcf3f507
fe0304fa060204f7
fdf8f6f7f902f50a
06fdfbf7fdf70509
f10701f9fafdfaf7
fdf2fd06f7f908f5
f7fdf70908040c09
02f403090306fc0b
03f2f7f2f608fefb
01f9fef4f1f90704
08f9faf6fefd00fd
01f608f2f202fb08
060b01fcf6f9fcfc
fbfd0102fa0903f5
04000407f9fcfffe
02fa02f2fcfb0b0a
f50c010a02fc02fe
0bf8090700f601fe
0509fd03fd070506
05f6f4fffef5f6fd
0c0af2f906f3f5fa
0b05fffc05fef6f6
fffff707fe070407
fd08f2fef2fffdf9
f3f8f7ff03fbf9f3
ff060304f4f3fef3
030202ff09f6ffff
fdfb08f3fd02f201
f4f2f903f5f5f309
f90208fff5f40405
00fb07f904fc0b07
f8f9f200ff0207ff
f9fc0800040300f5
fef80107faf706f5
fff7060cfffcf6fa
08f4f6f6fd0405fc
f9ff09f708fef8fd
fafafe00f80506fb
0701f5f6f705fbf8
f4ff03faf3f50405
f901f8f8f4fa03f7
f5f9fcf107f3f9f7
01f805fdf4f4f902
05f3fb00f3060b07
f90305f5fdfbfb00
00fc0603fefff9f5
0904060b02f7fb06
0102f509f30103f5
f104f9fe07f6f302
000500fa06f6fafe
0001ff00f300fbfb
fbf8f705fbfc030b
f9fd00f80301fdfe
010404f6f20105f9
f7f70bfcf2fff501
f2f806fd05f30103
02f4f3fbf902fc02
fe05f906f10906f7
02f801fbf9f6fe0b
fa06f606f4fc0105
09fcfe06080309f5
04f5fb07f301f805
0901f5fcf9030807
f305f4f5f6f6fbfc
04f601f708f905fe
01f50202f7f6f7fd
f5f7f6fafc04f8f9
01fc02fd0408f8fc
03fbf405f205faf2
03fcf7f706040105
f70bf90af4070202
0202f6f603fd0af7
0001fef7ff0306f2
0bf3f2f5fdf5ff01
fe0b06fa000a03f9
f9fa03f6f100fe09
04fdf5f902f40000
0602f10103010001
09fdf509fb07fa09
010106020400090a
fc0906f9f6fffd00
09fafa08fd04f2f3
010afa01f3f1060a
0902f8f8f7f902fe
0af8fc07fe03f4f5
07fa05f8f2fb05fb
fdf800fafcf905fc
fcf7f7f4f7060504
00fc05f8f306f507
07f4f30406f2f3f5
080a00f6f3fbfe00
fc0204f1f50605fc
08000903f505f906
09f5fcfd0903f405
0b0aff00f900f907
08f4f6060603f605
f708fb0104f4f803
06fbfa0403fa0106
ff08f9fcf800f607
fffaf306f7fd01ff
f305f409f9fefbf6
0002f6f3020501ff
fcf4010606f3fbfa
f9f3f4060203fb01
030305fefffff3f5
0200fb0800030508
0608fb08f80cfafb
f7f4fb06fbf6f506
08fff800f6fdff08
0af5fff4f70901f4
010008f9fff2faf6
fa07f9fdf507fd0a
f90afc0bf3fa04f3
ff03fff7f505fe05
fdfaf60b01fd06f5
fd0706fd06f70707
fd0007f900fff8fa
0af5f403f3f6f5fc
050bf50000f306fd
01fc03fc020403f7
0a08f5f40401fc05
0a05fafef7fef9fb
0a04f8090508fff7
06fb09fefdfdfbf6
f2fffffc0206f5fe
03fe0608f3fdfafe
08ff070702f2fbfb
fdfa0402fa0802f4
05fbfcfd01f202f5
06fdff01f6f2f503
0b0904fbfd04f7f4
f304fdfefd0c0402
f40808f8fcf507f5
0b02f800fefdf205
03f809fffafffb02
f5f8fdf2fbf5050c
f401fefbfb06f3f4
0b00f405fafefdf9
00f602f7fff1f5ff
fc05faf8f3f3fa07
01f9010605f6f2f5
050507fdfe02f401
0706fd040401f407
05f8040509ff0204
05f906f703f40808
02f9fcfef7fafdfc
fc00fc00f204f8f5
f8f2f509f9f40103
ff070008f30601fe
010303f5f3f4f908
f8f905fdfc050602
fbf9f1fefc06faff
0405f8f5f7f7f606
fcf707f4fcf2f509
f600080206fbf700
0707f9f6f7fd01f2
fcfd06f60803f8f4
00fb01f305070506
f809f50afa08f903
fdf200080600f405
f90806f20202f6fa
f8fff3f2070002f5
fe01fcfa0303f90a
fcf10101f20809f7
08feff01fbf2f9f5
fa08fbf9fffcf6f2
0504f9f6f3030303
f5ff00fb0800ff09
08f300fa01f30506
fb01f5f8f70207f9
f0f21710fef2170a
16f1f81119e3eb12
0fdb0c08180920f8
0b0c1b1017071d11
db2d1f0f09de1b02
1b06df1708e8dce2
21ebeeed1eea1ee2
02e2241e2415240c
dce42cf41ef300ed
2812ed2eebe1e7cc
2ee5dce024ff32e7
15f12c1a300e2927
040e21371bfe1a15
25f4ed33f4d4dcf1
2cececee31f420f4
0ff4342438152a2a
f1df36fa1ce8f8ec
25f2ed2eeeddc1e4
2dd5d9de22cd26ff
fbcb3e0c3328382a
e0f2260c0dea0dfe
2af2f330f4ded7eb
22e4f5f60ef428ed
fee920fb1010281e
d4c414f610e3ff14
1d10f12703e2dad5
04d3e3fb1aef17ec
02e3090c09072414
eafe08ed0d0afafb
1105ff090200e6ee
12f2e7f60af007f4
12f1fcfefe111413
0116fd130cfa13fd
11eb100f1f00161f
f71a1712000c0b0f
ff171c130b12fd02
cf12150108f903f6
11f7e717e80317f3
0cfcfdec010b15f4
f5f4162404180212
e2d5ffea1508fdef
22f5fd08ed05fdde
22d3f5ee071528f9
f8fa271517221319
fef1101921fd02ee
30e8f61decd4f5f3
39ebf9f515143306
03f33928332c1f29
f7ec1dff170ad7d9
27f6ed2ed9fdf4ea
20eefbd61be22715
d0da23e81a243335
f207051510f01002
24e7fd12effa10f3
160aff00fc031b01
e9ff240115240d10
e8e60ee503eef9fa
0efcf215f60400e2
15dcf5f50c0e0aef
feef0afc030c0117
eceefcf6030af203
061502f5e6131ef8
001100ff05f60f18
f5fa05fc040c0a17
281af316f003f9fd
f3f10ef42b051911
fd271c1c050bf412
0a0705feecfbfdfe
1b20110011060ef8
08fa0bfcfe0a1513
1b170d110f100215
000e0e0203090a06
f5e60ff8070e1104
1a0b0922f50507f4
10f5ee00112717f8
1707161216070713
06fe0f141d0f02f9
2afaf00ef7dfe5f9
26e9fdf1140b260a
02f4242b13150a0e
181f120406fef3ff
1e0207160a0ffb18
0d0111fc02f71f10
f4f8fcd00b06201e
06120e1f0a0b1510
15040d1208fe0600
0cfb160710052004
1106070911140b0e
cfd215f50dfc0f02
04f60e11050500e1
fdf8f510080b10f8
1607010bfb170e13
ebd9f2ef031aebf3
f2210503fd080f00
ef0dfa0d02f1f809
fe06fa0bf7fa010a
0400070efdf713ff
fbf10c032a101816
f915ff0efe00020b
1d16fefafdfef903
e7f604fe0bdef5e7
fef2050e14f00f13
0d09f611fb0408f1
090b0d041208fdfd
ece0fef400ede103
0af5fd0df1ecfddf
17d7f9ef18110c02
efef091d18161607
170c110c091cfd07
1c11030ee60cfc00
0afb03ed08f20916
eaf305f31d091b15
15190a2700162723
fa1209fd1e09150a
0c161e0503241806
20171409f9030dfc
0c1a1314080b1f14
151d0c1305100af8
16031b07100f1107
fe06030f100d180a
e7f510f20904050b
0d12180b0efb11f6
15e6f302130afd01
09040d050f050505
fc0ff6fc0a16f4fd
f214feef080e1e0e
0318010803ee0606
edf8f2f7fa0807fd
fa000f14f8f60b09
05ed07fb180a0c18
08160517000feff3
081109fbf901fbfa
e0eb0fe50b02f5f6
02f9100e03140608
0902fcfe09ff00f6
05060e100e09f304
12270a240cfd292b
110b020921f00617
011c170d12141722
13140a280a080aff
fbd8290013f008f6
2bf80c29f808e401
24e7fefb28fb2af7
fe0721fb2a222828
01fc201c0b0a0e17
160a08110cf3090c
150512fe1c0c1afa
0f05170a1eff0f04
0c06100b110710ec
1122000f091c03f9
0aec07f716f41906
f70dfe0316071b1b
f0fbf5eefe011511
020f0a0cfe0616f0
06f60a0efe1500ee
fa0bfa02fbfe0613
2109e7f5ff27eaf1
010c08f211171820
f11a111104ef020b
f3f7effcf7fffb02
d9f5111204ed0a03
02db0afa25060b14
0b00f50b0304fef2
15100e030006f7fa
e8d20ef40effecdf
07f806fe0f08effc
00fef6fc08fe03f3
fd04090b080c000c
f9fe112400f23910
1600ec0d11ebebfb
0a01fdf9111d0cec
020c193d21081514
e9ce20f80ef4f0f2
21ede923e8f3f2e7
19eaefe42df632f0
e9f62807221f2036
00f6101018060123
220c0f2809f7faf7
15f8fb000efb1bf8
01fa10f525132e2d
0317071cfd01160e
130c0406f62009f9
f6050f0814fe0d07
ec0d06ec0a06130e
f80f13e90c140720
fe1b10ff1312260a
050b1e10f815f6f3
0c12fa07080c11f9
182ef7f1f41eef00
fa1f170214112622
eb26141ef2f4021d
030a0102f9f7f607
fbfd1c1008ef1507
12f1141818fd060c
0d10f31f110e15ff
100b090c13041015
fc13230b12e9f3f6
0af1ec110aecebeb
0bf5f4f411f30a00
fcfe0a0b17fe1016
15191e1118f22204
2cf5e71a09e3f7ea
27f5faf318ff24fa
040f17272a1c2221
dfe12a0523d9f1e4
23dcec2702d1e4e0
2cd3e7d529e832e6
fffc28122f1f352e
fbdf22f71d01deff
3b02ed27efefebe4
35dbe9de2fe43bef
03f226ef28123239
f604121a10010f04
241700140df8f1e8
18f2f90114f318f6
030cf4ef0e012c27
fd1013f218011a2f
09fe091403eafdf2
1af0040720120cf8
1508fd0019fd2416
1bf810ee110ffb1c
fe1e0313140305fa
fd19021108ee0906
0a08ffff1302210e
f4f40c1507e3090c
14e7f0100fe4fb04
07ecfc0c0a160801
08010d05080e181a
ffe4110507d908ea
22e6d51804e5ddec
1fedfbde16fa2202
ecf60a121806211d
192c2a3017f90215
26f0e824fff5efe7
18eb0bf1170624fd
f2ea1a181f21252e
f600232713e52006
33e9ed31f9d9f2e6
2ae502e6300f30e1
07f5282620232b2a
fdfb3a0d3c00ecec
40f3f740eff3f0f5
43def6e63ff041f8
f0d72e0b3033412d
f9091c181af716ea
2a09f117efede2e6
08dff8fb13fb20e9
02eb180613232b21
e9fd0cf816f00310
1de8f71400e7efe3
1ce0f4070c0e10e1
03f9180b10192114
f3fefafbfd00e7f9
031d0317e508e4e1
05e7f3fb13f40ef9
f1fbfb0202011312
f301f507f9fdf6f8
0909fb060009fd02
fffcfcfb0408ff03
03040408f3f5f8fd
fe04f70500f508f9
01ff030306ff04ff
0801f6fcfff6fcfc
04f6f60307070207
f607f9fbf7f40308
f9f4f70af1f8f708
f4f7f7f9fafcf407
fff80104fbfd01f3
0105f4fdf8f90707
08f4fff804f901f6
f70802f706faf5ff
0808f9f20701f4f3
fef9f2f7f8050506
f900fb0a03fff306
faf2080803faf3fa
09040207fafafd02
f5fefd06fdfbfdff
0905f204fa05f8f7
08fcf604f5f6ff01
f803f50001f309fe
f3070305f3f8f607
fe02f600fd07f9f4
f9f304fef6fff1fa
0300fbfffbfff7fc
f2fe0402f4f403f4
08f5f307f801f9fa
0802faf409fcf9f3
f6030602fb0004ff
f60102faf6f9f804
ff09fd0af3fbf8fd
0c01fbfef7f30504
07f6f9fefbf903f3
fdf40202fffe0301
f40605fcf1f801fc
040507f60808fd03
fb050304f7f6fe07
fdf90cfffcf40a0a
f5fc07f501f50704
f7f6f9f6fef807f4
f902fdf200f6f706
fb07f60bf7ff0702
00f8f90002f3f8f6
05080209f3f3f7f8
01fbfaf303fbf2f8
03ff09fcfffa09f6
f503f209f7faf9fc
0406fb000806f906
fef7fbf502f5f4f4
fe0bf405f4f5fa06
ff0707fe07f40401
f7030906fe01f4fa
0403fdfe02060203
f703fd00f6faf500
0906fdfcf6f50703
06f7f407faf6f7f2
f9fef705f9030001
fefdfa0907000afa
fa0107f406f20103
f609f8fdfb04f5f5
f501f2f903080005
f50b08fc050801fe
04f5f6faf6fafa0a
0304f30101fcf609
f7fbf6faf2010804
f606fa00fcfafc00
fbf80101f9040007
fefefb03f7f4fbf3
0805f3f30101fc00
fa0afe08f2f403fb
f405060a0208f601
0009f7f9fa00fbfe
f702fbf7fdfdf6f5
0a00fafaf2f902fb
fe0706f7f4050008
f4f203fe00f608fa
fd05f2fafaf3f908
f9fe0607fbfbf804
f5f603fbf7fb0701
040007f3fa04faf4
040803f2f3f40202
fe02ff0008f80901
fcfd0403fbf2f6fa
04080109fafb04f5
fa0501fa07f2f8ff
0108fefc0305fafb
fdfe0208f7faf6f8
0bf506f5f203f708
fdf502f509fd03f5
f8fc0006050505fd
faf202f7f5fe0b0c
f5f501f9f3fd0704
07fbf5f8fff5f2f5
fbf7fe01fd0604fa
02f6f903faf607f8
01f6fb0302f201f8
fdfcf30503f80504
0505ff0bfdf5ff03
f905f6f5fcf609fd
ff09f2f5f406f304
fdfe03f5fc02fd07
f802fbfb020507f8
f7f1f40bfcf6fd02
f7050809f401f6f2
0bf2fd0500faf8fb
fafc02f800fd01f5
0cf709f6fff6f6fa
09f607f5fafdf7f9
fc09f7f503f4fff3
0806f5010106fc02
f5fafa0afc050408
08fcf803f2f707fc
06f6ff0005fbf8fb
04fff80c07fcf502
fa04fdfbf8f70b01
00f209f5f80307f2
03f403f506f5f5f7
f6fa05f9fd090c03
fd06fbfefe03f601
06fdf7070700fcf4
fefcf9f60103f9f4
00fa0900f6f8f704
f207f6f2f6f8f7ff
fc06fef30400f9f6
0903f706faf7f500
050bf805f4fe0bfb
f9f7f907f4f3f703
f40301f402fa0006
09f40900fb02fd09
fa010bf6fdfe0bfc
f7faf30008f60402
f5060105f4f90404
03f9f5f3f8f90400
fa06faf9f9050906
0afa02f8f20809f9
f4fc01f5f3f4f8f3
fdfff90405fd0207
03f7f6040702faf9
fdf8f409fdf3f409
f8ff08fa09f60701
0a090201f90005fa
0c000cfcf8f80608
03f404fafaf7fef5
0105ff06faf601f3
fbfbfe07f8fcfef8
fbfafe0401f6faf8
f7f6f8f4fbf30c02
0802fd00050800fc
f906020506fbf3f8
0809fb0b05f40205
fdf800fa030206fd
f9f309070606fff4
0709faf7fd0202f5
f60af5fc070706fd
01fef8f908f6fcfa
0c01f3fcf3fc00fd
0b030008faf605f6
fffafb0b03010a07
f8f6fbf5f6faf60c
fe0004f601ff0106
fc0206fef3f8f9f4
fa080209f207fa03
fdf2f6f7fb0702f4
ff0700fff603fbf6
fb02f1fefafffff9
0803f60304fff6f4
f5fafe04f4fdf403
f60002f3fa0705fc
0cfd06f30202fdfe
0c0afd04fbfa07f6
ff07080402ff0202
f5f700f7fcfd06fa
00f806fefff3f303
fff9000606faf80b
07f7f3010300feff
f9ff02060202fbfa
f9f2f6f409f9f901
0400faf9f4030309
0c0200030607fef6
f608f9fc0401f3f4
ff01f2fbf6f5fe01
faf7000a00f8fdfd
f5fcf7ff05010cfa
0bfcf706f7030404
0307fe05fcf5f8fe
0707fdff0804fc06
05f70800fcfaf509
0bf9fcfc0400f7ff
f8fef4f3f6fff5f4
fbf604fdf7f60807
f6f8fb0300fcf508
fc0001f900080300
09f7f80707f505f7
080404ff01f7f603
0bfe0005f502f5f6
fd06f800fbfdf604
03f80102f6fb06f2
f90b0502fd040601
f7040404040205fe
08fa04f1fa0304f9
fa0107fdf6f20108
f7fe0bfdfa000607
ff09f707f4fbf803
f8ff00fb06fff504
fefd02fe07f307f2
02040af401fdfff7
0901f9f9f8fffdf5
fffc0306f709f805
f506f9fe05fdfdf9
000a0afaf6f9f905
0bfb01f9f200fff6
0808f50607f1f407
06f5fff205fe0309
0608fd04f708f4fd
f7fb04fcf8fefd02
070006f3f4070907
f6fd03fcf7f8f1fa
04fcffff05f5fcf5
03fcfff203010a04
040101f9fe070902
f808f4f4f708ff01
08090b02f6fdfa02
08fefc080406fcfc
fa03f901040708f7
0b07f80204fa02fd
f60bf9f5f6fc09f5
f808f1030803f8f9
0607faf7f8060afe
f7f9f8f8f2f7faf2
fdfe040000f904fd
02f6f20af8f3f3f6
0404f9f808f508f5
fe0705f30500fbfb
070407fa09f8fb03
fcf2050b06f8f70a
070305f30803f1fd
f602fbf5f2010804
08020301f8fafd09
07f9090008fe0809
fefafbf60403fbf4
06fcf808fc030606
01f60807fbfffd08
fb04060104fafd05
01f903fbfb0202ff
08fbfef307fa0705
f5f40bf703f90b03
08f6ff0508fefdfe
fb00f2faf90200f6
fdf4010800f5f206
0809f60cfffcfc03
f9f502f8fdfe0bfb
f5f700f90201faf9
fbfe040807f9f8f4
f6010808f80604fe
04faf7fff2fef7f6
0604fff9f106f6f1
04f90905fdfb0002
00fefafc0402fb08
fd0502fa01090cf6
0af7f8f400fc0e02
04fa02f40d02fc08
05f5f20afefef700
f8f4f50ef202f80d
fbf408faf6fffcfb
08f7fbf502fa0006
04fc08fef80001fe
00f80300f207f206
040708f400fafef2
f8f3f8f703f5f6f1
fe06f8fff800010c
f401f80700080806
07fe07fc04f6fa05
fbfa0804f5f10204
ff0402f906fa01f7
09f4fe0502f4fc03
0702f9f9fffd05f8
04f1fef7fffef8f8
f2f8fff5f1fdf901
fbfb00fef609fefc
f803ff06080508f3
faf2fdf6fafdfffe
f6f600fffeff0a09
07f6f7f8f4fc0d0c
f7f70005f305f804
fdf6fb08fdf20802
03f908fdf6030702
fd03fff7f2fcfc0a
fc060401f10008fe
f5fcf906f5f506fd
faf90cf8fdf4fc00
0403f200f7fe080c
fcfffef4fb08fe04
01fa04f6f1fefb08
ff04f60301fcf600
fef908f7f8fa0908
fef902fef90503f2
020dfdf3ff01fc09
f8f4fb000802fc01
f8f9f9f5fcfbfa01
030906010804f604
070dfbfff5040dfe
fa01fef7f3fb08f5
0307fa0405f105f2
0008f50300f106fb
0b0d0502f105f9f1
fd03f604f5fef601
0404f908fdfc0302
0b0c05f702fd0d03
02f8f8f50405f108
fbf80105f3fb08f7
fb07fd02f20d04f1
fcfaf7f7f7f3f908
fdfdf6000403f208
f601f407fdf905f6
f3f705fafbf6fdf5
f808f400f5f1fef7
04fafb00f9020600
fc02fc02f5fcfcff
fcf8f9fc08f9fe04
f3f7fcfb02fe08f8
fc08010803f2fd02
0c09f40706f2f7ff
f508fffd0afff800
0afb05f107fa00f2
fffdfef3f3fb03f6
fbf8fcfc07f3f603
00f4fafd070007fb
f803fafbf9f40d01
fb040701fff50a0e
060bf9f9070505f9
fb07fff9fcf70cff
0509f502f5f40201
00faf901fdf20802
080002fbf8fe0101
08f9fc08fef205f2
0402f602f1000004
faf807faf6fc0707
faf802fbf7f8f5f5
02f5fdfb080c0af2
f8f7f9f404f9fafc
0afcfff8f7faf7f1
03fbfff801f6fef6
f801f7f1f1fffb03
08f9f10503f2f803
0504000005f60501
fcf9ff0401ff0afa
fb02f7fffaf3f5f9
ff0405f5f707f4f5
02f6f708f604f4fa
03fdf9fafffffefa
00f8f203f8000203
f20101fefbf80508
04f50501fc040704
fe08fe01f2f6fb02
0705f407f30e04f8
000703f803f6ff06
01fef2f30d04fffd
fefd0203f8f3040c
0904f4fb03fbf8f1
fb02f4ff01f30ef6
f60406f401f2f5fe
f4f50a0605f70505
01faf402030bf4fd
07ff03f90108f7fb
090605fb09fb0501
030403f50501fc08
06fef1fa0307f7f9
08fdfb06f701fbf1
020e02f5f80108f6
f70a02f300f4f908
feff070c0af90402
02fef30809fdf8f4
f8f4fffa03feff07
f407f7f1f9f9f6fc
03fbfdf5f308fc02
fa06040602f80a00
06f308fcf9f70307
0bfc0c0701f10409
01f802f400f10a01
0408fdfff9fe01f8
0001f3f501f1f7f8
02f700fef7f5fa02
00fd02f5f2f8070a
fe030607f9f70707
f9fa05f8f2fcfcff
f8f50c0205060a09
fa01f5f909000509
ff09fefe01f80406
0b06fdfaf4000606
fafc000af2f9f80b
0bfa00fe05f40900
fbfe02fbff0a0902
fc05f7f6fffdf1f9
f6f80b07f2060a09
f60ef909f9060a02
03faf5faf205fc02
f5f9f20107f1fa04
fb0504f8f3f208f4
f9f6f8f9fd0bf70c
0e02f404f60607f1
02fe0506fb01fafd
06ff0e00fbf2fef5
fb05f205f9f5ff0c
fc03010000fa0908
fdf5f5f6f8fff4f8
fff9fe050606f8f9
fff300f701fafff5
04f606feffff0afc
f9fb09fbf8f708fe
fcf607f900f30c04
06f20800fbff08f5
070ef6fefb08f4f7
fc04fa0006fa0108
fcf9f9faf101fefe
0504f7fdf401fc02
08f9f702fd04fcfc
04fe03f1f2fcfafd
0a040709f303fb03
fff3f906fd00f501
0f04ff05f1f3f8f5
f8fbf4f8f7f702f1
f9f60a02060804f8
f9030907080308f8
07f706f9fcfdf7f4
f60f0401f8fdfef7
fefffdfc08fc0a09
f7fc07f50709fbf8
f9fbfb070000fa01
030002fa05030003
0b0309f7f5fdfefc
fb030803fb06010b
f20bfa00fafef803
f5fffbf5fc070406
fa0b0907faf20afd
0500f200fc040709
f8fffbf5fbf709fc
00f2fd0401f308fc
fe0b0804f809f6ff
000108f400fef505
0000f6f5f9ff0703
f5f400fff6f2fd07
03070bfcfa010706
0105fdf10300fdfc
060b07f3f40005f6
fd0005f9f701f4fc
03fefffe07f800fc
f8f7f7f908f80b0b
fc080206fafef7f9
f2fd020609fd08fd
07f50afaf4fd070b
f802090005fe0308
f8010004fafbf4f9
01f900fff90001f8
03020300f2ff060a
f70c0802010afbf9
000cfcf7fbfff7fe
fe00f2f407f9fe06
fdf8f802fd0701fa
07040d08fefafe04
f806fdfa01040303
fb09fdfc0505f5f7
f60108f906f3f605
0205f101030309f9
020a0808f6f6f600
05f90801f506f1f9
02f501faf308f50c
0ff7f8fbf6f4f806
fd0a01f8f7fcfa03
0af9f9fcfbf901f9
fb0b0bfffcf408ff
f403fb04f70008f2
f9f503f50602feff
f803f2f506f4f303
fefcfef7f305fe04
0500fa0201f9f7f8
0805f306060302f8
fff7f1f7f8f20101
f5f5f9fbfdfc0b0b
fcfef90808f70905
fa0605f7fbfff302
02f7f1ff0100ff07
f60a0a08fff40c05
faf80601fff5fa03
ffff00f4040805ff
fb02fefcfb0104f8
0808fdfef2f9fa0b
0f000409f10bf6f7
0908f302fdfaf200
f500f304060604f7
f90bf9f8fdfb0702
fffc04f40c060b07
0cff0104f404f3f1
05fb00010806fff2
03fc0bf70100f7f4
fefcf208f606f608
fe0dfef2f2fdf8fc
f306f6f3fcf601f5
f90af6f906fd0501
fd04fef7feff0bfc
fff6f702f7f90602
06010ef407f904fa
030608f708fc0906
fdf500f9010f02f2
01f803f907fc03f7
08fd03f9010003fe
fbfff8fd0808fa08
f404fff9f5fdf60b
f10201fe0708f4fc
060303f1fcf5f7f3
f500f1fbfaf1fffe
f8fbf303f8fdf6ec
f3f3faf5f3f0f1ec
f204fdf1f2f0faf0
faf2f1faf400ffeb
f9fbfaeef4f7f800
fcf7eaf4f3eb03ff
f5f2faf8f9050502
f7e3fdeb05f2ede6
00ecf806fafdeff0
fbe4f1f004f4f9f5
01f1f203f2fc01f6
f8eb06eef1e2eef4
04f5f102f9e9f7e7
f5f7e4ee0100f8f2
faf1faebfffef906
edf8f1f105f4e701
eee7f9faf8fdf5f9
f6ecfefff3fd02ee
feec01ecf8f5fbef
eced030306f6f6ed
05e8e6fcf2f2f8f3
f6fde6fa04f5fdfa
f7edf2ee00f800ee
f4f2effbfdf7f3e3
02f8edf7faf1f7fa
f7eaeafdf2f500e9
f3e8f8f403faf5fa
f7ef0103fa02f4fb
fa05f9f2fcfcf7f2
f2f5fdf7f4fbeefa
05edf2fbfcfcf5f5
fa0706fe030feff0
fbfa01f20b05fafd
f6f703f5f3ef00fe
08f2f7f8f1f4f9f3
dcec0af404f2f2f2
f7ebfb01fdeffcf7
02f2efeefffefde5
fd01020501fbfdf4
f5e5fcf206f2eb00
f4f6f302f8e9eae1
f8e2e2dff9de03e8
fee5fc040201f6f9
06f700f0f204f7f8
f904fcf9eb00effa
0502ebf5f2fdf0f2
fefcfdf502f5f4f2
fa1af10d0601170d
ef0e01f6090a0204
f9110d0c000efc08
0809f8f2f2fcf8f5
130ff30af4f4150a
f3f1020607fe0a08
0aff03fc040803fb
0b07fbfb010207f7
0ded0af20101e0f2
030506f3f60efdf3
eff3f800f8f2eff9
ea01f7f2f6fdfcfc
0b01ff00f4190904
f9060fee0200080e
f7031411ff0afd11
fe0af6f5f002fefb
fdfa00effc0407fe
05f703faf6f900ff
eb030a00f7fffdfd
02f3f4fbf000fefc
0c0df80101fdfb04
f20511eff90a100b
eeff02fbf711f00b
02fdf6eff700f4f5
f702f7eefef4faeb
ffe50503fa0204f5
f80e03fb0104faf8
f7fe0900f1f2f7fd
f2fcfaf5fcece8f7
fe07f0f7f9ef01f9
f7f3f0e8faeef6fa
fbdef9f2ef02f806
f809fbfd04f60215
fe01f1fe0906e9fa
fcf8f80501f7ff05
0e0ef0fc000102f1
ecef06f007f0f4f2
f6f0f5f7f7f4e8f6
fcedebf3fdf5f0eb
fdf5f3100af4fdf4
f8e8f6e5fd0aeadf
ef18fd00eaffebe5
f2eae9e700f3fbf5
f2ebeef0f900ff03
1507edfeef150107
fb1106f703011819
001b0c12f510f106
100df4fc00e8eef2
02fffafcf60400fe
04f204f101f406fa
fdfb050afffd0504
f8f3f4e3ff000001
03f6f50001fc0603
f814fffc060cf906
fb07020afc03f003
09f200f5f5f3eff3
0310f10903041116
f40402f9130a1203
f6160c10fdfff111
020405f4f5f1f7f7
1001fc0403fa1508
f2fbf9040e00fc12
0a140002070cfff8
060103ff030206f5
f8e1fcec03fcebe1
f5e8edf8f1ef03ef
09e5eff1f7fdf2fb
00fa0b0cf60afdfa
04f706e9040ef201
f208f7f1f3fb0cff
f903080605e80003
05f7f8ecfc00f5fc
04f5010dfd0907f3
f805fbeff8f7040c
f50c0d06f204f600
f6f2ff04fff3f3e8
06df0700ff11f010
f601f8f8f302f1ee
fff9edf6f7f4010b
ffef0109f9eefbfc
0601f0eff6f6f6fd
f40005fafc030804
fb01fc080201fcf8
fcf9f4faed02fff3
feff01f9f9fcfd07
fcfc03fe0406fefc
fbfff904f6fdf9fd
f603efeef300f5f0
0f0aff04fa04030f
f402ff030c0bfa0e
f7fefa04f3fc05fa
0a03fff305f3fefc
f90ffb02f007fb0d
05000d020a0b0a07
f90bfc0805fefcf8
06fcfa090205ff00
feff06f3fd00f7fb
f40209ff0200f506
f10407f908040301
f9eef702f602fcfa
f805f7f2ff0d05fd
f6f8fbfaf9080d01
f0f8fe0d07fbf6f7
f0f7fff0f0f7fbf0
040700fbee0d03fc
f3fdfdeafffdf00a
f30901f3f705f9ff
f2f2ed00fcebfbe9
e5e70401fff0e8e7
faf1f0faf30201ff
ffe7fff40801f1f5
00f3fc080503f5f8
f908fe04f108fb0a
faf201fbfcfc01fa
00f5f703f9040505
06ff03f8f5eff3f5
07040901f400f30c
fdfbfbf1f7f700fe
f102f6f2fc05fb03
fbf2ef0303050301
0b05f002fcf90709
f300f4020a0c0402
f50bfdfdfdf3fafc
07fcf3e9f6f9f4f4
171d0106f1050eff
f01410000212190b
000a0914fc16f903
0f0afcfd00fe05ef
1a0ffa04f2061112
f10f11f00f080910
f8141108fa02f206
fd04f402fff0eef0
03fbf3f503040804
fbeff5f2fff00808
010304fe0201f7fa
0bfe01fdfff7f4f2
f9df0afafbf5fb0a
03e5e5faf8f2e0ed
f4eae5fbf5f6fffd
ede9f40106f603f0
e5db0ce004e5e8e1
fefaf802f6f4e2e7
06ecebeb05e907f4
fcfa07fb00f60af8
010903faf308fbf3
fbfefdfc030404fa
f9f9f408ffeff8ff
fef407f9eb04f003
f605fdf0fefff405
03f0f500f802f5f3
01fc05f5f9fc0102
06f208fff70304f1
fdf7faed00f8f605
fa080101f9fb01f9
f204f607f9ecfd03
f4f204faf8f403f4
150700fef1191305
fe1007f80e0e0405
f7070b1cf0faec0f
1112feedeef3ff02
08fbfffcf1f11b0d
edde0bfb15f5020b
04050509f211f708
0715070dfaf0faf1
e2e108e7ffdbeef9
f7dff9f7fbeaddf8
09f1e3e3f7f60ae1
e5f001f2fd0afaf8
d9ecfbeff9ebe7d4
fee9ecfaf1e5f2f6
03dee1f103e8feef
def4fbeaef07fff5
dee9f6eff2ecd5d8
fef4f2f1e5e8e3f8
00dddbf4f8fbf6e7
eff800f8090102fb
ed09fd05f5f1fdf6
f306f20004f6f3fb
fce6fef6f4fffef1
f3fff6ff03f7eefc
f6e9fdfe01f20404
fbf0fb01f7f6fe02
03f3f4f9090200e8
f602f3f4fcfff7f7
f4ea04f007e9f5f2
01f1ef05f8f6f4f6
f7f7ebf1f7ebfcfe
f6f3f0f7f2fbf9f9
fee9f1fef5faf1f1
02f4f203f5e7e9f4
0001ecf2f1e9f4f8
f300fbfe0300f805
edf508f700e5eaf8
f0f0ed03f3f6eeea
f3ecf8e705f3eef4
e9fc04fd0500f203
f9f2f9edfdf7e7fe
fdf5eff7f9eaecf8
f003e4f7f9faf7ef
fff1ffed0306f3fc
e9e704f604f9f7f2
04f4f0f3f5eaeeec
eef7e9f804edfaeb
ebf5f2f5fef7fffe
f5e3f70200f4f7f4
f0eef7f1f4f5fced
fbeaf8f2f2eefaf8
01f00202f4f5f6f9
f705fa05f3f20bfd
f9f3f6fd0606f50c
f7faf501fefcfa00
fd0202f20606fcff
f70600f50706f802
f9f70504f6f8ff04
fbf6f3f40508fcf5
fd050bf5f9f7fc06
030909fbfcff08f5
fbfafdf809f7fa06
1007fd0804f6fdf1
01f1fd01ff040cfb
f60108f6fff2fefd
fbf9fffd03fb02fa
f702f7f8ff06f6f3
0bf1060a03fff608
000907fc0402fc02
0308fa09f6f90b01
f7f8fb01fffbfaf4
f708f30308fdfe03
f40b0409fefe0707
f402f0f5fc0009f8
080105f1080a02f9
0705f607020108fb
fa0b060808f2fa0a
0705f60001f5f6f4
0605fa08fc07f1fb
fa0803ff000105ff
020b030af2f102fa
f206fb01f2fef406
f50006fb0406f8fe
f5f8faf6f4f407fb
fd020508f5fcfe04
fcf803f4fe0705f9
000903f3f204f8f4
0900ff020704fdf6
f901f4f8fdf80a06
fdfafef9fcf8040b
f4f4f2f7050205ff
08f1f900f8f508f2
05070008fcf101ff
03fcf50303000a01
03f5070709090502
f7fb02fb050afcf8
f9f6f30300f30501
020801faf80004ff
fef6f3fcf2fa08f9
04f8fdf709fcf400
04f607f6fff8fef7
0b09f4fef500f604
fefbfff3fafc0a02
010002f4f20505f3
f90209f5f505f60b
0503f207f3fe0f02
06f5f9fef1fcf4f9
05f6f503f9f3fb01
05fffdfef1fa02fb
fefb090001f407f3
fa02f4f5f7f80107
0afefff9f3020701
09ff05fe00f8000b
f6f809fa020301fe
f8fdfcf8f6f4ff09
0cf8f30108f80304
f5010108f9f7fc0b
0806fd04000700f4
fb0203fdf90af6fb
f9f406fb07f6f4f6
0a0af5fc05fa0bff
000305f8fd0004f7
0f060107f2f90406
02f606f8fdfdfdfa
fdf70200f2f6f606
03f9fd01ff0e04f2
f6fcf30705f9f603
08f50409fdf208f7
fe070f040105fcfd
0207070605010c0c
0103f2fffe05f6fd
07fdf5fefcf200f4
0a050300f3f7f707
06f7f6f8fbf4fc03
faf9f9020004fd04
00f400f402090105
0c0afbff03050a03
0700f9f4f90202fc
00feff01fdfbf703
00f2f701f8fa02f7
ff04f3f8f7f8f8fd
fe09f5ff030df7f5
fbf5fd07f7f6f7fc
f906f2f6fbf6f006
040a000cf4f70902
f6fcf800f80909fd
ff08fdf800fefa02
09f6f204f20503f4
f90308f402fb04fd
fd0008f80b0510f9
f602fa00f6050004
08fffffaf301effb
fe0409fff1090afd
f209fcfa03fafaf6
f7030afc020bfdfa
f303f6f202f4f4f2
0af703f804060706
04fafdf6fafa0802
f4f701f9ff09f7fa
0cfd00fbf602f205
0bfe01f9fdfcfa03
f3fa070afff9f9ff
fffffbf5fb090309
fe04f300f207f2f4
00f5f704f3fe0bfc
f604f808f400f808
fefb05fe0104f400
07f201080406fcf5
0c0afa040100060b
fdfcf100f7f40507
f80700f303f703fe
0600fa06f4f2faf7
fafffe030501fffa
09fff7f7ff0900fa
0ff5f2030406ff07
0702fb00f2f3faf4
f7f9fff6070208fe
f800fc0004060806
fc0c04fe050603fc
00f9fbf3f602f5fa
02f40cf7f1030305
f3faf5030c0d08f1
f6060101fb0505fe
fcf9fdf0f4fa06fc
f90af8f6fefaf807
02060607f80a0806
0c0407f80600f604
0307fef6f2f80303
03f40601f1f907f5
fcfaf5ff0a030503
0501f3fbffff0004
0401fef9f701fb00
fbf90af4f30005fe
06f10803fc06f905
f9ff0304f4020cf3
f508f6fff6f5f406
fffa0a08f9000b0c
f805fa09010703fa
0a08f40308f6f5f8
03fd010307f40006
fe060201f2f9fd01
0809010405f4fefb
f4f6f70504f4faf5
09fbfff6f7f6f7f2
07fe0607f3040af8
0303fb010307f5f8
f8f705faf6faf606
0004f9f5fef8f903
00f8ff040605fb01
03f407fd0a070209
f3fafa05f1f2fafe
04fafd02fa0502fb
05f51004f902f8f6
f2fa01fe0f08fe0f
ff11fefe080505fd
030206f1060509f9
fbf9fafc05fd0afa
09070101fd03f4ff
08fa0705f805f001
080afafd0603faf2
04020c0afbf800f9
f802f7fc0df3fe06
f809f40bfaf9fdfd
060bf606fa03ffff
06fdfbfa02f0fbf7
0cf202fc020201fd
fe02fe01f8000afc
010b06f9020206f4
00f8fa02f90afaf5
fc110b0bfb0800fd
fd05faf6fb0704f9
fffffdfef6f9fcf9
0bfe10fb07fdf506
030a08fdf9f4f9fd
07f4f5f6f2f607fb
fdfe03f50a070409
ff09fcfef4f105fc
fb0904fb0907faf9
0af90205fff30806
0bf4fdf3f7feff0a
07f80df7fcf8fa00
08050af904f40408
040af20af5f1fb07
040af3f8020603f6
080c01fe02fbfafa
03f30c0b07050506
0601f6fdfefc07f8
0d080502f505f9f5
ff020bf80407f8ff
fc040e0610f302f9
fe05f3f9f0f8fbfd
0bfffbfef9f1fdff
0703f4f6fe000cf4
03fdfafa03f5fd08
0aff00030304f504
fdfc04f5f2001102
fff901fcf6fc0b09
0800ff0af5fd0cf8
f4fdfafcf40403f7
fef806f804fc0b08
050907f4fbf6fb0b
04f8f9fafff50803
0efcfcfaf8fbfdfe
f7fa04fa0a05fcf5
04f90802fb080304
fd00f1fffbf70403
f209f4ffff00f507
07f7fbf3fd040001
f7f5020604f3f8fd
fe0cf406f5fcfdfe
f3f9f6f400f3fbf2
00fff6fa08fa0cf5
0b0c050104f80102
00050208f4f2f9fd
07fcf8f6fffe0704
0002f8fa0807f5fa
02f9060809f407f4
06fe08fd09f908fa
fb03fd09f6020507
fdfff7f205fd0800
fdf90502000405ff
01f4f4fbf7f3f7fc
08fef7f602000306
00f1f8f80305ff07
08fd0700f2f8f9f7
0a08f608fc01f9f8
0307f302f2f20d04
07f2fc0605fefffa
f70906060605f8f7
0bfcfd0bf6f90506
f4f9f1f807f50cfb
f8fa00f9f6070a0b
0cf8f7f2f7fd0200
0d020109fc04fd08
06f1f6f2ff06feff
faff01fb0cf3020a
0a06fef507050406
00080006f604f5fe
04fbfafd01fffcf5
05f3f4f7fd03070d
0305fefefbfb05f8
0df7f307f4f10cfe
fafdfaf500f40d04
f8f6f800080305fd
01f9fff7f307fd06
06f503fdf8fa01fa
fcf8fc04f5ff03ff
fcf5f100f4030102
f802fdfc08060707
f5ff0704faf40bfa
ff01f1f808f701f9
fd0403f804050708
fbf5f709fdfb0300
02f2f5f307fc03f8
0ff40107fb0200f8
0ef2fefff300f5fa
0ffc0106fffd0c03
020607f8f7fcfc0a
08faf4fefb06f102
03fd06f3fdf1fbfa
ff040108f708f6fa
0108f203f1f9ff07
fff4fc0201fbfc02
09f8f505fbf402f2
fb0700faf5fff806
07f9fa02fe0406fb
fa05fdfc03fdf4f6
07f708f700f809fb
07fa05fff5f30207
0709fc0cf3f3fff8
f80503f40407fcfa
04f300f6f3f6fd09
f80b05f4f6fff904
f7f3020802070107
f1fd01fcfcfef202
09fc03fb07f304fc
0403f6ff01f5ff0b
010406f2fa08fe02
f6f60107f5fcf707
faff0001f1f302f2
f903fef8fef10b00
03f306f4f80103f7
f6fd070300f506f5
f6fcf7f3faf800f3
fbfdf8f9fb08f707
00050106f103faf9
f1fd05070307fc01
05f608f4f2fdf7f8
f5030708fbff07f8
0300f3f8f1f3070b
01080700f5f6fa00
fcfe09f1050201fd
0a090e0407fafdf9
05060800fa080a01
09fdfe000401f6fc
09f6f508f9f401f1
00fcf9f70703f804
fbf8f50cfc05f8f6
f90106fbf200faf7
08fff9f304f4f8fb
f704010ffdfdfaf5
fdfff7f908070c00
070707070609fb03
faf70807f80400f2
fe0309f6f300fd0a
ff07fdff09fdfb0b
f100f3f7f802fa07
0700f2f2fcfb07f6
0509f6050606f5f5
f2f2fef807fe010b
f30cfb05fe05fffb
f90608fff2f2f205
0804fff3fcf60af6
020507fa050bfc08
05fbf607f508f900
f9f5f705f2f500f6
07fd02f906060100
faf7f3050dfe0a07
0609070805f8fa02
0108f602f4f3f407
0800fffafaf5f806
f4f2f8010708fcf5
0607080805fa0cf3
0af3f4f1fbfef405
fafb07fa01fa00fc
f2f1fc07f3fdfa00
0c0afbf7f5f7f8fb
f808f80005faf204
faf806f4f7ff0400
f4f3f1fa03f8f503
0202f6fc05fefcff
f5f6f7f506fe08f7
fafa0e08f7fe000a
f10508f705f101fd
00fdfef5f90905fd
04f8fbf507fbf5f3
03030b01f3f301f6
f7050004fdf9f409
05fc04fafef5fffc
fff6f1f5fdf8f5fc
03f801fef908fcf9
08fef70905f30705
f8fefef3020404f6
02f400fcfb02fd04
040309090604fbfa
0803fbfc02050b0e
f903fbfa03fcf6f9
fe0808f6fe0002f7
0002f804f3080203
f407fffa06f7fd08
fb05f7fbf20208f7
04fc06f8fcf5f606
fe05fbfef3fafef7
0dfa090b06f3fbff
000bf306f1f8ff03
0bf1fafcfa00f2fb
07f905f905020207
f9fdf709f4070500
05f5fa00f4000104
f9f2f2f702f5fffb
00fe0507fefa0005
f301fff8070d0702
050b07f5f9f908f6
01f9f7fe080404ff
0a020bfe06020c04
f3f806f8fefef6fe
07f5f706050705f1
fd02fd06fe03f704
0af507f8f3fbfff5
f50702f30606f80c
fb00fcfdf2fff600
fcff02f3fff5feff
f903f60107f6f9f7
03f6f1f4fbf7f8f8
fefef2f5fdfcf900
00fff603fa04f3f8
f40307fbf8f107f9
03080105fdf20b05
f907f10702fcf4f9
fcf7fa00fefdf9f5
0603080408feff07
01f9fe0807fd0b0a
08000301f907fb08
08070306f1f90507
090c0200fefef7f5
0308f60bfdfd02f1
fef901fe0608fd06
f606f103f5f30507
0007020106fdfff8
f2f20707f3f90604
fd07ff070205fd05
01f3fa02f3f3f407
01fd05fbf9fe0700
f704f5f7f2f80bfd
0709faf8f2fcf407
f7f902fd040600ff
0800f805f90406fa
0704f1fdf20afeff
fcfc0402f606fdf8
0908fc00ff03fe08
f6f605fa0508fef4
f5fbf9fffc060802
02f609faf8f7f408
f4f3f3f702f2fef7
05fc0af8000100f4
04f9f8faf4fef9f7
06fafbf90508fff6
01f504f70401f8ff
08f806000303f405
0508f502010700fb
fefc000506fb0902
f8f903fcf1f203f6
020008f7fdfc0bf8
f7060e0502080b08
f5fcfd04f4fcfb01
03fb080306f20607
fe00fcfafdf8f500
fbfdf2f8f4f80b03
0d01fcfcfcfb01f8
f700faf902f2fffb
ff0af209ffff0706
0604fe0af60c0af8
0d0bf8f6f5f504f2
fcfd0704f908fa05
f509f1fc04f20000
0405f1f4f4f2fef2
f80bf504f8fcf5f2
0a0e00f8fff4fdf1
0c0801fa04f4050b
04fff809fe07fff4
fbfb03f8f4fffaf8
f702f4f5f508f8ff
0cf8050406f6fc02
f7fcfff101fcff01
f8faf3f2f3f9f2fe
fff5f2f6fb01fcf7
0bfb05fcf700f7fd
fffe05f6f7fafa0a
f80704f50108f7f4
f8fbf2f7f2050305
05fcfef505f7fcf5
06f7f707050b04f8
fbfff90607f505f2
07f5f3f1fdf8fbf8
0b03f9f7fffdf8ff
07f903f8f5fbf7ff
0e0cfefcf902fdfd
fffaf405ff0604fc
0106f8fc08fdfc07
f1f8fa04f6fa0508
0bfe02f8f3f80ef8
f6fd03f20500fcf3
000c05fafafc0205
fafbf6f3fcfa0801
fbfc02f8fcf4fdf2
0a00fefefaf50407
f7fb0ef5f9fef5fa
0606f5f900070502
fdfff8fb01f200f6
f6f9ff0205f203f3
00030b020405faf8
08fff5fbf8f7fbf6
03f6f7f101050105
fcf7000900faff00
090c0a01f7030009
fd0efef4010dfdf7
070902f40002f407
faf301f1f2f9fdf3
fc0a0e0902fa07fe
f204fdfb0806f50a
f3fcf9f108f2f5f6
0905fdfaf10806f7
fe00f502f8040407
fdf903fe000604f9
f9fbfbf507fb0401
fd06f3f208040107
0906fff708fb0709
f1fef2f70504f5f5
08f50501faf9fe03
fefbfa03f202f206
0a0c0af6fa01f90b
fcf3f507fbfff9f3
f8fcf705f80706f4
fbf1fa0800f5fff7
01f6f4fc04fd04ff
01fdf801f5f808ff
08faf5f50407fbf4
f5fcfcf3f7f8fd01
010b09fb01fff6fb
05f706fafbf8f40b
0afe0405f6fbfa04
fefc00fe04fcfdf8
02ff060b01fa070b
fef6f30bf40809f4
04f6f208ff05f4f4
f7f8f900f3f5fdfd
09faf2f506f604ff
0707fbf7f7fefa08
01ff06f6fdf7fffc
fcfe010801f4f8f7
0107f6fafaf7060c
fe00f1f6f6fbfff8
02fdf105f90209f3
f9f708fdfe06f806
fe0b05020200fcf6
f808f901f6f9f5fa
fef9f3f9f7f301f8
02faf301fc040206
fe04f7fef908f408
fff4fa05f6080b0b
fdf5ff0807f70105
f9080506fefd0706
f7fef2fc06fefff4
fd03fa0100fb0a0b
fe0001f5ff08fff1
01f90108f5f9f8f8
fa00f2fd0300fc00
f901f3f7fa0cf5ff
060206f2f204fbfd
fafe0008fe00ffff
fc06f901f30508f8
0008f707070708fb
00f7f9fdf507fc02
01f1f707fdf707f1
fe05080bfdfc00f9
f60006f9fb020800
03f7f20305f8f603
fdfcf4fafffbf3f3
0802f30bfbfe0bf6
fdf90909f8040a00
030bf2020500fa01
f8f1fcfa06f606fa
faf906f500fbfb08
f102f4ff01fdfdff
fc050702060306ff
01f4f90501fa05f6
f90001f2fbf4020a
f306030af906f50b
070bf705fbfcfbf2
f9f80601f4fcf407
020b08f8ff060009
08f201faf80407fa
f700f809fcf5f4fd
fcfafc05f2fffff4
03fb03fcfc07f8f8
06fdfaf900fb06fb
0203f8f4f3f80601
fa0306f308fcf3fd
0bfaf7fcf6fe0006
02f5fafaf30800fe
f4faf7f4f3fef3f7
f4f7fbfff1f2f9fd
070b0a07fdf10800
f2f800fcf2fcf5f5
fdf80706f1fbf503
0802f4f8f30102fe
f8f803f5fff808f7
0808fe030208f9f5
f30bfa03f80506f9
000bf5f2f4f807fc
f50af90c0503f80c
fa05fb02f808f40a
01fefe03fdf2fc07
f6fd050301f5f606
ff0b02fbfcfcfdfc
f2fd08fdff0200f5
fcfbf700f9f8fff8
ff02fafef3fd0803
08090c08fe00f5f8
f3fefb00f50d0ef9
f206080004f9fefc
01f7fef3f406f2fc
0602f60a020604fe
03feff0505fe04fc
0209f403fc0901f8
f40bf3f200f402ff
010af7fef5050bf9
070607f7f701f9fc
fe09fbfa02fe05fd
ff0904fcf40100f8
08ff0308f7f5fc07
fe0307f6f7f9fb0a
f204f10404f503f2
00fff201ff06fdff
0b0afe01fffaf407
f6fcfc06f8fa06fb
090607f6f1fd0af9
f5fefa08f607fafa
09f5070c04faf800
f2090601f404f8fd
f80b0305fcfb0c08
fbfafef5f604f7f8
03f9f90af6fcf7fc
05f9f200fa050103
0204f9f4f9fbf1f8
040005fcfff9f704
f604f5f9f5f2000c
f40902f8f6f30902
030006fdf5f7f607
0c060702f8fdfdf5
ff07fb0cfffcf6f6
0100fbf5f6f203fa
f2f10207f301f5f3
fd06f8f602fb0005
fc04f8f7f6fffbf8
fff507fe04030207
f3fb01fcfc06f906
01020801ff04fc06
f7050909f8070bfb
fbf4f807f9fd0a07
0604fff201f2f501
fb03fd09f6f401ff
f4f4f906f2050c06
0708f7f5f806fff7
08fa06f9faf60408
fc090803fbfa07f9
fa0af90cf1f3fa04
f802fe09f4f9f508
07faf904fcf601f4
f7000407fef4f403
0af9fc0107fe0afb
f601fafefcfd0af6
0b070707f601fdfe
fcf707f6f6f2f901
ff0906faf6060007
fd03fc03f2f902fe
090600f4faf20205
f9fffbf2f103f3f6
03f603ff07f7f404
04f9f3f9010100f4
06f5f5f1f9f1fd06
fd07f705f8f7fdf2
04fd05f900010604
f602fcf7f9fcfe01
fb02fcfa03fafb02
fd06f103f9ff05f6
f405f70201080305
f9fcfa0304f204fc
fa07f203fbff0906
00fcfa01fb08f708
fef8f7f6ff02f5fc
0904f5faf7f5fbf1
06fa0005fcff07f5
fbff0200f103f404
f80b02060909fcfb
0502fcf7f5f806f5
0d06f203f4f503f9
fd02f6fffe08f7f6
faf70cfef4fafaf8
f9f7fa08f8f8f6f4
ff06f4f3fa01faf3
07f20103f9ff0008
fef6f90af806fdfb
fdf905fef5020a05
f40602030303f9fd
f4f706f4f2f6f2fb
f9f5f8f7f3030805
0701f207f4ff0cfc
0bff030206f3f300
f9fffb0402f3fefa
030a00f8f8f9fe0b
f6f607f100f6f5fa
07f8f404ff0703ff
0005f5f3faf5f2fc
0504fa07f8f904f9
f7fcf2f5f4faf804
00fef4fbfaf6f2fb
08f504f30106f8f2
0afef4f5f7f10905
fe06090bfd09f406
fff904faf80204ff
0cfcf7fcf605f8f6
fbf9040707f700f6
06f6f1fef9f307f4
f7070504f6fb01f4
00f6f704fff801f7
f808010bf80401f9
f400f8f504f905f2
06fc01fb0001f702
fa0504fcf50700f3
0806f7f8fdf9fa03
00f3f4f6050404f9
f2fcf8f9fdf80308
08fcf3fef9feff06
f8fa0003fdfffeff
f5fd00fdf4fa0602
fc00f4fdfc04ff08
06f9f7f7f3f30200
07090808fef40806
f2faf6f7030208fe
010afefdf7f803fc
0607f8f5f8040906
09f5fd08fdf8fef9
ff02f307f5fb0908
07030005fff208fc
fbf50603f803fbfb
f5fbf8faf30206fc
01f40306f2f9fd01
f9fcf4fe06f7fd01
f90004f701f40800
0b0bfe08fc08040b
00fafdfb050205f8
08f806f9f906fe04
f80106fffc0208ff
f8fb020cfd0107f6
f9f107f1fd05fffa
05f4ff070406f208
fd0507fc04fdf6f9
0008fef8fcfe0a0a
fffd05f1f5f90905
f101f4f805fdfbf5
fa06f50407f1f6fc
0a08fb02f2f10bfd
fdfff5fb03fc0906
f6f908fff60905f9
f50cfffe0103fb00
f6fcfc09f103fdf9
f304fef107040804
f1f8f301fe030204
f80402f7f4f301f9
fef9fff9fd06f6fd
0304f903030105f9
f9fbf709f1fdfbfa
0b0800f8fffd05fe
09f90903fe0506ff
03fcf5fd05f402f8
f4fa07f2fbf50702
02fefd0700fdf5ff
04080301faf403f6
f4f7ff01f9fbfdfb
f5f6080102f50700
fcff02fd04f107fc
00fdf7ff07f804fb
f30700fffe010304
f507030206fd08f3
01fdf6faff000200
f7fd0af90804fffb
02040503f30508f7
0604f508f8fdfa01
0002f9fb08fafbfc
0501fb0206f50afb
fef2000201fc0bf7
0506f9f5fc04f8f5
f90202f9fff80804
0101faf8f808fcf6
03f9f6fe0207050b
02f8f7f800fbf801
fb02f4f607fe02f9
00f801faf6f605f6
03f9fd00060c08fd
03fef7fef8f400f1
fbf70601fefafdf5
0a08fb03f80207fb
fe0606040502fd03
0007070805f2f303
06fcfbf6f2f3fefd
fa06fef8f304faf8
02fff202f701fdfd
f80301fcfefdf806
fd030407fa030308
fe09f70307f7fc09
f5f400fdf803fc0a
fefbfdfef6f4f4fd
00f2f801f500fb04
f70403090a070004
fa00fe0808f2fc09
0af4010406ff08fd
01f90bf203f50a07
f80afc0807f30908
fef70205f2f8effd
f7f204fc0003fd08
f8ff08f90af7f808
f40806010202ff0b
fcf6fdf705f7f9f5
fe04ff00050309f0
0504fffe09f60501
f90508f506f3fff6
f8f9fe0a00f101f0
fafb02f5fef8fdfa
f502010509f605f7
f404050cf8010802
06ff03f906f6f7fc
110501eff7fe0507
fcfef6f5010701fd
effd010cf9f1030a
07f8fcf907f702ff
fdf4f7f2fef4f5f7
0900fa00f8f7f90a
0504000007f8faff
fbf6fe02f7f3fbfa
01020100f2fa06f1
f9faf2f3f8f6f6f4
06020b01f1fefdf5
04f604f9faff0605
080701fbfcfe08f2
010103fef10403f9
fefbf701fa030202
0407f8fafaf4020c
0cf7fef70209f9fa
f7fc0308ff01f3f6
0af504fdfff40c0c
f80bf50404faf208
03fcf6fa07fbfaf6
f6fb0af4f1fd04f9
fff5000805f90906
ff08f6f7fd070cff
0bfdfef005060201
03fbf9f107f30700
f9fefc0800f501f7
ff01f503f700fcf4
fa00fff7ff0104f7
02f20706f805fb06
05fc03f80408020a
fcfb050af102fdfb
0207fc00070f0e05
0701faf6fdf702fa
0301f5f9f6f5f7ff
f6fffa01f6f8fd05
0d06f800f2f30705
f4f5fbf9f408000a
050a03fff80607ff
02f4faf40007fd07
f6f6f300fd05f6fb
f5fb02f401f9f7ff
0101fef8f40508f8
f405ff0400060f01
f50bf5f2f2f9fdfb
f7f304f8f001f5fb
04fafbfaf1fc0904
fff209fb010dff10
10fcff03fe0cf6fd
0af50803fb0601f4
f8f7ff0101fbfd04
f5f70605f9f6090c
fe0904f4f3f60103
0afcfdfffcf300fa
050bff06f3f60804
ff02040af503f9f4
0d07f7fdf1f208f6
07fc03f2fd070603
01fd0a05f4fbfb09
fcfdfa1201fdf8fe
04feff0afb0305fe
fa0cfbf800fdfc00
fef70f02fa04f709
0af5f208fcff0dfb
06fa01fcfa01fcfd
fffb0cfc0701f5f9
0207fa07f6fd0504
fefffdf8fa040af6
11f601fe090310f3
fff904fff20605fb
0907fafb060af700
f604f4f3fcfe060b
f100f8f5fafafd05
0301f9f9f907faf3
f6f6f1f90000fbf8
fc01f6fa02fbfa06
040afa0907fd02f4
0bff03f1fdfb04f3
0707fdfe0104fefb
f3fe02fa06ff0512
090cfa07040cf7fa
03faf907050602f1
01ff05f8040608fc
fbfefd0d08f6fffa
fc0afef9f4fff3fd
f8fd0405f2fdfff3
fc06fa03f704fe0b
08fef10203fe0206
f30a030af4fbf6fb
0bf605fefd02f104
01fdf7f7f2fcfdfc
fb01f1f7f6fd0507
10fbfffbfbfaff06
f6fb08f7f4ff02fc
03000ff8f500f602
fcf6f4f7f307fe07
f306fb04fb09f406
f502fe0807fdf8ff
07f602fa04fbf5f7
f5fa09f4fff9ff05
0e00fcf2f4090401
04f703f4f809f3f3
0307f0070007f903
faf5ff0105fa060a
f1ff03fafd00fa02
f701fafc0306f8fe
00fe0701f2f60af9
f605f3f8fa0cf910
f60806fcf8fcf1f3
0bf60101f1f1f2f6
0bff0bf503fc0b01
f4000cf3f2fdf107
f9fcff0302f6f3f6
0bf9fc01f5f4f405
0105fe0afef90207
030f0e0201fe0303
f706fa08faffeef3
f7fe00faf1f4faf0
f7f7fc0af0feff05
f0fcf3f906fef504
fdf7ff08030bf505
fafb04f103f5eff4
0a08f502f2090908
fcf6f7f00208fa11
09f8f503f3fdf104
09f3f608f7f2f7f0
08060608fd0806fc
fc040bfe06fcf808
f5fff8fff514f8f7
06060409fa000105
f701fb07fff604f5
03f7030407fdf606
0e05f303fe0008fe
fcf7f50402f706f7
f702f3fbfd0308fe
fff90401fbfa0b00
080cf509fc08f4ff
08fa0101f6f7f6f6
fc0b010406ff010c
00030aee00030e02
f70bf1fafc07f7f8
02f5fdf2f206fff0
f705f6fefd0206fa
f300fff5f9ffff00
fd050406000e04fd
08f3f30407f8f005
f5fefbfbfc010409
04f8fe010111fe06
0d05030c03040304
0ef90306fefa00fb
06f9050afdf6f6f5
fefffefd00070005
040eff0efb04fd05
0209f20204f206fb
fa0708fb08070100
eef20801f7090501
fdfd06fe0503f3f9
0607fb0400fcfa02
fdf703fe05f5f603
01f7f908000502fb
06f3fc06000cf9f6
f9010a010af6fa01
f6f60608f20603f6
f80cfdfb0203fd05
08f5f10904f201fb
f9f9fcfe0707fd05
fcfcf6fc07f50b00
f7fd0304f4f6fb02
fa0c02f6f1f503fb
fefcf1fdfe0506fe
0b000700f101fc00
00030a000dfefb06
0502f6f808f40100
04f804f3fc03f708
0a000ff8f805f507
f9f80e01f6f40e10
0101020902fb0905
01050803faf5fe03
01fa0b06f905f809
fa070209fb060a04
04f20605f706fff4
01f5f70407f006fb
03000efa01f2fe01
fef4fa050df100fc
1000fafafcf409f8
00f604fef3050808
02f5f9f9fefff602
f70207fafaf303f2
1107fa0b00fffbfa
000704fd01f2f903
0b01f908f40707fb
0efef9fbf7f4f6f7
0ffcf9fff5f603fa
0b07fd04fe0508fa
f809faf9f902fd04
02fa030807fc00f0
0207f6f3f4040bfc
02f6f8fefb030602
03fd0500fbf30702
03f9ff06fdfe0201
01f5f8060303f3f5
f504fe05fcf8f307
fefff200fef8fb04
fafcf506fdf60202
09f6f206f508f400
0af901fbf3f60904
f70bfe09f7fef6fd
f70503fdf50703fa
fcfefff5fb0cf506
0505f2faf4f200fa
02fd090af8f505fe
f70604f4f700030a
fdf4f4f5fff9f909
00ff0afbfa05f6f7
0808fbfaff02f70c
fffb0601f7f006f4
09fbf905f6f60206
fc03f2fcfdfcf506
0208080bfdfbfbf6
0801050006f8f709
020705f60af7f2f6
f7fcf601f5f60100
fb07f8feff09f5f9
fcf3f808f602f6f9
0300f8fffdfa0cfc
0106fbf305f8f7fe
0106f8000307fa03
0bfe02fdf4070607
0002f80502040500
0605060301f4fbff
fdfff905fefff701
f9f7fdf9060507fa
00fdf3f6f8fefbf6
ff010400fa05f4f3
fbfbfcf5f6f6f902
f3fdf6fcf60203fb
ffff04f905f8f600
faf7fcf206f0f3ef
0201f202f7fc0504
fb03fcf3f0fbf0fa
f9f8f8fffff2fcfb
f9ff0600f7f3fbf8
00f7f2f9f8f301fd
f0f90105f103f5fa
fcfafaf2f5f6f804
ff06fef9feff03fb
06f3f9f3fc00fcfa
f601f8faf6fb07ef
fbf7f40405020103
06fff606f7fa06f8
02f6f5fcfd05f204
06fffcfc0104f307
f502ff06f90004fc
f6f700f806f1effc
f8fef602f004fcf4
feef04f9f0f500f8
fc030206f8f601f1
f7f9f3fc05faf900
f9f2f9fbfdfaf0fe
fffbfff6faf3f2f0
02f503fafcf5fdf0
f3f205f902f5f005
fc0504f7f1f10501
faf30404fb040201
05fefdf0fefdf403
04fbf6f1fcf3f2fd
f705f9fdfff6fd00
0304f00400f405f1
fbf601fd040600fb
01fffdf104f8fcf1
03f003fdfcfb05ff
fdf8f502f2fef503
00f3fff9020206f0
00f50504fafdfafa
04f9eff5fcfc0004
ef03f1f104fafbfb
00ff05f1f9fbfa07
f505fff1f7f801ff
f204f302f2f400f1
f30706fd07f603ef
f70303f9f7020406
050101f8f0fbf3f2
fbfa0100f2f9f6f3
fbfcf604fdff07fc
06fc02f5f0effaf4
04fbf0f3f6fffdfa
000502f706f207f0
f5f7f601fdfdf1fa
f4ef01f4f4f806fb
03f5f8fdf604f5fc
f9f0f2f5fd06f301
f3fe03f6fdfaf8fb
05fef1fdfafbfdfc
f60106f605f8f801
00f9fff800fcfcfb
00fdfd05f0f8ff03
f8fcfefef8fffcf0
faf7f40104f9f304
00f303f5f001f902
fe0100f9f3fd03f9
f9fff202f706f6fc
06fdfafdf5f902fd
02f3f3fcf5fcfcfa
00fa02f3f3f3fafe
020000f3f003f2f9
fdfaf702f7fef9f9
03f904effa04fcf2
f6f3f7f1f4fbf804
f505f4fafafe04fd
f3f6f4f0f901f2f5
04f3f2f4fff5f0ff
fe02ff0006f7f705
f3f1fff4f900f3f2
fe02f1f704f3f000
fd06fb05fff7f4f8
01f8fcf3f6fdfaf1
fef4f5f1fff4f3f1
f7fc050603050505
f10306f3fc04ff00
f6f3f60102f304f7
f507f902f2f0ff06
fef2f7f2fbf3f400
effc06fd0302fb02
fff5f801fbfcfaf6
fafa05f1f7050700
f0fdf2fb0c06fdf7
f806f401f7fa02fa
f103f705fc0107f1
f9f903f0f8f0f3f1
ff000207f405fbf0
050606f7f7fffd05
f004fdf602f105f6
05f5fdf2fcf80706
f4f3fcf7000602fb
f905010506f0f7f5
f6f20206f607f203
f20102f8f2f3f5fe
fef6f606fdf4f701
06fbf3f2fd0301f7
06f9faf8fdf305fb
f601f3f6faf1fcf8
f7f7fb02f402f5f5
fffff40103fdf1f6
05f2f2fff6fdfbf3
04fd04f9faf0ef03
02fcf5fdf806ff06
04fffcfefaf3f8fb
02f3faf305fcfa06
fcfbf8f1fbf8fafb
050207f80301fff7
f300f803fefa0100
060705fa02f3fbf8
070301fe070403ff
fafbfefbf9f6070b
f0fa07f503f402fc
06f3f8fcfcf5f8f9
0002f9f6f5f801f4
f406fefef6f409f8
f404fe0606fd0400
ff08f0030000fd06
faf8f606fcf205fe
fdf9f0f3f4ff00f8
f8effa07f3fc0401
f0f7f1faf9010201
02020501fcfef007
02f2f30601fdfc02
f8fff9f200fbf9f3
02f7f6f7eff5fff2
050501f0faf4f8f6
04fe0401f004fafb
f7f8f1f3f6fdf1f9
f0f0f6f9f1f4f1fb
050407f9f204f8f6
f6f5f706fc01ff02
f405f8eff104fc00
f9f4020106fff3fa
f5f0f5fafbf3fdf0
f005f7f1f205fa02
fff006fcf2070201
f1f900f307f9f503
f80300f8fc07f5fc
f7fafafdf105f6f0
f9f4ffff05f3fefa
09fef20305fef801
0cfaf0effa0300fb
00f90b07fef6faff
f703f7f204f9f4fb
0b02f0fbeff201fc
fbf4fdf6fe04f900
fef7f5fefc05f400
0304f001060003fb
f008ff00f8fc04fc
f00405faf6f60302
f606f807fd0004f8
ff02fffff4f7f001
0605f201f9fffff2
05f1f2fd04f001ff
fafdf600f302fefa
01010000f4fbf4f0
fff4f4f2f9fa00fb
f804f3050503f9f9
07f9faf102f8f5f5
fbfe04f3ff02f0f9
f8f0fd02f606f705
0007040206010203
06f1fefcf1fbfcf5
f7f7f0fe02f001fd
fbf304fefe04f700
eff9fef5f705fbef
f502f205f5f9faf6
04030102fef7f8fa
05fdf2f6f2fa0206
fdf1fdf505fe06ff
0503f00c0502f2fe
fff50af20af3fb04
0c06f1fdfcf9fe02
f7f6f2f406fdf9fb
f1fa0afdfd03f9ff
f8fd09fc0cfff5ef
f9fb0107f4f40500
fff7f4fc05f4f603
f1000c0405f90807
fdf6f5010704f801
f50404f2f0f10502
f006ef02fbf1f6fc
02fd01f407f8f002
f9fdf4f40303eff9
01fefbf5f4f7f101
f5fffafdf2f5f4f3
f503f9faf0f6fefb
f8f705fff10000fd
f8f7f30704f2fc04
00f800f808f100fe
fdf302fbfdfafd00
f7f501f6f001fbfc
f402f507f002f9f1
f702fdfa05020201
01fbffffff03f5f9
fff1f8f4f103f6f2
0101fbf9fd03f002
030000f604f001f7
0401f2fff5f3f8f5
faf8030508fcf207
0afc0204fb06fb04
f8fcf9fcf90302f7
04f9f706fef5fcfd
0701faf0fdf705fe
0cf7f403fafcfdf5
06fb01f4fa0404f7
03f30af5f9fcfd00
00f007fc01f1f4f8
fa0702fbf0f1f0fe
ffff03f900010106
0601fdfef60407fa
fbfdfd02f0fd00f8
f7fff3fafb06fcfe
fdfaf4f8f0f8f300
faf2fb05000000f4
03f200fdfbf902f1
0402f1fafbf20203
f0f6f9f8f2f604f4
0202fef7f7f1f4f3
faf2f8fdfd03fa06
09f3f8f8fdfcf4fa
faf106020a020100
00fcf4f9f5ff0005
f2040704fff7f0f5
f301f705f105f707
f603fcf606f3fff7
03f9fcf2f8f5f0ff
f0f7fbfafdf2f605
f4f0f1f7f4f7f6f3
f3f8f3f9f9f607f8
fefbf5f707f2fb03
01fd04f0f606f1fe
f700f9fb06fff9fe
02fbf7fef2070afb
fe0107f3f9040103
f4020103fcf4f4f3
f5faf805f2f703f7
f9fafb0208fd00f7
f0fcf7f3f9f8f9fc
07040cfa05fafd00
fafcfd0101f706f1
08f103fc000305fa
fd06f602fefe01f5
03fef5f500fafff2
01f9f30306fff0f3
010203fbf8f8faff
060203fcf3fafbf3
fa110c0d08fbf6f0
01fcf60307f8fefa
f606fef9f4fc0312
fd05ff06fcf7070a
db190e020af3ff20
0d090c020906fe06
02020711030c02dd
110c050408fb0d03
14e3fcd00529e001
f12112f9fe3b1705
f124070c0410f910
010ee7ededf0edf2
2847f843131d3b2e
f2e21ffe33082225
07361427f52fee27
2a33f9450802e3d4
1af120f20f1cd9f9
f6110a13fc2b0319
f404fb02fbdbe816
f7f6fbc2dd0fef00
2318f21df51d1925
edfb1afd1c201f16
f82d152aff28050a
05330c16ecfcedef
f4e2f9eb0d010cf4
010208f90e11fe0d
0a0603f6010bfcfb
01fd0804fffe0107
1330f5fbf90bfaff
f503f8050bff0d01
f8081106ff07fe09
fc0af8f9f8ff0bfa
25fcfdfbfff3fb02
0309f70af9f4eef7
06e802060504fb04
fe0dfefdf9000208
ed120401f9eb0e1a
0dfeeaf90f01fef6
05fe10190de80ae3
060b01050a060d05
e4cf0eda0808f5e0
f6151bf80f23efee
06f4e4160af301fa
080601130f030d07
1f230e320f142b0f
1bf0120919e3f817
2e00fd0c1529fe1b
14160d49170c01eb
0e061516fc1de0f4
f92714110712fa14
f1f80bfefde6ef19
f0e7edb3deff0212
0930161ff212193e
f2f92a032e0d1e1e
071e273efa27fc03
1c2e070503f6f0f4
13d306f80dfa03e5
0f01f90508f8d505
12f8f0f70903fefd
f6f1fd06ff020108
1a33fcfd04ef1405
0ef7f805f901e807
07f20af3fcecf5f6
0afdf7f9fb0404fa
2a0e0bfbfefb0a00
0817ee0cef03eaf1
08f2fff80f0b100a
f9fe080bfefffe08
032d0903f8ff0d0a
0c10f60002f8f7f2
060d01f4fa030dfc
010b01130efbfd07
f9db08d608ffe5e9
041107fef11707f7
0e0b07fdfd1d0bf9
fd0b061df609060a
261b0b1e08081115
09f913010ff3181b
20151108090c0319
0d1015250815f9fd
12090b0d0e19fe01
f604fe010f140b1f
00140bf7f1e00324
02f1f5dceafa050f
0205071bfa021f27
f6fe0e021308030d
100ff90bf61601fb
1a030100f405eff2
0ce207eafe0dffdb
12160307f2f3dcfd
08e9efd902181301
fdf4fb1e080f0a02
232601fe0af80503
0606f10aeb04e7f6
fdebfaf706fa04fe
05eefffa0304100c
11fa01f809f9ff01
11feed00fcf3eff3
fee504050d000f07
f1fdfaff00f81613
101a0f0c06e71331
1319f50300ebe8f2
1806f8ee07fc0be3
08010c0a04fb100b
0410f607f20d052b
fd1c10fc19170ff4
fffc10140c050a01
1110f734f700160f
1a1e1612ff121f3a
0713f71921061004
0b0d0a150e0f0b19
180bff151a051501
0afb1204150110fc
2821ef1e0d0d05f8
0ef6f4ff16f5fd12
08010e05120e0f22
00080214ed160e24
f6280b08111e0813
0305fd0afb140105
200bfb0a00f4ec00
0f09fcf50eff10dc
150a051004ef0409
18fa0002fc130c08
0e0209260e02160f
211908090cfd0702
0509f0f9ecf5fafc
fdf807fd06f4fbff
01f507fbfe091114
edf1051002eeff07
17edda13f9e1e8ea
02dbf9f217fb1902
fe0812fd1302170e
f9e006fb12dde4fc
0e09ea1ce6e4eaea
1ed3ede50ee10fe3
eedf0c0510001c04
19130532fd14373b
0f2703021af500f3
fe04fb0e1b00060c
1d19042f06f9171a
f1de2eff20df01f9
33e4fa37fae7e8ea
1dd6e3e32ff82ee4
06f022362a172e18
fef620e91e02d3ef
3e1eec31f1fafafa
11fbeef42dec1df7
f5e6010427113031
fe020c0305181d2d
042b000105261b08
030dfd06080ef6f8
0d170d050bf20f13
07f3040702f615f5
0309090efaf9fc13
0a0d0306082109fd
060113220d041311
0b020d01f7edf607
1408fb02fa06eae8
07e706f010000ef8
f5ef0aec0afb1110
ccdd060f0ad7fded
0fdfdc02e6e0dbe4
00ecf4f312ff13f6
f1fd0d03fc0f060a
eee30aef0be8e4e0
18eed807ddf1dee1
08e5e5e00de415dd
e0eb15f71c111214
f9ef031ffc0324fc
1903f906fbd4edec
02f4f4eb090a15fa
fdff0e32150e1c07
e1c415f80bdce0dc
21d4ee22e5dcebe1
22d7d6d714f32bfc
efe41cf924251727
f9fa01f40305f2f0
1e1e050ce4100bfc
06eef0fffded0fed
f8e906f30812081c
fbf6ef05faf2f6fa
f819faff0f131afa
fefd00050304fa00
01fefef4fc05080e
fffdeff9110410d3
110afb04f4030807
04010103fa0c01f8
f6fd130d00fc0b0d
0b21f8090aeafd01
0ef4eb07f7fffdf8
fbf5fdf8fef604fe
00e70bee0a0811ff
ef02f409f7eff6f2
11f0ed0df3dbefe8
08e4f8f80f0304f6
efff0002f810fd0d
f2f20dfefee4e5e0
15f1eb15daf0dbdd
0de7e0e410f009f1
e4ec14f607160a0f
201a031c08191404
0a17070406f911fe
02ee0c010e1cfe16
040c0f05f80dfc0b
f5effef60800f6d2
06f5070efb0a1a01
11e707e011150d08
f3df16090221f602
f300f5030f09dd05
05020b00ff05f402
f7fdff01f108f1fb
04f205edf0f9f6fe
e1deeee6fef0f6e8
ee0ae9eef706f5f5
eaeef8ee0af601f3
f6f8f9e4f0f0f2f5
fdf2ebfcfb070be4
09fb0efafd011117
0efc06fb0406030e
f2060514010806f6
111c0205f5f30e02
0106f6f4fc0603f7
f6fa00f807f6feff
f20208fafd06010a
0612070effe308fe
0de5e8fef9f2f0f8
020002fefc0512fb
f40504f40908fffa
090602f504f2e4ea
0cfbfa0ad204dfe8
0cdbf8e10af00e00
e7ec14050d150e14
3331f91d00300415
f52313060c2a1b0f
f30e2822fa0cf927
0a0af5feec05f6ef
091efa09f5f94524
edff0fe717152116
fd062416eb27f10b
1d0b0035faf6e3e8
ebe70dfb14f4edf7
1103f9fd04fd05f8
faf5f10423f301fa
09ea0a181e031510
d9d406e504f7f6dc
fbf4fb09001202e5
e5f8e70400ff00e8
00f1f4f7f9f90eff
09ecfbf7fb040feb
0c1212f4fd0afe18
0e15f806fd160d02
0412050d0006f106
0e2501040005fe13
fcf603f7fb04100d
071004fe04f8f914
fefd02070804f3f9
f7f502f9f7f90b07
0704090601f9f5f6
0709fdfa050001ff
0c09fcf2f900f4f4
f4f7f8fdf405feff
0407fe0600fdfb09
00f709f305fa0003
08070307f5fc06fc
04fd000008f30500
04fcf8fbf20c0b00
06f808f7fe030104
f6fbfc00f8f805f3
fdfdf9ff05090afd
fe04f6f9f4080bfb
f6f502fdf302fb00
fff40701f4fdf209
070902fff203f6f6
08fafaf507f80c00
03fdfaff00f7fa07
070202ff030008f9
f503fdfbf6f906fe
0409fffd06fc04f8
f907f8fffbfc02f6
0505fff2fffff900
f9f4fa0903f2020c
f9fdfdf5f8fd00f9
fe030106faf9f5ff
02010407070009f7
0706fdf7f1fc0802
f9f7f4f3f5fb03f8
08f2fcfbf7f401fa
0afb0608f307faf5
0409f7fbf7f8fd01
f507faf4ff020cfb
f907fd08fe020901
010505f3f4f5f6f9
0afb0b0504f4fd08
f804f8ff08fc0502
fffc01f705f9fefd
09f8f808fbf5fa09
faf7f408f302fefb
f3f709f909f40301
06fe05f5f4f6fdfe
00fffcfc08fe0303
01fe01fbf6fe090b
0200fbff00fbf6fe
07f8fafaf801f303
fcfe05f800f1fff6
0503f702f8040a02
02ff04f50802f6f9
fcfbfffcfaf8f7f9
0bf2f4fafcf302f9
05f809f909fff9f6
f2f2090603fdffff
f9fd03f609f40502
fbfffa0300fb02f4
0bfbf90afbf8060a
fbf304fafa03f3f5
0902fc08f9f8fd04
f4fe08f8fa03f502
f907090a08f105fe
f50008fc09f50108
fefe09f1fb03f5f2
f5f60005f7f506fc
0cfb06040705f7fb
f7f6f2fbf2f8f2f7
f7fbfa090507f9f7
02f2f4f7ff00f6f9
f6f4f906fdf60bf7
f804f4fe03f7ff06
f4f6f2f4f5000709
f9fef105f6fef6f8
03f5fc0af2070cf9
05faf306f7fef4fd
fdf2f800f9fefef9
f4040808f4f7f402
090803fff30008fa
06f401f6fd040908
fc01f50204f30606
f8f5fef6010604f9
06000b06fa050407
fc03f201fbff0c0c
fefef8fd05fdfc00
fa09f7fef9f8fd09
fff904f8fc090306
fef105000703ff09
f7fffc0204f90706
04f705faf9fa07f3
0604010407fffbff
0706fafe09fa04ff
01f20309050901f2
09f9fd02f8ff03f1
03fb06fffbf8f6fb
fb04fbf2f7fd02ff
0108f5f8fcfe0104
01f607f5fff2f7f3
05030c0105f507f6
08f909fa03fefbff
fb07fff108020200
0708f8010304fa07
fff8fc0902fe0102
f901f5faf4fef6fb
02fd0204f80000f7
0606f306faf1fc08
05fd00fc03fcfa03
020705f3070108f6
fefef8f9fbf7f307
f8ff00f603f9f603
01fa010c03f40103
03f601000003fd04
01f5ff09f9f5f8f7
f6f70802f4f301f9
fb0afa0af3fcfef7
f505fe0104010900
040702f605fbfcf8
01fff80700090409
08f40301f4f10503
f503fdfefcf5f609
f907fff40501fa06
fdf6f60700fbf2f7
01fdff08fd080209
f9fff906fc08f604
f6fdfff307f9f6f7
f7f7f7fafdf2fbf7
0302fb08f705030b
fdf6f902f407fd07
f7020603f5f406fc
06f5f3f8f4f306fd
f901f5fc07f30201
f7f9f9f706f301fc
090207f9f9ff02f5
f6faff060800fef7
020a05fafe0005fd
fd09050809f8f6fa
0109fd07f101fcf8
fdf4f6f3f70304f4
0b0bfcff01fe0605
05f9f1fe040309f5
f8fef7fbfffafcfb
f70501f106fb03f6
fafd09ff03f80a01
0800ff060607fdfc
fffd0707fb01f2fd
09f5f10605fcfffb
060a06f906fd08f9
fdf4f408fff5fef9
f8f4fdfff706f7f3
0cf9fafa06fff504
f608fb0409fd09ff
f5f40706fbf8f5fe
09f506050505faf4
06020305f6f40702
f80c09f60108f604
fe02fb07fbf20509
0af5fb0502f9ff09
030705060506f2fb
faf50afd040207fe
f600f4faf9fd0703
05fb090507f509fe
0cf1f7f2fa08fd00
0b070bf5050609f9
08f7fdf9fefefff2
fef407fafbf8ff06
f7fcf5fafb03f4f2
fffef4f40105f700
f605f90b0703f607
01f8fe0103f5faf4
08f3f2f307fdf408
08f4f8f5f308f600
04f3fef9fafa01fb
0af2f5fcf3f400f6
fe0107faf8fcf7fc
0907fefaf1040003
00080802f4030b05
fdf6fcfdf4f2f8f9
0504f6fbfff8f8f2
0af60404f8f204f5
01fdfb0506f506fc
f4fb0406f5faf502
0af201f3f4f70801
0b0a06f8fd03f604
f5f30000fb07f9f9
0007fff7f6fefd09
0006f8f8fa07f203
00f60607fef2f60a
f9ff02fb06f20b0a
f6fbf8f201f20505
fe060404f207f908
0b0105faf5fc0afd
f2f800fe08f2f7f5
05fa05020006faf4
01fc06f906f9f8f5
01fffd0bf8f7f600
fdf5f3f80308ff07
f601f908faf200f6
0804f3f30708faf7
0202f7feff08f901
ff03fa08f7040a08
0b05f80005f8fcf8
02f5f106f2f6f2f7
f7feff010901f7f9
0705f600080506fc
03f2f5fe03fc0602
06fbfb00f8f5f2f5
ff0cf8fb0106f709
03fff3fa00f4f505
040afef4f6f80305
00f6fe080205f5ff
0afcfef805faf7f9
fcfd09faf904fd03
000109fcf3f2f8f4
fef805f50805f200
fc08040805fe09f9
f40502fe0104f7f6
0cf2fff503fa07f2
fc0201f7ff0308f8
02f7fbf7f9060208
09fbf3f80201f7fd
00f40607fc0bfc04
02fe01f9f4f20701
06ff000afc060209
f90304f6fb04fe07
f7030007fd06fef4
f609f701030800f6
0a0b0006f609f8fb
01fd07fff305fc06
fbf4fff3feff01f7
0bfff8fcf8f4f9fe
fe0105fef5f401f7
08f5fbf7faf505fb
08fbfe07f604fd00
f80901fe08ff0806
06fdfbfafff5f600
07f5fdfe0404fbfd
f906f5fcfdf2f1f9
fc07f8fbfff30204
fc0003fa06f8f6f7
000605fbfef9f80a
fa01fa03f3f808fb
0502fafdf4fcfdf4
f903fc02f6fbf60a
fa03fefc07f2fdf5
08fbf3faf701f2fd
0005fbf4fffbf3f7
0c05fa030409fa02
0804f5f5f30906fa
f7fdf800f4f3f2fb
fffefff20101fc08
0405fc06fa0706f9
0204fcfcf4f60bf4
f9f9f2f9f4fdf3f9
f902f70204faff04
ff0304fbf9ff0700
030204f501f8f5f5
06f601f8fb05fa07
fb030909fbf30305
f407010702d6f3ea
05f5d9fc0ae4e5f8
f7e504020b0500e7
020411fc06f80e0e
ffc506e01006e7de
02030506d9ffd8c7
13e1e5db09f0ffe9
fecefd000e0b05ff
0c38e939ec150b11
f80efaf211fe0d19
f51f2406e406e519
ff0df303edf0fbf3
ef03f9f6f80103f1
061006fcfc1020fe
eb080515fc0cf90d
f505f6ddfa0ffd0f
fd08f7f0f90411f9
0a0309e711062018
fa0e0c0af8190c10
1813071d0607fd0d
1010080d06f912fa
f90cfef90a01f502
02fd02f605fb090b
fc08090afdfa0308
d5f012fe13d9fdec
0bf4ed13f8d6f1e4
04e2eeebfffb07e0
0efa090212150c05
e1d4fceffb05e201
07fef6f8f5f9eae4
f6f3e7e70ddff9f6
fdea07fc0cf40a09
1c1bf3f506fdf1e0
06d7ed0af2f71d08
f522fdf409faf903
ee010e06f60cf6fd
09f1f8e90911d8f3
fa11ed0ece0901f1
fbe2fde9f7ef0c1e
d0dd0af4030bf90a
333d0b1df317362c
fe15fd0514070f16
ef2f221af506ff09
f80ff2fae4f404fe
040a0de4f5170d0c
f12514fe07291f08
e905170ef70afd06
0e17e6d5ff010efb
0910f507f41810fd
fcfd0fe920152721
0230111ae12ef903
2225f701e4f3daf7
0521fc14000e1e07
ff0d0cf802080915
040c020d020a0a0a
fc02080909fdf502
f6f917050af5f616
0c02f703f9dc01e1
08e0f108050308f4
01ff080cf90a070e
1a06faefff1adef3
f7f9fefcd8020e03
ed1309effcf10919
dbdefcf1f3fb0a08
3a37eff4f123faff
ef0313f0032a2f1d
fe41230df7fef726
f4fdff00ecf1ff01
55590635f80e2b13
fae402f330112627
102c3224071cfd31
261f040904ff0aff
0a0c040c17f0f3f3
0b06fb170df2dd17
0fecf9f300db000e
e4ea09f201061212
ecfd0400fe0310ff
04070a05161cfdfa
f9fa0d0ffef70604
0603fe0d02030c05
06fffb0aeb0bfd0c
de2718ed05f904fd
eb0ef711f613e8f4
0d0ae5f4e7dbe7ee
f50a16120bf80df3
0ee90f04fd04090e
0812fd0bff0a07fa
f901110dfd11fb03
02190fff1200f814
04fd090208010af5
0e030b0bf50a09e7
ff050100f707f5fd
353ef001f32bda13
fd1b0ff3e6051910
f432120807e0fc20
e80301edeeeffff5
1c250204fc120912
020b0bf01a031311
e9191e160401020a
0d06f7f7fde6f8fe
1018fe0b09f81310
0704010319f40908
000a0b16f70801fc
1109fa09fb080af6
3d39f503032cf5eb
0a1506f6fd201508
fa231508f9df002a
ecfc08b7fa08f303
1229fd140c02270c
050116eb1a002006
fc331a24fa27050c
1d2d032af60f01f3
200df30ef2f9e204
e4f403e8f1fa1108
ed09ff09e816e30f
020de1f7e9e7f1f7
fcfe03f6030a02f1
faf717f2f40c1705
fe16fe05ecfafc0e
fcebf7ebe903e9f6
2537081a12ebfe16
13e1fe0409011a1c
1828101c050b00fe
f61b14f0090aee01
29e7faf8fd19da14
f30d0bf7f207faf9
ee11fe0b02de0205
edf3f0e601fc06f4
0d14fcfbf5fb14fd
030209faff030517
f20d080902f1ff02
03fb0e03fd0508f8
0616fcec030a0101
13f2f6ff03f2f707
09f6fbf30cec1508
0f07f9050d0a0e0a
2612fafefb1dddfe
fa1802080724fdf7
eb0809fdf0f2e60e
ebf3e6b8f9faf9fb
1c3cce18ec122723
ca0709d915151614
e9211b1ed728cf1d
0e22f50fdae0c9da
fffdececeefa150d
c7fc05e60e01fe11
f7fb0512eb14ee01
08fdf8fdd7d8e6db
01f9080e07ff0bfe
ecec16e50301fd1d
0108fc06f2eefb07
fb06f8f8eafef3de
111e051f0cf30913
00d8170a0cf82214
0a090c26fe0d0aff
09150b00f907f009
ece200e3040de000
f910f6fbdc03f6f7
0701fc0105dffaf8
edf2ffe9f5f8fa05
0822fe0608fdff11
07fe070efbf10700
ff09130907030206
f70c12f3090b0a01
051008f90df2080f
1208ee0f02f3fbf4
04f201ffff000b04
0cf80b1806050afc
1705fee90824f81d
fc21fa06ef2afcfe
00080a0405e5fb08
ecfdded800fb0b0c
3a48f525eb253b2c
cf302ce81a1f282a
e3443526ea32d51e
1836e2f5dae8e0cf
f607fffdf6131716
d8e81dd9151c1621
ef0e0e1ef234d519
1e0bf33ce6eeece4
0801fd12fb0608f3
eaf90ef306fd090d
fb1b0c03f4f7ee11
07fff1f4fbfffae3
e806130cffda0f25
0bd40c1807e811f0
04f2fc1a0b1911f4
08200efd070d04f8
e8e4eff702fae8f2
ff02f7f8e0ebfefe
edfbebfa0bdefbe9
e3f9020102f40905
f5fb05fcf7ebf7f2
0fe2f80a01d3d5ea
f6eaec0402ff08f0
f3f210f7fa060d0d
d3eb01e208dfeae1
12d9d404ebc3d0cb
15d7e2dfffe813e1
faef170d0f0b1213
e2e700e90316bee5
080afe01e505c7d9
f5dcede708ccf9eb
dbe2e7bf03020004
4134f202f72a182e
f02d12fc211d1a28
ea240f2cee01fc11
051de2dfedf3f2f5
050ff40eec10191d
f7f517ef17040e15
fc10081d0022f516
1718e829f2e1ebeb
15160114080c1f05
ff0a15fb0d04fa0c
f804010af2f7fe15
0202ef0902fdfefb
e61618040be20d18
16e404160ada0cf0
04f8fe1bfe1212ea
031a08030f1eff07
f1dc02f906ebcfe7
0503f30cebebdae5
eff2e1f4fadafdf0
dee303e7ff070e06
fafd0004f5e6f7eb
ffe7d6fbebecdafe
f8fb00e30901fdf9
e1f40707f80508ff
dddf00fb03e1e3e3
0df0d60fdce5ead7
0ed6eade10e50fda
d3d406ff01ff040e
eefcf5ffff19bced
f819f0fad512e3e2
eae8fdfcf8d5f6f8
c3e0e6c1eafaff01
191ffb11f70a1012
e8f510f40bfc160b
f21f170cf612fa01
10150719f8fbf0e9
f809060cf80cff09
02ff120ffcf9fa0e
010306020305080d
090b01ff03f30202
fc0304080df91304
03fafffc13f40416
06fd0206f3f90c0c
fc0df507f7fef802
ee211b0710cc1c37
08d9fd1008dc0afc
0700131a0e0e0bee
1b160304051a0103
e1ca00f807fddaef
f900f504e3feddd5
fae6fbde04dc02ea
cadd09ef0205fe11
f2fefe01fbf4050a
fbf9feff020402f1
fe01f90205f80109
f7f301f504fefa05
f106080402fe0205
f9f308fff108f2f2
f8fd0205f6f203f8
00fe02f40b08f3f3
f708fbf2faf50005
f604fdf5faff02f4
07fe0800fb0408f6
0001fbf2fef3f608
07ff03f9fe04f802
fd01f104fe0708fe
fbfff605fe0008fc
fcfef2ff04000202
f8ff03f6fa080bfb
f400f9fff406ff01
f70602fef6f500f6
fffafd0300f70401
f1f407faf5f4ff02
05010503f50403f1
fc02f9f800f8f5f5
f90804fe03fdfdfa
fa0b03f400f2faff
0600f7fc07090003
fff2f902f1f8faf8
f4fc0407fafef7fe
0701f5f5fb05f8fc
fbfb03f904f808f7
fef7f10408f1f5fc
f3f704faf508f706
01fcfdf30301fffb
04f8fef8fd05f7f3
03ff03fd08f207f4
fef7fe06fbfe0003
fdfffcfe0701f6f5
f6f6f4f5000005ff
02ff0b03080703fc
f5f906f907f9fe04
08f9fdf4fa0902fb
06f4f2f705fff1fe
06fef5fcfa08f4f9
0706fff8f600fd08
f90bff08fbf7f6fa
f3f201f6f902faf5
06f600fff2fc08f5
f60702f109f1f9f2
f807f2fd06040709
07fffa04f6f4f4fc
05f303f5fbf301f4
fd0003fdf9fbf4fe
0bfe0306f20604f9
fe06fa0209f5f2fe
f502f5080505f9f5
f405fc0cf5f70a01
08f8fd03f6ff0205
07fefafef4f7ff00
fff2f5f5060803ff
f907f7f707f1f8f6
0b05fdf707f5f2fa
f102fa0605f7f4f8
f2faf40407fbfc00
f8fff10209030306
fffb020208f40b00
f2fb08fbfbf8fcf5
03f702f203f1fffb
fb03f806f3f707f3
fefaf208fa07ffff
fefdf2fff3f9f5fd
09fcfb0006fef9f6
05f604fafd00f5f8
01fc03f1ff05fbf9
000401fef9feff05
f2fff5fbf8f8fcff
070803fff6f2f804
f700fdf801fafc05
00f3f2f7f6faf5f4
f5f406f3fafefef3
f3fb070cf707fa01
0b0b060707f5f90b
fd07faf4f7f800f4
04fa050701fff308
05fdf1f8f604f8fb
04f602fff2fa0b08
020505f8f30100fd
060405f40a08ff02
f3fbf70afa070906
0cf6f50404f9fdfd
fcf3f9fef1fbf601
0807f5f6f8f6f300
f406fbf603f707f5
0c05f7f9fffdfc04
f104faf5f5020605
03fef50408ff03fa
080703f5fcf6fff4
0b09f2f6030507fc
fafdf8f3faf6fafb
fcf60908faf8f1fa
ff080806f1fcfbff
0400fd0009fcfdf5
f305faff050106f9
00f7f2f908f30801
fcf50106f2050607
ff03f4f600f4f9fe
f3f2f7fffdf6fdfe
f1fefbf30003fcfe
0406f8fdf9fcf9fa
05faf3f2f9020808
f80307fcfe0706f6
f407f5f600f9f5f8
f2f3f4ff040608fb
04fbf8fbfffcfafc
f10603f3040803f9
f9f605f6faf1f2f1
fafb00f6f801faf3
02fc01fefaf602fa
01fff90006f803f8
f3f205f407f1f402
fff4f608070508f2
010305fdfbf9f305
f1f3f1f7f80900fd
fbf9f3060706fff9
f701f6f1f101f90b
08030806fbfe020b
f804f1fffaf1f904
f50bf80609060607
f6f2fc0103fdf205
04fdff0808020a09
020208f7fe07fefc
0509faf2010808f5
01f807f2f70305fb
f9f9ff03fcfc0109
010100090505f8fd
02f5f304f3f5f2fd
f1fff2f503f3f3fe
08080603f20207fb
f90102fef2fbfa07
08f103f809f3f8fe
0102ff030701fc06
fafe07f1f604f308
03f602f8f9fcf4fd
f90508fb0104f1f4
f904fdfdfe08f5f7
f8fe030708f902f7
0207f307fef5f600
050705f5fef304fa
fa06fdf907f5f8f7
0a0aff0405fbf808
0308f7f5f6f7f7fc
06fafb04f70700fd
f501f4f4fbfb0006
0705fef404fa0308
f8fafafe0801fb07
f400f3f906fe04f4
f9f9f4f4fef904f9
0a06f7fcf3f8f801
f8fe06f604f600fa
07040404f3f603fe
04f6f1fffff7f8f5
0404f101fffa05fe
03fbfeff06fbf4ff
fa030afe0601f6f5
f9f2fafe01f5fefe
f507fbfcf2fc05fa
fb03f909fef5faf2
fb000803fb040500
f9faf4f5f601f608
0604fb06f5ff0800
f6fc08fa00fcfcfa
08f90306fcf3f5f7
00f7f6f8fe07f807
f5fa03fd0606010b
04f9f801f60008f1
0502faf9f800fefb
fafef4f5f8f1fdfb
fcfdf3fd05f3f80a
f706f904fc0804f5
f3f301f3f5fa01f5
f404fcf504f3f3f8
06f9f9ff010708f9
f901f9f8fa030803
fff2f306f603f8f9
02ff0907f9000b08
0100f6f9f102fe09
ff010604f202f1fc
fc00f703fcfff2fa
fdf2fcfe08f9f50b
f504f4fcfdf6fafd
faf107f9f7f3ff06
f3fff9f1f6f406ff
04ff02fef6010103
fef604f8f70100fa
f602f4f6f9030005
f1fbfb03f80608f8
fcfc08fdf504fcf5
090bfa0003fb0b0b
f9faf6fef2f506f7
fb03fb00060201f2
f7faf602f504fdff
0804fb07f3f9f30a
f8fc09fef9fefff5
03faf5fb0203f9ff
0802f100f1080bf4
0cf6f8fb08fffd00
f80504f100fffe05
f4fffcfc050302ff
fdff04fdf20300f8
f7fbf8fc05f2fa0b
01f7fdfb03faf403
fdf5fdf70605faf1
fbf8fbfd04f702fe
0403faf7f7fef60c
f607f3fefffbf7f3
f80704ff0101f601
fb02f9fc09010000
02fb05f1f6f1fa00
f4f3f1f709f8fdf7
f800f4040205f1fd
f6f901f7fd07000b
f4ff0201fafdf8fa
fcfe0407f9fbf5fb
fa0afef9f6f60008
f8f806010605f2f6
0505030504f3f604
fefaf1f5f6f8f305
05fdfbfafbf9fc07
06fdf3f808fcfd02
0bf8f5f403ff090a
f807f9f6f2f90601
f406f5fbf50706fd
01fff2fe04070404
0701fd02fff907f9
0af408050108f6fe
fcf5f404f8f7fc03
0308f6f2fb0400fc
060bf701f4fafb02
08f4f6ff04f2f3fc
0201f8fb0604f300
fc03fa02fb0806f2
fb05f1f9fafb02f8
03020808f7f9fef8
06f9ff01f2fff904
fcf205f5f3f805f3
04fcfef1f6fa06f6
01fdf5f903fef8f4
f207fdf400fbf6f7
06f9f7fdfdf6f4f6
010901fff6f7f9fd
fa08fef7fff8f9fd
f5f6f10609f4fffd
06fef5f400060706
fafcfa02010805f5
ff0003f40701f405
0306f7fb0705fcf6
05f4070800fa09f2
f5f7f806f0f60609
06fe02f9f2faf9fd
0208030008f10507
f60102f507f604fd
010b03fffefe05fc
f7fbf707ff0008fb
0602f802fd08f601
030006f60704fc05
f7f8f8f3f60208ff
07fafffd02f8fffe
fef90804f80904f7
ff0408f5f6fafb01
faf804f301040402
f70404f408f50607
07f8fcfc0101f3fc
0604fdf4f6ff0403
f90606fff5fc01fb
05fafe01f2f7f907
fd02fbfff4f6f8fc
fd0806fe05faf303
f205f4fff8f80401
f7040007f609fd01
0303f5fc02fc0701
ffff00f7f9f6fc07
07ff020307f1f507
00080602fdfffaf5
08080afaf8f6f6fd
05f6fb08f3f200ff
fc010008fbf10205
fafd00f4f8f3fcff
fb00faf101fffd07
f1020208f1f6f504
02f6f506fffdfff9
03f4f80204f303f4
0601f2f308fa08fe
00f3f10508f6f1f4
fdfa06fd02080b0c
fff9010107f2f302
f607f801fc070200
04fc0000f502f9f2
f80706ff02fa06f8
f9fbf703f6fe00f6
fef6f8f8fb0402f2
f9fefbf803fffaf1
fd0af207f3f2fd00
f7f404f904f60703
08f1fb0405fdfdfc
00f40605f9f602fb
060007f1f204fefc
fef5fbf9f703f3f1
fff1f6fdfaf4fe00
0102f60007f6fcf4
fd0af1fd0608f40c
fa0003fe0305fdf1
f70207fcfc05f2f5
04f1ff03f9f60100
0a00fef6f8f7f5f8
fd050502f5f9fbf6
f1f2f6fffffdf6fc
01f4060401f1f5f7
000bfdfcfcfa0808
f3f6f101f5f1f8fb
f2f505faf5f302f6
f507fcf5f601f2f9
03f50505f300f5fc
0707fbff02060305
f8f4f8f1f5f40302
0400f3fbf5f706f7
f6f4f9f7f9f5fcfe
fa060608fe0406f7
02000203fcf3f904
f7fcfe05faf5f5f6
030b0306fdf907f9
f705f4fbfcfcfffb
0400f404f5f203f4
fdf3ff04fff6f706
fb03f8fef8070708
02ff01f1f6fb07f6
fafdfbf703f50104
f50400f3f7f4f5f7
07fffe07f40306fb
f9fefef405fffa00
03fa03f7f4f507ff
f3070407f3f505f9
0a0700f20708f9fd
fb0602fef105fa05
ff01f9fb0707f9f8
fd03f4f7f2060300
080af800f508f9fe
f40305fe02080305
fa05fdf1f804f102
01020204f1f8f103
09040805f7fefc06
07fcfd0201080308
060306030c03fbff
0702f1f608faf4ff
030207f9fbf7fc00
0506f5fe06ff03ff
fe00f7fff8040603
fff50601fcfe08fc
0bf806faf3f800fb
0301f9f905f402f6
04fbf1f2f7f10002
f5fffef8050602f8
f5f8f5f7f6fafafe
0103f7f608f903fc
01fd06fd0a04f5ff
fcf707ff05f5f608
f4f60bf3f70102f9
040104fd08f6f6fa
f400f5080605fdfa
f908fcf3f4f703f6
09f9f1f8fdf40306
03fef7f5f107fdf7
0604fd000700f5f6
f6f408fe07fafe06
0802fb00f3f7f9ff
f8f9f8f4fa0003f7
03f3fcfefafef501
0105fe02fdf104f9
f904fc04f3ff030b
0205fb04fd06fbfe
02fd00f7fbf90001
02f9fafc05f4fa04
05f8fe05fffa03f1
f303f40307f2fb04
f4fcfff6fcf4ff04
f605f4f4f3f800f3
07010b01f40304f9
03f9f50301080101
09f800f604f4f7f4
f60708fb0906fcfc
04050204f7f301f8
04f3ff05fbf307f9
f9fc07fefc010c07
f1f7faf8f7010407
f7f60bf100fff7f9
01f808fcf706fc00
f706f7f7f90409fa
fef40106f501fff9
0505fd07fe070703
01fe0809f2f3f3fd
f8fcf5f2f8f30505
07fdff03f8f6fc07
04f8f7f1f3f703f9
f1fef6faf808f103
fcfdf604fffdf505
f9f7f702fafaff00
0700f1f200fbfffd
fff3f8fcf402f703
03fbfbfdf80208fe
040805f400f9f603
f604f8f3f8fbfc07
f1fffbf201f701f5
fefbfafa010804f6
fcfdfffcfbf904fc
f609f80602fdfd05
fe04040401f7f7f9
06f1f40404f8f208
00fc04f5fef404f6
00f805fef708f202
fafa02f5fcf607fd
ff0308fbfaf6f1f2
f5f90800f30bfdf4
03f404f705fd04f2
fdf5040600fef407
fdfdfc01f5f1faf8
f6f1f9f1fefefaf9
09f6f1fd08fa04fd
f107fefc05f5f9f1
f4f9f2fcf6fa01f9
fdfe06fb04f8f2f9
0804fef6f2fa03fe
080305f5f7f4f9fa
070407f305000006
00f207fcf70bf100
f50101fffef30500
00fcf8fbf4f4f602
f7f200fcf3050204
fb04ff0805070000
08ff04f6fb07f207
f1faf8f602f7fbf6
f2f7fd0500fdfcfd
fbf9fcf4010301fa
0600fbf1fd02fdfd
f504fefffe06f306
0400f7fdfaf108f9
07f903fa0705f4ff
f706f4fe03f5f202
fa01fcf70004fcfe
f3f4fdf804fc07f4
06f1f7fa020405f9
02f4f900f4fc03f5
02f8f80407f8f6f1
fff7f5f8f6070501
fd00f20803faf4fd
ff07f2fe00ff00f9
fc01f5f605f106f1
f3f1fffefefc0605
fd050808f7050404
f5fb03fdf804f4ff
f907f3fff906f6f5
f20806fc0305fdfb
f6ff0002f6fef5fa
04fdf3060302f1ff
fff2fc05f8fb02f7
020702f5f4f2f2f8
f100030808f4f107
080bfc02f5f8faf7
f5f5faf7030508ff
03fdfbfffaf701f8
0107f308f2fdfc04
fffff7f7fdfeff06
00f1f6fdf20609f7
fa0304f6fdf1f6f5
f805fdfc01020000
f5fef1f703f4f9fb
000101f703fe0bf6
f9050bf8fd08fc04
faff060701050200
f6f5f5ff05f502f5
f207f3faf6f50606
0102fd04fdf3fe08
f605f4f1fa0107ff
08fc01f5f505f2fc
07f8fdfbfe00f2f8
f4f2fdf3fa030501
fbf6f4fdf70107f5
07fa08fe01f40101
f9f1fef3f2f802fb
faf901ff04f5f200
04fdfd02f2fdf803
fff504f7fdfe0606
03f605fa0706f1f7
ff08f3fd0503f5fb
f805f4f6f30106fc
020305f402f8f5f5
faf8fc07fc04040c
0402f204f702fd01
f4fef4f7f2fd02f9
f50504f2f1020709
fefe01f4010207fa
f8fff7f90200fdfa
fbf9f8fdfaf40104
0205f706f7f70508
fdfc0102f902fcfc
fc0cf5f907f8fe08
fdfb0707f106f6f6
fb05f3f301f7f504
f1fffcfc06fff503
f6fbfa08f408f602
05ff00fdf4f2fa04
04f6f6fff2f100f6
f2ff07f1f4fdf304
f8f5f9f5f2fdfcf1
f902f6fbf2f8f2f2
01f7f2fcfb01fcfd
f9fa06f702f50af6
f4f8fcf1f4f6f4fc
fcfafe07000700fd
f20c05fdfaf8070c
07fb00fafd01f800
fff2f40409fd04f2
06fd0105fefefef5
0403fb0bfef7f7fb
f3fdf4fdf6fcfcf9
fe0601f7f503f4fd
0b04fffcf90103f6
fdfd050b0505fd05
0206fbfd030401f6
f300fa05f3f70104
fff80300f5f3fcfe
fcfdf7030905f90b
f7fafafa08080302
0701fff5fc06fff7
f908f403060303fc
f500070508f5ff02
fff7f80307000bfb
fcf3f804f1fcfff5
ffff08f10703f404
f609f204fffa0bf4
faff0404040904fc
03fa02fff2f306f9
0cfcf907f401faf2
fef4fbff04060bff
f605fd01ff070c01
0309fb0506f3f7fa
0b00f608faf7f6ff
fffb0cf1f607ff08
0207f8f706fdfcfc
02fdff00f30500f4
fdfdf50500070609
06050306f7030901
fcf6f6fb010705f9
fc06f408faf2fdfa
03f3f60807fff408
fd0509fef607f7fe
06f4f6fef8ffff0a
fcfb03fa0806f3f1
f4fff3ff06f2f200
00ff080e08f3fc08
030008fafe080603
060bfb05fb030207
fcfa0507fcfdf6f6
06fcfa00f7fc0c03
f3fe0300f90005fd
03f5fef3f8fd06f2
fa01f202f5f7f1f9
0bf60506fd080601
fe08f60c0606f7f8
0309f3f5f607f6f6
02f6f7f1f8060406
07f9f7fafbf3f90b
fafafa05f50c0108
f20907f2fff9f8fb
0402f2080308f706
fe01060bfa000207
f6f4f6f2f2f70206
04fbf302fd00f902
0801f5fef9000307
0408fc0703060300
fb04f904fdf202f8
fd01f4f3faf306f2
f9f9fa02fe02f3fd
f603f9fdfd02f501
f8fbf4fbfd00f7fa
06f701fbf50208fc
f906f900f5f40803
09f5fef7f9f800fd
07f9f6f5fbfe0908
00fdf10107f6fe02
05f501fdf204ff01
f907f8fef9fc0c07
f20104f5070b02fd
f70af8f7fa050100
08f4f907ff08fff3
0bff0202f907f80a
f2f403fb0407f6f2
0208fffcfa0107f7
fd04050408fd0502
0400ff08fe0700f4
f1f9fef8030801f6
0403f60601f2faf7
fb00f8f8fd07f1ff
f6fcfdf5fb07f6f6
060406fa0603f9f7
fb07f402f10406fb
00fcf4f1fdf3f305
09f8f201f800fcfd
07f8f1fbf900fefd
fb0103f90300fdfe
ff00f2f8f908f103
03f505f90403fa06
07fdfefdfcf40bfd
f2f8f20504f6fcf9
0405fd0304f6fc07
0304fef905f300f8
f706fffcf6fc0aff
fc030600f7fff500
f20706f6000107fd
03080704f6fafb04
0505fcf701000902
0ff6fefbf9fb01f5
fcfe01f202f3f701
fafefdf9f4f30003
faf2fdf6fcf30001
0ef9f9070707fcf7
0603fbf6f902f1f4
0b0c0b04f807fc06
f403f2fafef9fbf2
03fdfd03f3fefef1
fa04f8fffdf6f602
02fdfbf6fdff0a06
f8fdfff505f304fa
05fdf9fff3090207
0f0501f305ff01f5
fc0205f8fef80702
fcf30508f7f20504
f6fafe0404fff605
03fb0001f20807f7
0108fc0a0005fc00
08f20307f5f8fa08
fc050004f60501f9
fefa08f4f3f2f2f6
f7fdf70bf6050aff
f605f408f904f901
06f7090801fc05fe
fefcfdf107f9fc02
f5f50a050609fd03
f3f4fef8f300faf5
f704f4f6fa0501fe
01fcf4f2ff060504
f4010c0700fffc02
0804f706f603ff01
fe06f5f1fdff01f8
fb05f2fef3f8fa00
06000a0af70601fa
03f30706f7f3f5fc
09f4fbfa07f106fa
fe0006fbff05fa09
fb010806f7f1ff08
020002fdf7f101fc
0c09f5fcfaff05f9
f805f408f9070302
ff020bf5f908fa09
020300fb0103070a
02fdf201f30109f3
f5030608f1f3f703
01f8f6f2f900f809
f7fbf6070200f6f1
05f7f4fb04f3f6ff
f6fffdfef7f4f808
07030606f503f802
f3fe00fbf303fdfa
0108f8020606fe06
fa06f3fe04fbfef7
fc05fa0bf3fc0207
f7010504f500040d
010502fbf1f20700
03fb04fc03f4fcf2
070603f7f305fdf5
f7f5060306f80205
04f8f2fe0503f403
00fbfb01f6fcfefe
05fbfcfa05f1fa02
02fbfcfef10efa0e
0efcf202f8f20b01
f8fd08ff07fafbf6
f709f60bf205fbfc
f9f2060004f50607
04f6fef2f4fb0300
08f2fcf9fd00ff06
fef9f5fe05fe08fb
fe04fa0b0505fbfb
fd01f6fe08fdf602
0402f4fcfaf6faf3
0905f50702ff030b
05f2f302f4f309fc
f7f808f9fafb01fd
fd07fdff07f30704
08fe03fa080007ff
0606fe0207fcf403
03fa0903f40307f9
0cf9f6070508fb01
080709f5fefb03f4
fcfd03f6f8f208f5
f9f108fef5f601f4
04f7f3f30501f5f7
09f5030602f7f7fb
05fbf6f3f806f609
fbfa07f1fe05fb00
0ffff8f501080202
01fff5fef4f8faff
02f40803f8fd0901
fd00fdf30700fa01
0afdf1f10105ff00
02fffa08f6f20208
0205fdf3050f0bfb
07f8f6f1f40105fc
09f3f4f5f2000803
000bf5f8f2fffd00
fcf80701f9ff0304
f3fef7fefa090204
f7f4fc0402fc06fe
070bfff8fc00fd08
00f4f20507fe00fc
fefcf60605f7f7f5
08ff02fe0401f6fc
fd0af107f8080bf9
fbf7f10307f8fcf9
fd040103020802fb
0c0803f6f2f3f608
0cfdff01fdfe0afb
fc0802f6fe0603f8
f9fff7f203fff708
fbfbff0607faf806
fbfdfe0803f6f8f7
f7f408f2f3fafa02
f1faf5f601fdfefd
03000506faff0107
0806fffff808f703
f602fc08fcf80808
05f4f200ff07fdf4
0407fcfb00fa0507
f806f6fef5f60205
fdf6fb0bfbf3fa07
f6fcf505fffdf1ff
fefdf501f30300fa
fd0af700f2f2fdfb
07f7f5fcf50508f2
0409fefaf7f908f4
0909f1f4fcfbfff3
07fbf6f4f3f4fbff
02f3fdffff0708fa
fbf70103f6f10700
01f3f3f9f3f2f6f8
0b06f9f8f6f7fb07
08f80401f40103fb
fe09f403fbf4fdfb
0308f505f4f7fafb
06f806fbff04f8f5
02fffa04fa070208
f902fe00f20107f9
02f7f9fcfefc0702
f5090406fd06f80a
f5f6fdf4f90907f3
f5020104f7fafdfb
0204f6f6fcf9f708
f401f8f8fc0404f7
f8050204faf20b08
fafd08faf9f6f9f4
fa02030208fff5f2
03040d0500080702
0e0b02010ef1fd04
0907fe0cff15140c
0e04040700030afe
0df90eed07110307
0c101405031e0bf1
fe14f404fb05fbf5
0dfcfe0502080e13
05fe0dd90a04fc05
061a0c09ff280713
1205000e09020215
160d0e241e0aff07
2d2b144318163636
fe0d091121ef0a14
231a2125031a121e
291c1d3e1b080c0a
0eff322b20fd00f2
1ef8ff24fa07e90d
2403010313ec160a
00ed24f30f2e221f
e400080d08fef718
071b131705fefff0
0908020cfb0213e3
021607effa1c150b
fae1100c1407fd02
08ea0401fef706fd
1008f80c011606f8
070bfe0d07f90d0e
f4df0d08090efcfa
150b0110fd13e4de
10f1eae50eeb0d0c
18eb15fe000f0aff
f6140e11fff90507
02ee06120d001a17
10201411070a0b18
0601111208090100
f8e9fb1910091015
020f0dff050f0100
10e6fe02f90e111c
1400fd0909050c00
f7cf19d10f0afd00
18fc0bfd05160108
15feeffd16080f0c
18081b300e080600
20141c2b19170f1f
2806051111ed0815
1a0512fb14101e0c
12091a1b192a0707
0e15142612000bf0
04ee0e02fc182119
02050bf204f7112f
e6fe16cae424ff0b
f4041cfc0910fe1e
fff92d0300211f04
0cff0712f31c0cff
1a130203fa1cfffd
09e6f30b0c1310fe
06ff14f41003130d
0c06fb17001eff14
0804fe0f02fbf5ff
e1f015f90c05ecfa
0e100805fe09190c
17fd08f10afd151b
03eb0814fb10fd0a
3721f4170a270805
f9f81b021211393f
05313a3101080823
0e160400080502f9
0b090416f81409fe
f51c24fb17261a19
0b05111df524fd1e
0c160410f30e0503
c6c510da14e4d9e4
13db0906fdeb09ed
20dbeaed1c161be7
03f9241f24160310
0ce508ee0c07d405
0824ffffef01020e
0ce9fcf318ec1b1a
fce90af210070720
fd1317140f0029f3
09effe0e1602fa19
1406030101001610
0f0cfa0303ef160c
eeee29fa190dff12
01251d11f51ee9eb
f6f3f50f120700db
14f906e8f40e1e0c
13fbff1d0721240f
052c14f2240a0817
08090224052a0704
1026f90efafef0f7
faf715fd0913e704
fc180606ff110511
0e1c0f0b05fffd0b
0b00fe0e0cff1103
0a06010002100d10
06fe180326140c22
071f1020010bfc0c
1015f50dfcf803f6
fdfb05f50a17eafd
f4140bf40d0a1209
010f130afb13f605
fa00f20cfdfefcf9
d8eff0cb02e5cfe5
eedd18f9f109211b
f606070cf307fffd
f2fd182bf70ee6f0
1010e319f51002f9
e70f02ee12010507
fa06150efef10c0f
f40303e80b03ec04
fdef281c29ec08da
27cfe52105ddf505
33e2e3e31e092304
0a052634281f1911
e3e10be61701e0fc
0b2c0819ed22f5de
f9eeefeafefffddb
fcf402f1f0080b19
171e0824fe1d151a
061b13f71a182117
03290b17fd16fa17
19220810fdfdf6fb
fcf30509041df10b
0a1905080b150418
121f1018090c0319
fef5140b0811fdfd
02f3fdfbff0d0709
ff061bf21d101119
fa1a0d1bfe0afa13
050bf70b0800fbf4
1107faf50b1af4fb
ef1a1ffc091b2617
04260b16fb1bf21e
0a1cfafef7f1edf6
2320f010f008272b
f7f907eb26232f25
f1261520fe1cfc1f
1f180136fff4eff0
e8d11b0e0bd32414
0ddff4080ee3e8ee
1edee208262111e5
181004362b041efe
fbd7330b3011e6d1
2ff2f736f9e1ddf1
2de1e1eb22e72801
e8e21e0635233a32
e8ee04ef0602edff
041f0c0cef1b05ec
faf705fef8eefee3
fbecf3e0f1031316
0609ec10050f150a
fc0620f91214201c
f81f17160517fc18
0815050609fce8f0
f30200f80801fdfd
07100e0b170a1815
081a150ef8140919
0f11020c03090005
0007030e0b0ffa0d
fb1219070e1a2022
07140b15fb02f511
120c00fdf5fff104
0d0ff30e011305f9
e92b16eb27172829
f11e141ef71c011d
1d2302f4f6eefdfe
0714f71df5e62f08
f3e611f021f3091f
ff160c1a081aea10
1a1ef83cf8eeecfc
bfb018e12ddbe4d8
1ebee916dae1e6cf
27c9d4de160c22d6
eae83a1d162e150a
08fef4170114ecc3
131e0009e7ff02f7
02f906e7fee71b11
dae20cd50c171818
f700feef0402f206
f31402f60d151805
ea0c021503f4f7ff
fafe00e0eef80e0b
100df923fe0c1e1a
f9fb27fd111c2221
fc181519ff26fb0c
062ff50308fff0eb
0212020500190513
f50d12101303111d
0a240d180c0a001a
190f110f050afaf4
0c1812fd031a090e
f7191cfd1a292826
172e00280f140219
0f090905fafc03fd
2927ff1bfb2e1713
ef1d1e0428241d32
f82d1e25f91bf424
201dfe0009030bf5
18180229f916271c
fc041c0a17fc251d
132b1813f7200126
2124002203ff07fc
f1fe1d04200eecf0
14001021ee160b04
170400f10b0d110e
f5ef131914181a09
0b190f3bf4f83624
fe00fc121af00903
011d16200b100e11
041f04cb0aff121c
e8f20fe9fcf8010e
14150b1dfd0ef3f7
fcfefa0308eafcec
f914f4e401fd1829
0a0a0021fa031d27
00041cf817111317
0a1c0f2708160510
113106030bf300fc
23f4160a0c150515
081207041014f917
15200b1402040520
1d0c0911060701fb
11090d080a0d130d
01191a001b0d2519
1510ff150803fd09
0a040f010e0d1108
392704070f2c1211
0225190025130f1a
f61e1518fcfc0124
111efa090afa0804
283d051215f82601
f70eff041c021b24
023d15260a16fd23
1017151e0afa0807
263eeb1904132d36
0a21180916142811
04301e0e061cfb1d
141a010405f1020d
fe170e28ef023822
0403fbfe1e03f006
f602090e0a1205fe
071100131dee180c
ecde0ce20ff5ecef
14000822f506fde9
ebecfafb09eb16e0
fbfff5ee0a182b2c
001af71905f11f26
040116080bfd1715
0317002104120afe
1127f7030e06f7fa
fef609040812ed09
fe060aff0d00fff9
0bf8050305fe0402
010b0a06fffffffe
0c07f9f3f8f600fd
0008f7ff02f7fef8
0507fbf5f6f700f9
faf4f7f2fef8f708
f303f60500fb0305
090500f4faf1f4f7
fefff2f2fef403f8
0e02f101f70008f6
08f7f90409f4000b
02f200f307f80101
fef80104fcf8fd00
f70008fb00f2f3fe
0706f901f5f308fb
05f4fc0601f8f503
05f4f5fa07fb02fb
01f80206fbf701ff
fb02f906f5fefafe
03fef80bfefcfd02
fff50504fcff03f5
fcfb03f7f2fc00ff
f8fcfbf102fd0a00
f6f1f80700060807
f9f4f807fcfd01f7
fb0301f705f5f402
080005f8f2f8fdf6
02f500f608fc0701
f109f506f8f50403
02f40600ff02f5f6
06fdfc0302fcfffa
f500f7f5010303f9
06020801f50106fa
f8f3fe0600fafd04
010802fe00f5f5fe
03f6f8f6fff609fc
00f909fd03fefef9
f7f70309f707f5f8
fcff00000703fe00
0507fa01fb030b07
faf5f7f9f8f6f1f1
0b02f3fbf4f50009
0c08f7fa090707f8
fef3fefdf70100f9
010406f607fff8f1
0506faf5f805f4f6
04f7fb0afcf10a03
0804030101020306
0208f3f3f9020806
0902fb07f2f90808
f4f9f501f302f9fd
01f903fafaf90b03
f8070209f4fdf207
0bf400f8f2f5f5fe
0106010509f80909
fe06fd06faf4fe04
fff9f2fb08f70000
04020706f903fdf8
060202fe07fbfbf6
01fffdf9fff701f8
fe00f1faf7f60603
01f5f9fff4f6fffc
f9fffe0bf9f80aff
fc01fefa080705fe
0709f6f2f701f408
060108030004f6fe
fbf6f9f4fdf50503
f5fefefaf9fcf809
070106fcfdf9fcf4
fb08f702f1fcfa08
fd0903f5fcfb05f8
fdf5f100f4f70702
fef6f7fa010206f7
fbf707fffdf4ff01
08f6fb08f3fe07fc
000809fe0308f500
fa0af307f1f5f708
fc04f2fa06f407fc
0204fafef8020afa
f704f4f405f207fd
f70c05fd02f4fd00
fff4f901f80108f3
09050806060000fb
04f50006ff01f6f9
0ef8fa06f5010408
05f104080204fe08
08fa0c08fffb00f6
f8ff01fb06f405f7
fbfff501f100ff08
f6f8030007fdfef9
fc080c06f401fdfb
02fef4f40101f900
f100fdf6f4f601ff
05fe0202fcf5fc07
0a04f205f608010c
00fcf803f4f2fefe
f6f9f8f2fcf105f6
fdff0806f5030608
fa08f803f6f5fbf9
f7f201fa08f70b03
f2fdf301fa0200fc
0501060506fd0702
020b0a0402f60a0b
f4f3f6f5f5f4f704
fef601faf9090904
f8fb04f1fa00f800
02fcf9fb0103f900
fdf4fc09f6f3fe0c
040103fc0000fff3
f504f10305f600ff
f8020a0305f1fe04
f20202fffbfcf505
ff07fdfbfffff2fb
fff509f401fcf4fe
fd06f7f404fa0304
f207f405f206ff08
f80508f8000604f2
f7fdf408f7f20801
0601f9f7f4f6fdff
f4f6060109f90602
0704fd08f4fb00f5
04fef2f5040102f7
02060708f9f2ff09
f9f3f3f4f2090307
05f6f4f807fe0706
fdf5fff4f4f50004
0af9fe08f503fe00
08f804f400f20905
07f9010307f1ff04
0b01f207faf4f908
f5080900fdf206fc
02f3f7f5fe02f70b
f1f4f7f3090502f8
fff8fe000106f4f8
0004fcf80706f8f5
0007f7faf3f1f802
03fffafdf804f702
08fe03f4fc03fef2
030502fa09f8fef6
04050507f7fffaf8
08fef9f8f404f101
0a04f4070003fcfe
03f405f8fdf706f8
ff0706f7f90203f4
09f8f8fef5fff908
fefbff09f70602f5
f70a0105fff70500
f5fef9f703f60101
01f7fe03f30601fa
f405fa02f2fbfef7
09010f00fa02fe0b
050307f9f305f7f9
f9fa04f908faf8f5
0bfffcf4fdf4fcf4
fd05f30808f7f8f5
fef1f5fe0302fd01
f40a09fb07f5f608
f9fbf9f40204fd07
f8f5fcfd000907f7
07faf2f701f50200
0104f2fdf206fa03
07fb01f9f8f4f2fe
f703020bf20607fb
f60507f9f4fdfc00
01f4070701fb00f3
0808f3fc0202fbfb
fd0bfe06f4f9fb09
f4fc08f5f9ff0004
04fbf9f4f90407fc
06fef9f90205f606
fc04fa04f9f70a08
0003f10bfef6fd04
f70bfefbf6fa08fd
fe03f5f9fef8fc00
0bf4010801f9f8fb
05f408fbf3f2f809
060900f2f6fd0505
f9f50102f100f4fd
fe0af7fef403f905
f8f9f20600fef603
06070302f6fc00f9
f9f90300f3f9f2fb
0906f8f6fdf20c07
03f20406f60702f7
0006fbfbf303f602
02fa0205f8f5fb05
0b07f609f400fc0a
fc08f1f4f6fb09fd
f3020504f802f5f6
0b02f206f9fc06fa
f5070702f4f70b01
f805f30203f4ff07
f10700fa01fb03fd
f6f8f2fb06f904f4
fb00f8fafc07f5ff
06f2fd04f4050004
04f5fc0803f3f9f7
f3f7fcfef3f9f205
f9ff0005f6f101fd
fbfe02fef6f8fdf5
f7ff07f602fcf705
f7f7f8ff0401f4ff
08f60d080101f8fe
01f5f8f902070606
f7fff401f5080500
f707ff0805f6f9fd
faff05f70003f600
00fdf206f104fcf4
f209f806f308f9f5
0c0205f5fd04fc00
f5f604fb00f502f5
040806fd020801f4
f5fffcfe04f60301
0600f3fe040108f3
09030502fb01f80a
fffef507fc03fbfb
03fc05fbfa00fff7
02fffa0403f3fffc
fd04ff0501f60201
0500f601fef7f50c
fffcf7f108fcf3fe
fc050000f3faf706
fd01fdf80800fb0a
0305f3f804fbf8fb
01f7f7f801fcf305
fcf5f8f903f8fbf8
00f605fc0002f603
f4f8fe0c0503f8f8
06fe01fff401fcf2
060108f402f102fe
f8040508fff50bfa
f2f8000205f40b04
0508f4f2f100f4fe
08f4fcf5fe0604f6
f5fcf803f203fe08
0604fc0bf1050b02
080c0008f901f3fc
06f2fd01f8f7f6f3
f6fb020cfef40005
f2fbfcff05fe0008
f8fcf6f9f3fafb06
f6f1f6000307f6f2
f50805f804fafaf5
fef501f7f50300f2
f9fef206f107fb07
08fbfa07fd04fd03
09f9f505f6ff0103
0901f7f8fa08fcf7
fffbf8080200fa02
fdf701f3f20603f1
faf902fd03f40902
fc0800fd0607f901
f40803fbfcfdf700
04fc07050104f706
f4f606f705fcf600
fdff04f2f5f803f6
070703f9fb02f506
0304fe08f4f406f8
02fdf7f0f10df6fe
fafd0801f1040a0b
010405fdfff7080f
04ecff00f40100ff
f91302e40103f305
fa0218f5ec13fe05
fa020cf9fa12fde4
0600ff05fa0bfaf4
0208f407ed020106
dcf609e612f71c0a
e41e0915edfdedfe
f605e9e8e4f0eee7
f3f30b121dedfaef
06e3061beef8fdf9
23f2ecfbf9ff12f9
f6ef1f191b1f06f7
ed0f03f21407fbf7
161602fefefc01f5
ebf4000109f000f0
f4070bdbfd050413
110decf7fd100901
ebef0aebfa1a091f
f91b040df7f9f70a
fe1000fff7eef8e9
f1ecfdf70bf9f904
f5001af4fffef1f0
fcf3fc04fe15fdf7
ff05f700f6f8fc07
fd2bfd0e05fe0001
000402f3fd001a15
fa14051bfe0803fe
fa1804edfa03f507
2200f3f5f309fae3
fd0205fdf00815fa
f30f07f701f3f80e
fef903f4f6ff05f9
0e1ff1f1f704e3f1
f81202f1e71b1afe
0a070efcef08f1f1
f009fa0bf2f904ff
0911ee14ee071eff
e4f605e51114201a
ec0f0e11f021ef01
171be0eee3e5f4f2
eff025101bef0af9
1af0f20fff01f005
21edeafc05041df2
10060d2119221003
1307130604171813
ff270909fa18f806
f40afa0efe09f507
0401f3eaf104f90c
fdfde908f1010afc
e6f10ef51207111b
f8150c090401f40b
020005fcfaf0f403
f8e5ff060bfafdff
0717080bfcfae0df
06e2edfbf90bf4ea
faf6010e08010506
2426fcfd06fb160c
f3f8fd050ff41210
06150917f7fef80e
000dedfaf004f702
1ff9fbf7051ff6eb
f71703fdf910060b
f61301f4f303fc13
f4fffefbf0f4fdf6
242ffce80b1105fb
f42a0dfcfd22221d
0a1e1802feedf612
ed07f200f9f504fa
070dfb24ee092f23
f5080cef2b05050d
fd0607230223f011
2818e60bf7f105fb
f4f8241614db1801
1fde051a0aefebf5
1bdef4010b0f06e5
ff041435151812f3
030f1af70b110221
11210a0dfa11f3fe
fe060506090008fc
fff9ede4f1111110
14f6f006ef19fdfc
e41604effb0e020e
000702fcf304e715
fcf203feeeebeee8
f507f60cf7fe08f9
f41511080501ebdc
05e8fe02f81ff5eb
160a020df7f90a01
141701f607061304
0704fbf304f40dfb
f3ff04fcf700f8fd
f70ffef0fefef603
1001f9f8f907f2ec
f60902fcf1020002
03f8fcecf70509ff
f9eef2f701060101
180b07fbff01ff03
0c15fcfc1707f208
fd11fcfffbeafff9
fa15f7edf8f703fb
0705fd20e9f7262a
eaf30be911f0fbf5
f0eff916fc0c0004
1207011501f40bfe
eade2efd22f3ef16
31e50733f211fbfd
1bf1f4e81d061cfa
07ee1d12281a1a0a
eeecfb00f808100a
f027fcfeff100ded
ef04fc09f408edfc
020302fcf40af802
151fdd1ce82b0a04
e03e06d8092f1a2c
e5190f0af905dd1b
0710f6f3ecebe1d4
f70f070df8ee1d04
f8081b0118fc13ec
0dfa0f0aff2404f2
1b16fa10f50b0206
fc0cfbfc06f50a10
f5f505f5f9f8f4fb
0102060cf5f0f5f2
ed01f0eff8f50300
e9fffefff8eafaf6
07edf304fae3e0e4
09def4f406f8faf0
f1f7f3f7fcf6f5f9
eaf0fbef0d0aedf2
0c1cfaf5f613e4e3
08dceaf908f600ee
f8e8f3f0fc0b0a02
1d10e931f7f73c2d
ed0402eb24ec291a
df140c26e620ed11
1c1cf326e6ececec
fbdf04e31cf7e5e0
10f40412ef030309
10e40cf2fbef1706
f2e319e7fd30fc08
13f8f1df0122d910
e83617f6f51a1f0a
f11a1317f2f0eafa
0502f2f7e2fbdfe2
282fd92cf420280d
d62610e025202c27
f038202be216eb24
1620f009e5d2dada
ebf612f00ee90718
03ef25011dda05ed
fce8f705fa1f0ef2
1f1a0213f6100c08
e0f90503f3f3ff00
fdf701f3e5efeef7
02e8ecf404e808f3
e1effafafff0f7fb
e1f0f4fff3e9f6df
fff8f4f7f1e0e9da
ffdee6eaf3f7f9f6
f6ee05f30705f6ff
f6f006f60c00ddf1
0210040adf0aebdc
05f2fcf906de0000
e1df00f6fc070203
13faf42ce60d1514
f30518e916ec0613
e90f1711ff2eedfa
111be1ffe5f1fff2
1b08f507f00cf5f8
e2f80cf4fe1c0a0d
efff1802f401e81c
fef8e5e2fae7f8e9
0f0aede4fb180b27
d62613dc162f2c0d
e82b211cf311e4fc
0e17e3fdded9edf2
2722e427e91a15f4
d01b0fe115252027
e223170ef80fd622
0b13f3f9f2e5dccf
e4f304faf9ec04f9
0bf0180507effeee
00e501fef90908fb
0c0c031206fd0006
e404f103fbf7f5fb
f500f3fceef3fefa
fae4fbfbf3f108e8
dff9efeb0605fb07
feea03f207f0fbdc
04ededfff0efebf1
f5edf2dcf3f3fdf9
ffebf90301f8f500
09fe06f902fcdcf2
031cf704de18f5f2
f7ffeef6fbea0af2
eaf204effe0a0408
1f15f20ff808fafe
f1f605fa16f11c0f
ee140210f30bea09
1217f7e8e8f0f6fe
faf9ef05f20011ec
f4f4fcf209180e07
000609f9eef5ff09
0203ecf3eff9fbfe
f0ee02cf0100cd0a
db03fee7eb010afd
f601ebffeff3f1fd
05fef314f6ebe4f0
110eeb14f71c01f0
ee0f01e608101109
fa0cff0dfb01ef08
0406fcf0eeeaf0ea
e4f40bf203e9fc02
f5031e0d05f1f5f3
f7eafdfff7180ae6
0efdf80af20803f8
121beafefa07fd0b
faf9f501f40000fe
0604fbf5fdfefefa
ec01f5f605f2f9f5
fdf9f9fa03eef3ee
03f6f100ebf5f1fa
03eefcf4fbf5f4fe
ed01f30205f3f3f9
120009f40cfbe6f3
f810fdf2f30700f4
faecf90309eefd09
e9f608fd0103f4fd
10f9ea1ff50ff7f5
f30a05ee18070814
eb16140df8fbf80d
fe0ce7d0dee6f9ea
f704f81601f22001
f2ee07fd1bfd030c
0a160a12fc24ecf8
2308ff2105fbfcf4
fce441e81305c6e7
170a010ee3060000
09f7f9fe20fa17f8
eff302ed1f0c0c19
100eec1af0190cf6
e7f80fdd00130416
edfe000dfbeae81c
f9f9ec02eff6ece7
ec0006f80beb01fb
00f01209fdfcf2ee
f7ee01fe0d0404ea
041006fa060d0701
141e01fcfcfa0d15
07ef0104e7feefff
01fb01070003fef8
df0cf3ec07f2fdfb
05fbf70302f8fa00
fbf109fbf4f1fcf5
070303fa0006f1fb
0dfe08f3f70407f3
f50afa0307fdf5f5
0002f2f50704f9f6
07fdfb010302fbfd
f202fcfdf5f3fbf6
f5f4030905f0f405
fe01f7f702fffc0b
0306f406f607fd01
fcfdfdf6f5f60905
f6f90cf505fdf6f7
0404fa02f5f502f0
08f6f1060602fff7
0a01f70304f80906
fc0705f6f7faf7f6
f604f8f104fc0203
f400f907f2f8f507
fefdfef6fafff701
f9f8f700f20a05f6
f6f806fa0410fbfd
fcfb05fbf3f50105
f50906fc08ff02ff
05fbf3fb09f7f405
0203fbf002f3f9f8
fc06fa03f9fb06f4
08f8f1fbf803f9f5
06f9f2fffc0509f5
f1f3f502f9f8070c
f902060206f9fb05
0103fcf8f3fe06f2
f8080a040106f902
08070701fcfbf409
00f6f3fef405f4f1
fa06fcf1f6f1f1fc
06fe070d00070709
01f8f4f800f3f1f9
05fc04f9f10700f9
f8f9ff03f70801fa
fbfcf40cf402fc0b
f8f30404f3050008
07fd02fef60af9f8
fdf10007fdff0701
0009fef0f8f9fc0a
fa01fc05f60a00ff
f3f406f2f8f103fb
06f8fbf500f3f4f8
09f9fafff50702f5
f7f3f006030d0b04
f90005ff00000607
fbf9fbf6f206f403
07fbf404f8fbf8fd
f701faf30409fc05
fdfd0202f905ff02
faf7fff2fe07fe05
f90c0904fef8fafd
03010ff50ff7f2fc
0805fdf00302feff
0af8fef7f2f207f5
02020704f5f90af7
02f7fcf9f9fefa01
0e08f8f2fa04f104
f6fc0405f401f7f2
0002f9fc03f900f7
05fbf3fdfdf70405
f20501f2f100f4f8
0505faf9f3fef407
fe0b0805f7f4fc0c
f904fcfa00f0fc06
fafef50601f9f9f0
0506f30503fef802
05fe0405f8fcff06
0303f101fef6fbfa
0708fcf201f4f3fc
f502fcfaf80905f0
070bf2fef8fbfaf4
f107f2fefa0af205
f2fc0407f600f8ff
0807f5f2f3f805fd
fd0701f600040b07
f80505f8f7f7fd0a
f8fe01f4fcf7f0fb
02fffa04fb0308f1
f400fef6fcf7f5f6
0704020604f60d04
0403f4f1fcf800f6
08fafefbfff4fff9
f50303fa04f709f9
0402f902f6faf6f5
f6f50604f5f7fefd
fc05f403f3fefc02
fffaf505fafaf403
01fb05f8f403f6ff
01f7f1fcf8f3ff05
04f1fef7f7f3f803
020406f6fa010cf9
00f9fb09f604f4fa
f606f00606ff07fa
060608060607f8fc
f8fd06030503f8f7
fefefdf8fcfa010a
05fc05f8fe03fffc
0104fcf4fffcfef9
fd0504010005010b
02f9f005f909f809
fd0af8f7f4fe05fb
07f2f601f1fdf400
f7f802f6fd070af5
f3fa0308fcfbf90b
f4fffefaf1fdf3f2
f5f7f905f3f0f9f5
0a07f8f8fb010703
f3fcfcf40bfe01fa
fafbf804f8fc00f9
f6fdf6f703f4f2f4
fef605fcfef5f809
fbf206fffa010dfa
040c0302f9f5f6fa
0004f8f4fff8fdf4
fffd05fc05fd020a
04f5fc1001ff0002
03f5090007fffaf7
f6fffbfdf4f80af9
0c04f507060406ff
01f8fcf0f0f3fb03
fc0704f106f902f2
00fff6f1060306fd
fa08fbfb00f3fb05
f6f6ff0903f2fb03
f9f4f2fa06f6f406
08f1f8faf8fc0102
0109fcf5f70a0100
fd000601f80cf4fb
04f8f508020702fa
0402f1fa06f2f3f3
08feff04fefcfcff
fb0901ff04ff0507
0ef7f2fbf1f300fd
f7f6fa0701fef304
030b02050702fef8
f3f10709ff09f90d
05fe07fbfef6f505
020107fc05f1f504
04fff7f4fef5fefa
0108f9fa04f5fe0c
01080600fefaf9fc
f5f2f4fff2fcf1f7
0308f8040806f6f5
0703060606fef800
fefffafd04f909fe
f6f60a01f3f9fb05
fcf90a07f3000506
fefbfc0dfaf9030b
f7f5050604fbf205
fcf0080004f8f3fa
fb07fdf60704f603
f405f9f800f802f8
02f1070602fd07fe
fdf6040208f30000
03020505f1020201
fbf906fbf7000eff
f6fbfafcf0f3f7f2
fa01f5f4fc00f305
fa01ef03f907f709
f10dfe08f908f704
010af307fe01fc01
06f3fcfff5f4f705
0a03f7fa05fb0606
02f70207fd1109f7
f70bfbf9fa04f5ff
f80104eff30002fb
07fafafcf9fd0b00
05030403fc04fc0d
fff5f9ff0605ff06
03f8fefe0005fc06
090af5f7f2010a04
f7f202fefefe00fa
06fdfdf607f5f7f2
f804f8f9f007f602
f6fe0606f6040005
0106090201fd0206
0805fa09fffbf8fb
f7fdfffafa02f702
01f804fc08f2ff01
f5fcfb08f506fa01
09f409f1f60800f5
0201f601fef8f701
f903fcff05fdf806
00fd01effcfefe01
0ef7fffcf3fbf5f8
060809f7fdf3fffe
f7fe07f805fa0400
fd0af8f103fffefb
fd0f0003f401f902
fef305fff4f7fc06
fa06f9fbf5f90508
060cfff8f505f50e
070702fffef0fe03
f60406f70304f7fc
0cfd040808f70b02
f3020eff0cf9fc06
fd05f4090200fa07
02fe0507fc06f1fe
fafd0bfc03f3f909
f5f1f7f1050b0bf9
0704f6faf6f8f7f4
fdfd02f2eff5fe05
f5f70802040601f5
0300f3f3fd08ff0d
f403030203f6f4f1
fd07f7fef5f9f0f6
0a070aff000409fc
000608faf200000b
09fefb040001fcff
f8f8fdf4f8f9fb02
08f905f7f5fcf6fa
fcfb01f4fdfff9fe
fefefb0702feeffa
0af002f5f905f508
f9fdff0bf8f50805
f303f9f4f4f600fc
fdf5f1f5f5fcfc00
0aff020702f203f9
090aff08faf3fa01
f70202fd09050905
0205f70102f2fc04
fbf1fafd0500fd08
03f907fbf60203f9
01fa0bf8fdf6f50e
0907000007fdf5f3
010700f8f6fdfb07
01f5fb03f504f605
f0fcfd0008fd0bff
f2f8fbfc01f40000
f80106f7fc0107f4
f8fefd0007f6fe00
f4fffdfb11fcf70f
f90af70efcf5f6f8
04f900fbfbfafdf8
f4fd0a04fb000302
05fc0af70afefefd
0404f50bf30004f8
0507eff3f4fdfe03
0c07f6fcf1f50701
02000208f2fc0c07
0805f2f3f2f50108
0904fef306faf6fc
0709000508020bf9
03020903fdfd05fb
02fdf2f7f8f20105
0600070402fb0704
080500f4ff090a08
fa0603fd06fafc00
fe04fbf4fcfaff00
fe0305fefc01f1f2
01fb101304151909
fa0c100b0b15f400
07f8fa080617060c
160601170402050d
2923ff2207130823
f5060df723171b17
f91e12200e0ff509
f92efbfb02f90b00
111a065d00fc4e1d
17e9010b29e5f108
2107050d111c070a
0b1f1a31190712fd
ddc632d620d7e8fd
2602ef29f8f9d6d5
2edddee41ce416de
feee1f242d1d282c
0f200712fe0b1627
1524050919f7f6fa
f3120f041bf10412
051afbe005ee1808
010201e8fc0e0e1b
fd0e1d0302220712
0717060c08ff060d
1814fc0106fffc0e
3d02f21d042d1812
fa0c13001c231a27
03341114021ffd2a
ff15fe13faf5fffd
1f0c130505061b02
05fe10050d0d1a18
011414090d1e121a
10130e0f00171009
f9ef0c0f0c040719
1011050af91501f7
13e7020c0e0ffd03
1314080110001206
f118022608fc1c0a
10faf40b16eb09fe
0c0d0716fc1702fd
10110e0ef8fb0813
efe622330bf22004
1bd4ef1e16cfe1ea
20deeff61a0e1900
1b0b1f3f33231019
b4b51fe219c7d2dc
24dce838d7e1c3c9
30b5d0cd2fec2cde
f2da341d3124392c
0b00091213fd081f
171aee1ffaead8f9
14e3f10324fe1b00
fef916092e072b1c
f2e700ec0cfaedff
11f4021ef20ffafe
06d9f0f21ae50c03
f3f606ef0804121b
fce6fb0bfa1c1612
0a120f050906fd12
0afc0908fc0ff917
0812051203f10c01
ebf51b0814f80afa
0b04020a0c06fef1
10f7010307161200
23030a0d0b110c0b
d6df0c020cf20413
0d0f0705000afaf2
02faeafcfe010fec
0415fa120eff030d
e802030b02020706
0dedf6f704e90307
0008f4160811f802
03110b0d0302fef7
e0db081d02edf7f1
12d0f215f6c9f1e7
04dff6ec070e06f2
f6f02109081dfd10
c8d6fcd30ce8dadd
16fefe0cd7f0fae5
12d2f3e015072ae6
d8d024ee10230c15
0c24fe1a08020610
16f3f805fcfa0f0a
0d0203fa0e172303
fdfd231611200f0a
fee3e9ec0104e6f3
01f209feef020a09
fff50af013f70f04
fae1faf206020b02
f3e2fafdf61404f7
fb0f08060c120a0b
f4e305f8f80e021a
09f60613f9f40808
e3e60f0501fd01e8
07f7fe0d110209f2
06eb06fcfa170c06
1101160c1110070b
f5f2020808fc0f02
110817f8fc091003
0e05fd0703030f13
0307fd070b17ff0b
f804fc16020a140a
00fa06f80801000f
010a040b04130712
1516070c0208fd08
fa000b030bf905f5
11f908120c02110b
02f20207fb11ff06
f303ff02090a0f04
1904f3ecf614fd0a
02270701051f170c
f8100d07070afa05
05f8fef1eefb0604
fc0f08120311270a
0eff0e120d0d140e
10181c18fa2e0b12
1b1a022b0b060bfa
f713ff070815f2f2
fffb0bf4f40a0aff
f8feff05030ff10e
03f3060efafbfb09
f6fdf4fbef23fef7
ea170501f91c1c0f
eefe070af509f917
0df9fe0801f2fff4
1a2e1104020818ea
090616fe141b271c
0e0e1b0801230625
0a15fd1ef914f006
f8040b130f07080f
000a08040f090a0d
08fe000d04090e0c
18100c100a1100fa
fdfd060e0d07170f
fa0e05ff18140813
06ff0518041c0214
0914fefc0b0201f6
f2010d19100f0ff9
070004f7080bfd06
fa00060bfc03030f
0d0916090003010d
03e9290422f70715
230bfd2a0516fff1
0e04fd0427f424f6
14fe0103270b2610
130c26ed1b0c050d
2f26091e091103f1
fd14010f11fb1b0f
0a171123220f231d
161ce2f9fa12f509
f11501ef08201ffb
051b060806fcec01
00fe01f9f7f4f305
09fbf90cf8291311
f52619fd0e1e170a
02120a0f0610f31a
1217ec07f5fe03f8
3a3404120d1e1f0d
00001c042419231b
092a1f1400240217
26220e10fbfbf9fd
01ff081510001908
05ff131019f50707
14fd0010fe01ff02
2005081012fdff0c
edf50e020b0aebfd
fb081d090417fcf1
010b080707fffe08
0403f208f5fdfd06
fefc082bfdf40af8
f7edf6060a010902
f60afa03051cf3fe
030a0125fdfcfefc
cfd623e53ce8d9f1
3bdbf52cfceff3eb
16eedfe628f02ee9
edea233132471d21
04f514dd0d12e0f5
1834fe1bed03f8eb
fe06e9ed12d51f08
f1fc0ae411232a25
172e0e10fb181533
f52813f81c1a10ff
f70e2029fc08e609
1f21f6fcf9ed01fe
1703fb0df01b0d17
f12b1bf21c20090e
030b0813fc0df026
1407f40c07ef05f2
20220510ff122219
02ff1afa270c1516
10171d10f80dfa27
291d0a1bf8fafcf3
eafb100f09ff1703
0cff15111dede1f7
02ddf50bfd07fef7
0817ff080616070f
fcf40df707f4fdf2
080417091202f9ff
00f80a110ef80ff9
0a0a08fc05fd0c00
f9ed08f010e5f5e7
0d00060d0feaf8f9
0ef9f40708f111eb
030b091512fc0105
f5e515e815f5fade
2df2f328f8eceaf7
2704f0f314eb0deb
02fc1a1d29170f22
132c0ffc0b150607
12161118111e0c0a
1310091113051916
090e09cd0518161f
1515f9fff01c0b13
eb1010fa1918160e
031a1a14f912fd02
1f16f710f3f7050c
f7f2fbfc04190d05
fa101c021204fb0a
10fa13100201fe11
0d060f1102fc000b
f5dd19fb13fc0912
0a02170e150fedfa
17f1f3fcfb040bfc
1e15150f011107fe
fefe0205060105ff
02fe07000c0e10f1
16e00b14071007f4
0506050800140607
f2f6fb0c0603f2f9
0afe08f605071d0a
f70a0c1e06090b01
f9fd070ef6f60bfc
dbe112f014ead4db
15fbf601000305f5
000b06ef100b0902
eaf304fd0c110b04
130801f51014dcf1
1d0afe06f40f02fc
0dff0bf813f30602
f6040ef918141615
2117eb08fa1e1626
09170ff904170e11
f6281c2205190516
060ef003f8f1f706
1724e205eb2b1218
e91912f90d251a18
f617221bf81bf116
1007f518effaf7f7
08ff040003230af3
02140efe05100a1e
010e1305ff0efd18
fafc061309f6fcfb
0b060cfe0b010dfa
110c0efe16ff1011
0bf00606fa1508fb
0e011007140ffd0d
f8fbf805fced01f8
ff0efffd10f2f3df
0ae300fd0cfe01e8
08f7f804120b0b02
f9de060a00f301fd
02fce80907e1e2de
f301eb060ef20aea
02050307fff9030f
efd71be912f8edf6
110fe61debf5d6d4
14e6f2e41eef1b0c
06e4272f1d060d11
19150513fb1d2416
093b04fb1bf2fefa
ff0c0a10000008ff
121bf8f60bf10917
16050207f110f5e9
0613120001131417
0e051609f3f7fd1b
fb02f11506fb01ff
fb0bf801fd1a0f02
f0220df7fe1123fc
f3041114fd08f801
fe050207fafcf3fe
0b13ff0cff0b110f
f5fdfdfdf9f51414
fc1612050c0cff10
f507f60100f50107
08f200f5fe0f0907
0f04f2000c01e6e4
01f6f2ef10ef020e
11f601fd03010606
e3e80f0d0cee14f6
08fbf50806d3dbd4
07e1e90514fe16f6
0ef8110c12080c0c
cad307fefde206ed
18f6ce01fddad3e0
10dae3df15fb0bd8
05f80dfc030e0b11
ebcc16d51ce7d3e7
2a08e411d0f6d6cd
17d5ded117e312ef
f2d8182d1712170f
1715f0f7eb36eb0a
083b08f5fa020804
f9020aec04040a05
edf503e602050d0e
0e29d803f80aeef1
f7ef03f8080f3532
f5282c10e8040b19
0003f1eef4f5feef
0e111b04f4270f1f
fd3316fe0b1c0cfc
070b1c14f0140af4
0b06020afd0e0a00
0f0cf90e00ff1d1b
0703070118e5e910
07141201f91d0911
0a080110fff702fd
050007f90e02f0ff
0609f303e2faf4f0
11e60cee0ef7030c
04e7feff12040310
d7e7061606e202fb
05f003fef9e4e4de
09e3eff8fc1707f2
0aff18060a0a0405
dcecf7f402f4c8d4
00edf6fdd5d5dfe1
fae2f0e6fb0401ee
d5e401050b0f02ff
f1f8f5ce08ebd0d9
0bf5e9fee3f004f1
0ede00de01fa15f0
e7d423170103f504
2a15f3e7ef1eea01
f23709e4f51d1b2d
fc21170af0dd091a
00f4eed5f2eafb02
03fef513e0ff231a
ede506ef11031b0a
f913081aec0fef11
1e21f60ff5d8fce8
f5031ef40efffe13
1403131afef900e1
0eed01000c05f9e9
0f0305120e0b140d
0cf9ff03051e111d
092903f9f90e0307
fe07fcfbfd1507fe
f907f8ff0109f9f4
2729fdf8081c0100
fb0a06f2f801210b
082609fdfe0c0729
04011310fb0ff2fe
f7f1fa0501f7f4fa
050411f4060d07fd
01fa050c0a05fcfd
fdf503fef60e040a
0800faf5ef18e408
ee0714eefa231d04
e504140ef90bf413
e2f7f5f9e8f5f2fb
021609eb14fe06e4
f1ec05ed060b172d
f7260f1dff0af5ef
07140317fa0aedf0
2127f01ef41108fc
f01503f70f0c1d22
fd170c0def050418
0114f2efeff2f906
10ff0b100ce8fff1
10e3eb0cf5f7f30e
1cfefef105f5150e
f0f02028190d0cfb
d3cb1fe304e0ede1
14e1f30df2eaf0d7
0bd2d7ed0eefffd4
fbf30ef60b181528
02ede80ffe06f0fd
0110f8f5fffedd0d
0af0e5ea0602f60d
edf3f007faf8f3f4
04ecfdfdf909f5fc
ff080401fe0ae5ea
fefd010800faf50e
15ee0dfff30cf9fe
0aeff6f3fa15f0f8
fe0e11ed0c14110b
ef120404f7fb01f9
00fc0103f705fcf4
ff03f101ef28e2f5
f71a0af712151202
e20d0e14ecfaeb11
ef0af2e6f5f2eef6
3533f41808161ef8
eef510f51e2c343d
022c2f2aff11ec23
0f24f5f1f6fee6f4
f4f00610f8e81817
eff6feff07eceeec
09fbe60f051d0bed
191a013714fb06fd
0aebf62906ef10d5
17e9e606f4d7f20f
ffede2effbf91212
f4ea02f8ff160c1d
cbd608d90ae4d6e8
09d5fd0bebf6fbce
04e1f4ec11fa05d1
ebe909ebf51d1814
f003ed2205160901
f80601ec0dfd011a
f71006080a08f70f
fa0af7fd01e901fb
e1d514e60ce9e5f1
0106eafb10ffd6eb
05e3eff1100109ff
02fc000d060205f9
060907fa041cff09
031907031b210c18
0428151e0cfc0219
070b0307fff009fb
151b1bfd060f161d
00171e00211e1913
ef1c061200f5ea16
191bf2fceff10cef
31350711f9063a19
ef0925f0331f3630
f33c2b25051ee936
1c23e9fb06f7f4ec
fbe810ff23ea00f6
1dd4f604f5f2fe0a
14f808ffff16f9fa
01042228ff2afd04
08111027f11102cc
17f0e705e7eae81a
fbebfae414ed1116
e8ee08dafa001d0b
e7ee26ef0aebf614
1ee00e27fcfbf5e3
fce1f2061e0015e9
15f90bf8021c2920
ff1f122e0cfe2a21
fef507081de90511
0a110f0806130dfb
011e041112fc03fe
c6c41ce905d8dfdf
ff09f514f9eac7ca
09e4d3e608e5fcdb
03ed0b04060b1803
dddc0d0909f50703
100e12061cdde2e9
0fd1f618030709e9
100d0e0904f80a0c
e2e40804fc0bf8e4
ff09110903f3d0cd
0bd8eaf9f7e205e3
13fefdf704f5fa10
0e04f6fdfd060c16
021f10fe1b250b0f
fb29110a0007f00a
1906f3fef4f7f3fd
303ff008f71a061a
fbfc07f70610212a
f8221019fe0cef07
161a0415eefde700
1129f547e7005f02
10f102ff1ef6031b
fa18120802130312
fe1305ef031004f9
ecfefcf70ff3f3ec
1e0eff26f000f1ef
f9e102f713f60ade
f40301e6fc222322
1e2afb2800f1220e
fef109040ee3091b
0220231afd0ff7f6
fd18091404fbff01
c1e308ee00e3e1d8
0c01f60ef1f1ddd9
15caf2d20fef0de5
f1d71711000f0dff
060a000204f30ef3
fff2fbfdffff02ef
fef508000dfd10f0
f404060dfb08f40c
0f23fcf90c0bf4fd
f61a09fce808fbfd
f3f7f803f6f7fdff
dcfbfdf90705fc0c
0a0806d81af10313
0e01f10c02f31316
13200d0710fb02ff
061407081e0802f7
302add0cdd211c2f
011c17f70f161118
d92b1a19f600ef21
0a25d8d9eeeefe02
0d1de232e8fa472b
e2fafad80bf6090b
db1d1605ea27e803
140ef50feeeae0ec
dce80fd8fdfc01fd
0921f81af206f2f5
f1f2fcf803f309f3
03f008e50b101a1e
2233ff16f9071f2b
051809021af60a20
00341e15fc200019
0c1703fdfbf6fafb
f0f50ef1f7fef2ea
0704f306f30bf8f0
ffe816e603070e18
faf10410fd07f8fa
f6f5fc08fffcfd04
080df70b06f9f7ed
faee0cff100e03fb
fd050a030cfe030e
f805131c04ff1618
10ef06090102fffd
fc04fe14fcfc0307
0ff40e0a060e0a0b
f0d11cc616f2badb
13ea0114de01eedc
05e5e0df11e516e8
f1d11bdc131b150b
1f30f61f052c0e00
0a1a09f9080b0718
f022170af7100121
f90900f60102fbfd
0dfe0a09fcfc070e
08e5fdfbfbfffb03
0809fefb091306ff
faf81420090b0efb
ffeb0ae41defed0c
16ece710f9d6f3e1
05f6fdf3060116ec
07ed0222130a1311
fd150aebfe0ee5f3
0403ed05010204fb
020afbea06e10d01
fae904ef0301fa0b
031610fe060c03fd
0a05fe02f805fc06
0808fb070afb0215
02030200080100ff
fbe70500050afd11
0103fff802f9fcef
fef4fc000e0cfaf5
020d0e0d04fc0f08
05030a100df90b28
06f0fd04050500f6
fe06ff1311051014
1207fb0a06010212
cdd41fc110f3b6e4
11e60316d80ae1d2
19e3e6d71ec814e0
eae305e31509111f
2d1ff506f11c020e
f11a10e5fa0b101c
031f1f0bef17ea15
1714ed00faf9fff0
06ed0d0705e914f7
ffeaf8fffae7f908
170eff0e0b050504
06051a1c14fff702
eacd19d60fd8dbe9
28cdf323ebc7dad5
0eddf1e913f40ee8
f4f01713221b1a19
080cfaec0b09d9ee
0cece5f7dbeeef04
040904e6ffeafa11
e1d705f60af7fe0f
ecfe04fc07ecf1fb
0310f90bf506eff0
07eaf2ecfdfffff6
07f804fffe0e0b0e
e3e2110510dd110c
01f5f20e0ae7e9e2
02ebe6000d0d05e9
0508fd1311ff0105
e5e3061d0ef1f3f2
0df1eb0dfce4f0e5
fae2dbfa02ef03e8
eb00ff090a0c0d06
b3bc03b106e2c5e5
16fffd1dd2f8d3cd
0fc3e7d90beb18cf
e0e91c0523190b1b
1b0ab7ede32cd4da
ea2510cbf2120f20
d6170dfcedf1dd29
e702e2e8e5e4dbf2
0721d708e2001dee
eade02dcfeff170f
f71b1f06f623f50a
04f90823f6ffcbdc
e8e401e310f0e3d1
22ebe411eff2e8f4
0cd9ffe510f419f3
e7d717160c13131e
2d12f30f0318fc11
0212f5f1f8f00703
031904fcf9ed051e
04f0f6f80504f5f8
dbdf0ff90ff105f3
fcf301fd02f7fce8
fff3eef001fb11fa
fe070cfe0b060c06
090cf910fdf3fcf3
0ff8001101f6ff0e
fcf9fdedfd0d1506
ed0a07070104030a
07070e1bfdfe16f5
0bf30605ff07fb06
01fe02fc05021105
0b0307f4020ffe12
f005fdec0601fa13
150e0d12e9130af9
0efd02f7030613ed
04fd041b060e0815
2d19ea0bd33c0d10
d34105db053a1922
cc1f1311e5e4d729
070bc9b7d1c3f2e7
1c220f23fa0a3633
ec001b0226080012
eb170f18ee24dafd
2a230144fee4f2ce
080d13e2091bf1eb
24ff0204f805000c
09ff0feffb121017
030413180b13030f
1f22fc05f615f400
021304faf610180d
f72d2212f6fd051d
f70704fc02f7f1fa
fe2205fff90d0af1
f6fff8f2fbfd2610
eafe0b0008100a23
fe0900fefbfa0402
1014fb18060f0105
03f5020b08f70204
f702120304050603
0602fdf9f605faff
fd0af51b081200f5
00f5fb100c051200
080700f1000e12f9
010b0401050d0e07
fd110d16ff044027
0c05070e1806f205
11f211071d1910f7
102210401e020e0b
e7bf18e900faff1e
f714f50305fae1d7
faebedfd06e702e0
18f1ecf013e8110a
1b08fe090410f40d
0c0e0f08f509f4f0
fa081205f1f3f308
0409f403f204050a
1b1d000c161e07f6
1a2efcfdfd07141d
10292512f3020912
040ef814fe05eb00
302df8010015f302
fb1f00f90f0b1925
062c2c0cf1faf927
0c0502f1f6fcec05
4539f913031c1b0f
f5f90ef01607292b
f8281c1b01030030
0c17f5faf9f703f2
0c10090cfd0b010f
040403fd10ff02fe
02020d0e09fc0afc
000504fc0205ff02
06f80b0a0a05fe0a
08f207faf8f0f105
09f70700070314fd
11fe11f4fd0c030a
fb040e2f0e000d0c
14f9f014f5f3f6f2
13e8fff90a0816fd
f105211e18200f14
b7ba0bd01bdcc6dd
1ce2ed23dceee2c9
2bbdd5cb0bea2ede
e7e5190f19371a1d
370af2f7f832d4f9
f1490af7ea29fd07
dc01fdf3f4dfe923
effde6c2d9ebff02
252b13fefc0b0e2b
051607f319102712
02211d1af50bf624
18210420100bf3f0
3828ff070120fe04
0022f7eb04262514
09332019f2f4fb1b
fd1000f5fbf8fdfd
36310f0800191428
021116040e09261e
f636212304070036
10160007eff6fdf6
0f26060cf9f30316
fefa090013e306fb
08080f1110060411
fffd0dff09f7100b
08fa0011f9fd00ef
14eeef1103efe6e3
0de5f5ef03e80104
f7f711f5040f130a
342a0a230e232117
112a0c1c0d0d0800
0101050e0a171118
06171410151e140a
181708effd1decff
0d191ef8f51d2c11
fc0419fe051efd16
08070e10f712f50d
2a39d924e6162b2e
f32d15e31e183117
eb1c2a21f005fe1a
fd1ae7bfd7f1fa03
080a0e0712f8fa1a
15f00e0d04e7110f
0d161a21fb050408
111308251d11fb0d
160902edf918e3f7
061bf1fafe0fef14
001efff403e6f71a
fbef04eb0407fd01
0b0312fc031b1c1e
fe080c05200ef202
030f0e05faf6071a
21040407070d080a
ecef0b1109f50a0e
03eefb0a0bdee1ef
fcff0512fc0606f2
f9110100fc100e0e
07e40e0e0f0bd9cc
1af1eb08e1f6dad7
fdcaf0d902ed1602
dfdc0c060e13020f
18280a050b1a163c
0d11011b08100805
120a0cfd0206140c
0c031714080c1718
394bf212f6370f39
e93b20e917251920
ee2a2612f702f732
101df7d8ecfb00fb
1222ec29e103483a
f0141ce3261d1117
f6212026f922f31b
2928e620f3e6ffeb
08030f0316e8000f
24ef091500e1fd0d
20070201101a1e10
0d12121e201e150a
16f901fd0e16dfd8
071bf6f6f802fa0c
0a070af0f6ed0510
eae3fe020df9fc0e
f6f3fb02f80df304
0f05fd0df9fc0500
0afd0af6feff0101
06ff0f0bfafd0707
01f60f0dfbfa0a09
1200f10612edf10a
09ef0406130f13f4
0dff1501120e0500
161d121807040708
15091117ebfee4fc
16f509ff11f9071e
07ee1a0d19110817
0315193afaee1515
0de403110bd1fefc
ffef010302fe13f0
fbfe12f10f060903
cec015c304e3c2cf
12f8f903dc06dade
17c9dcda02d406e0
d9c30eef00141e06
022ee311f102272e
f604f1fe07f50ffa
f50e1a13f81903fe
f918f6f202e001f4
f908f7edfbeb08f0
13fae4000a090f0f
120403f813ee0b1f
1af9041212f91612
083115f30b060308
1209f2090cf61808
0aff1ff808080e0c
0ff3020dfe040e03
fc0d0d00fe0cf5fc
0b0bf80804f2ebf5
0b07f3fe03f7fb03
fb0cfc00fe0c1205
dbd8fa060ef50111
10fef305fde9eb0a
0e0602f1060908e7
fa050c030308090f
27060b050b0ef819
06f8f60ae1f8ff03
031c08ecfafa1315
eae70e010dff0716
0911052b0afdf130
15f1ef0603e4ffed
0901fff904f50c08
f402ffd902020703
dbcc12ea17e7d8f1
0be9ee04de02f0e0
17eadff207f50c02
ede6fc06fef806fe
fbe81d11fcfe353a
0f10ea191be2e0e8
0905fa1113131203
1125111a24071d17
03d8f1df03f2e3e5
10ecd813eae7dd11
0af1f0d601ee1213
e6fb00030f010d1f
1b2d0bfb02eef7f3
08d5f511f1f70d0c
100823f70ff20c0f
05ed0712020c0b16
ede5fdef0bfce903
080cfc08defa04f6
f6150504fc030f00
f6eb0801fb100509
b7d209fefcd80bf7
00dce50807d3f0f2
05ead4f008fe01e1
fcff0e1304110a0b
a9aa04010bd1e3f7
14eedc15e5bfd9dc
15d1d7e2ffed0acc
eadb070509fe0f06
fef4ee340200d911
0904fef9f6f2dde9
f3d5edebf4d8041a
e8e800d0e9ff0206
e5ea011307e600fb
01cc04f4010300e4
09e9ecfb090b09f7
f2f6172213160801
ff070c1021fffa10
291ffa2203f7f9eb
11eff10709181402
02f522281224161d
1d08e4f3f41ee7fb
0b0606060900fe19
fd041dfb0bf9fe3a
edfcf9f606fbfcfd
151d0ce70f02f7ee
fddf0d0e09f92f1f
09152b00fcfb0d14
0a0403fc020c040f
def1edf301060901
f70805f3050f0d0e
ec15fd0bf2f8fbfd
0d0fff0bfcf605ff
e6e9fa020bf7faea
f6e70bf712161c1a
05010ffa020806fb
08001002f500f60b
f8f3f4fd00fdf6e5
f907fdfdfd091b12
fa1608fbf5ff0705
e5000dfffc08f20b
fcf6e32df7042117
ea1809e61b162af2
fb11f916ff15080c
f506fad9f4e90408
f2eafb03fd10effd
fff60cfbf3fc0709
f0fa0406fb17fc01
03050c18fb0cfdf7
0f15ec02fc0a0b29
f61427f3021f2714
fc002718ed1bfff9
1c0d07ede2fbf0f3
363af312ef221b1b
f20512e718021f3e
0f2c331deb17ed28
1906f20e01f5f6f7
0e1d17e9fb040103
0eeb0af90df71d0f
16ff0cfa010c0e1b
0af6feff0802000b
f0feecfbf30f0c04
f806fef111021610
ec0cfc11f6f6f709
0900eff8f4010a07
fffeec040707f5f4
f2031aee10262b14
ec1b0f0dfc08fb15
010006f8f5f9ef03
fb0fee0703fd1a06
f50108ea19132621
f613151df2140212
091efd03fafefbfb
cedafed4f7eaeedf
f4f8fbf5fadff4fa
f0f3f6f9f30efbd5
ff00f915000209f4
2d220f0c0b2d09fa
041718190d1f0c2f
071d1f1405e50621
f804feb4f7040701
061a19040504274d
f61929090d291004
061218250d21f70c
2128fe1507f8fde1
2b1bef02fa130a10
ed3609f00afa081d
ff2521fcee04f31c
101df01df9f7f1e7
081a16f6fb09f102
0bf8080813fd14fd
fe050509050dff1e
01f9fa0d050cf501
f607f9f40801020c
f208f7f20c00130b
fc13f91af4fa0511
0b07f905ff030105
141006f20c18050e
f2191bf415251b2d
fc2d0a1105f8070f
1811f9f5f1fdfe03
18190a0705081819
05081bfd16021613
fb231319f916fa1b
19270511fdf2ff01
dbe919fd0de50501
12fce70813dcfffe
0c01fbfd1a0011f0
0206090c19f41a0b
110e1220fe14291a
0d14ff120dfd0502
fdff02180bfd121e
1115fe0212fc1c21
ebed23d225fb1022
2809151afb0afbdc
1a070a16221a13e0
0f191b1c171b241e
1a0b0601f519f6f9
0b2aef0408080216
0816040004f7020e
f7f9f5120af3f901
01000af2120404f0
0b12e80108f0ebf2
0eff05e902f40708
0dfffdfa0702020c
eee60e0204010403
020102040208f9f9
f603fc0900f1f70d
110cf7f80309ff0b
0ff60c080b100e09
02000a091a110912
0e22001402060c06
0a0d0d03ff0416fd
080a0d0a09ec2722
1306fd0b2af4ef03
0ffcfe0a151302fe
1d12000718fd1a15
d4e4120802e509d7
17dddf15fbd2e0eb
14d304df11041ff2
0408183c25041a0f
dccb290212f2fada
2814e428fce0dbd9
11dcd7cd18fb25e4
01e90d0d180e332e
e6df17c528f8a9de
2620fd24c20bf1d8
1be5e7df1deb27f3
e8c8161a28191c2b
301ef912f213f7f7
0411f50506fdf612
050616fafdfdfc11
0dfd0b1919fc09f6
0d1018f2020aebed
0ef2e90ff4e3f4e8
0be902eb06ee1413
06ef000814040507
e6ef0e000b0bf6ff
0f1303fdf1f1faed
f80706fe13f80af6
0dfcfefc03fb0d14
f6fcfe10faf50dfd
13faf605ffeae3ff
0b050df205fb11f8
fdfe1110110e1705
cfc90cfd0ce32d11
16f7e616f403e7e5
07e0f6ec09060fe0
07f914080f120808
dffafa2efce911e4
18e7f30bfaf4eeed
fcd9fffe042913f1
05f80e1bfb06181a
d8d235ec29e5d9c4
3bebdc36d7e8e3db
3bd5e9d232f23dd2
d6cc29252038261f
fdee2dd43200c0e9
4209fd2bd206eef0
22e200f627e72a00
d8e8280722211f2a
3a30f014f82d0c0b
0712f9000301ff16
15171306f70f0719
0300041500fdecf7
1e0606020414feeb
18f9e917fae9eeee
18f213e90cfe1918
06e7060a0b191606
f01204ef0606f60f
0314fb03e110f0ec
f904070301ef11fb
f6eb00fa0afb1816
f1fb0400fdf4faf8
01f302f9fdf3fdfe
fcf40105faff0503
f7fb0307fdf9fafc
fd0303fa0406fbf9
0104f4f80a04f301
0cf6f3fef7000704
fff508fef8f20401
ee0809fbfff70b03
0203f309f7f6f502
fa0003fa080306fc
0708f50406f30607
0002fd08f301f6fa
00020103fbf6fcfe
fb07000603fefe05
fff3f300f1f30302
fcfdf20bfcfdf60b
0403fd00fefa0904
fb03fe0402fb0307
f6f602fef809f4ff
07f9f40a0908fbfa
00f406fdfc00f7fb
00040002f30bf5fd
0e02f7f6f6f90402
fd0901f1f7f70508
08fdf3f3f3f8f6f8
05fcfbfbfdf3fa06
f5fefe02f50002f6
010bf4fc01f8040b
f60501f9fefdf905
f7f601fff60afc07
f8fbf907f8f3f6f6
0a0a0b0af5f300f6
01f6f60608fff8ff
fef9fff306f9f7fe
09f403060005f6f5
f5fb0403fcf8f9ff
04f902fb02fffe00
04fdf305f6fbff05
fd03fafcfd07080a
f502f4f202000703
fdf705fa030106f6
03f803fa00faf5ff
05fcf4f2fafe05f6
fffef104fbfe0900
f6030800010d0e05
0706fcfd050302fa
fb06fa0102fef2ff
0501000604f8020b
f5fa020200020d0e
f60afa01fbfa00fd
0506f6f308f3f6fe
f900fffcfb0800f4
08f9fef503f4f7fb
f0fefbf2f5f607f7
0707f70007fcf808
fd04ff00f9f6fc05
ff00f407fcf1f8f2
05f2fbfbfbfe01f4
f8010702f8fcf7fe
f408fa04f9f9fcf8
f20901f602020502
06f806f9fe03fd00
f704f90808f20304
f605f9fffc0602f5
fefe03f602021007
fbf908f50107fcfd
f9fa0609f40001f9
f8faf50008070607
0afdfcf5f407fd0e
060500fb05fefb05
020102f301f5f7f9
0501f202f4030b09
fdfcf4eff70207f8
0707f5fcfd06f602
f8f0fbf3fe06fa07
faf70b0100faf7f8
fe0101f40806fc09
fc0701fbf503fefa
04f9070500f40501
fafb050c0302fff5
f703fb0207f1050a
04fc05fa00fef005
fbf4f70208f103f3
07f8010afbfc04f9
0dfafefcf0fa04ff
00f6fbf407ffff09
05f00403fbff0404
0a080504f2f8fb0c
01faf60305f8f4f9
f8fef101f8f9f6f6
0afffdf0fafe03f9
0a08050800f303f8
fef2f2fbfef70006
f603f901f807f302
00f7f103f2f2fb09
000bf902f7080503
08faf7f7f9f1fafd
fd0af509f1070605
0300fefef4ff01f5
f408fe02f6f60403
f206fd02f1fa020d
fa0df9f90006fbf8
06fc07faff03f3fa
0bfb0109f3f7fc03
f808f10407ff0b07
fdfaff08fbfff7fa
020afa0108f9f502
0409f606f704f5f9
fff405ef0def0912
02fffc02f605f508
08f501f5fef309f8
06fc0cfa0603fcf6
f8f8fdf706fef3f4
02f908faf3fdf9fd
f906f6f8040400f5
04fdf707f7f3080a
fcf4f506f5f8fc06
0b0704fff80c00f7
0305f3f404f70309
f50304f108f80902
04080603f8f60802
06fefbf8f50908fa
04f5f300f6f4fcfa
0900fa00f4f404f9
f7f508f2f1f1fcf7
0bff07f5f7fd02f4
02f1fbf6fe04f8fb
0af5f6f8fb08050a
f3ff080605fdf001
0af7ff0104f4fff8
feff01fbfd0308f8
fbfd060c03fefc01
f7f9080100f50412
fe0004f9020406f9
0cf800f205fa0205
06fd080a05fdfb05
f6000101ff01f5fa
f9f7fa07f5f8f4ff
0df5fbfefcf50702
f5fffcfef2f8f705
03f509f6f904f80e
f903f103faf6ffff
090000f204faf508
fdfffc0afc05fc00
01fff60af607fdf9
f501050700fbf6f4
0002030504f7f3fb
ff00fb0609080b01
00f20406f6faf40d
0a00fcf802fa02fd
f5f4fa0b040604f4
fd0305f903040809
f40df8fff4f10a09
fe07fff800f204fa
f8f6fc04f402fb0a
fb02fcf907f2f6fb
0905fbfdfaf0f9fd
ff02fd000506f9f6
03fbfff5f5fafc07
f5f9fefcf1f3fef6
03f7f9f9070c040f
fafbfcfafffaf404
08fa06f908f30603
fffcfe00fc08fff5
0105fa0403f60d07
fd0001f9fcfef4fa
0201fbf5f4fd05fb
09f506fffa04fe07
fefdf2f4010601fc
f903ff04f90604f1
05faf2f408f209f6
f9090df5fe06030a
0afb030406f7f9fb
0b0df4fb02fc0002
fd0008f9f3fbfaff
fc08ff0003fffaf8
f80a0805f2fafb07
020407fdf7f505f2
0300fbf6fef50406
fc02fe0b05f1fb01
fefef6ff04f9f2fe
0b05fa0309fef5fd
fa07fa08fdfefa00
020403f2fc03f5f9
0bfcf3f4f2ff02fb
fe0ff3fffb060109
06040905f4f70306
f6fb06fd0308fd07
fb07f8fbf8fdff0b
01f808fcf7f50003
fa04fbfefe07f2fd
09f404fcfa030303
fefef6f500f60a0b
fff904fd080804f2
fcf9ff0605fc09f7
07f70a0403fa000c
fdfcf5f608f6040d
fa00fcf5f6f8fc08
fefb06080705f6f5
0502000a03fcf706
0806fbf7f305020b
fbf8ff0202010af2
fdf6fff708f603fc
0309fbf5f3f1f5f6
000b02fbf6f106f0
f9fefdf7fefdfdf8
02ff05000af401fb
0afbf60dfef6f400
0cf5000801fefef4
0e02000800fb06f2
f7fd08f60009fcfc
f60407f3ff0604f8
f806fbf9f3f3fa06
f707fa09f30405f3
05f6fb09fbf50903
fef9fc0003fd09f8
08f7010006f7fdfb
fa0701f0fdf9ffff
fdf5f605fb010103
03f7fe08f7f40108
0304fff8f302fffc
080b0500f409fc02
f60308fff6f80305
06fdfcfcf208fd09
f7f7fbff04f0fc06
fe05fd01fc0301f5
f7fff303f606f8f9
080201f600090507
0003f503ff020707
fefff9020304f902
06f6fc0901f903fd
070b03ff04f80400
03f601f6f7f60006
00fbfc02f2fbfc04
fa03fe0603060108
f6fc05f6f606faf8
0608f5fffaf4fffa
08fffff1fb03fafb
03f9f3f9f9f6fe07
05faf9f9f7fc05fa
0003f5fdf10700f4
fef5f4f4f2020505
09f7ff08f605f5fd
f5030c0401f805f5
07f7020700f4050e
fcf7fdf7030606f7
faf8030003f905fb
fafa03f5fd07f5f6
0500fb00fff7f8fd
f7fff8fa01f3f2f6
ffeff7f8020102f4
04fb06fbf805fc07
07f8f105fa060005
f807f4fafbfbf607
fffe0503f607f3f3
f4f9f806f9010007
f6f8fcf80202f60a
0c00f5f70b08f908
07fd0b070a0afdf6
f9fcf8f500fd0007
09f9fc09f909fbff
020809030800f7f5
04faf7f80c04fef8
ff0c0509040308fb
0bfe0aff0a000b0a
fb09020109ff09ff
fcfafb01f6f7020b
0b0a09fc0304fcf9
03ff01070901fd0b
fc0a0af5faf6fb00
fa040104f7fdf8fb
09f8fb0afb08f6f5
f60a09fefcf90700
f8f5ff080806fd01
08fd08f7f50a0cf8
090b04fa000901ff
f70b0005f8fafc03
fef4faf808fafe03
0a0307050300f90a
040a070afd000bfe
f505f5f7fdfa07fe
0cfbf70100040000
fc0601f70706fbf6
fd00f705f5070408
fcfe07070b05f900
f70b090cf4f80aff
f7fd07020105f6f6
01fd05f60602f505
fffe0403f50705fc
f60af90a0bfd02fd
fdf703080a08fb02
050bfe0bf705f704
fbf50cf508fdfbfd
0109f800f4030600
fbf9020cfe05f6f7
fd0bf6010604fbf7
f40b08fe0801fff6
02ff070608f6f606
09f804f70702080b
06f5f9fcf804fc08
fdf707fcfaf709f9
0c030b02fb02fb0c
f600fd010b06fafd
f8010b09f70300f9
06f405040705f5fb
05f90b08f504f9f7
fff80b05f505f4fa
f5f906fb0a0a0503
0a07040cfdfcf8fb
0006f8fa090c07fe
fef5040a080c0bf4
fdf60cf404fa09f7
04fa0600fe020702
0cf6f400fa03fb04
f804fff9040101f7
fd08080b00fb0906
f5fcf6ff0605fef5
090af8fbf500f905
06f70505f7fd0bf9
f606f800000908fb
fe000709faf70b08
00fbfd0306f508fd
fcfff5080b03f50c
03f6070904000208
f50408ff0109fcf6
f901fe06f6fcf5f4
fef6fc08f7f60202
00f90af5070502fd
08020a03fb070408
0409010708fbfc05
f8fbf6f405f8faff
f40704fff804f6f5
03f6fd04090b08f9
030101fbfff8f9f8
fefa08050001f5fd
0c0c09070afcfffc
070a00fc0b03fdf5
08f80b09f8030201
0b0b03fe04fa0a03
0209ff010300f904
fe07f9f6f9fa0403
fbf7f60903f50508
05f4f80901fbf503
04fcfbf5feff08fa
f5f70b0b00f706f4
030107f7fbf9f4ff
fe0309f700fd010c
0af6fffcfc09fefe
f9010106fd03fbf8
01070afe01f6ff03
f603f7010402f400
fd03f8f6f8fc05f8
fef906fe03f5fffc
0c07f8fc06fdfef9
0900fdfa0bfd00f7
02f6f806fef5f502
fb0503fd05fff9f4
fffcfbf6f6f9f606
f90b0aff07fd02f7
0509fff405f502ff
f7f70b06fb040cf6
f6f90b09fdf7fdfd
01f602f5f8fbfaf8
0bfa01fe06fa07f9
0afc03fb030403f5
05f50701f9f7ff0b
0bfd04fd02fa0209
f6f8fd090609f709
fff609080afbfbff
f90bfb090a05f900
f4fb05fb0afdf5fa
f804f9ff05fefcff
ff080c09fe03f7f8
f9f9030b060005fc
fa03020106fbfd01
04f9050b05f701f9
03f605f8fd060906
04faf7f8f5f7fb06
fdfbf605f500f50c
04fa000701fffef8
06fc0600f70209f7
fd07f5f5fd0a000a
f5f6f404ff0400f5
07fdf7f50900f4f4
04f60af6fef80205
06f8fc04fa000204
03f5050a0702f4fa
020a0bf4030bf8fb
fc010003fffbfb05
00f4fafefb08f601
0afbfdfb0802f5f9
fc0b08f402fcf80b
f60807fa06f9f90c
fdfb0b07fafafdfa
fdfd02fd01f9fff7
f90101fb08fe0cf5
f7fbfbf904fe0af6
fa000a00f802fcf7
09f5fdfc0502fbf9
f50603f5f7f509ff
09fcfff506feff02
09f909fc00f5ff0b
fcfe03fbf8fcfcf4
f4f70304fff8010b
fc08f70907f9f804
0a06000a0206000a
f70afb0809010108
ff0507f6f8f6f8f5
f707f8f90108fcf9
f502fafbf9fe0501
03f5fbfb0a0a03f6
03f804f50b01f7f5
f504fb0800f703fc
04090b0b00030600
02ff0704fc09fc06
ff09020b02ff05f7
05fe0905fefc0c06
06fb04f8f7030508
02f8f50b0202f705
fd08f5fefbf5f502
f9f8000bf70509fa
0807fa08f501fb0b
0a06f6fa06fffef7
0afeff03fe07fcfd
fa030a0af501f901
04030007f7f9fd00
07f803fcf8f7f600
fb06fdfcfdf9fdf9
fc070603fdfcfdf7
f7f4f9ff02fd00fb
0af8020203070bfd
f8f700faf6f607f8
f6fff4fa030302f7
04f7090bf907ff08
f60507f809000306
f70cfa08f9f504fd
f70a0b09fa050106
fbf8fef80802fb08
f50a0cf601030300
04fe0904fd0af8f5
01fcf904f80306f5
07fe05060203fd0b
fafcf8ff0901f608
0501f803f9070bfb
f8fdf702fcf5f4f5
f5f801fc020900f4
01f7fff4fbf602fc
0305fd0806f8fbf7
f90bf6fefff5f60b
0b080a020af6fc01
f900030909f70008
010bf9fbfdfc0602
fc050c09fc02f5ff
0b05090901fdf901
fc0304f8f9f60801
0303f70902050401
fef7f70806040afc
040a09f7f609fa05
fe01fdf60a06fffb
08010bf5faf8f4f7
f5fafff90b0b000c
04fb01000a01f5fb
ff0906f8f4f7feff
03f50bf9fd05080b
fafa04f9050500fb
0a010708f7f90b06
04f605fe010af50b
07f509fef40af5ff
fd04f9fbfefeff00
fdf9f600fe0afb01
010406fef8f9f505
f6fa05faf6fd0a09
f709f50006fe090a
0202f90203fffefa
fd0309fcfbf707f8
fc060301fbf9fb08
0cff02fc09fcfa09
06f9030001fcf60c
0208f405f80bf900
fd0b06ff09fcf906
03fdfb0b04000c0a
0a0504fa00f7fbf7
f502f50501ff06f5
03f7f806fffd0108
fffaf7f90b0406f5
0cfe08fcf8060902
03f5fffe00fbfa03
f7fefd0c09ff03f8
fd0809fc0101f5f4
fd020b0208f507fd
01fdfd0a09fc090b
fc0a000bfdfff503
0b04040bfbf708fa
fef505f8fbff0909
08080403ff03f9f5
f500fff8f7f5fcfe
0500fb0104f50bfa
0900090bf50a05f4
030a0201f7080900
fe00fbf5f4f4f6fc
f60a0100060cfd0a
faf50000030a00ff
0407070208f901fe
f9fdfb0afe01f9f6
fe07fffefafefd00
fc03ff000907fa08
f6f60802f7fbf902
06ff01fc02f6fc07
010bfcfffef70702
ff050c0a080a03fa
0bf9fdfc05f80605
e911e1000adbfcf4
15082037d930f731
ec15d131ead51a01
f1d20f1bf82626e8
f6152511e8dcd82d
f6d0bec3fbd5d60f
f7d9e7c5bc8df307
f70302dd0a4bfabe
e6fbdcfdefdae6fe
17fd0ffc201ce23c
3df286ee29f8a942
f8c0d427cd3a0130
21d2cf1928cb12c5
ff131dd8c5f3e80d
003137f1d6d2d01e
2601f41729f0e4a6
0559dd3cb2e09912
f7fab9c1e73e0dc2
e7b3403fef1ad5fb
b3b3331dd5cde9ce
c3dddd11291e3920
f600ff0cc3d015c6
cae603d523dde5e2
d5cb96aaaf41e011
3315c02f0bc91f18
f23c18fac8c61c0d
dc07203712feaa45
d4c7d630e1b60ff7
c8e02b17011af120
e52ff7f224300105
18c51b2e09d5101c
c6e2eed7009ddc06
99df3511f7df41ca
002f4809e8c242d5
f625bbb4c82618e3
debce5e53afbf9f7
ed1e23d3d8ed3fe0
e7ec1437e0cbd7e3
2a22cfbbc603122c
37e80cdbf426cfe6
55c4d62a2ce7bb27
1b3ddadd3d352a14
fa20adc2f63fc7db
fb3c41f6363ec42f
ea1c43152913ef39
f116372c3eeb3502
f1a8fdc1132130c0
0fd2f03cdfd11dac
069aca3eff07d4db
b1de3024fe080a13
0ca614f7ccdc4cbd
b5580816c3eb1f22
c31a052109ec352a
cd03e6c407022fd0
bd4037c7e2c0379d
d7f7bdc9f8d033d7
b0c816b511e004e6
d621ebeff018f0d9
dca0d5e9f4d5e3dd
aa3bedf941aa17d3
40ef374ecee4ef30
e9311b28d6f320d6
1938c105d01cc3be
df010816dc470be6
24dd0b2401e33ee1
bdc608e5f42febe9
e63ccc08fd3f4799
affb3830f52f313c
bb1ffca642393a21
0433deed321fcbbd
e7081733d61200db
172edfba34a1e8f0
04bb06a1163f2ee8
07e3b103182fa32e
f0982cbac726fb3d
aec5ff1ede2ccb40
4ac43f163f3b34e3
c9d33b162615fce4
36ff0622da1e07d3
27d0fcecb6c4cb0d
3205ddcc2ffdccf4
16de332a1bf32b45
1048f9d029d4adfb
0402b24620cf0f06
18360cfcfcbef2e1
c5fe23ede6d61420
c8a01aba24d723c7
c13e4633d7f6fab7
0e3a3dcff52408e9
a3353f3b3c11cc47
1c052beecb1015c3
ccd612c7c8dfca38
a0c723f925de3efd
1bc3e622daedbb36
2900f034d49d0108
2ed3baffe503df10
29dbdb44dcd9e537
321612eebfe10acc
ebdb12dac5d3f8b0
d2be5aeafad9fd10
212bc6f03132bbb6
f3cb2a0fd726e6f3
defadc28fbfce32d
ffe1bde93b043c46
e7c83207a3c6f8e5
b9cfbcddf1e82224
204029071bb5c2ea
37f2effcc045ec0d
372204a433f3e0f9
f2f6391dc233e536
eb05fbe603cb1c20
21dcd0eda3efe031
0bedf1f0320db83b
15eec5e11acd48d8
dde317e922d1fcab
b3195ac9312bcf05
96ccedbe0d1c1621
d7393439dafae9cc
3c28f72e3d053322
d2c3cf0535d41fd8
f0c537c404c4fe1c
ebcccd13321a2dd0
e12edb4fca0ae30a
ebf8ccdfd0aa0209
1a2dbee4dcfaf5ea
efc7f6f83c182632
c4f8e2e7c2b9bcbb
cbd85031522bcde8
4011bf3535e50df1
bf093e1923e84d24
c9d6da1915c2e4df
35b82b19f5b3ec04
dfd4cde406d22b1a
24f6edf0efd10ddd
311d151ed0bcd1b9
e3e5c0c817363a12
020146b3d3004fde
e43ec9cb31d81b35
3004ac361fd9dd2c
1d2ce5d2e01ee0d6
3334e7d9d6f7bc81
27d0f739eac319f5
140809c318da0639
ffc72bd7b8dcce1a
0612bad5f7e7a323
a7323fcb25fa24c7
bfc905ed2beaf5ac
11d0c8c312341bef
e80327abc711d026
0bd6bf45fdd5d83a
3839d20d3fcdec3b
f1e7883b2e060f08
aa09c307aa2cbd0e
cbe54834dbd7d7b8
171506c519e928df
c6bcb6cabfeaeee1
d0bb3cb8dbce1626
3cf9e5d8edbb44f5
dc351a0d204e2502
cad51228a2c8cd1c
121632d2d7195a11
f5e207edeb1bfb56
07f1dfdc10f3eaf7
dae1bb16301efb3c
f332c5d724311bef
c5e2111ff0c4be1d
2adade14d9223322
ced8c11c2083e5cb
4120dda7d7d715c6
35081bf5de150a1f
1545cbf71ab24018
c4c2173116ffdc17
c43fd8e3193229bd
0ef11bd22b13dfc5
c4a41405142fd006
dd3b12e2b6f33318
3fd1c724c1cc27fe
05ce412800c1f708
d7e4f30439fc0ccf
26fa06450f00f1d0
ff1bc7b832bfbaca
ed08341a3336151c
23fdf2171dbe3540
43f80f1fbeebc930
e6ee1c39cdfaf4f3
d33bd9de06f602f9
35ea25fe3941e72c
3fc9dcdef10338c9
d9f41debf714facc
d7e80716160a1ce7
cfbe20142bf11609
35c20cf2cc161321
1a192dd519c3141f
ef002e1ff1e990d3
3be81ac3c51b12c7
46000e3f22c106d3
2c022bfec5fcbcd1
3b1d1c3603dc2101
152e04d625aed0bf
323025f9f6f610de
e10906a812223f0f
a00593ea0ec5d5d2
08ea1f27bbf327c1
17340de7d9f71423
132625dce21715ae
1043e6072730d60a
c01613f3f93e0fbe
1f0523af4bcef8f9
