============================================================
   Tang Dynasty, V6.2.168116
   Copyright (c) 2012-2025 Anlogic Inc.
   Executable = D:/Anlogic/TD_6.2.1_Engineer_6.2.168.116/bin/run.exe
   Built at =   16:32:07 Jun 12 2025
   Run by =     »ÆÂúöÎ
   Run Date =   Mon Sep 14 21:59:59 2026

   Run on =     LAPTOP-JS31KT7K
============================================================
RUN-1002 : start command "import_device ph1_35p.db -package PH1P35MDG324 -speed 3"
ARC-1001 : Device Initialization.
ARC-1001 : ----------------------------------------------------------------
ARC-1001 :           OPTION          |          IO           |   SETTING   
ARC-1001 : ----------------------------------------------------------------
ARC-1001 :   non_jtag_persist(none)  |        35 IOs         |    gpio    
ARC-1001 :            jtag           |  P13/P15/L14/R13/T13  |  dedicate  
ARC-1001 : ----------------------------------------------------------------
RUN-1003 : finish command "import_device ph1_35p.db -package PH1P35MDG324 -speed 3" in  1.669150s wall, 1.234375s user + 0.078125s system = 1.312500s CPU (78.6%)

RUN-1004 : used memory is 324 MB, reserved memory is 321 MB, peak memory is 324 MB
RUN-1002 : start command "open_project traffic_sign_td.prj"
RUN-1002 : start command "commit_param -step design"
RUN-1001 : Print Global Property
RUN-1001 : -------------------------------------------------------------
RUN-1001 :     Parameters    |   Settings   |  Default Values  |  Note  
RUN-1001 : -------------------------------------------------------------
RUN-1001 :    enable_seed    |     off      |       off        |        
RUN-1001 :    hfn_to_clock   |  1000000000  |    1000000000    |        
RUN-1001 :      message      |   standard   |     standard     |        
RUN-1001 :    qor_monitor    |      on      |        on        |        
RUN-1001 :   speedup_effort  |      0       |        0         |        
RUN-1001 :    syn_ip_flow    |     off      |       off        |        
RUN-1001 :       thread      |     auto     |       auto       |        
RUN-1001 : -------------------------------------------------------------
RUN-1001 : Print Design Property
RUN-1001 : ----------------------------------------------------------------
RUN-1001 :       Parameters       |  Settings  |  Default Values  |  Note  
RUN-1001 : ----------------------------------------------------------------
RUN-1001 :   default_reg_initial  |    auto    |       auto       |        
RUN-1001 :    hdl_warning_level   |   normal   |      normal      |        
RUN-1001 : ----------------------------------------------------------------
HDL-1007 : analyze verilog file ../../../user_source/ip_source/PLL/RTL/ph1p_phy_pll_wrapper_25a56e5ce2f9.v
HDL-1007 : analyze verilog file ../../../user_source/ip_source/PLL/PLL.v
HDL-1007 : analyze verilog file ../../../user_source/ip_source/blk_mem_gen_awb_delay_signal/blk_mem_gen_awb_delay_signal.v
HDL-1007 : analyze verilog file ../../../user_source/ip_source/blk_mem_gen_awb_delay_signal/ram_f84573da5ab5.v
HDL-1007 : analyze verilog file ../../../user_source/ip_source/demosaic/blk_mem_gen_demosaic/RTL/ram_c36c2ca3b3a7.v
HDL-1007 : analyze verilog file ../../../user_source/ip_source/demosaic/blk_mem_gen_demosaic/blk_mem_gen_demosaic.v
HDL-1007 : analyze verilog file ../../../user_source/ip_source/demosaic/blk_mem_gen_zhenghe/RTL/ram_d32970204f32.v
HDL-1007 : analyze verilog file ../../../user_source/ip_source/demosaic/blk_mem_gen_zhenghe/blk_mem_gen_zhenghe.v
HDL-1007 : analyze verilog file ../../../user_source/ip_source/divider/divider_gate.v
HDL-1007 : undeclared symbol 'open_n2', assumed default net type 'wire' in ../../../user_source/ip_source/divider/divider_gate.v(2729)
HDL-1007 : undeclared symbol 'open_n5', assumed default net type 'wire' in ../../../user_source/ip_source/divider/divider_gate.v(2811)
HDL-1007 : undeclared symbol 'open_n8', assumed default net type 'wire' in ../../../user_source/ip_source/divider/divider_gate.v(3783)
HDL-1007 : undeclared symbol 'open_n11', assumed default net type 'wire' in ../../../user_source/ip_source/divider/divider_gate.v(3872)
HDL-1007 : undeclared symbol 'open_n14', assumed default net type 'wire' in ../../../user_source/ip_source/divider/divider_gate.v(4854)
HDL-1007 : undeclared symbol 'open_n17', assumed default net type 'wire' in ../../../user_source/ip_source/divider/divider_gate.v(4950)
HDL-1007 : undeclared symbol 'open_n20', assumed default net type 'wire' in ../../../user_source/ip_source/divider/divider_gate.v(5948)
HDL-1007 : undeclared symbol 'open_n23', assumed default net type 'wire' in ../../../user_source/ip_source/divider/divider_gate.v(6051)
HDL-1007 : undeclared symbol 'open_n26', assumed default net type 'wire' in ../../../user_source/ip_source/divider/divider_gate.v(7065)
HDL-1007 : undeclared symbol 'open_n29', assumed default net type 'wire' in ../../../user_source/ip_source/divider/divider_gate.v(7175)
HDL-1007 : undeclared symbol 'open_n32', assumed default net type 'wire' in ../../../user_source/ip_source/divider/divider_gate.v(8205)
HDL-1007 : undeclared symbol 'open_n35', assumed default net type 'wire' in ../../../user_source/ip_source/divider/divider_gate.v(8322)
HDL-1007 : undeclared symbol 'open_n38', assumed default net type 'wire' in ../../../user_source/ip_source/divider/divider_gate.v(9368)
HDL-1007 : undeclared symbol 'open_n41', assumed default net type 'wire' in ../../../user_source/ip_source/divider/divider_gate.v(9492)
HDL-1007 : undeclared symbol 'open_n44', assumed default net type 'wire' in ../../../user_source/ip_source/divider/divider_gate.v(10548)
HDL-1007 : undeclared symbol 'open_n47', assumed default net type 'wire' in ../../../user_source/ip_source/divider/divider_gate.v(10679)
HDL-1007 : undeclared symbol 'open_n50', assumed default net type 'wire' in ../../../user_source/ip_source/divider/divider_gate.v(11751)
HDL-1007 : undeclared symbol 'open_n53', assumed default net type 'wire' in ../../../user_source/ip_source/divider/divider_gate.v(11889)
HDL-1007 : undeclared symbol 'open_n56', assumed default net type 'wire' in ../../../user_source/ip_source/divider/divider_gate.v(12977)
HDL-1007 : undeclared symbol 'open_n59', assumed default net type 'wire' in ../../../user_source/ip_source/divider/divider_gate.v(13122)
HDL-1007 : undeclared symbol 'open_n62', assumed default net type 'wire' in ../../../user_source/ip_source/divider/divider_gate.v(15070)
HDL-1007 : undeclared symbol 'open_n65', assumed default net type 'wire' in ../../../user_source/ip_source/divider/divider_gate.v(15222)
HDL-1007 : undeclared symbol 'open_n68', assumed default net type 'wire' in ../../../user_source/ip_source/divider/divider_gate.v(16342)
HDL-1007 : undeclared symbol 'open_n71', assumed default net type 'wire' in ../../../user_source/ip_source/divider/divider_gate.v(16501)
HDL-1007 : undeclared symbol 'open_n74', assumed default net type 'wire' in ../../../user_source/ip_source/divider/divider_gate.v(17631)
HDL-1007 : undeclared symbol 'open_n77', assumed default net type 'wire' in ../../../user_source/ip_source/divider/divider_gate.v(17797)
HDL-1007 : undeclared symbol 'open_n80', assumed default net type 'wire' in ../../../user_source/ip_source/divider/divider_gate.v(18943)
HDL-1007 : undeclared symbol 'open_n83', assumed default net type 'wire' in ../../../user_source/ip_source/divider/divider_gate.v(19116)
HDL-1007 : undeclared symbol 'open_n86', assumed default net type 'wire' in ../../../user_source/ip_source/divider/divider_gate.v(20278)
HDL-1007 : undeclared symbol 'open_n89', assumed default net type 'wire' in ../../../user_source/ip_source/divider/divider_gate.v(20458)
HDL-1007 : undeclared symbol 'open_n92', assumed default net type 'wire' in ../../../user_source/ip_source/divider/divider_gate.v(21636)
HDL-1007 : undeclared symbol 'open_n95', assumed default net type 'wire' in ../../../user_source/ip_source/divider/divider_gate.v(21823)
HDL-1007 : undeclared symbol 'open_n98', assumed default net type 'wire' in ../../../user_source/ip_source/divider/divider_gate.v(23017)
HDL-1007 : undeclared symbol 'open_n101', assumed default net type 'wire' in ../../../user_source/ip_source/divider/divider_gate.v(23211)
HDL-1007 : undeclared symbol 'open_n104', assumed default net type 'wire' in ../../../user_source/ip_source/divider/divider_gate.v(24415)
HDL-1007 : undeclared symbol 'open_n107', assumed default net type 'wire' in ../../../user_source/ip_source/divider/divider_gate.v(24616)
HDL-1007 : undeclared symbol 'open_n110', assumed default net type 'wire' in ../../../user_source/ip_source/divider/divider_gate.v(25836)
HDL-1007 : undeclared symbol 'open_n113', assumed default net type 'wire' in ../../../user_source/ip_source/divider/divider_gate.v(26044)
HDL-1007 : undeclared symbol 'open_n116', assumed default net type 'wire' in ../../../user_source/ip_source/divider/divider_gate.v(27280)
HDL-1007 : undeclared symbol 'open_n119', assumed default net type 'wire' in ../../../user_source/ip_source/divider/divider_gate.v(27495)
HDL-1007 : undeclared symbol 'open_n122', assumed default net type 'wire' in ../../../user_source/ip_source/divider/divider_gate.v(29638)
HDL-1007 : undeclared symbol 'open_n125', assumed default net type 'wire' in ../../../user_source/ip_source/divider/divider_gate.v(29860)
HDL-1007 : undeclared symbol 'open_n128', assumed default net type 'wire' in ../../../user_source/ip_source/divider/divider_gate.v(31128)
HDL-1007 : undeclared symbol 'open_n129', assumed default net type 'wire' in ../../../user_source/ip_source/divider/divider_gate.v(31359)
HDL-1007 : undeclared symbol 'open_n132', assumed default net type 'wire' in ../../../user_source/ip_source/divider/divider_gate.v(32637)
HDL-1007 : undeclared symbol 'open_n133', assumed default net type 'wire' in ../../../user_source/ip_source/divider/divider_gate.v(32868)
HDL-1007 : undeclared symbol 'open_n134', assumed default net type 'wire' in ../../../user_source/ip_source/divider/divider_gate.v(32875)
HDL-1007 : undeclared symbol 'open_n137', assumed default net type 'wire' in ../../../user_source/ip_source/divider/divider_gate.v(34153)
HDL-1007 : undeclared symbol 'open_n138', assumed default net type 'wire' in ../../../user_source/ip_source/divider/divider_gate.v(34384)
HDL-1007 : undeclared symbol 'open_n139', assumed default net type 'wire' in ../../../user_source/ip_source/divider/divider_gate.v(34391)
HDL-1007 : undeclared symbol 'open_n142', assumed default net type 'wire' in ../../../user_source/ip_source/divider/divider_gate.v(35669)
HDL-1007 : undeclared symbol 'open_n143', assumed default net type 'wire' in ../../../user_source/ip_source/divider/divider_gate.v(35900)
HDL-1007 : undeclared symbol 'open_n144', assumed default net type 'wire' in ../../../user_source/ip_source/divider/divider_gate.v(35907)
HDL-1007 : undeclared symbol 'open_n147', assumed default net type 'wire' in ../../../user_source/ip_source/divider/divider_gate.v(37185)
HDL-1007 : undeclared symbol 'open_n148', assumed default net type 'wire' in ../../../user_source/ip_source/divider/divider_gate.v(37416)
HDL-1007 : undeclared symbol 'open_n149', assumed default net type 'wire' in ../../../user_source/ip_source/divider/divider_gate.v(37423)
HDL-1007 : undeclared symbol 'open_n152', assumed default net type 'wire' in ../../../user_source/ip_source/divider/divider_gate.v(38701)
HDL-1007 : undeclared symbol 'open_n153', assumed default net type 'wire' in ../../../user_source/ip_source/divider/divider_gate.v(38932)
HDL-1007 : undeclared symbol 'open_n154', assumed default net type 'wire' in ../../../user_source/ip_source/divider/divider_gate.v(38939)
HDL-1007 : undeclared symbol 'open_n157', assumed default net type 'wire' in ../../../user_source/ip_source/divider/divider_gate.v(40217)
HDL-1007 : undeclared symbol 'open_n158', assumed default net type 'wire' in ../../../user_source/ip_source/divider/divider_gate.v(40448)
HDL-1007 : undeclared symbol 'open_n159', assumed default net type 'wire' in ../../../user_source/ip_source/divider/divider_gate.v(40455)
HDL-1007 : undeclared symbol 'open_n162', assumed default net type 'wire' in ../../../user_source/ip_source/divider/divider_gate.v(41733)
HDL-1007 : undeclared symbol 'open_n163', assumed default net type 'wire' in ../../../user_source/ip_source/divider/divider_gate.v(41964)
HDL-1007 : undeclared symbol 'open_n164', assumed default net type 'wire' in ../../../user_source/ip_source/divider/divider_gate.v(41971)
HDL-1007 : undeclared symbol 'open_n167', assumed default net type 'wire' in ../../../user_source/ip_source/divider/divider_gate.v(43249)
HDL-1007 : undeclared symbol 'open_n168', assumed default net type 'wire' in ../../../user_source/ip_source/divider/divider_gate.v(43480)
HDL-1007 : undeclared symbol 'open_n169', assumed default net type 'wire' in ../../../user_source/ip_source/divider/divider_gate.v(43487)
HDL-1007 : undeclared symbol 'open_n172', assumed default net type 'wire' in ../../../user_source/ip_source/divider/divider_gate.v(45678)
HDL-1007 : undeclared symbol 'open_n173', assumed default net type 'wire' in ../../../user_source/ip_source/divider/divider_gate.v(45909)
HDL-1007 : undeclared symbol 'open_n174', assumed default net type 'wire' in ../../../user_source/ip_source/divider/divider_gate.v(45916)
HDL-1007 : undeclared symbol 'open_n177', assumed default net type 'wire' in ../../../user_source/ip_source/divider/divider_gate.v(47194)
HDL-1007 : undeclared symbol 'open_n178', assumed default net type 'wire' in ../../../user_source/ip_source/divider/divider_gate.v(47425)
HDL-1007 : undeclared symbol 'open_n179', assumed default net type 'wire' in ../../../user_source/ip_source/divider/divider_gate.v(47432)
HDL-1007 : undeclared symbol 'open_n182', assumed default net type 'wire' in ../../../user_source/ip_source/divider/divider_gate.v(48710)
HDL-1007 : undeclared symbol 'open_n183', assumed default net type 'wire' in ../../../user_source/ip_source/divider/divider_gate.v(48941)
HDL-1007 : undeclared symbol 'open_n184', assumed default net type 'wire' in ../../../user_source/ip_source/divider/divider_gate.v(48948)
HDL-1007 : undeclared symbol 'open_n187', assumed default net type 'wire' in ../../../user_source/ip_source/divider/divider_gate.v(50226)
HDL-1007 : undeclared symbol 'open_n188', assumed default net type 'wire' in ../../../user_source/ip_source/divider/divider_gate.v(50457)
HDL-1007 : undeclared symbol 'open_n189', assumed default net type 'wire' in ../../../user_source/ip_source/divider/divider_gate.v(50464)
HDL-1007 : undeclared symbol 'open_n192', assumed default net type 'wire' in ../../../user_source/ip_source/divider/divider_gate.v(51742)
HDL-1007 : undeclared symbol 'open_n193', assumed default net type 'wire' in ../../../user_source/ip_source/divider/divider_gate.v(51973)
HDL-1007 : undeclared symbol 'open_n194', assumed default net type 'wire' in ../../../user_source/ip_source/divider/divider_gate.v(51980)
HDL-1007 : undeclared symbol 'open_n197', assumed default net type 'wire' in ../../../user_source/ip_source/divider/divider_gate.v(53258)
HDL-1007 : undeclared symbol 'open_n198', assumed default net type 'wire' in ../../../user_source/ip_source/divider/divider_gate.v(53489)
HDL-1007 : undeclared symbol 'open_n199', assumed default net type 'wire' in ../../../user_source/ip_source/divider/divider_gate.v(53496)
HDL-1007 : undeclared symbol 'open_n202', assumed default net type 'wire' in ../../../user_source/ip_source/divider/divider_gate.v(54774)
HDL-1007 : undeclared symbol 'open_n203', assumed default net type 'wire' in ../../../user_source/ip_source/divider/divider_gate.v(55005)
HDL-1007 : undeclared symbol 'open_n204', assumed default net type 'wire' in ../../../user_source/ip_source/divider/divider_gate.v(55012)
HDL-1007 : undeclared symbol 'open_n207', assumed default net type 'wire' in ../../../user_source/ip_source/divider/divider_gate.v(57048)
HDL-1007 : undeclared symbol 'open_n208', assumed default net type 'wire' in ../../../user_source/ip_source/divider/divider_gate.v(57167)
HDL-1007 : undeclared symbol 'open_n209', assumed default net type 'wire' in ../../../user_source/ip_source/divider/divider_gate.v(57174)
HDL-1007 : undeclared symbol 'open_n212', assumed default net type 'wire' in ../../../user_source/ip_source/divider/divider_gate.v(58502)
HDL-1007 : undeclared symbol 'open_n215', assumed default net type 'wire' in ../../../user_source/ip_source/divider/divider_gate.v(58507)
HDL-1007 : undeclared symbol 'open_n218', assumed default net type 'wire' in ../../../user_source/ip_source/divider/divider_gate.v(59405)
HDL-1007 : undeclared symbol 'open_n221', assumed default net type 'wire' in ../../../user_source/ip_source/divider/divider_gate.v(59459)
HDL-1007 : undeclared symbol 'open_n224', assumed default net type 'wire' in ../../../user_source/ip_source/divider/divider_gate.v(60367)
HDL-1007 : undeclared symbol 'open_n227', assumed default net type 'wire' in ../../../user_source/ip_source/divider/divider_gate.v(60428)
HDL-1007 : undeclared symbol 'open_n230', assumed default net type 'wire' in ../../../user_source/ip_source/divider/divider_gate.v(61352)
HDL-1007 : undeclared symbol 'open_n233', assumed default net type 'wire' in ../../../user_source/ip_source/divider/divider_gate.v(61420)
HDL-1007 : undeclared symbol 'open_n236', assumed default net type 'wire' in ../../../user_source/ip_source/divider/divider_gate.v(62360)
HDL-1007 : undeclared symbol 'open_n239', assumed default net type 'wire' in ../../../user_source/ip_source/divider/divider_gate.v(62435)
HDL-1007 : analyze verilog file ../../../user_source/ip_source/ph1p35_ddr/ddr2/ph1p_ddrmc_wrapper_63f4ac254419.v
HDL-1007 : analyze included file ../../../user_source/ip_source/ph1p35_ddr/ddr2/./src/rtl/include/ph1p_mis_define.vh in ../../../user_source/ip_source/ph1p35_ddr/ddr2/ph1p_ddrmc_wrapper_63f4ac254419.v(11)
HDL-1007 : back to file '../../../user_source/ip_source/ph1p35_ddr/ddr2/ph1p_ddrmc_wrapper_63f4ac254419.v' in ../../../user_source/ip_source/ph1p35_ddr/ddr2/ph1p_ddrmc_wrapper_63f4ac254419.v(11)
Copyright (c) 1998-2019 The OpenSSL Project.  All rights reserved.
This product includes software developed by the OpenSSL Project
for use in the OpenSSL Toolkit (http://www.openssl.org/)
Copyright (C) 1995-1998 Eric Young (eay@cryptsoft.com)
All rights reserved.
This product includes cryptographic software written by Eric Young (eay@cryptsoft.com)
HDL-1007 : back to file '../../../user_source/ip_source/ph1p35_ddr/ddr2/ph1p_ddrmc_wrapper_63f4ac254419.v' in ../../../user_source/ip_source/ph1p35_ddr/ddr2/ph1p_ddrmc_wrapper_63f4ac254419.v(417)
HDL-1007 : analyze verilog file ../../../user_source/ip_source/ph1p35_ddr/ddr2/ddr2.v
HDL-1007 : analyze verilog file ../../../user_source/ip_source/ph1p35_ddr/ddr2/src/rtl/clk/ph1p_ddrphy_clk_top.v
HDL-1007 : analyze verilog file ../../../user_source/ip_source/ph1p35_ddr/ddr2/src/rtl/clk/ph1p_ddrphy_pll0.v
HDL-1007 : analyze verilog file ../../../user_source/ip_source/ph1p35_ddr/ddr2/src/rtl/clk/ph1p_ddrphy_pll1.v
HDL-1007 : analyze verilog file ../../../user_source/ip_source/ph1p35_ddr/ddr2/src/rtl/init/ph1p_ddrphy_dram_init_ddr2.v
HDL-1007 : analyze verilog file ../../../user_source/ip_source/ph1p35_ddr/ddr2/src/rtl/mc/alc_phy2mc_fifo_ctrl.v
HDL-1007 : analyze verilog file ../../../user_source/ip_source/ph1p35_ddr/ddr2/src/rtl/misc/ph1p_ddr_fifo_dram_sync.v
HDL-1007 : analyze verilog file ../../../user_source/ip_source/ph1p35_ddr/ddr2/src/rtl/misc/ph1p_ddrphy_sync_rst_gen.v
HDL-1007 : analyze verilog file ../../../user_source/ip_source/ph1p35_ddr/ddr2/src/rtl/phy/ph1p_ddrphy.v
HDL-1007 : analyze included file ../../../user_source/ip_source/ph1p35_ddr/ddr2/src/rtl/phy/./include/ph1p_ddrphy_pad_type.vh in ../../../user_source/ip_source/ph1p35_ddr/ddr2/src/rtl/phy/ph1p_ddrphy.v(105)
HDL-1007 : back to file '../../../user_source/ip_source/ph1p35_ddr/ddr2/src/rtl/phy/ph1p_ddrphy.v' in ../../../user_source/ip_source/ph1p35_ddr/ddr2/src/rtl/phy/ph1p_ddrphy.v(105)
HDL-1007 : analyze included file ../../../user_source/ip_source/ph1p35_ddr/ddr2/src/rtl/phy/./include/ph1p_ddrphy_bus_matrix.vh in ../../../user_source/ip_source/ph1p35_ddr/ddr2/src/rtl/phy/ph1p_ddrphy.v(507)
HDL-1007 : back to file '../../../user_source/ip_source/ph1p35_ddr/ddr2/src/rtl/phy/ph1p_ddrphy.v' in ../../../user_source/ip_source/ph1p35_ddr/ddr2/src/rtl/phy/ph1p_ddrphy.v(507)
HDL-1007 : analyze verilog file ../../../user_source/ip_source/ph1p35_ddr/ddr2/src/rtl/phy/ph1p_ddrphy_apb_bridge.v
HDL-1007 : analyze verilog file ../../../user_source/ip_source/ph1p35_ddr/ddr2/src/rtl/phy/ph1p_ddrphy_bankref_cfg.v
HDL-1007 : analyze verilog file ../../../user_source/ip_source/ph1p35_ddr/ddr2/src/rtl/phy/ph1p_ddrphy_byte_wrapper.v
HDL-1007 : analyze verilog file ../../../user_source/ip_source/ph1p35_ddr/ddr2/src/rtl/phy/ph1p_ddrphy_cmd_decode.v
HDL-1007 : analyze verilog file ../../../user_source/ip_source/ph1p35_ddr/ddr2/src/rtl/phy/ph1p_ddrphy_cmd_execution.v
HDL-1007 : analyze verilog file ../../../user_source/ip_source/ph1p35_ddr/ddr2/src/rtl/phy/ph1p_ddrphy_cmd_wrapper.v
HDL-1007 : analyze verilog file ../../../user_source/ip_source/ph1p35_ddr/ddr2/src/rtl/phy/ph1p_ddrphy_dcu.v
HDL-1007 : analyze verilog file ../../../user_source/ip_source/ph1p35_ddr/ddr2/src/rtl/phy/ph1p_ddrphy_dcu_wrapper.v
HDL-1007 : analyze verilog file ../../../user_source/ip_source/ph1p35_ddr/ddr2/src/rtl/phy/ph1p_ddrphy_fast_init.v
HDL-1007 : analyze verilog file ../../../user_source/ip_source/ph1p35_ddr/ddr2/src/rtl/phy/ph1p_ddrphy_fast_init_wrapper.v
HDL-1007 : analyze included file ../../../user_source/ip_source/ph1p35_ddr/ddr2/src/rtl/phy/./include/ph1p_ddrphy_board_delay.vh in ../../../user_source/ip_source/ph1p35_ddr/ddr2/src/rtl/phy/ph1p_ddrphy_fast_init_wrapper.v(71)
HDL-1007 : back to file '../../../user_source/ip_source/ph1p35_ddr/ddr2/src/rtl/phy/ph1p_ddrphy_fast_init_wrapper.v' in ../../../user_source/ip_source/ph1p35_ddr/ddr2/src/rtl/phy/ph1p_ddrphy_fast_init_wrapper.v(71)
HDL-1007 : analyze verilog file ../../../user_source/ip_source/ph1p35_ddr/ddr2/src/rtl/phy/ph1p_ddrphy_init.v
HDL-1007 : analyze verilog file ../../../user_source/ip_source/ph1p35_ddr/ddr2/src/rtl/phy/ph1p_ddrphy_mdl_cal.v
HDL-1007 : analyze verilog file ../../../user_source/ip_source/ph1p35_ddr/ddr2/src/rtl/phy/ph1p_ddrphy_mdl_cal_wrapper.v
HDL-1007 : analyze verilog file ../../../user_source/ip_source/ph1p35_ddr/ddr2/src/rtl/phy/ph1p_ddrphy_rphase_ctl.v
HDL-1007 : analyze verilog file ../../../user_source/ip_source/ph1p35_ddr/ddr2/src/rtl/phy/ph1p_ddrphy_top.v
HDL-1007 : analyze included file ../../../user_source/ip_source/ph1p35_ddr/ddr2/src/rtl/phy/./include/ph1p_ddrphy_ddrio.vh in ../../../user_source/ip_source/ph1p35_ddr/ddr2/src/rtl/phy/ph1p_ddrphy_top.v(736)
HDL-1007 : back to file '../../../user_source/ip_source/ph1p35_ddr/ddr2/src/rtl/phy/ph1p_ddrphy_top.v' in ../../../user_source/ip_source/ph1p35_ddr/ddr2/src/rtl/phy/ph1p_ddrphy_top.v(736)
HDL-1007 : analyze verilog file ../../../user_source/ip_source/ph1p35_ddr/ddr2/src/rtl/phy/ph1p_ddrphy_wphase_ctl.v
HDL-1007 : analyze verilog file ../../../user_source/ip_source/ph1p35_ddr/ddr2/src/rtl/phy/ph1p_ddrphy_wrapper.v
HDL-1007 : analyze verilog file ../../../user_source/ip_source/ph1p35_ddr/ddr2/src/rtl/top/ph1p_ddrmc_top.v
HDL-1007 : analyze verilog file ../../../user_source/ip_source/ph1p35_ddr/ddr2/src/rtl/mc/alc_mc_top_all.enc.sv
HDL-1007 : analyze included file ../../../user_source/ip_source/ph1p35_ddr/ddr2/src/rtl/mc/../include/ph1p_mis_define.vh in ../../../user_source/ip_source/ph1p35_ddr/ddr2/src/rtl/mc/alc_mc_top_all.enc.sv(4)
HDL-1007 : back to file '../../../user_source/ip_source/ph1p35_ddr/ddr2/src/rtl/mc/alc_mc_top_all.enc.sv' in ../../../user_source/ip_source/ph1p35_ddr/ddr2/src/rtl/mc/alc_mc_top_all.enc.sv(4)
HDL-1007 : analyze included file ../../../user_source/ip_source/ph1p35_ddr/ddr2/src/rtl/mc/../timing/ddr2/ddr2_parameter.vh in ../../../user_source/ip_source/ph1p35_ddr/ddr2/src/rtl/mc/alc_mc_top_all.enc.sv(106)
HDL-1007 : analyze included file ../../../user_source/ip_source/ph1p35_ddr/ddr2/src/rtl/mc/../timing/ddr2/ddr2_1066.vh in ../../../user_source/ip_source/ph1p35_ddr/ddr2/src/rtl/mc/../timing/ddr2/ddr2_parameter.vh(118)
HDL-1007 : back to file '../../../user_source/ip_source/ph1p35_ddr/ddr2/src/rtl/mc/../timing/ddr2/ddr2_parameter.vh' in ../../../user_source/ip_source/ph1p35_ddr/ddr2/src/rtl/mc/../timing/ddr2/ddr2_parameter.vh(118)
HDL-1007 : back to file '../../../user_source/ip_source/ph1p35_ddr/ddr2/src/rtl/mc/alc_mc_top_all.enc.sv' in ../../../user_source/ip_source/ph1p35_ddr/ddr2/src/rtl/mc/alc_mc_top_all.enc.sv(106)
HDL-1007 : back to file '../../../user_source/ip_source/ph1p35_ddr/ddr2/src/rtl/mc/alc_mc_top_all.enc.sv' in ../../../user_source/ip_source/ph1p35_ddr/ddr2/src/rtl/mc/alc_mc_top_all.enc.sv(121)
HDL-1007 : analyze verilog file ../../../user_source/ip_source/w128_d512_fifo/soft_fifo_al_4057d6b76aa6.v
HDL-1007 : analyze verilog file ../../../user_source/ip_source/w128_d512_fifo/w128_d512_fifo.v
HDL-1007 : analyze verilog file ../../../user_source/ip_source/w155_d512_fifo/soft_fifo_al_f58e8b3e1f3d.v
HDL-1007 : analyze verilog file ../../../user_source/ip_source/w155_d512_fifo/w155_d512_fifo.v
HDL-1007 : analyze verilog file ../../../user_source/lab_ex_2026_nosoft/hdl_source/design_top_wrapper.v
HDL-1007 : analyze verilog file ../../../user_source/lab_ex_2026_nosoft/hdl_source/mipi_dphy_rx/mipi_dphy_rx_ph1p_mipiio_wrapper.sv
HDL-1007 : analyze verilog file ../../../user_source/lab_ex_2026_nosoft/hdl_source/mipi_dphy_rx/ph1p_mipiio_rx_wrapper.v
HDL-1007 : analyze verilog file ../../../user_source/lab_ex_2026_nosoft/hdl_source/video_in.v
HDL-1007 : analyze verilog file ../../../user_source/lab_ex_2026_nosoft/hdl_source/video_out.v
HDL-1007 : analyze verilog file ../../../user_source/lab_ex_2026_nosoft/hdl_source/mc_to_user_interface.v
HDL-1007 : analyze verilog file ../../../user_source/lab_ex_2026_nosoft/hdl_source/mipi_dphy_rx/byte_aligner.enc.v
HDL-1007 : back to file '../../../user_source/lab_ex_2026_nosoft/hdl_source/mipi_dphy_rx/byte_aligner.enc.v' in ../../../user_source/lab_ex_2026_nosoft/hdl_source/mipi_dphy_rx/byte_aligner.enc.v(18)
HDL-1007 : analyze verilog file ../../../user_source/lab_ex_2026_nosoft/hdl_source/mipi_dphy_rx/byte_aligner_wrapper.enc.sv
HDL-1007 : back to file '../../../user_source/lab_ex_2026_nosoft/hdl_source/mipi_dphy_rx/byte_aligner_wrapper.enc.sv' in ../../../user_source/lab_ex_2026_nosoft/hdl_source/mipi_dphy_rx/byte_aligner_wrapper.enc.sv(20)
HDL-1007 : analyze verilog file ../../../user_source/lab_ex_2026_nosoft/hdl_source/mipi_dphy_rx/channel_aligner.enc.v
HDL-1007 : back to file '../../../user_source/lab_ex_2026_nosoft/hdl_source/mipi_dphy_rx/channel_aligner.enc.v' in ../../../user_source/lab_ex_2026_nosoft/hdl_source/mipi_dphy_rx/channel_aligner.enc.v(17)
HDL-1007 : analyze verilog file ../../../user_source/lab_ex_2026_nosoft/hdl_source/mipi_dphy_rx/channel_aligner_wrapper.enc.sv
HDL-1007 : back to file '../../../user_source/lab_ex_2026_nosoft/hdl_source/mipi_dphy_rx/channel_aligner_wrapper.enc.sv' in ../../../user_source/lab_ex_2026_nosoft/hdl_source/mipi_dphy_rx/channel_aligner_wrapper.enc.sv(17)
HDL-1007 : analyze verilog file ../../../user_source/lab_ex_2026_nosoft/hdl_source/mipi_dphy_rx/hs_detect.enc.v
HDL-1007 : back to file '../../../user_source/lab_ex_2026_nosoft/hdl_source/mipi_dphy_rx/hs_detect.enc.v' in ../../../user_source/lab_ex_2026_nosoft/hdl_source/mipi_dphy_rx/hs_detect.enc.v(13)
HDL-1007 : analyze verilog file ../../../user_source/image/awb/active/signal_delay.v
HDL-1007 : analyze verilog file ../../../user_source/image/awb/active/awb.v
HDL-1007 : analyze verilog file ../../../user_source/ip_source/ph1p35_ddr/ph1p35_324_ddr_wrapper.v
HDL-1007 : undeclared symbol 'dhi_clk', assumed default net type 'wire' in ../../../user_source/ip_source/ph1p35_ddr/ph1p35_324_ddr_wrapper.v(83)
HDL-1007 : analyze verilog file ../../../user_source/lab_ex_2026_nosoft/hdl_source/isp/csi_unpacket_2lane.v
HDL-1007 : analyze verilog file ../../../user_source/image/integration/isp_top.v
HDL-1007 : analyze verilog file ../../../user_source/lab_ex_2026_nosoft/hdl_source/isp/raw10_unpacket_2lane.v
HDL-1007 : analyze verilog file ../../../user_source/lab_ex_2026_nosoft/hdl_source/isp/uial2axis.v
HDL-1007 : analyze verilog file ../../../user_source/lab_ex_2026_nosoft/hdl_source/isp/demosaic_4x_2_0/bilinear_interpolation.v
HDL-1007 : analyze verilog file ../../../user_source/lab_ex_2026_nosoft/hdl_source/isp/demosaic_4x_2_0/demosaic.v
HDL-5007 WARNING: /* is inside a comment in ../../../user_source/lab_ex_2026_nosoft/hdl_source/isp/demosaic_4x_2_0/demosaic.v(89)
HDL-5007 WARNING: /* is inside a comment in ../../../user_source/lab_ex_2026_nosoft/hdl_source/isp/demosaic_4x_2_0/demosaic.v(100)
HDL-1007 : analyze verilog file ../../../user_source/lab_ex_2026_nosoft/hdl_source/isp/demosaic_4x_2_0/line_buffer_demosaic.v
HDL-1007 : analyze verilog file ../../../user_source/lab_ex_2026_nosoft/hdl_source/isp/demosaic_4x_2_0/mipi_to_raw_converter.v
HDL-1007 : analyze verilog file ../../../user_source/lab_ex_2026_nosoft/hdl_source/isp/demosaic_4x_2_0/raw_matrix_3x3_buffer.v
HDL-1007 : analyze verilog file ../../../user_source/lab_ex_2026_nosoft/hdl_source/isp/demosaic_4x_2_0/zhenghe.v
HDL-1007 : undeclared symbol 'rd_valid', assumed default net type 'wire' in ../../../user_source/lab_ex_2026_nosoft/hdl_source/isp/demosaic_4x_2_0/zhenghe.v(146)
HDL-1007 : analyze verilog file ../../../user_source/lab_ex_2026_nosoft/hdl_source/isp/data128_96/data128_96.v
HDL-1007 : analyze verilog file ../../../user_source/lab_ex_2026_nosoft/hdl_source/isp/data96_128/data96_128.v
HDL-1007 : analyze verilog file ../../../user_source/image/stream/image_correction.v
HDL-1007 : analyze verilog file ../../../user_source/lab_ex_2026_nosoft/hdl_source/uics500_cfg/SC500GainTbl.v
HDL-1007 : analyze verilog file ../../../user_source/lab_ex_2026_nosoft/hdl_source/uics500_cfg/uicfgcs500.v
HDL-1007 : undeclared symbol 'iic_busy', assumed default net type 'wire' in ../../../user_source/lab_ex_2026_nosoft/hdl_source/uics500_cfg/uicfgcs500.v(141)
HDL-1007 : analyze verilog file ../../../user_source/lab_ex_2026_nosoft/hdl_source/uics500_cfg/uics500reg.v
HDL-1007 : analyze verilog file ../../../user_source/lab_ex_2026_nosoft/hdl_source/uics500_cfg/uics500regAE.v
HDL-1007 : analyze verilog file ../../../user_source/lab_ex_2026_nosoft/hdl_source/uics500_cfg/uii2c.v
HDL-1007 : analyze verilog file ../../../user_source/lab_ex_2026_nosoft/hdl_source/uiisp_beta/ae_set.v
HDL-1007 : analyze verilog file ../../../user_source/lab_ex_2026_nosoft/hdl_source/hdmi_tx.v
HDL-1007 : analyze verilog file ../../../user_source/lab_ex_2026_nosoft/hdl_source/hdmi_1_4b_transmitter_core_wrapper.enc.v
HDL-1007 : undeclared symbol '**', assumed default net type '**' in ../../../user_source/lab_ex_2026_nosoft/hdl_source/hdmi_1_4b_transmitter_core_wrapper.enc.v(2614)
HDL-1007 : undeclared symbol '**', assumed default net type '**' in ../../../user_source/lab_ex_2026_nosoft/hdl_source/hdmi_1_4b_transmitter_core_wrapper.enc.v(2716)
HDL-1007 : undeclared symbol '**', assumed default net type '**' in ../../../user_source/lab_ex_2026_nosoft/hdl_source/hdmi_1_4b_transmitter_core_wrapper.enc.v(2724)
HDL-1007 : undeclared symbol '**', assumed default net type '**' in ../../../user_source/lab_ex_2026_nosoft/hdl_source/hdmi_1_4b_transmitter_core_wrapper.enc.v(4936)
HDL-1007 : undeclared symbol '**', assumed default net type '**' in ../../../user_source/lab_ex_2026_nosoft/hdl_source/hdmi_1_4b_transmitter_core_wrapper.enc.v(5989)
HDL-1007 : back to file '../../../user_source/lab_ex_2026_nosoft/hdl_source/hdmi_1_4b_transmitter_core_wrapper.enc.v' in ../../../user_source/lab_ex_2026_nosoft/hdl_source/hdmi_1_4b_transmitter_core_wrapper.enc.v(77)
HDL-1007 : analyze verilog file ../../../user_source/lab_ex_2026_nosoft/hdl_source/hdmi_phy_warpper.v
HDL-1007 : analyze verilog file ../../../user_source/lab_ex_2026_nosoft/hdl_source/lane_lvds_10_1.v
HDL-1007 : analyze verilog file ../../../user_source/lab_ex_2026_nosoft/hdl_source/vtc/uivtc.v
HDL-1007 : analyze verilog file ../../../user_source/lab_ex_2026_nosoft/hdl_source/hdmi_mixer.v
HDL-1007 : analyze verilog file ../../../user_source/lab_ex_2026_nosoft/hdl_source/I2S_receiver.v
HDL-1007 : analyze verilog file ../../../user_source/lab_ex_2026_nosoft/hdl_source/audio_arc_calculate.v
HDL-1007 : analyze verilog file ../../../user_source/lab_ex_2026_nosoft/hdl_source/key_remove_shakes.v
HDL-1007 : analyze verilog file ../../../user_source/lab_ex_2026_nosoft/hdl_source/anlogic_logo_rom.v
HDL-1007 : analyze verilog file ../../../user_source/lab_ex_2026_nosoft/hdl_source/osd_char_lib.v
HDL-1007 : analyze verilog file ../../../user_source/lab_ex_2026_nosoft/hdl_source/mode_selector.v
HDL-1007 : analyze verilog file ../../../user_source/image/stream/image_process_stream_96.v
HDL-1007 : analyze verilog file ../../../user_source/image/traffic_sign/traffic_sign_detector_96.v
HDL-1007 : analyze verilog file ../../../user_source/image/traffic_sign/traffic_sign_result_cdc.v
PRJ-1401 : Successfully analyzed 90 source files.
RUN-1002 : start command "commit_param -step design"
RUN-1001 : Print Global Property
RUN-1001 : -------------------------------------------------------------
RUN-1001 :     Parameters    |   Settings   |  Default Values  |  Note  
RUN-1001 : -------------------------------------------------------------
RUN-1001 :    enable_seed    |     off      |       off        |        
RUN-1001 :    hfn_to_clock   |  1000000000  |    1000000000    |        
RUN-1001 :      message      |   standard   |     standard     |        
RUN-1001 :    qor_monitor    |      on      |        on        |        
RUN-1001 :   speedup_effort  |      0       |        0         |        
RUN-1001 :    syn_ip_flow    |     off      |       off        |        
RUN-1001 :       thread      |     auto     |       auto       |        
RUN-1001 : -------------------------------------------------------------
RUN-1001 : Print Design Property
RUN-1001 : ----------------------------------------------------------------
RUN-1001 :       Parameters       |  Settings  |  Default Values  |  Note  
RUN-1001 : ----------------------------------------------------------------
RUN-1001 :   default_reg_initial  |    auto    |       auto       |        
RUN-1001 :    hdl_warning_level   |   normal   |      normal      |        
RUN-1001 : ----------------------------------------------------------------
RUN-1002 : start command "elaborate -top design_top_wrapper"
HDL-1007 : port 'O_csi_hs' remains unconnected for this instance in ../../../user_source/lab_ex_2026_nosoft/hdl_source/design_top_wrapper.v(656)
HDL-1007 : port 'IO_ddc_sda' remains unconnected for this instance in ../../../user_source/lab_ex_2026_nosoft/hdl_source/design_top_wrapper.v(952)
HDL-1007 : elaborate module design_top_wrapper in ../../../user_source/lab_ex_2026_nosoft/hdl_source/design_top_wrapper.v(3)
HDL-1007 : elaborate module mode_selector in ../../../user_source/lab_ex_2026_nosoft/hdl_source/mode_selector.v(35)
HDL-1007 : elaborate module PLL in ../../../user_source/ip_source/PLL/PLL.v(22)
HDL-1007 : elaborate module PH1P_LOGIC_BUFG in D:\Anlogic\TD_6.2.1_Engineer_6.2.168.116\arch/ph1p_macro.v(8085)
HDL-1007 : elaborate module ph1p_phy_pll_wrapper_25a56e5ce2f9(FBKCLK_INT="CLKC0_EXT",FIN="50.000000000",FBCLK_DIV=2,CLKC0_ENABLE="ENABLE",CLKC0_DIV=13,CLKC0_CPHASE=12,CLKC0_DUTY_INT=7,CLKC1_ENABLE="ENABLE",CLKC1_DIV=54,CLKC1_CPHASE=53,CLKC1_DUTY_INT=27,CLKC4_ENABLE="ENABLE",CLKC4_DIV=25,CLKC4_CPHASE=24,CLKC4_DUTY_INT=13,CLKC5_ENABLE="ENABLE",CLKC5_DIV=5,CLKC5_CPHASE=4,CLKC5_DUTY_INT=3,PLL_FEED_TYPE="EXTERNAL",PLL_FASTLOOP="ENABLE",LPF_RES=0,LPF_CAP=5,ICP_CUR=29) in ../../../user_source/ip_source/PLL/RTL/ph1p_phy_pll_wrapper_25a56e5ce2f9.v(2)
HDL-1007 : elaborate module PH1P_PHY_PLL_V2(FBKCLK_INT="CLKC0_EXT",FIN="50.000000000",FBCLK_DIV=2,CLKC0_CPHASE=12,CLKC1_CPHASE=53,CLKC4_CPHASE=24,CLKC5_CPHASE=4,CLKC0_DIV=13,CLKC1_DIV=54,CLKC4_DIV=25,CLKC5_DIV=5,CLKC0_DUTY_INT=7,CLKC1_DUTY_INT=27,CLKC4_DUTY_INT=13,CLKC5_DUTY_INT=3,CLKC0_ENABLE="ENABLE",CLKC1_ENABLE="ENABLE",CLKC4_ENABLE="ENABLE",CLKC5_ENABLE="ENABLE",PLL_FEED_TYPE="EXTERNAL",PLL_FASTLOOP="ENABLE",LPF_RES=0,LPF_CAP=5,ICP_CUR=29) in D:\Anlogic\TD_6.2.1_Engineer_6.2.168.116\arch/ph1p_macro.v(1091)
HDL-1007 : elaborate module ae_set in ../../../user_source/lab_ex_2026_nosoft/hdl_source/uiisp_beta/ae_set.v(33)
HDL-1007 : port 'O_iic_bus_error' remains unconnected for this instance in ../../../user_source/lab_ex_2026_nosoft/hdl_source/uics500_cfg/uicfgcs500.v(123)
HDL-1007 : port 'IO_iic_sda_dg' remains unconnected for this instance in ../../../user_source/lab_ex_2026_nosoft/hdl_source/uics500_cfg/uicfgcs500.v(123)
HDL-1007 : elaborate module uicfgcs500(CLK_DIV=239) in ../../../user_source/lab_ex_2026_nosoft/hdl_source/uics500_cfg/uicfgcs500.v(37)
HDL-1007 : elaborate module uii2c(WMEN_LEN=4,RMEN_LEN=1,CLK_DIV=239) in ../../../user_source/lab_ex_2026_nosoft/hdl_source/uics500_cfg/uii2c.v(41)
HDL-1007 : elaborate module uics500reg in ../../../user_source/lab_ex_2026_nosoft/hdl_source/uics500_cfg/uics500reg.v(35)
HDL-5007 WARNING: actual bit length 24 differs from formal bit length 32 for port 'REG_DATA' in ../../../user_source/lab_ex_2026_nosoft/hdl_source/uics500_cfg/uicfgcs500.v(150)
HDL-1007 : elaborate module SC500GainTbl in ../../../user_source/lab_ex_2026_nosoft/hdl_source/uics500_cfg/SC500GainTbl.v(6)
HDL-5007 WARNING: actual bit length 32 differs from formal bit length 7 for port 'I' in ../../../user_source/lab_ex_2026_nosoft/hdl_source/uics500_cfg/uicfgcs500.v(154)
HDL-1007 : elaborate module uics500regAE in ../../../user_source/lab_ex_2026_nosoft/hdl_source/uics500_cfg/uics500regAE.v(33)
HDL-5007 WARNING: actual bit length 24 differs from formal bit length 32 for port 'REG_DATA' in ../../../user_source/lab_ex_2026_nosoft/hdl_source/uics500_cfg/uicfgcs500.v(160)
HDL-1007 : elaborate module mipi_dphy_rx_ph1p_mipiio_wrapper(HS_VGA_GAIN="8dB",LANE_NUM=2) in ../../../user_source/lab_ex_2026_nosoft/hdl_source/mipi_dphy_rx/mipi_dphy_rx_ph1p_mipiio_wrapper.sv(4)
HDL-1007 : elaborate module channel_aligner_wrapper(CH_NUM=2) in ../../../user_source/lab_ex_2026_nosoft/hdl_source/mipi_dphy_rx/channel_aligner_wrapper.enc.sv(3)
HDL-1007 : elaborate module channel_aligner in ../../../user_source/lab_ex_2026_nosoft/hdl_source/mipi_dphy_rx/channel_aligner.enc.v(3)
HDL-1007 : elaborate module byte_aligner_wrapper(LANE_NUM=2) in ../../../user_source/lab_ex_2026_nosoft/hdl_source/mipi_dphy_rx/byte_aligner_wrapper.enc.sv(4)
HDL-1007 : elaborate module byte_aligner in ../../../user_source/lab_ex_2026_nosoft/hdl_source/mipi_dphy_rx/byte_aligner.enc.v(3)
HDL-1007 : elaborate module ph1p_mipiio_rx_wrapper(HS_VGA_GAIN="8dB",LANE_NUM=2) in ../../../user_source/lab_ex_2026_nosoft/hdl_source/mipi_dphy_rx/ph1p_mipiio_rx_wrapper.v(4)
HDL-1007 : elaborate module hs_detect in ../../../user_source/lab_ex_2026_nosoft/hdl_source/mipi_dphy_rx/hs_detect.enc.v(3)
HDL-1007 : elaborate module PH1P_LOGIC_DPHY_MIPI_RX(CK_HS_VGA_GAIN="8dB",L0_HS_SLAVE_DESER_CLK_OFFSET="0ps",L0_HS_VGA_GAIN="8dB",L1_HS_SLAVE_DESER_CLK_OFFSET="0ps",L1_HS_VGA_GAIN="8dB",L2_HS_SLAVE_DESER_CLK_OFFSET="0ps",L2_HS_VGA_GAIN="8dB",L3_HS_SLAVE_DESER_CLK_OFFSET="0ps",L3_HS_VGA_GAIN="8dB") in D:\Anlogic\TD_6.2.1_Engineer_6.2.168.116\arch/ph1p_macro.v(2017)
HDL-5007 WARNING: actual bit length 4 differs from formal bit length 2 for port 'I_lane_invert' in ../../../user_source/lab_ex_2026_nosoft/hdl_source/design_top_wrapper.v(624)
HDL-1007 : elaborate module csi_unpacket_2lane in ../../../user_source/lab_ex_2026_nosoft/hdl_source/isp/csi_unpacket_2lane.v(36)
HDL-1007 : elaborate module raw10_unpacket_2lane in ../../../user_source/lab_ex_2026_nosoft/hdl_source/isp/raw10_unpacket_2lane.v(33)
HDL-1007 : elaborate module uial2axis(IMG_WIDTH=1024,IMG_HEIGHT=600,INPUT_DATA_WIDTH=40) in ../../../user_source/lab_ex_2026_nosoft/hdl_source/isp/uial2axis.v(10)
HDL-1007 : elaborate module image_correction in ../../../user_source/image/stream/image_correction.v(2)
HDL-1007 : elaborate module isp_top in ../../../user_source/image/integration/isp_top.v(1)
HDL-1007 : elaborate module demosaic(IMG_HEIGHT=600,IMG_WIDTH=1024) in ../../../user_source/lab_ex_2026_nosoft/hdl_source/isp/demosaic_4x_2_0/demosaic.v(20)
HDL-1007 : elaborate module raw_matrix_3x3_buffer(IMG_HEIGHT=600,IMG_WIDTH=1024) in ../../../user_source/lab_ex_2026_nosoft/hdl_source/isp/demosaic_4x_2_0/raw_matrix_3x3_buffer.v(21)
HDL-1007 : elaborate module mipi_to_raw_converter in ../../../user_source/lab_ex_2026_nosoft/hdl_source/isp/demosaic_4x_2_0/mipi_to_raw_converter.v(20)
HDL-5007 WARNING: actual bit length 32 differs from formal bit length 1 for port 'O_raw_tready' in ../../../user_source/lab_ex_2026_nosoft/hdl_source/isp/demosaic_4x_2_0/raw_matrix_3x3_buffer.v(149)
HDL-1007 : port 'doa' remains unconnected for this instance in ../../../user_source/lab_ex_2026_nosoft/hdl_source/isp/demosaic_4x_2_0/zhenghe.v(167)
HDL-1007 : elaborate module zhenghe(IMG_WIDTH=1024,IMG_HEIGHT=600,DATA_WIDTH=32) in ../../../user_source/lab_ex_2026_nosoft/hdl_source/isp/demosaic_4x_2_0/zhenghe.v(21)
HDL-1007 : elaborate module blk_mem_gen_zhenghe in ../../../user_source/ip_source/demosaic/blk_mem_gen_zhenghe/blk_mem_gen_zhenghe.v(10)
HDL-1007 : elaborate module ram_d32970204f32(DATA_WIDTH_A=32,ADDR_WIDTH_A=11,DATA_DEPTH_A=2048,DATA_WIDTH_B=32,ADDR_WIDTH_B=11,DATA_DEPTH_B=2048,REGMODE_B="NOREG",WRITEMODE_B="READBEFOREWRITE") in ../../../user_source/ip_source/demosaic/blk_mem_gen_zhenghe/RTL/ram_d32970204f32.v(4)
HDL-1007 : elaborate module PH1P_LOGIC_ERAM(DATA_WIDTH_A=32,DATA_WIDTH_B=32,ADDR_WIDTH_A=11,ADDR_WIDTH_B=11,DATA_DEPTH_A=2048,DATA_DEPTH_B=2048,WRITEMODE_B="READBEFOREWRITE",OREGSET_A="RESET",OREGSET_B="RESET",SSROVERCE="DISABLE",ASYNC_RESET_RELEASE_A="ASYNC",ASYNC_RESET_RELEASE_B="ASYNC",IMPLEMENT="20K(FAST)") in D:\Anlogic\TD_6.2.1_Engineer_6.2.168.116\arch/ph1p_macro.v(22)
HDL-5323 WARNING: input port 'dib[31]' remains unconnected for this instance in ../../../user_source/lab_ex_2026_nosoft/hdl_source/isp/demosaic_4x_2_0/zhenghe.v(167)
HDL-1007 : port 'doa' remains unconnected for this instance in ../../../user_source/lab_ex_2026_nosoft/hdl_source/isp/demosaic_4x_2_0/line_buffer_demosaic.v(98)
HDL-1007 : elaborate module line_buffer_demosaic(IMG_HEIGHT=600,IMG_WIDTH=1024) in ../../../user_source/lab_ex_2026_nosoft/hdl_source/isp/demosaic_4x_2_0/line_buffer_demosaic.v(20)
HDL-1007 : elaborate module blk_mem_gen_demosaic in ../../../user_source/ip_source/demosaic/blk_mem_gen_demosaic/blk_mem_gen_demosaic.v(10)
HDL-1007 : elaborate module ram_c36c2ca3b3a7(DATA_WIDTH_A=33,ADDR_WIDTH_A=11,DATA_DEPTH_A=2048,DATA_WIDTH_B=33,ADDR_WIDTH_B=11,DATA_DEPTH_B=2048,REGMODE_B="NOREG",WRITEMODE_B="READBEFOREWRITE") in ../../../user_source/ip_source/demosaic/blk_mem_gen_demosaic/RTL/ram_c36c2ca3b3a7.v(4)
HDL-1007 : elaborate module PH1P_LOGIC_ERAM(DATA_WIDTH_A=33,DATA_WIDTH_B=33,ADDR_WIDTH_A=11,ADDR_WIDTH_B=11,DATA_DEPTH_A=2048,DATA_DEPTH_B=2048,WRITEMODE_B="READBEFOREWRITE",OREGSET_A="RESET",OREGSET_B="RESET",SSROVERCE="DISABLE",ASYNC_RESET_RELEASE_A="ASYNC",ASYNC_RESET_RELEASE_B="ASYNC",IMPLEMENT="20K(FAST)") in D:\Anlogic\TD_6.2.1_Engineer_6.2.168.116\arch/ph1p_macro.v(22)
HDL-5323 WARNING: input port 'dib[32]' remains unconnected for this instance in ../../../user_source/lab_ex_2026_nosoft/hdl_source/isp/demosaic_4x_2_0/line_buffer_demosaic.v(98)
HDL-1007 : elaborate module bilinear_interpolation in ../../../user_source/lab_ex_2026_nosoft/hdl_source/isp/demosaic_4x_2_0/bilinear_interpolation.v(22)
HDL-1007 : elaborate module data128_96 in ../../../user_source/lab_ex_2026_nosoft/hdl_source/isp/data128_96/data128_96.v(10)
HDL-1007 : port 'remainder' remains unconnected for this instance in ../../../user_source/image/awb/active/awb.v(165)
HDL-1007 : port 'remainder' remains unconnected for this instance in ../../../user_source/image/awb/active/awb.v(175)
HDL-1007 : elaborate module awb(IMG_HEIGHT=600,IMG_WIDTH=1024) in ../../../user_source/image/awb/active/awb.v(20)
HDL-1007 : elaborate module divider in ../../../user_source/ip_source/divider/divider_gate.v(5)
HDL-1007 : elaborate module AL_DFF_X in D:\Anlogic\TD_6.2.1_Engineer_6.2.168.116\arch/al_lmacro.v(277)
HDL-1007 : elaborate module AL_MAP_LUT5(INIT=32'b10000000100000000000000010000000,EQN="(C*B*A*~(~E*D))") in D:\Anlogic\TD_6.2.1_Engineer_6.2.168.116\arch/al_lmacro.v(13)
HDL-1007 : elaborate module AL_MAP_LUT6(INIT=64'b01,EQN="(~F*~E*~D*~C*~B*~A)") in D:\Anlogic\TD_6.2.1_Engineer_6.2.168.116\arch/al_lmacro.v(2)
HDL-1007 : elaborate module AL_MAP_LUT6(INIT=64'b01000,EQN="(~F*~E*~D*~C*B*A)") in D:\Anlogic\TD_6.2.1_Engineer_6.2.168.116\arch/al_lmacro.v(2)
HDL-1007 : elaborate module AL_MAP_LUT5(INIT=32'b01111111111111110000000000000000,EQN="(E*~(D*C*B*A))") in D:\Anlogic\TD_6.2.1_Engineer_6.2.168.116\arch/al_lmacro.v(13)
HDL-1007 : elaborate module AL_MAP_LUT2(INIT=4'b010,EQN="(~B*A)") in D:\Anlogic\TD_6.2.1_Engineer_6.2.168.116\arch/al_lmacro.v(48)
HDL-1007 : elaborate module AL_MAP_LUT3(INIT=8'b010,EQN="(~C*~B*A)") in D:\Anlogic\TD_6.2.1_Engineer_6.2.168.116\arch/al_lmacro.v(36)
HDL-1007 : elaborate module AL_MAP_ADDER(ALUTYPE="SUB_CARRY") in D:\Anlogic\TD_6.2.1_Engineer_6.2.168.116\arch/al_lmacro.v(72)
HDL-1007 : elaborate module AL_MAP_ADDER(ALUTYPE="SUB") in D:\Anlogic\TD_6.2.1_Engineer_6.2.168.116\arch/al_lmacro.v(72)
HDL-1007 : elaborate module AL_MAP_LUT3(INIT=8'b11011000,EQN="(C*~(B)*~(A)+C*B*~(A)+~(C)*B*A+C*B*A)") in D:\Anlogic\TD_6.2.1_Engineer_6.2.168.116\arch/al_lmacro.v(36)
HDL-1007 : elaborate module AL_MAP_LUT4(INIT=16'b01,EQN="(~D*~C*~B*~A)") in D:\Anlogic\TD_6.2.1_Engineer_6.2.168.116\arch/al_lmacro.v(24)
HDL-1007 : elaborate module AL_MAP_LUT4(INIT=16'b1000000000000000,EQN="(D*C*B*A)") in D:\Anlogic\TD_6.2.1_Engineer_6.2.168.116\arch/al_lmacro.v(24)
HDL-1007 : elaborate module AL_MAP_LUT6(INIT=64'b010000000,EQN="(~F*~E*~D*C*B*A)") in D:\Anlogic\TD_6.2.1_Engineer_6.2.168.116\arch/al_lmacro.v(2)
HDL-1007 : elaborate module AL_MAP_LUT5(INIT=32'b010000000,EQN="(~E*~D*C*B*A)") in D:\Anlogic\TD_6.2.1_Engineer_6.2.168.116\arch/al_lmacro.v(13)
HDL-1007 : elaborate module AL_MAP_LUT4(INIT=16'b010000000,EQN="(~D*C*B*A)") in D:\Anlogic\TD_6.2.1_Engineer_6.2.168.116\arch/al_lmacro.v(24)
HDL-1007 : elaborate module AL_MAP_LUT3(INIT=8'b10000000,EQN="(C*B*A)") in D:\Anlogic\TD_6.2.1_Engineer_6.2.168.116\arch/al_lmacro.v(36)
HDL-1007 : elaborate module AL_MAP_LUT5(INIT=32'b01,EQN="(~E*~D*~C*~B*~A)") in D:\Anlogic\TD_6.2.1_Engineer_6.2.168.116\arch/al_lmacro.v(13)
HDL-1007 : elaborate module AL_MAP_LUT5(INIT=32'b01000,EQN="(~E*~D*~C*B*A)") in D:\Anlogic\TD_6.2.1_Engineer_6.2.168.116\arch/al_lmacro.v(13)
HDL-1007 : elaborate module AL_MAP_LUT4(INIT=16'b01000,EQN="(~D*~C*B*A)") in D:\Anlogic\TD_6.2.1_Engineer_6.2.168.116\arch/al_lmacro.v(24)
HDL-1007 : elaborate module AL_MAP_LUT3(INIT=8'b01000,EQN="(~C*B*A)") in D:\Anlogic\TD_6.2.1_Engineer_6.2.168.116\arch/al_lmacro.v(36)
HDL-1007 : elaborate module AL_MAP_LUT6(INIT=64'b1000100010001000000010001000100000000000100010000000000000001000,EQN="(B*A*(~(D)*~((~E*C))*~(F)+~(D)*~((~E*C))*F+D*~((~E*C))*F+~(D)*(~E*C)*F))") in D:\Anlogic\TD_6.2.1_Engineer_6.2.168.116\arch/al_lmacro.v(2)
HDL-1007 : elaborate module AL_MAP_LUT6(INIT=64'b0111111101111111000000001000000011111111011111110000000000000000,EQN="(~((C*B*A))*~(D)*E*~(F)+~((C*B*A))*D*E*~(F)+(C*B*A)*D*E*~(F)+(C*B*A)*~(D)*~(E)*F+~((C*B*A))*~(D)*E*F+~((C*B*A))*D*E*F)") in D:\Anlogic\TD_6.2.1_Engineer_6.2.168.116\arch/al_lmacro.v(2)
HDL-1007 : elaborate module AL_MAP_LUT6(INIT=64'b0111011111111111111101110111111100000000000000000000000000000000,EQN="(F*~(B*A*(D@(~E*C))))") in D:\Anlogic\TD_6.2.1_Engineer_6.2.168.116\arch/al_lmacro.v(2)
HDL-1007 : elaborate module AL_MAP_LUT2(INIT=4'b1000,EQN="(B*A)") in D:\Anlogic\TD_6.2.1_Engineer_6.2.168.116\arch/al_lmacro.v(48)
HDL-1007 : elaborate module AL_MAP_LUT6(INIT=64'b010,EQN="(~F*~E*~D*~C*~B*A)") in D:\Anlogic\TD_6.2.1_Engineer_6.2.168.116\arch/al_lmacro.v(2)
HDL-1007 : elaborate module AL_MAP_LUT5(INIT=32'b010,EQN="(~E*~D*~C*~B*A)") in D:\Anlogic\TD_6.2.1_Engineer_6.2.168.116\arch/al_lmacro.v(13)
HDL-1007 : elaborate module AL_MAP_LUT4(INIT=16'b010,EQN="(~D*~C*~B*A)") in D:\Anlogic\TD_6.2.1_Engineer_6.2.168.116\arch/al_lmacro.v(24)
HDL-1007 : elaborate module AL_MAP_LUT3(INIT=8'b01,EQN="(~C*~B*~A)") in D:\Anlogic\TD_6.2.1_Engineer_6.2.168.116\arch/al_lmacro.v(36)
HDL-1007 : elaborate module AL_MAP_LUT2(INIT=4'b0100,EQN="(B*~A)") in D:\Anlogic\TD_6.2.1_Engineer_6.2.168.116\arch/al_lmacro.v(48)
HDL-1007 : elaborate module AL_MAP_LUT2(INIT=4'b01,EQN="(~B*~A)") in D:\Anlogic\TD_6.2.1_Engineer_6.2.168.116\arch/al_lmacro.v(48)
HDL-1007 : elaborate module AL_MAP_LUT6(INIT=64'b1000000000000000000000000000000000000000000000000000000000000000,EQN="(F*E*D*C*B*A)") in D:\Anlogic\TD_6.2.1_Engineer_6.2.168.116\arch/al_lmacro.v(2)
HDL-1007 : elaborate module AL_MAP_LUT4(INIT=16'b1011111101000000,EQN="(D@(C*B*~A))") in D:\Anlogic\TD_6.2.1_Engineer_6.2.168.116\arch/al_lmacro.v(24)
HDL-1007 : elaborate module AL_MAP_LUT5(INIT=32'b10000000111000001111100011111110,EQN="(A*~(B)*~(C)*~(D)*~(E)+~(A)*B*~(C)*~(D)*~(E)+A*B*~(C)*~(D)*~(E)+~(A)*~(B)*C*~(D)*~(E)+A*~(B)*C*~(D)*~(E)+~(A)*B*C*~(D)*~(E)+A*B*C*~(D)*~(E)+A*B*~(C)*D*~(E)+~(A)*~(B)*C*D*~(E)+A*~(B)*C*D*~(E)+~(A)*B*C*D*~(E)+A*B*C*D*~(E)+A*~(B)*C*~(D)*E+~(A)*B*C*~(D)*E+A*B*C*~(D)*E+A*B*C*D*E)") in D:\Anlogic\TD_6.2.1_Engineer_6.2.168.116\arch/al_lmacro.v(13)
HDL-1007 : elaborate module AL_MAP_LUT5(INIT=32'b01000000000000001000000000000000,EQN="(D*C*B*(E@A))") in D:\Anlogic\TD_6.2.1_Engineer_6.2.168.116\arch/al_lmacro.v(13)
HDL-1007 : elaborate module AL_MAP_LUT6(INIT=64'b1011111111111111111111111111111101000000000000000000000000000000,EQN="(F@(E*D*C*B*~A))") in D:\Anlogic\TD_6.2.1_Engineer_6.2.168.116\arch/al_lmacro.v(2)
HDL-1007 : elaborate module AL_MAP_LUT6(INIT=64'b1101010101111111111111010101011100000000000000000000000000000000,EQN="(F*~(A*~(D@(~(B)*~(C)*~(E)+~(B)*~(C)*E+B*~(C)*E+~(B)*C*E))))") in D:\Anlogic\TD_6.2.1_Engineer_6.2.168.116\arch/al_lmacro.v(2)
HDL-1007 : elaborate module AL_MAP_LUT3(INIT=8'b10111000,EQN="(C*~(A)*~(B)+C*A*~(B)+~(C)*A*B+C*A*B)") in D:\Anlogic\TD_6.2.1_Engineer_6.2.168.116\arch/al_lmacro.v(36)
HDL-1007 : elaborate module AL_MAP_LUT3(INIT=8'b01000000,EQN="(C*B*~A)") in D:\Anlogic\TD_6.2.1_Engineer_6.2.168.116\arch/al_lmacro.v(36)
HDL-1007 : elaborate module AL_MAP_LUT6(INIT=64'b1111111101111111001111110001111100001111000001110000001100000001,EQN="(~(B)*~(C)*~((~D*A))*~(E)*~(F)+~(B)*~(C)*~((~D*A))*E*~(F)+B*~(C)*~((~D*A))*E*~(F)+~(B)*~(C)*(~D*A)*E*~(F)+~(B)*~(C)*~((~D*A))*~(E)*F+B*~(C)*~((~D*A))*~(E)*F+~(B)*C*~((~D*A))*~(E)*F+~(B)*~(C)*(~D*A)*~(E)*F+B*~(C)*(~D*A)*~(E)*F+~(B)*~(C)*~((~D*A))*E*F+B*~(C)*~((~D*A))*E*F+~(B)*C*~((~D*A))*E*F+B*C*~((~D*A))*E*F+~(B)*~(C)*(~D*A)*E*F+B*~(C)*(~D*A)*E*F+~(B)*C*(~D*A)*E*F)") in D:\Anlogic\TD_6.2.1_Engineer_6.2.168.116\arch/al_lmacro.v(2)
HDL-1007 : elaborate module AL_MAP_LUT5(INIT=32'b10111111111111110100000000000000,EQN="(E@(D*C*B*~A))") in D:\Anlogic\TD_6.2.1_Engineer_6.2.168.116\arch/al_lmacro.v(13)
HDL-1007 : elaborate module AL_MAP_LUT3(INIT=8'b01001101,EQN="(~(A)*~(B)*~(C)+~(A)*B*~(C)+A*B*~(C)+~(A)*B*C)") in D:\Anlogic\TD_6.2.1_Engineer_6.2.168.116\arch/al_lmacro.v(36)
HDL-1007 : elaborate module AL_MAP_LUT5(INIT=32'b10001000000000000000100010000000,EQN="(B*A*(D@(~E*C)))") in D:\Anlogic\TD_6.2.1_Engineer_6.2.168.116\arch/al_lmacro.v(13)
HDL-1007 : elaborate module AL_MAP_LUT5(INIT=32'b11110000011110000011110000011110,EQN="(C@(B*~((~D*A))*~(E)+~(B)*(~D*A)*~(E)+B*(~D*A)*~(E)+B*(~D*A)*E))") in D:\Anlogic\TD_6.2.1_Engineer_6.2.168.116\arch/al_lmacro.v(13)
HDL-1007 : elaborate module AL_MAP_LUT5(INIT=32'b01111111111101110000000000000000,EQN="(E*~(B*A*~(D@C)))") in D:\Anlogic\TD_6.2.1_Engineer_6.2.168.116\arch/al_lmacro.v(13)
HDL-1007 : elaborate module AL_MAP_LUT5(INIT=32'b01000000110100001111010011111101,EQN="(~(A)*~(B)*~(C)*~(D)*~(E)+~(A)*B*~(C)*~(D)*~(E)+A*B*~(C)*~(D)*~(E)+~(A)*~(B)*C*~(D)*~(E)+A*~(B)*C*~(D)*~(E)+~(A)*B*C*~(D)*~(E)+A*B*C*~(D)*~(E)+~(A)*B*~(C)*D*~(E)+~(A)*~(B)*C*D*~(E)+A*~(B)*C*D*~(E)+~(A)*B*C*D*~(E)+A*B*C*D*~(E)+~(A)*~(B)*C*~(D)*E+~(A)*B*C*~(D)*E+A*B*C*~(D)*E+~(A)*B*C*D*E)") in D:\Anlogic\TD_6.2.1_Engineer_6.2.168.116\arch/al_lmacro.v(13)
HDL-1007 : elaborate module AL_MAP_LUT5(INIT=32'b10000000000000000000000000000000,EQN="(E*D*C*B*A)") in D:\Anlogic\TD_6.2.1_Engineer_6.2.168.116\arch/al_lmacro.v(13)
HDL-1007 : elaborate module AL_MAP_LUT5(INIT=32'b10111111111110110100000000000100,EQN="(E@(B*~A*~(D@C)))") in D:\Anlogic\TD_6.2.1_Engineer_6.2.168.116\arch/al_lmacro.v(13)
HDL-1007 : elaborate module AL_MAP_LUT6(INIT=64'b0111010111011111111101110101110100000000000000000000000000000000,EQN="(F*~(A*~(D@(B*~(C)*~(E)+~(B)*~(C)*E+B*~(C)*E+B*C*E))))") in D:\Anlogic\TD_6.2.1_Engineer_6.2.168.116\arch/al_lmacro.v(2)
HDL-1007 : elaborate module AL_MAP_LUT6(INIT=64'b01000000000000000,EQN="(~F*~E*D*C*B*A)") in D:\Anlogic\TD_6.2.1_Engineer_6.2.168.116\arch/al_lmacro.v(2)
HDL-1007 : elaborate module AL_MAP_LUT5(INIT=32'b01000000000000000,EQN="(~E*D*C*B*A)") in D:\Anlogic\TD_6.2.1_Engineer_6.2.168.116\arch/al_lmacro.v(13)
HDL-5317 WARNING: input port 'b' is not connected on this instance in ../../../user_source/ip_source/divider/divider_gate.v(2727)
HDL-5317 WARNING: input port 'a' is not connected on this instance in ../../../user_source/ip_source/divider/divider_gate.v(2809)
HDL-5317 WARNING: input port 'b' is not connected on this instance in ../../../user_source/ip_source/divider/divider_gate.v(3781)
HDL-5317 WARNING: input port 'a' is not connected on this instance in ../../../user_source/ip_source/divider/divider_gate.v(3870)
HDL-5317 WARNING: input port 'b' is not connected on this instance in ../../../user_source/ip_source/divider/divider_gate.v(4852)
HDL-5317 WARNING: input port 'a' is not connected on this instance in ../../../user_source/ip_source/divider/divider_gate.v(4948)
HDL-5317 WARNING: input port 'b' is not connected on this instance in ../../../user_source/ip_source/divider/divider_gate.v(5946)
HDL-5317 WARNING: input port 'a' is not connected on this instance in ../../../user_source/ip_source/divider/divider_gate.v(6049)
HDL-5317 WARNING: input port 'b' is not connected on this instance in ../../../user_source/ip_source/divider/divider_gate.v(7063)
HDL-5317 WARNING: input port 'a' is not connected on this instance in ../../../user_source/ip_source/divider/divider_gate.v(7173)
HDL-5317 Similar messages will be suppressed.
HDL-1007 : port 'doa' remains unconnected for this instance in ../../../user_source/image/awb/active/signal_delay.v(120)
HDL-1007 : elaborate module signal_delay(IMG_HEIGHT=600,IMG_WIDTH=1024) in ../../../user_source/image/awb/active/signal_delay.v(18)
HDL-1007 : elaborate module blk_mem_gen_awb_delay_signal in ../../../user_source/ip_source/blk_mem_gen_awb_delay_signal/blk_mem_gen_awb_delay_signal.v(10)
HDL-1007 : elaborate module ram_f84573da5ab5(DATA_WIDTH_A=96,ADDR_WIDTH_A=11,DATA_DEPTH_A=2048,DATA_WIDTH_B=96,ADDR_WIDTH_B=11,DATA_DEPTH_B=2048,REGMODE_B="NOREG",WRITEMODE_B="READBEFOREWRITE") in ../../../user_source/ip_source/blk_mem_gen_awb_delay_signal/ram_f84573da5ab5.v(3)
HDL-1007 : elaborate module PH1P_LOGIC_ERAM(DATA_WIDTH_A=96,DATA_WIDTH_B=96,ADDR_WIDTH_A=11,ADDR_WIDTH_B=11,DATA_DEPTH_A=2048,DATA_DEPTH_B=2048,WRITEMODE_B="READBEFOREWRITE",OREGSET_A="RESET",OREGSET_B="RESET",SSROVERCE="DISABLE",ASYNC_RESET_RELEASE_A="ASYNC",ASYNC_RESET_RELEASE_B="ASYNC",IMPLEMENT="20K(FAST)") in D:\Anlogic\TD_6.2.1_Engineer_6.2.168.116\arch/ph1p_macro.v(22)
HDL-1007 : elaborate module image_process_stream_96 in ../../../user_source/image/stream/image_process_stream_96.v(8)
HDL-1007 : extracting RAM for identifier 'gray_line_a' in ../../../user_source/image/stream/image_process_stream_96.v(41)
HDL-1007 : extracting RAM for identifier 'gray_line_b' in ../../../user_source/image/stream/image_process_stream_96.v(42)
HDL-1007 : extracting RAM for identifier 'sobel_line_a' in ../../../user_source/image/stream/image_process_stream_96.v(43)
HDL-1007 : extracting RAM for identifier 'sobel_line_b' in ../../../user_source/image/stream/image_process_stream_96.v(44)
HDL-1007 : elaborate module traffic_sign_detector_96 in ../../../user_source/image/traffic_sign/traffic_sign_detector_96.v(8)
HDL-1007 : elaborate module data_96bit_to_128bit in ../../../user_source/lab_ex_2026_nosoft/hdl_source/isp/data96_128/data96_128.v(40)
HDL-1007 : elaborate module video_in in ../../../user_source/lab_ex_2026_nosoft/hdl_source/video_in.v(3)
HDL-1007 : elaborate module w128_d512_fifo in ../../../user_source/ip_source/w128_d512_fifo/w128_d512_fifo.v(2)
HDL-1007 : port 'doa' remains unconnected for this instance in ../../../user_source/ip_source/w128_d512_fifo/soft_fifo_al_4057d6b76aa6.v(216)
HDL-1007 : port 'dib' remains unconnected for this instance in ../../../user_source/ip_source/w128_d512_fifo/soft_fifo_al_4057d6b76aa6.v(216)
HDL-1007 : elaborate module soft_fifo_al_4057d6b76aa6(DATA_WIDTH_W=128,DATA_WIDTH_R=128,ADDR_WIDTH_W=9,ADDR_WIDTH_R=9,AL_FULL_NUM=253,AL_EMPTY_NUM=2,SHOW_AHEAD_EN=0) in ../../../user_source/ip_source/w128_d512_fifo/soft_fifo_al_4057d6b76aa6.v(3)
HDL-1007 : elaborate module fifo_cross_domain_addr_process_al_4057d6b76aa6 in ../../../user_source/ip_source/w128_d512_fifo/soft_fifo_al_4057d6b76aa6.v(240)
HDL-1007 : elaborate module ram_infer_4057d6b76aa6(DATAWIDTH_A=128,ADDRWIDTH_A=9,DATAWIDTH_B=128,ADDRWIDTH_B=9) in ../../../user_source/ip_source/w128_d512_fifo/soft_fifo_al_4057d6b76aa6.v(323)
HDL-1007 : extracting RAM for identifier 'memory' in ../../../user_source/ip_source/w128_d512_fifo/soft_fifo_al_4057d6b76aa6.v(388)
HDL-5007 WARNING: actual bit length 32 differs from formal bit length 1 for port 'ceb' in ../../../user_source/ip_source/w128_d512_fifo/soft_fifo_al_4057d6b76aa6.v(230)
HDL-5007 WARNING: actual bit length 32 differs from formal bit length 9 for port 'addrb' in ../../../user_source/ip_source/w128_d512_fifo/soft_fifo_al_4057d6b76aa6.v(233)
HDL-5317 WARNING: input port 'dib[127]' is not connected on this instance in ../../../user_source/ip_source/w128_d512_fifo/soft_fifo_al_4057d6b76aa6.v(221)
HDL-1007 : elaborate module video_out in ../../../user_source/lab_ex_2026_nosoft/hdl_source/video_out.v(4)
HDL-1007 : elaborate module mc_to_user_interface in ../../../user_source/lab_ex_2026_nosoft/hdl_source/mc_to_user_interface.v(3)
HDL-1007 : elaborate module w155_d512_fifo in ../../../user_source/ip_source/w155_d512_fifo/w155_d512_fifo.v(2)
HDL-1007 : port 'doa' remains unconnected for this instance in ../../../user_source/ip_source/w155_d512_fifo/soft_fifo_al_f58e8b3e1f3d.v(194)
HDL-1007 : port 'dib' remains unconnected for this instance in ../../../user_source/ip_source/w155_d512_fifo/soft_fifo_al_f58e8b3e1f3d.v(194)
HDL-1007 : elaborate module soft_fifo_al_f58e8b3e1f3d(DATA_WIDTH_W=155,DATA_WIDTH_R=155,ADDR_WIDTH_W=9,ADDR_WIDTH_R=9,AL_FULL_NUM=500,AL_EMPTY_NUM=2,SHOW_AHEAD_EN=1) in ../../../user_source/ip_source/w155_d512_fifo/soft_fifo_al_f58e8b3e1f3d.v(3)
HDL-1007 : elaborate module ram_infer_f58e8b3e1f3d(DATAWIDTH_A=155,ADDRWIDTH_A=9,DATAWIDTH_B=155,ADDRWIDTH_B=9) in ../../../user_source/ip_source/w155_d512_fifo/soft_fifo_al_f58e8b3e1f3d.v(220)
HDL-1007 : extracting RAM for identifier 'memory' in ../../../user_source/ip_source/w155_d512_fifo/soft_fifo_al_f58e8b3e1f3d.v(285)
HDL-5007 WARNING: actual bit length 32 differs from formal bit length 1 for port 'cea' in ../../../user_source/ip_source/w155_d512_fifo/soft_fifo_al_f58e8b3e1f3d.v(203)
HDL-5007 WARNING: actual bit length 32 differs from formal bit length 1 for port 'ocea' in ../../../user_source/ip_source/w155_d512_fifo/soft_fifo_al_f58e8b3e1f3d.v(205)
HDL-5007 WARNING: actual bit length 32 differs from formal bit length 1 for port 'ceb' in ../../../user_source/ip_source/w155_d512_fifo/soft_fifo_al_f58e8b3e1f3d.v(210)
HDL-5007 WARNING: actual bit length 32 differs from formal bit length 1 for port 'web' in ../../../user_source/ip_source/w155_d512_fifo/soft_fifo_al_f58e8b3e1f3d.v(211)
HDL-5007 WARNING: actual bit length 32 differs from formal bit length 9 for port 'addrb' in ../../../user_source/ip_source/w155_d512_fifo/soft_fifo_al_f58e8b3e1f3d.v(213)
HDL-5317 WARNING: input port 'dib[154]' is not connected on this instance in ../../../user_source/ip_source/w155_d512_fifo/soft_fifo_al_f58e8b3e1f3d.v(201)
HDL-5007 WARNING: actual bit length 16 differs from formal bit length 32 for port 'O_mc_app_wdf_mask' in ../../../user_source/lab_ex_2026_nosoft/hdl_source/design_top_wrapper.v(848)
HDL-1007 : port 'apb_pready' remains unconnected for this instance in ../../../user_source/ip_source/ph1p35_ddr/ph1p35_324_ddr_wrapper.v(78)
HDL-1007 : port 'apb_prdata' remains unconnected for this instance in ../../../user_source/ip_source/ph1p35_ddr/ph1p35_324_ddr_wrapper.v(78)
HDL-1007 : port 'cfg_rst_n' remains unconnected for this instance in ../../../user_source/ip_source/ph1p35_ddr/ph1p35_324_ddr_wrapper.v(78)
HDL-1007 : elaborate module ph1p35_324_ddr_wrapper in ../../../user_source/ip_source/ph1p35_ddr/ph1p35_324_ddr_wrapper.v(2)
HDL-1007 : elaborate module ddr2 in ../../../user_source/ip_source/ph1p35_ddr/ddr2/ddr2.v(10)
HDL-1007 : elaborate module ph1p_ddrmc_wrapper_63f4ac254419(HOST_AC_DRV="75",HOST_DX_DRV="75",HOST_DX_ODT="75",DRAM_DRV="0",DRAM_ODT="75",CL=7,CAL_EN=0,PLL0_REFCLK_FREQ=100.0,PLL0_REFCLK_DIV=3,PLL0_FBKCLK_DIV=32,PLL0_CLK2_DIV=2,PLL0_CLK3_DIV=21,PLL1_REFCLK_FREQ=133.3,PLL1_REFCLK_DIV=4,MC_ADDR_MAP="ROW_COL_BANK",MC_REORDER="NORMAL",MC_ADDR_WIDTH=25,MC_DATA_WIDTH=128,MC_MASK_WIDTH=16,AXI_ADDR_WIDTH=26,AXI_DATA_WIDTH=128,AXI_MASK_WIDTH=16) in ../../../user_source/ip_source/ph1p35_ddr/ddr2/ph1p_ddrmc_wrapper_63f4ac254419.v(14)
HDL-1007 : port 'dhi_cmd_err' remains unconnected for this instance in ../../../user_source/ip_source/ph1p35_ddr/ddr2/src/rtl/top/ph1p_ddrmc_top.v(163)
HDL-1007 : elaborate module ph1p_ddrmc_top(HOST_AC_DRV="75",HOST_DX_DRV="75",HOST_DX_ODT="75",DRAM_DRV="0",DRAM_ODT="75",CL=7,CAL_EN=0,PLL0_REFCLK_FREQ=100.0,PLL0_REFCLK_DIV=3,PLL0_FBKCLK_DIV=32,PLL0_CLK2_DIV=2,PLL0_CLK3_DIV=21,PLL1_REFCLK_FREQ=133.3,PLL1_REFCLK_DIV=4,MC_ADDR_MAP="ROW_COL_BANK",MC_REORDER="NORMAL",MC_ADDR_WIDTH=25,MC_DATA_WIDTH=128,MC_MASK_WIDTH=16) in ../../../user_source/ip_source/ph1p35_ddr/ddr2/src/rtl/top/ph1p_ddrmc_top.v(8)
HDL-1007 : port 'dly_cur_wdq' remains unconnected for this instance in ../../../user_source/ip_source/ph1p35_ddr/ddr2/src/rtl/phy/ph1p_ddrphy_wrapper.v(478)
HDL-1007 : port 'dly_cur_rdqsp' remains unconnected for this instance in ../../../user_source/ip_source/ph1p35_ddr/ddr2/src/rtl/phy/ph1p_ddrphy_wrapper.v(478)
HDL-1007 : port 'dly_cur_rdqsn' remains unconnected for this instance in ../../../user_source/ip_source/ph1p35_ddr/ddr2/src/rtl/phy/ph1p_ddrphy_wrapper.v(478)
HDL-1007 : elaborate module ph1p_ddrphy_wrapper(tCK=1876,DX_NUM=2,BG_WIDTH=0,BA_WIDTH=2,ROW_WIDTH=13,ADR_WIDTH=13,HOST_AC_DRV="75",HOST_DX_DRV="75",HOST_DX_ODT="75",DRAM_DRV="0",DRAM_ODT="75",CWL=6,CL=7,WDM=1,CAL_EN=0,PLL0_REFCLK_FREQ=100.0,PLL0_REFCLK_DIV=3,PLL0_FBKCLK_DIV=32,PLL0_CLK2_DIV=2,PLL0_CLK3_DIV=21,PLL1_REFCLK_FREQ=133.3,PLL1_REFCLK_DIV=4) in ../../../user_source/ip_source/ph1p35_ddr/ddr2/src/rtl/phy/ph1p_ddrphy_wrapper.v(4)
HDL-1007 : elaborate module ph1p_ddrphy_dram_init(tCK=1876,CL=7,RTT_NOM="75") in ../../../user_source/ip_source/ph1p35_ddr/ddr2/src/rtl/init/ph1p_ddrphy_dram_init_ddr2.v(4)
HDL-1007 : port 'rst_sync' remains unconnected for this instance in ../../../user_source/ip_source/ph1p35_ddr/ddr2/src/rtl/phy/ph1p_ddrphy_top.v(337)
HDL-1007 : port 'dhi_bg' remains unconnected for this instance in ../../../user_source/ip_source/ph1p35_ddr/ddr2/src/rtl/phy/ph1p_ddrphy_top.v(644)
HDL-1007 : elaborate module ph1p_ddrphy_top(DX_NUM=2,BG_WIDTH=0,BA_WIDTH=2,ROW_WIDTH=13,ADR_WIDTH=13,AC_DRV="75",DX_DRV="75",DX_ODT="75",CWL=6,CL=7,PLL0_REFCLK_FREQ=100.0,PLL0_REFCLK_DIV=3,PLL0_FBKCLK_DIV=32,PLL0_CLK2_DIV=2,PLL0_CLK3_DIV=21,PLL1_REFCLK_FREQ=133.3,PLL1_REFCLK_DIV=4,DDRPHY_ROM_LEN=45,DDRPHY_ROM_INIT="ddrphy_cfg_rom.txt") in ../../../user_source/ip_source/ph1p35_ddr/ddr2/src/rtl/phy/ph1p_ddrphy_top.v(3)
HDL-1007 : elaborate module ph1p_ddrphy_clk_top(PLL0_REFCLK_FREQ=100.0,PLL0_REFCLK_DIV=3,PLL0_FBKCLK_DIV=32,PLL0_CLK2_DIV=2,PLL0_CLK3_DIV=21,PLL1_REFCLK_FREQ=133.3,PLL1_REFCLK_DIV=4) in ../../../user_source/ip_source/ph1p35_ddr/ddr2/src/rtl/clk/ph1p_ddrphy_clk_top.v(4)
HDL-1007 : port 'clkcb' remains unconnected for this instance in ../../../user_source/ip_source/ph1p35_ddr/ddr2/src/rtl/clk/ph1p_ddrphy_pll0.v(85)
HDL-1007 : elaborate module ph1p_ddrphy_pll0(REFCLK_FREQ=100.0,FBKCLK_DIV=32,CLK2_DIV=2,CLK3_DIV=21) in ../../../user_source/ip_source/ph1p35_ddr/ddr2/src/rtl/clk/ph1p_ddrphy_pll0.v(9)
HDL-1007 : elaborate module PH1P_PHY_PLL_V2(FBKCLK="VCO_PHASE0",FIN=100.0,REFCLK_DIV=3,FBCLK_DIV=32,CLKC0_CPHASE=7,CLKC1_CPHASE=7,CLKC2_CPHASE=1,CLKC3_CPHASE=20,CLKC0_DIV=8,CLKC1_DIV=8,CLKC2_DIV=2,CLKC3_DIV=21,CLKC0_DUTY_INT=4,CLKC1_DUTY_INT=4,CLKC3_DUTY_INT=11,CLKC0_ENABLE="ENABLE",CLKC1_ENABLE="ENABLE",CLKC2_ENABLE="ENABLE",CLKC3_ENABLE="ENABLE",LPF_CAP=0,ICP_CUR=0,FEEDBK_MODE="NOCOMP") in D:\Anlogic\TD_6.2.1_Engineer_6.2.168.116\arch/ph1p_macro.v(1091)
HDL-1007 : port 'clkcb' remains unconnected for this instance in ../../../user_source/ip_source/ph1p35_ddr/ddr2/src/rtl/clk/ph1p_ddrphy_pll1.v(75)
HDL-1007 : elaborate module ph1p_ddrphy_pll1(REFCLK_FREQ=133.3,REFCLK_DIV=4) in ../../../user_source/ip_source/ph1p35_ddr/ddr2/src/rtl/clk/ph1p_ddrphy_pll1.v(6)
HDL-1007 : elaborate module PH1P_PHY_PLL_V2(FBKCLK_INT="CLKC0_EXT",FIN=133.3,REFCLK_DIV=4,FBCLK_DIV=4,CLKC0_CPHASE=11,CLKC0_DIV=12,CLKC0_DUTY_INT=6,CLKC0_ENABLE="ENABLE",PLL_FEED_TYPE="EXTERNAL",PLL_FASTLOOP="ENABLE",LPF_RES=0,LPF_CAP=25,ICP_CUR=29) in D:\Anlogic\TD_6.2.1_Engineer_6.2.168.116\arch/ph1p_macro.v(1091)
HDL-1007 : elaborate module PH1P_PHY_MLCLK in D:\Anlogic\TD_6.2.1_Engineer_6.2.168.116\arch/ph1p_macro.v(3220)
HDL-1007 : elaborate module PH1P_PHY_IOCLK in D:\Anlogic\TD_6.2.1_Engineer_6.2.168.116\arch/ph1p_macro.v(896)
HDL-1007 : elaborate module ph1p_ddrphy_sync_rst_gen in ../../../user_source/ip_source/ph1p35_ddr/ddr2/src/rtl/misc/ph1p_ddrphy_sync_rst_gen.v(3)
HDL-1007 : elaborate module ph1p_ddrphy_init(ROM_LEN=45,ROM_INIT="ddrphy_cfg_rom.txt") in ../../../user_source/ip_source/ph1p35_ddr/ddr2/src/rtl/phy/ph1p_ddrphy_init.v(4)
HDL-1007 : extracting RAM for identifier 'rom_w52' in ../../../user_source/ip_source/ph1p35_ddr/ddr2/src/rtl/phy/ph1p_ddrphy_init.v(36)
HDL-1007 : readmemh: reading from file 'ddrphy_cfg_rom.txt' in ../../../user_source/ip_source/ph1p35_ddr/ddr2/src/rtl/phy/ph1p_ddrphy_init.v(53)
HDL-5314 WARNING: net 'rom_w52' does not have a driver in ../../../user_source/ip_source/ph1p35_ddr/ddr2/src/rtl/phy/ph1p_ddrphy_init.v(36)
HDL-1007 : elaborate module ph1p_ddrphy_mdl_cal_wrapper in ../../../user_source/ip_source/ph1p35_ddr/ddr2/src/rtl/phy/ph1p_ddrphy_mdl_cal_wrapper.v(3)
HDL-1007 : elaborate module ph1p_ddrphy_mdl_cal in ../../../user_source/ip_source/ph1p35_ddr/ddr2/src/rtl/phy/ph1p_ddrphy_mdl_cal.v(12)
HDL-1007 : elaborate module ph1p_ddrphy_fast_init_wrapper in ../../../user_source/ip_source/ph1p35_ddr/ddr2/src/rtl/phy/ph1p_ddrphy_fast_init_wrapper.v(8)
HDL-1007 : elaborate module ph1p_ddrphy_fast_init in ../../../user_source/ip_source/ph1p35_ddr/ddr2/src/rtl/phy/ph1p_ddrphy_fast_init.v(12)
HDL-5314 WARNING: net 'usr_vld[8]' does not have a driver in ../../../user_source/ip_source/ph1p35_ddr/ddr2/src/rtl/phy/ph1p_ddrphy_fast_init_wrapper.v(132)
HDL-5314 WARNING: net 'init_gate[80]' does not have a driver in ../../../user_source/ip_source/ph1p35_ddr/ddr2/src/rtl/phy/ph1p_ddrphy_fast_init_wrapper.v(134)
HDL-5314 WARNING: net 'init_wdqs[80]' does not have a driver in ../../../user_source/ip_source/ph1p35_ddr/ddr2/src/rtl/phy/ph1p_ddrphy_fast_init_wrapper.v(135)
HDL-5314 WARNING: net 'init_wdq[80]' does not have a driver in ../../../user_source/ip_source/ph1p35_ddr/ddr2/src/rtl/phy/ph1p_ddrphy_fast_init_wrapper.v(136)
HDL-5314 WARNING: net 'init_rdqsp[80]' does not have a driver in ../../../user_source/ip_source/ph1p35_ddr/ddr2/src/rtl/phy/ph1p_ddrphy_fast_init_wrapper.v(137)
HDL-5314 WARNING: net 'init_rdqsn[80]' does not have a driver in ../../../user_source/ip_source/ph1p35_ddr/ddr2/src/rtl/phy/ph1p_ddrphy_fast_init_wrapper.v(138)
HDL-5314 WARNING: net 'init_wsl[35]' does not have a driver in ../../../user_source/ip_source/ph1p35_ddr/ddr2/src/rtl/phy/ph1p_ddrphy_fast_init_wrapper.v(139)
HDL-5314 WARNING: net 'init_rsl[35]' does not have a driver in ../../../user_source/ip_source/ph1p35_ddr/ddr2/src/rtl/phy/ph1p_ddrphy_fast_init_wrapper.v(140)
HDL-1007 : elaborate module ph1p_ddrphy_dcu_wrapper in ../../../user_source/ip_source/ph1p35_ddr/ddr2/src/rtl/phy/ph1p_ddrphy_dcu_wrapper.v(4)
HDL-1007 : elaborate module ph1p_ddrphy_dcu in ../../../user_source/ip_source/ph1p35_ddr/ddr2/src/rtl/phy/ph1p_ddrphy_dcu.v(14)
HDL-5314 WARNING: net 'lcdl_mdl_r[8]' does not have a driver in ../../../user_source/ip_source/ph1p35_ddr/ddr2/src/rtl/phy/ph1p_ddrphy_dcu.v(94)
HDL-1007 : elaborate module ph1p_ddrphy_cmd_wrapper(ROW_WIDTH=13,ADR_WIDTH=13,BA_WIDTH=2,CWL=6,CL=7) in ../../../user_source/ip_source/ph1p35_ddr/ddr2/src/rtl/phy/ph1p_ddrphy_cmd_wrapper.v(3)
HDL-1007 : elaborate module ph1p_ddrphy_cmd_execution(ADR_WIDTH=13,ROW_WIDTH=13,BA_WIDTH=2) in ../../../user_source/ip_source/ph1p35_ddr/ddr2/src/rtl/phy/ph1p_ddrphy_cmd_execution.v(3)
HDL-1007 : elaborate module ph1p_ddrphy_cmd_decode(ROW_WIDTH=13,ADR_WIDTH=13,BA_WIDTH=2) in ../../../user_source/ip_source/ph1p35_ddr/ddr2/src/rtl/phy/ph1p_ddrphy_cmd_decode.v(3)
HDL-1007 : elaborate module ph1p_ddrphy_wphase_ctl(CWL=6) in ../../../user_source/ip_source/ph1p35_ddr/ddr2/src/rtl/phy/ph1p_ddrphy_wphase_ctl.v(6)
HDL-1007 : elaborate module ph1p_ddrphy_rphase_ctl(CL=7) in ../../../user_source/ip_source/ph1p35_ddr/ddr2/src/rtl/phy/ph1p_ddrphy_rphase_ctl.v(6)
HDL-5007 WARNING: actual bit length 1 differs from formal bit length 2 for port 'dhi_wdata_en' in ../../../user_source/ip_source/ph1p35_ddr/ddr2/src/rtl/phy/ph1p_ddrphy_top.v(605)
HDL-1007 : elaborate module ph1p_ddrphy(DX_NUM=2,BA_WIDTH=2,ADR_WIDTH=13,AC_DRV="75",DX_DRV="75",DX_ODT="75") in ../../../user_source/ip_source/ph1p35_ddr/ddr2/src/rtl/phy/ph1p_ddrphy.v(3)
HDL-1007 : elaborate module PH1P_PHY_DDRPHY_BANKREF(VCCIO="1V50",BYTE0_MODE="IN",BYTE1_MODE="IN",BYTE2_MODE="IN",BYTE3_MODE="IN") in D:\Anlogic\TD_6.2.1_Engineer_6.2.168.116\arch/ph1p_macro.v(1659)
HDL-1007 : port 'dx_rfifo_empty' remains unconnected for this instance in ../../../user_source/ip_source/ph1p35_ddr/ddr2/src/rtl/phy/ph1p_ddrphy_byte_wrapper.v(165)
HDL-1007 : port 'phy_osc_en' remains unconnected for this instance in ../../../user_source/ip_source/ph1p35_ddr/ddr2/src/rtl/phy/ph1p_ddrphy_byte_wrapper.v(165)
HDL-1007 : port 'phy_test_mode' remains unconnected for this instance in ../../../user_source/ip_source/ph1p35_ddr/ddr2/src/rtl/phy/ph1p_ddrphy_byte_wrapper.v(165)
HDL-1007 : port 'phy_lb_en' remains unconnected for this instance in ../../../user_source/ip_source/ph1p35_ddr/ddr2/src/rtl/phy/ph1p_ddrphy_byte_wrapper.v(165)
HDL-1007 : port 'phy_lb_ck_sel' remains unconnected for this instance in ../../../user_source/ip_source/ph1p35_ddr/ddr2/src/rtl/phy/ph1p_ddrphy_byte_wrapper.v(165)
HDL-1007 : elaborate module ph1p_ddrphy_byte_wrapper(BYTE_TYPE="AC",PAD_TYPE=52'b1111000000000000000011111111111100001111111111111111) in ../../../user_source/ip_source/ph1p35_ddr/ddr2/src/rtl/phy/ph1p_ddrphy_byte_wrapper.v(11)
HDL-1007 : elaborate module PH1P_PHY_DDRPHY_BYTE(BYTE_TYPE="AC",DCC_EN="ENABLE") in D:\Anlogic\TD_6.2.1_Engineer_6.2.168.116\arch/ph1p_macro.v(7044)
HDL-1007 : elaborate module PH1P_PHY_DDRPHY_PAD_V2(DISABLE_GSR="ENABLE",MODE="OUT",DRV="48",ODT="60") in D:\Anlogic\TD_6.2.1_Engineer_6.2.168.116\arch/ph1p_macro.v(7464)
HDL-5314 WARNING: net 'phy_rdata[103]' does not have a driver in ../../../user_source/ip_source/ph1p35_ddr/ddr2/src/rtl/phy/ph1p_ddrphy_byte_wrapper.v(152)
HDL-5314 WARNING: net 'phy_rdqs[7]' does not have a driver in ../../../user_source/ip_source/ph1p35_ddr/ddr2/src/rtl/phy/ph1p_ddrphy_byte_wrapper.v(157)
HDL-5317 WARNING: input port 'dl_in' is not connected on this instance in ../../../user_source/ip_source/ph1p35_ddr/ddr2/src/rtl/phy/ph1p_ddrphy_byte_wrapper.v(390)
HDL-1007 : elaborate module ph1p_ddrphy_byte_wrapper(BYTE_TYPE="AC",PAD_TYPE=52'b1111111111110000000011111111000000001111111100000000) in ../../../user_source/ip_source/ph1p35_ddr/ddr2/src/rtl/phy/ph1p_ddrphy_byte_wrapper.v(11)
HDL-5314 WARNING: net 'phy_rdata[103]' does not have a driver in ../../../user_source/ip_source/ph1p35_ddr/ddr2/src/rtl/phy/ph1p_ddrphy_byte_wrapper.v(152)
HDL-5314 WARNING: net 'phy_rdqs[7]' does not have a driver in ../../../user_source/ip_source/ph1p35_ddr/ddr2/src/rtl/phy/ph1p_ddrphy_byte_wrapper.v(157)
HDL-5317 WARNING: input port 'dl_in' is not connected on this instance in ../../../user_source/ip_source/ph1p35_ddr/ddr2/src/rtl/phy/ph1p_ddrphy_byte_wrapper.v(390)
HDL-1007 : elaborate module ph1p_ddrphy_byte_wrapper(BYTE_TYPE="AC",PAD_TYPE=52'b1111111111110000000000000000000000001111111111111111) in ../../../user_source/ip_source/ph1p35_ddr/ddr2/src/rtl/phy/ph1p_ddrphy_byte_wrapper.v(11)
HDL-5314 WARNING: net 'phy_rdata[103]' does not have a driver in ../../../user_source/ip_source/ph1p35_ddr/ddr2/src/rtl/phy/ph1p_ddrphy_byte_wrapper.v(152)
HDL-5317 WARNING: input port 'dl_in' is not connected on this instance in ../../../user_source/ip_source/ph1p35_ddr/ddr2/src/rtl/phy/ph1p_ddrphy_byte_wrapper.v(390)
HDL-1007 : elaborate module ph1p_ddrphy_byte_wrapper(PAD_TYPE=52'b1111011001100110011001010100011001100110011011110110,AC_DRV="75",DX_DRV="75",DX_ODT="75") in ../../../user_source/ip_source/ph1p35_ddr/ddr2/src/rtl/phy/ph1p_ddrphy_byte_wrapper.v(11)
HDL-1007 : elaborate module PH1P_PHY_DDRPHY_BYTE(DCC_EN="ENABLE") in D:\Anlogic\TD_6.2.1_Engineer_6.2.168.116\arch/ph1p_macro.v(7044)
HDL-1007 : elaborate module PH1P_PHY_DDRPHY_PAD_V2(DDR_SIGNAL_TYPE="DQ",OCLK_SEL="CLK_WDQ",DISABLE_GSR="ENABLE",MODE="BI",DRV="75",ODT="75") in D:\Anlogic\TD_6.2.1_Engineer_6.2.168.116\arch/ph1p_macro.v(7464)
HDL-1007 : elaborate module PH1P_PHY_DDRPHY_PAD_V2(DDR_SIGNAL_TYPE="DQSP",OCLK_SEL="CLK_WL",DISABLE_GSR="ENABLE",MODE="BI",DRV="75",ODT="75") in D:\Anlogic\TD_6.2.1_Engineer_6.2.168.116\arch/ph1p_macro.v(7464)
HDL-1007 : elaborate module PH1P_PHY_DDRPHY_PAD_V2(DDR_SIGNAL_TYPE="DQSN",OCLK_SEL="CLK_WL",DISABLE_GSR="ENABLE",MODE="BI",DRV="75",ODT="75") in D:\Anlogic\TD_6.2.1_Engineer_6.2.168.116\arch/ph1p_macro.v(7464)
HDL-5314 WARNING: net 'phy_rdata[103]' does not have a driver in ../../../user_source/ip_source/ph1p35_ddr/ddr2/src/rtl/phy/ph1p_ddrphy_byte_wrapper.v(152)
HDL-5317 WARNING: input port 'dl_in' is not connected on this instance in ../../../user_source/ip_source/ph1p35_ddr/ddr2/src/rtl/phy/ph1p_ddrphy_byte_wrapper.v(390)
HDL-5007 WARNING: actual bit length 2 differs from formal bit length 1 for port 'dx_rfifo_en' in ../../../user_source/ip_source/ph1p35_ddr/ddr2/src/rtl/phy/ph1p_ddrphy.v(620)
HDL-1007 : elaborate module ph1p_ddrphy_byte_wrapper(PAD_TYPE=52'b1111011001100110011001010100111101100110011001100110,AC_DRV="75",DX_DRV="75",DX_ODT="75") in ../../../user_source/ip_source/ph1p35_ddr/ddr2/src/rtl/phy/ph1p_ddrphy_byte_wrapper.v(11)
HDL-5314 WARNING: net 'phy_rdata[103]' does not have a driver in ../../../user_source/ip_source/ph1p35_ddr/ddr2/src/rtl/phy/ph1p_ddrphy_byte_wrapper.v(152)
HDL-5317 WARNING: input port 'dl_in' is not connected on this instance in ../../../user_source/ip_source/ph1p35_ddr/ddr2/src/rtl/phy/ph1p_ddrphy_byte_wrapper.v(390)
HDL-5007 WARNING: actual bit length 2 differs from formal bit length 1 for port 'dx_rfifo_en' in ../../../user_source/ip_source/ph1p35_ddr/ddr2/src/rtl/phy/ph1p_ddrphy.v(620)
HDL-5314 WARNING: net 'dx2_wdata[103]' does not have a driver in ../../../user_source/ip_source/ph1p35_ddr/ddr2/src/rtl/phy/ph1p_ddrphy.v(187)
HDL-5314 WARNING: net 'dx3_wdata[103]' does not have a driver in ../../../user_source/ip_source/ph1p35_ddr/ddr2/src/rtl/phy/ph1p_ddrphy.v(188)
HDL-5314 WARNING: net 'dx4_wdata[103]' does not have a driver in ../../../user_source/ip_source/ph1p35_ddr/ddr2/src/rtl/phy/ph1p_ddrphy.v(189)
HDL-5314 Similar messages will be suppressed.
HDL-5317 WARNING: input port 'i_scan_clk' is not connected on this instance in ../../../user_source/ip_source/ph1p35_ddr/ddr2/src/rtl/phy/ph1p_ddrphy.v(438)
HDL-5323 WARNING: input port 'dqs_pupd_en' remains unconnected for this instance in ../../../user_source/ip_source/ph1p35_ddr/ddr2/src/rtl/phy/ph1p_ddrphy.v(528)
HDL-5317 WARNING: input port 'dly_full[1]' is not connected on this instance in ../../../user_source/ip_source/ph1p35_ddr/ddr2/src/rtl/phy/ph1p_ddrphy_top.v(457)
HDL-5323 WARNING: input port 'dhi_bg[11]' remains unconnected for this instance in ../../../user_source/ip_source/ph1p35_ddr/ddr2/src/rtl/phy/ph1p_ddrphy_top.v(658)
HDL-1007 : elaborate module alc_phy2mc_fifo_ctrl(DX_NUM=2) in ../../../user_source/ip_source/ph1p35_ddr/ddr2/src/rtl/mc/alc_phy2mc_fifo_ctrl.v(4)
HDL-1007 : elaborate module ph1p_ddr_fifo_dram_sync(DW=64) in ../../../user_source/ip_source/ph1p35_ddr/ddr2/src/rtl/misc/ph1p_ddr_fifo_dram_sync.v(9)
HDL-1007 : extracting RAM for identifier 'data' in ../../../user_source/ip_source/ph1p35_ddr/ddr2/src/rtl/misc/ph1p_ddr_fifo_dram_sync.v(31)
HDL-5007 WARNING: delay control is not supported for synthesis in ../../../user_source/ip_source/ph1p35_ddr/ddr2/src/rtl/misc/ph1p_ddr_fifo_dram_sync.v(49)
HDL-5007 WARNING: delay control is not supported for synthesis in ../../../user_source/ip_source/ph1p35_ddr/ddr2/src/rtl/misc/ph1p_ddr_fifo_dram_sync.v(51)
HDL-5007 WARNING: delay control is not supported for synthesis in ../../../user_source/ip_source/ph1p35_ddr/ddr2/src/rtl/misc/ph1p_ddr_fifo_dram_sync.v(58)
HDL-5007 WARNING: delay control is not supported for synthesis in ../../../user_source/ip_source/ph1p35_ddr/ddr2/src/rtl/misc/ph1p_ddr_fifo_dram_sync.v(60)
HDL-5007 WARNING: delay control is not supported for synthesis in ../../../user_source/ip_source/ph1p35_ddr/ddr2/src/rtl/misc/ph1p_ddr_fifo_dram_sync.v(67)
HDL-5007 WARNING: delay control is not supported for synthesis in ../../../user_source/ip_source/ph1p35_ddr/ddr2/src/rtl/misc/ph1p_ddr_fifo_dram_sync.v(74)
HDL-5007 WARNING: delay control is not supported for synthesis in ../../../user_source/ip_source/ph1p35_ddr/ddr2/src/rtl/misc/ph1p_ddr_fifo_dram_sync.v(75)
HDL-5007 WARNING: delay control is not supported for synthesis in ../../../user_source/ip_source/ph1p35_ddr/ddr2/src/rtl/misc/ph1p_ddr_fifo_dram_sync.v(76)
HDL-5007 WARNING: delay control is not supported for synthesis in ../../../user_source/ip_source/ph1p35_ddr/ddr2/src/rtl/misc/ph1p_ddr_fifo_dram_sync.v(78)
HDL-5007 WARNING: delay control is not supported for synthesis in ../../../user_source/ip_source/ph1p35_ddr/ddr2/src/rtl/misc/ph1p_ddr_fifo_dram_sync.v(79)
HDL-5007 Similar messages will be suppressed.
HDL-1007 : elaborate module alc_mc_top(DRAM_TYPE="DDR2",ECC="OFF",REORDER="NORMAL",CWL=6,BA_WIDTH=2) in ../../../user_source/ip_source/ph1p35_ddr/ddr2/src/rtl/mc/alc_mc_top_all.enc.sv(7)
HDL-1007 : elaborate module ph1p_ddr_fifo_dram_sync(DW=4,AW=3) in ../../../user_source/ip_source/ph1p35_ddr/ddr2/src/rtl/misc/ph1p_ddr_fifo_dram_sync.v(9)
HDL-1007 : extracting RAM for identifier 'data' in ../../../user_source/ip_source/ph1p35_ddr/ddr2/src/rtl/misc/ph1p_ddr_fifo_dram_sync.v(31)
HDL-5007 WARNING: delay control is not supported for synthesis in ../../../user_source/ip_source/ph1p35_ddr/ddr2/src/rtl/misc/ph1p_ddr_fifo_dram_sync.v(49)
HDL-5007 WARNING: delay control is not supported for synthesis in ../../../user_source/ip_source/ph1p35_ddr/ddr2/src/rtl/misc/ph1p_ddr_fifo_dram_sync.v(51)
HDL-5007 WARNING: delay control is not supported for synthesis in ../../../user_source/ip_source/ph1p35_ddr/ddr2/src/rtl/misc/ph1p_ddr_fifo_dram_sync.v(58)
HDL-5007 WARNING: delay control is not supported for synthesis in ../../../user_source/ip_source/ph1p35_ddr/ddr2/src/rtl/misc/ph1p_ddr_fifo_dram_sync.v(60)
HDL-5007 WARNING: delay control is not supported for synthesis in ../../../user_source/ip_source/ph1p35_ddr/ddr2/src/rtl/misc/ph1p_ddr_fifo_dram_sync.v(67)
HDL-5007 WARNING: delay control is not supported for synthesis in ../../../user_source/ip_source/ph1p35_ddr/ddr2/src/rtl/misc/ph1p_ddr_fifo_dram_sync.v(74)
HDL-5007 WARNING: delay control is not supported for synthesis in ../../../user_source/ip_source/ph1p35_ddr/ddr2/src/rtl/misc/ph1p_ddr_fifo_dram_sync.v(75)
HDL-5007 WARNING: delay control is not supported for synthesis in ../../../user_source/ip_source/ph1p35_ddr/ddr2/src/rtl/misc/ph1p_ddr_fifo_dram_sync.v(76)
HDL-5007 WARNING: delay control is not supported for synthesis in ../../../user_source/ip_source/ph1p35_ddr/ddr2/src/rtl/misc/ph1p_ddr_fifo_dram_sync.v(78)
HDL-5007 Similar messages will be suppressed.
HDL-1007 : elaborate module ph1p_ddr_fifo_dram_sync(DW=5,AW=5) in ../../../user_source/ip_source/ph1p35_ddr/ddr2/src/rtl/misc/ph1p_ddr_fifo_dram_sync.v(9)
HDL-1007 : extracting RAM for identifier 'data' in ../../../user_source/ip_source/ph1p35_ddr/ddr2/src/rtl/misc/ph1p_ddr_fifo_dram_sync.v(31)
HDL-1007 : elaborate module ** in ../../../user_source/ip_source/ph1p35_ddr/ddr2/src/rtl/mc/alc_mc_top_all.enc.sv(4317)
HDL-1007 : elaborate module ** in ../../../user_source/ip_source/ph1p35_ddr/ddr2/src/rtl/mc/alc_mc_top_all.enc.sv(2687)
HDL-1007 : extracting RAM for identifier '**' in ../../../user_source/ip_source/ph1p35_ddr/ddr2/src/rtl/mc/alc_mc_top_all.enc.sv(2701)
HDL-1007 : elaborate module ** in ../../../user_source/ip_source/ph1p35_ddr/ddr2/src/rtl/mc/alc_mc_top_all.enc.sv(2687)
HDL-1007 : extracting RAM for identifier '**' in ../../../user_source/ip_source/ph1p35_ddr/ddr2/src/rtl/mc/alc_mc_top_all.enc.sv(2701)
HDL-1007 : elaborate module ** in ../../../user_source/ip_source/ph1p35_ddr/ddr2/src/rtl/mc/alc_mc_top_all.enc.sv(2687)
HDL-1007 : extracting RAM for identifier '**' in ../../../user_source/ip_source/ph1p35_ddr/ddr2/src/rtl/mc/alc_mc_top_all.enc.sv(2701)
HDL-1007 : elaborate module ** in ../../../user_source/ip_source/ph1p35_ddr/ddr2/src/rtl/mc/alc_mc_top_all.enc.sv(3845)
HDL-1007 : elaborate module ** in ../../../user_source/ip_source/ph1p35_ddr/ddr2/src/rtl/mc/alc_mc_top_all.enc.sv(2687)
HDL-1007 : extracting RAM for identifier '**' in ../../../user_source/ip_source/ph1p35_ddr/ddr2/src/rtl/mc/alc_mc_top_all.enc.sv(2701)
HDL-1007 : elaborate module ** in ../../../user_source/ip_source/ph1p35_ddr/ddr2/src/rtl/mc/alc_mc_top_all.enc.sv(2687)
HDL-1007 : extracting RAM for identifier '**' in ../../../user_source/ip_source/ph1p35_ddr/ddr2/src/rtl/mc/alc_mc_top_all.enc.sv(2701)
HDL-5007 WARNING: actual bit length ** differs from formal bit length *** for port '**' in ../../../user_source/ip_source/ph1p35_ddr/ddr2/src/rtl/mc/alc_mc_top_all.enc.sv(4019)
HDL-5007 WARNING: actual bit length ** differs from formal bit length *** for port '**' in ../../../user_source/ip_source/ph1p35_ddr/ddr2/src/rtl/mc/alc_mc_top_all.enc.sv(4019)
HDL-5007 WARNING: actual bit length ** differs from formal bit length *** for port '**' in ../../../user_source/ip_source/ph1p35_ddr/ddr2/src/rtl/mc/alc_mc_top_all.enc.sv(177)
HDL-1007 : elaborate module ** in ../../../user_source/ip_source/ph1p35_ddr/ddr2/src/rtl/mc/alc_mc_top_all.enc.sv(2019)
HDL-1007 : elaborate module ** in ../../../user_source/ip_source/ph1p35_ddr/ddr2/src/rtl/mc/alc_mc_top_all.enc.sv(2728)
HDL-1007 : extracting RAM for identifier '**' in ../../../user_source/ip_source/ph1p35_ddr/ddr2/src/rtl/mc/alc_mc_top_all.enc.sv(2822)
HDL-1007 : elaborate module ** in ../../../user_source/ip_source/ph1p35_ddr/ddr2/src/rtl/mc/alc_mc_top_all.enc.sv(1189)
HDL-1007 : elaborate module ** in ../../../user_source/ip_source/ph1p35_ddr/ddr2/src/rtl/mc/alc_mc_top_all.enc.sv(1826)
HDL-1007 : elaborate module ** in ../../../user_source/ip_source/ph1p35_ddr/ddr2/src/rtl/mc/alc_mc_top_all.enc.sv(4665)
HDL-1007 : elaborate module ** in ../../../user_source/ip_source/ph1p35_ddr/ddr2/src/rtl/mc/alc_mc_top_all.enc.sv(946)
HDL-1007 : elaborate module ** in ../../../user_source/ip_source/ph1p35_ddr/ddr2/src/rtl/mc/alc_mc_top_all.enc.sv(787)
HDL-1007 : elaborate module ** in ../../../user_source/ip_source/ph1p35_ddr/ddr2/src/rtl/mc/alc_mc_top_all.enc.sv(1068)
HDL-1007 : elaborate module ** in ../../../user_source/ip_source/ph1p35_ddr/ddr2/src/rtl/mc/alc_mc_top_all.enc.sv(1493)
HDL-1007 : elaborate module ** in ../../../user_source/ip_source/ph1p35_ddr/ddr2/src/rtl/mc/alc_mc_top_all.enc.sv(1424)
HDL-1007 : elaborate module ** in ../../../user_source/ip_source/ph1p35_ddr/ddr2/src/rtl/mc/alc_mc_top_all.enc.sv(1583)
HDL-1007 : elaborate module ** in ../../../user_source/ip_source/ph1p35_ddr/ddr2/src/rtl/mc/alc_mc_top_all.enc.sv(1724)
HDL-1007 : elaborate module ** in ../../../user_source/ip_source/ph1p35_ddr/ddr2/src/rtl/mc/alc_mc_top_all.enc.sv(2280)
HDL-1007 : elaborate module ** in ../../../user_source/ip_source/ph1p35_ddr/ddr2/src/rtl/mc/alc_mc_top_all.enc.sv(2320)
HDL-5369 WARNING: latch inferred for net '**' in ../../../user_source/ip_source/ph1p35_ddr/ddr2/src/rtl/mc/alc_mc_top_all.enc.sv(2464)
HDL-1007 : elaborate module ** in ../../../user_source/ip_source/ph1p35_ddr/ddr2/src/rtl/mc/alc_mc_top_all.enc.sv(4116)
HDL-1007 : elaborate module ** in ../../../user_source/ip_source/ph1p35_ddr/ddr2/src/rtl/mc/alc_mc_top_all.enc.sv(3500)
HDL-5323 WARNING: input port 'apb_psel' remains unconnected for this instance in ../../../user_source/ip_source/ph1p35_ddr/ph1p35_324_ddr_wrapper.v(78)
HDL-1007 : elaborate module uivtc(H_ActiveSize=1024,H_FrameSize=1344,H_SyncStart=1184,H_SyncEnd=1208,V_ActiveSize=600,V_FrameSize=635,V_SyncStart=612,V_SyncEnd=614) in ../../../user_source/lab_ex_2026_nosoft/hdl_source/vtc/uivtc.v(42)
HDL-1007 : elaborate module traffic_sign_result_cdc in ../../../user_source/image/traffic_sign/traffic_sign_result_cdc.v(5)
HDL-1007 : elaborate module hdmi_mixer(H_OFFSET=0,V_OFFSET=0) in ../../../user_source/lab_ex_2026_nosoft/hdl_source/hdmi_mixer.v(1)
HDL-1007 : elaborate module anlogic_logo_rom in ../../../user_source/lab_ex_2026_nosoft/hdl_source/anlogic_logo_rom.v(1)
HDL-1007 : elaborate module osd_char_lib in ../../../user_source/lab_ex_2026_nosoft/hdl_source/osd_char_lib.v(1)
HDL-1007 : elaborate module hdmi_tx in ../../../user_source/lab_ex_2026_nosoft/hdl_source/hdmi_tx.v(3)
HDL-1007 : elaborate module I2S_receiver in ../../../user_source/lab_ex_2026_nosoft/hdl_source/I2S_receiver.v(3)
HDL-1007 : elaborate module audio_arc_calculate in ../../../user_source/lab_ex_2026_nosoft/hdl_source/audio_arc_calculate.v(4)
HDL-1007 : elaborate module key_remove_shakes in ../../../user_source/lab_ex_2026_nosoft/hdl_source/key_remove_shakes.v(12)
HDL-1007 : elaborate module hdmi_1_4b_transmitter_core_wrapper(DEVICE="PH1P",HTOTAL=1344,HSA=24,HFP=160,HBP=136,HACTIVE=1024,VTOTAL=635,VSA=2,VFP=12,VBP=21,VACTIVE=600,VIDEO_TPG="Disable",VIDEO_VIC=0) in ../../../user_source/lab_ex_2026_nosoft/hdl_source/hdmi_1_4b_transmitter_core_wrapper.enc.v(2)
HDL-1007 : elaborate module ** in ../../../user_source/lab_ex_2026_nosoft/hdl_source/hdmi_1_4b_transmitter_core_wrapper.enc.v(91)
HDL-1007 : elaborate module ** in ../../../user_source/lab_ex_2026_nosoft/hdl_source/hdmi_1_4b_transmitter_core_wrapper.enc.v(137)
HDL-1007 : elaborate module ** in ../../../user_source/lab_ex_2026_nosoft/hdl_source/hdmi_1_4b_transmitter_core_wrapper.enc.v(208)
HDL-1007 : elaborate module ** in ../../../user_source/lab_ex_2026_nosoft/hdl_source/hdmi_1_4b_transmitter_core_wrapper.enc.v(285)
HDL-1007 : elaborate module ** in ../../../user_source/lab_ex_2026_nosoft/hdl_source/hdmi_1_4b_transmitter_core_wrapper.enc.v(396)
HDL-1007 : elaborate module ** in ../../../user_source/lab_ex_2026_nosoft/hdl_source/hdmi_1_4b_transmitter_core_wrapper.enc.v(803)
HDL-1007 : elaborate module PH1P_LOGIC_RAMFIFO(DATA_WIDTH=11,ADDR_WIDTH=10) in D:\Anlogic\TD_6.2.1_Engineer_6.2.168.116\arch/ph1p_macro.v(327)
HDL-1007 : elaborate module ** in ../../../user_source/lab_ex_2026_nosoft/hdl_source/hdmi_1_4b_transmitter_core_wrapper.enc.v(1338)
HDL-1007 : elaborate module ** in ../../../user_source/lab_ex_2026_nosoft/hdl_source/hdmi_1_4b_transmitter_core_wrapper.enc.v(1480)
HDL-1007 : elaborate module PH1P_LOGIC_RAMFIFO(DATA_WIDTH=9,ADDR_WIDTH=10) in D:\Anlogic\TD_6.2.1_Engineer_6.2.168.116\arch/ph1p_macro.v(327)
HDL-1007 : elaborate module ** in ../../../user_source/lab_ex_2026_nosoft/hdl_source/hdmi_1_4b_transmitter_core_wrapper.enc.v(2012)
HDL-1007 : port '**' remains unconnected for this instance in ../../../user_source/lab_ex_2026_nosoft/hdl_source/hdmi_1_4b_transmitter_core_wrapper.enc.v(2733)
HDL-1007 : elaborate module ** in ../../../user_source/lab_ex_2026_nosoft/hdl_source/hdmi_1_4b_transmitter_core_wrapper.enc.v(2403)
HDL-1007 : elaborate module ** in ../../../user_source/lab_ex_2026_nosoft/hdl_source/hdmi_1_4b_transmitter_core_wrapper.enc.v(2842)
HDL-1007 : elaborate module ** in ../../../user_source/lab_ex_2026_nosoft/hdl_source/hdmi_1_4b_transmitter_core_wrapper.enc.v(2939)
HDL-1007 : elaborate module ** in ../../../user_source/lab_ex_2026_nosoft/hdl_source/hdmi_1_4b_transmitter_core_wrapper.enc.v(3138)
HDL-1007 : elaborate module ** in ../../../user_source/lab_ex_2026_nosoft/hdl_source/hdmi_1_4b_transmitter_core_wrapper.enc.v(3177)
HDL-1007 : elaborate module ** in ../../../user_source/lab_ex_2026_nosoft/hdl_source/hdmi_1_4b_transmitter_core_wrapper.enc.v(3511)
HDL-1007 : elaborate module ** in ../../../user_source/lab_ex_2026_nosoft/hdl_source/hdmi_1_4b_transmitter_core_wrapper.enc.v(3666)
HDL-1007 : elaborate module ** in ../../../user_source/lab_ex_2026_nosoft/hdl_source/hdmi_1_4b_transmitter_core_wrapper.enc.v(3730)
HDL-1007 : elaborate module ** in ../../../user_source/lab_ex_2026_nosoft/hdl_source/hdmi_1_4b_transmitter_core_wrapper.enc.v(3860)
HDL-5007 WARNING: actual bit length ** differs from formal bit length *** for port '**' in ../../../user_source/lab_ex_2026_nosoft/hdl_source/hdmi_1_4b_transmitter_core_wrapper.enc.v(3307)
HDL-1007 : elaborate module ** in ../../../user_source/lab_ex_2026_nosoft/hdl_source/hdmi_1_4b_transmitter_core_wrapper.enc.v(3949)
HDL-5007 Similar messages will be suppressed.
HDL-1007 : elaborate module ** in ../../../user_source/lab_ex_2026_nosoft/hdl_source/hdmi_1_4b_transmitter_core_wrapper.enc.v(4034)
HDL-1007 : elaborate module ** in ../../../user_source/lab_ex_2026_nosoft/hdl_source/hdmi_1_4b_transmitter_core_wrapper.enc.v(4127)
HDL-1007 : elaborate module ** in ../../../user_source/lab_ex_2026_nosoft/hdl_source/hdmi_1_4b_transmitter_core_wrapper.enc.v(4285)
HDL-1007 : elaborate module ** in ../../../user_source/lab_ex_2026_nosoft/hdl_source/hdmi_1_4b_transmitter_core_wrapper.enc.v(4586)
HDL-1007 : elaborate module PH1P_LOGIC_RAMFIFO(DATA_WIDTH=96,ADDR_WIDTH=10) in D:\Anlogic\TD_6.2.1_Engineer_6.2.168.116\arch/ph1p_macro.v(327)
HDL-1007 : elaborate module ** in ../../../user_source/lab_ex_2026_nosoft/hdl_source/hdmi_1_4b_transmitter_core_wrapper.enc.v(5534)
HDL-1007 : elaborate module ** in ../../../user_source/lab_ex_2026_nosoft/hdl_source/hdmi_1_4b_transmitter_core_wrapper.enc.v(5657)
HDL-1007 : elaborate module PH1P_LOGIC_RAMFIFO(DATA_WIDTH=24,ADDR_WIDTH=10) in D:\Anlogic\TD_6.2.1_Engineer_6.2.168.116\arch/ph1p_macro.v(327)
HDL-1007 : elaborate module ** in ../../../user_source/lab_ex_2026_nosoft/hdl_source/hdmi_1_4b_transmitter_core_wrapper.enc.v(6273)
HDL-1007 : elaborate module ** in ../../../user_source/lab_ex_2026_nosoft/hdl_source/hdmi_1_4b_transmitter_core_wrapper.enc.v(6501)
HDL-1007 : elaborate module ** in ../../../user_source/lab_ex_2026_nosoft/hdl_source/hdmi_1_4b_transmitter_core_wrapper.enc.v(6575)
HDL-1007 : elaborate module ** in ../../../user_source/lab_ex_2026_nosoft/hdl_source/hdmi_1_4b_transmitter_core_wrapper.enc.v(6924)
HDL-1007 : elaborate module ** in ../../../user_source/lab_ex_2026_nosoft/hdl_source/hdmi_1_4b_transmitter_core_wrapper.enc.v(6994)
HDL-1007 : elaborate module ** in ../../../user_source/lab_ex_2026_nosoft/hdl_source/hdmi_1_4b_transmitter_core_wrapper.enc.v(6994)
HDL-1007 : elaborate module ** in ../../../user_source/lab_ex_2026_nosoft/hdl_source/hdmi_1_4b_transmitter_core_wrapper.enc.v(6994)
HDL-1007 : elaborate module hdmi_phy_wrapper(DEVICE="PH1P") in ../../../user_source/lab_ex_2026_nosoft/hdl_source/hdmi_phy_warpper.v(3)
HDL-1007 : elaborate module lane_lvds_10_1(DEVICE="PH1P") in ../../../user_source/lab_ex_2026_nosoft/hdl_source/lane_lvds_10_1.v(4)
HDL-1007 : elaborate module PH1P_LOGIC_ODDR in D:\Anlogic\TD_6.2.1_Engineer_6.2.168.116\arch/ph1p_macro.v(8343)
HDL-5317 WARNING: input port 'I_camera_black_level[9]' is not connected on this instance in ../../../user_source/lab_ex_2026_nosoft/hdl_source/design_top_wrapper.v(670)
HDL-5001 WARNING: Contains anonymous inst(s) and/or net(s) that have not been renamed
HDL-5001 WARNING: Contains anonymous inst(s) and/or net(s) that have not been renamed
HDL-5001 WARNING: Contains anonymous inst(s) and/or net(s) that have not been renamed
HDL-1200 : Current top model is design_top_wrapper
HDL-5106 WARNING: Initial value omitted on non-DFF net "scl_r" in ../../../user_source/lab_ex_2026_nosoft/hdl_source/uics500_cfg/uii2c.v(127) 
HDL-5106 WARNING: Initial value omitted on non-DFF net "sda_o" in ../../../user_source/lab_ex_2026_nosoft/hdl_source/uics500_cfg/uii2c.v(135) 
HDL-1100 : Inferred 16 RAMs.
RUN-1003 : finish command "elaborate -top design_top_wrapper" in  2.832119s wall, 2.640625s user + 0.109375s system = 2.750000s CPU (97.1%)

RUN-1004 : used memory is 850 MB, reserved memory is 841 MB, peak memory is 850 MB
RUN-1002 : start command "read_adc ../../../user_source/lab_ex_2026_nosoft/constraints_source/pin.adc"
RUN-1002 : start command "set_pin_assignment  I_sys_clk   LOCATION = C4; IOSTANDARD  = LVCMOS33; PULLTYPE = PULLUP; "
RUN-1002 : start command "set_pin_assignment  I_rst_n   LOCATION = R10; IOSTANDARD = LVCMOS33; PULLTYPE = PULLUP; "
RUN-1002 : start command "set_pin_assignment  O_cam_scl   LOCATION = K3; IOSTANDARD  = LVCMOS33; DRIVESTRENGTH = 8; PULLTYPE = PULLUP; "
RUN-1002 : start command "set_pin_assignment  IO_cam_sda   LOCATION = J3; IOSTANDARD  = LVCMOS33; DRIVESTRENGTH = 8; PULLTYPE = PULLUP; "
RUN-1002 : start command "set_pin_assignment  O_cam_24m   LOCATION = L3; IOSTANDARD  = LVCMOS33; DRIVESTRENGTH = 8; PULLTYPE = PULLUP; "
RUN-1002 : start command "set_pin_assignment  O_cam_rst   LOCATION = L2; IOSTANDARD  = LVCMOS33; DRIVESTRENGTH = 8; PULLTYPE = PULLUP; "
RUN-1002 : start command "set_pin_assignment  I_button[0]   LOCATION = N2;  IOSTANDARD = LVCMOS33; DRIVESTRENGTH = 8; PULLTYPE = PULLUP; "
RUN-1002 : start command "set_pin_assignment  I_button[1]   LOCATION = J14; IOSTANDARD = LVCMOS33; DRIVESTRENGTH = 8; PULLTYPE = PULLUP; "
RUN-1002 : start command "set_pin_assignment  O_screen_pwm   LOCATION = R11; IOSTANDARD = LVCMOS33; DRIVESTRENGTH = 8; PULLTYPE = PULLDOWN; "
RUN-1002 : start command "set_pin_assignment  O_tmds_ch0_p   LOCATION = G16; IOSTANDARD = TMDS33; PULLTYPE = NONE; "
RUN-1002 : start command "set_pin_assignment  O_tmds_ch1_p   LOCATION = F17; IOSTANDARD = TMDS33; PULLTYPE = NONE; "
RUN-1002 : start command "set_pin_assignment  O_tmds_ch2_p   LOCATION = H14; IOSTANDARD = TMDS33; PULLTYPE = NONE; "
RUN-1002 : start command "set_pin_assignment  O_tmds_clk_p   LOCATION = C17; IOSTANDARD = TMDS33; PULLTYPE = NONE; "
RUN-1001 : Starting of IO setups legality check.
RUN-1002 : start command "read_ip_adc -ip ddr2 -file ../../../user_source/ip_source/ph1p35_ddr/ddr2/src/adc/ddr2.adc"
RUN-1002 : start command "set_ippin_assignment ddr2  ddr_ck_p      LOCATION = X0Y44Z2; IOSTANDARD = DIFF_SSTL15; #pl44c"
RUN-1002 : start command "set_ippin_assignment ddr2  ddr_ck_n      LOCATION = X0Y44Z3; IOSTANDARD = DIFF_SSTL15; #pl44d"
RUN-1002 : start command "set_ippin_assignment ddr2  ddr_cke[0]    LOCATION = X0Y44Z1; IOSTANDARD = SSTL15; #pl44b"
RUN-1002 : start command "set_ippin_assignment ddr2  ddr_cs_n[0]   LOCATION = X0Y53Z0; IOSTANDARD = SSTL15; #pl53a"
RUN-1002 : start command "set_ippin_assignment ddr2  ddr_odt[0]    LOCATION = X0Y47Z0; IOSTANDARD = SSTL15; #pl47a"
RUN-1002 : start command "set_ippin_assignment ddr2  ddr_we_n      LOCATION = X0Y47Z1; IOSTANDARD = SSTL15; #pl47b"
RUN-1002 : start command "set_ippin_assignment ddr2  ddr_cas_n     LOCATION = X0Y56Z0; IOSTANDARD = SSTL15; #pl56a"
RUN-1002 : start command "set_ippin_assignment ddr2  ddr_ras_n     LOCATION = X0Y44Z0; IOSTANDARD = SSTL15; #pl44a"
RUN-1002 : start command "set_ippin_assignment ddr2  ddr_ba[0]     LOCATION = X0Y50Z0; IOSTANDARD = SSTL15; #pl50a"
RUN-1002 : start command "set_ippin_assignment ddr2  ddr_ba[1]     LOCATION = X0Y61Z0; IOSTANDARD = SSTL15; #pl61a"
RUN-1002 : start command "set_ippin_assignment ddr2  ddr_addr[0]   LOCATION = X0Y64Z0; IOSTANDARD = SSTL15; #pl64a"
RUN-1002 : start command "set_ippin_assignment ddr2  ddr_addr[1]   LOCATION = X0Y73Z0; IOSTANDARD = SSTL15; #pl73a"
RUN-1002 : start command "set_ippin_assignment ddr2  ddr_addr[2]   LOCATION = X0Y67Z0; IOSTANDARD = SSTL15; #pl67a"
RUN-1002 : start command "set_ippin_assignment ddr2  ddr_addr[3]   LOCATION = X0Y50Z1; IOSTANDARD = SSTL15; #pl50b"
RUN-1002 : start command "set_ippin_assignment ddr2  ddr_addr[4]   LOCATION = X0Y76Z0; IOSTANDARD = SSTL15; #pl76a"
RUN-1002 : start command "set_ippin_assignment ddr2  ddr_addr[5]   LOCATION = X0Y53Z1; IOSTANDARD = SSTL15; #pl53b"
RUN-1002 : start command "set_ippin_assignment ddr2  ddr_addr[6]   LOCATION = X0Y76Z1; IOSTANDARD = SSTL15; #pl76b"
RUN-1002 : start command "set_ippin_assignment ddr2  ddr_addr[7]   LOCATION = X0Y56Z1; IOSTANDARD = SSTL15; #pl56b"
RUN-1002 : start command "set_ippin_assignment ddr2  ddr_addr[8]   LOCATION = X0Y76Z2; IOSTANDARD = SSTL15; #pl76c"
RUN-1002 : start command "set_ippin_assignment ddr2  ddr_addr[9]   LOCATION = X0Y61Z1; IOSTANDARD = SSTL15; #pl61b"
RUN-1002 : start command "set_ippin_assignment ddr2  ddr_addr[10]  LOCATION = X0Y67Z1; IOSTANDARD = SSTL15; #pl67b"
RUN-1002 : start command "set_ippin_assignment ddr2  ddr_addr[11]  LOCATION = X0Y76Z3; IOSTANDARD = SSTL15; #pl76d"
RUN-1002 : start command "set_ippin_assignment ddr2  ddr_addr[12]  LOCATION = X0Y64Z1; IOSTANDARD = SSTL15; #pl64b"
RUN-1002 : start command "set_ippin_assignment ddr2  ddr_dqs_p[0]    LOCATION = X0Y33Z2; IOSTANDARD = DIFF_SSTL15; #pl33c"
RUN-1002 : start command "set_ippin_assignment ddr2  ddr_dqs_n[0]    LOCATION = X0Y33Z3; IOSTANDARD = DIFF_SSTL15; #pl33d"
RUN-1002 : start command "set_ippin_assignment ddr2  ddr_dm[0]       LOCATION = X0Y30Z2; IOSTANDARD = SSTL15; #pl30c"
RUN-1002 : start command "set_ippin_assignment ddr2  ddr_dq[0]       LOCATION = X0Y33Z0; IOSTANDARD = SSTL15; #pl33a"
RUN-1002 : start command "set_ippin_assignment ddr2  ddr_dq[1]       LOCATION = X0Y30Z3; IOSTANDARD = SSTL15; #pl30d"
RUN-1002 : start command "set_ippin_assignment ddr2  ddr_dq[2]       LOCATION = X0Y36Z0; IOSTANDARD = SSTL15; #pl36a"
RUN-1002 : start command "set_ippin_assignment ddr2  ddr_dq[3]       LOCATION = X0Y36Z1; IOSTANDARD = SSTL15; #pl36b"
RUN-1002 : start command "set_ippin_assignment ddr2  ddr_dq[4]       LOCATION = X0Y36Z3; IOSTANDARD = SSTL15; #pl36d"
RUN-1002 : start command "set_ippin_assignment ddr2  ddr_dq[5]       LOCATION = X0Y36Z2; IOSTANDARD = SSTL15; #pl36c"
RUN-1002 : start command "set_ippin_assignment ddr2  ddr_dq[6]       LOCATION = X0Y30Z0; IOSTANDARD = SSTL15; #pl30a"
RUN-1002 : start command "set_ippin_assignment ddr2  ddr_dq[7]       LOCATION = X0Y33Z1; IOSTANDARD = SSTL15; #pl33b"
RUN-1002 : start command "set_ippin_assignment ddr2  ddr_dqs_p[1]    LOCATION = X0Y13Z2; IOSTANDARD = DIFF_SSTL15; #pl13c"
RUN-1002 : start command "set_ippin_assignment ddr2  ddr_dqs_n[1]    LOCATION = X0Y13Z3; IOSTANDARD = DIFF_SSTL15; #pl13d"
RUN-1002 : start command "set_ippin_assignment ddr2  ddr_dm[1]       LOCATION = X0Y16Z0; IOSTANDARD = SSTL15; #pl16a"
RUN-1002 : start command "set_ippin_assignment ddr2  ddr_dq[8]       LOCATION = X0Y16Z1; IOSTANDARD = SSTL15; #pl16b"
RUN-1002 : start command "set_ippin_assignment ddr2  ddr_dq[9]       LOCATION = X0Y16Z3; IOSTANDARD = SSTL15; #pl16d"
RUN-1002 : start command "set_ippin_assignment ddr2  ddr_dq[10]      LOCATION = X0Y10Z0; IOSTANDARD = SSTL15; #pl10a"
RUN-1002 : start command "set_ippin_assignment ddr2  ddr_dq[11]      LOCATION = X0Y10Z2; IOSTANDARD = SSTL15; #pl10c"
RUN-1002 : start command "set_ippin_assignment ddr2  ddr_dq[12]      LOCATION = X0Y10Z3; IOSTANDARD = SSTL15; #pl10d"
RUN-1002 : start command "set_ippin_assignment ddr2  ddr_dq[13]      LOCATION = X0Y10Z1; IOSTANDARD = SSTL15; #pl10b"
RUN-1002 : start command "set_ippin_assignment ddr2  ddr_dq[14]      LOCATION = X0Y16Z2; IOSTANDARD = SSTL15; #pl16c"
RUN-1002 : start command "set_ippin_assignment ddr2  ddr_dq[15]      LOCATION = X0Y13Z0; IOSTANDARD = SSTL15; #pl13a"
RUN-1002 : start command "set_ipinst_assignment ddr2 ph1p_ddrmc_wrapper/ph1p_ddrmc_top/u_ddr_phy/u_ddrphy_top/u_ddrphy_clk/u_mlclk_1  LOCATION = X0Y59Z0"
RUN-1002 : start command "set_ipinst_assignment ddr2 ph1p_ddrmc_wrapper/ph1p_ddrmc_top/u_ddr_phy/u_ddrphy_top/u_ddrphy_clk/u_mlclk_2  LOCATION = X0Y59Z1"
RUN-1002 : start command "set_ipinst_assignment ddr2 ph1p_ddrmc_wrapper/ph1p_ddrmc_top/u_ddr_phy/u_ddrphy_top/u_ddrphy_clk/u_pll0/u_pll_inst  LOCATION = X0Y40Z0"
RUN-1002 : start command "set_ipinst_assignment ddr2 ph1p_ddrmc_wrapper/ph1p_ddrmc_top/u_ddr_phy/u_ddrphy_top/u_ddrphy_clk/u_pll1/u_pll_inst  LOCATION = X0Y79Z0"
RUN-1002 : start command "set_ipinst_assignment ddr2 ph1p_ddrmc_wrapper/ph1p_ddrmc_top/u_ddr_phy/u_ddrphy_top/u_ddrphy_clk/ioclk[0]$u_ioclk_0  LOCATION = X0Y59Z0;"
RUN-1002 : start command "set_ipinst_assignment ddr2 ph1p_ddrmc_wrapper/ph1p_ddrmc_top/u_ddr_phy/u_ddrphy_top/u_ddrphy_clk/ioclk[0]$u_ioclk_1  LOCATION = X0Y59Z1;"
RUN-1002 : start command "set_ipinst_assignment ddr2 ph1p_ddrmc_wrapper/ph1p_ddrmc_top/u_ddr_phy/u_ddrphy_top/u_ddrphy_clk/ioclk[1]$u_ioclk_0  LOCATION = X0Y19Z0;"
RUN-1002 : start command "set_ipinst_assignment ddr2 ph1p_ddrmc_wrapper/ph1p_ddrmc_top/u_ddr_phy/u_ddrphy_top/u_ddrphy_clk/ioclk[1]$u_ioclk_1  LOCATION = X0Y19Z1;"
RUN-1002 : start command "set_ipinst_assignment ddr2 ph1p_ddrmc_wrapper/ph1p_ddrmc_top/u_ddr_phy/u_ddrphy_top/u_ddrphy/ac_byte[0]$ac_byte_used$u_ddrphy_ac_byte_wrapper/u_ddrphy_byte LOCATION = X0Y70Z0"
RUN-1002 : start command "set_ipinst_assignment ddr2 ph1p_ddrmc_wrapper/ph1p_ddrmc_top/u_ddr_phy/u_ddrphy_top/u_ddrphy/ac_byte[1]$ac_byte_used$u_ddrphy_ac_byte_wrapper/u_ddrphy_byte LOCATION = X0Y60Z0"
RUN-1002 : start command "set_ipinst_assignment ddr2 ph1p_ddrmc_wrapper/ph1p_ddrmc_top/u_ddr_phy/u_ddrphy_top/u_ddrphy/ac_byte[2]$ac_byte_used$u_ddrphy_ac_byte_wrapper/u_ddrphy_byte LOCATION = X0Y50Z0"
RUN-1002 : start command "set_ipinst_assignment ddr2 ph1p_ddrmc_wrapper/ph1p_ddrmc_top/u_ddr_phy/u_ddrphy_top/u_ddrphy/ac_byte[3]$ac_byte_used$u_ddrphy_ac_byte_wrapper/u_ddrphy_byte LOCATION = X0Y40Z0"
RUN-1002 : start command "set_ipinst_assignment ddr2 ph1p_ddrmc_wrapper/ph1p_ddrmc_top/u_ddr_phy/u_ddrphy_top/u_ddrphy/dx_byte[0]$dx_byte_used$u_ddrphy_dx_byte_wrapper/u_ddrphy_byte LOCATION = X0Y30Z0"
RUN-1002 : start command "set_ipinst_assignment ddr2 ph1p_ddrmc_wrapper/ph1p_ddrmc_top/u_ddr_phy/u_ddrphy_top/u_ddrphy/dx_byte[1]$dx_byte_used$u_ddrphy_dx_byte_wrapper/u_ddrphy_byte LOCATION = X0Y10Z0"
RUN-1002 : start command "set_ipinst_assignment ddr2 ph1p_ddrmc_wrapper/ph1p_ddrmc_top/u_ddr_phy/u_ddrphy_top/u_ddrphy/bkref[0]$u_ddrphy_bankref  LOCATION = X0Y19Z0;"
RUN-1002 : start command "set_ipinst_assignment ddr2 ph1p_ddrmc_wrapper/ph1p_ddrmc_top/u_ddr_phy/u_ddrphy_top/u_ddrphy/bkref[1]$u_ddrphy_bankref  LOCATION = X0Y59Z0;"
RUN-1001 : Starting of IO setups legality check.
RUN-1003 : finish command "read_ip_adc -ip ddr2 -file ../../../user_source/ip_source/ph1p35_ddr/ddr2/src/adc/ddr2.adc" in  5.492737s wall, 5.171875s user + 0.078125s system = 5.250000s CPU (95.6%)

RUN-1004 : used memory is 844 MB, reserved memory is 835 MB, peak memory is 851 MB
RUN-1002 : start command "read_sdc ../../traffic_sign_td.sdc"
RUN-1002 : start command "read_sdc -ip ddr2 ../../../user_source/ip_source/ph1p35_ddr/ddr2/src/sdc/ddr2.sdc"
RUN-1002 : start command "read_sdc -ip w128_d512_fifo ../../../user_source/ip_source/w128_d512_fifo/w128_d512_fifo.tcl"
RUN-1002 : start command "export_db traffic_sign_td_elaborate.db"
RUN-1001 : Exported flow parameters
RUN-1001 : Exported /
RUN-1001 : Exported libs
RUN-1001 : Exported entities
RUN-1001 : Exported ports
RUN-1001 : Exported pins
RUN-1001 : Exported instances
RUN-1001 : Exported nets
RUN-1001 : Exported buses
RUN-1001 : Exported models
RUN-1001 : Exported packer
RUN-1001 : Exported congestions
RUN-1001 : Exported violations
RUN-1001 : Exported ATMR Setting
RUN-1001 : Exported timing constraints
RUN-1001 : Exported IO constraints
RUN-1001 : Exported Inst constraints
RUN-1001 : Exported ChipWatcher
RUN-1002 : start command "commit_param -step rtl"
RUN-1001 : Print Global Property
RUN-1001 : -------------------------------------------------------------
RUN-1001 :     Parameters    |   Settings   |  Default Values  |  Note  
RUN-1001 : -------------------------------------------------------------
RUN-1001 :    enable_seed    |     off      |       off        |        
RUN-1001 :    hfn_to_clock   |  1000000000  |    1000000000    |        
RUN-1001 :      message      |   standard   |     standard     |        
RUN-1001 :    qor_monitor    |      on      |        on        |        
RUN-1001 :   speedup_effort  |      0       |        0         |        
RUN-1001 :    syn_ip_flow    |     off      |       off        |        
RUN-1001 :       thread      |     auto     |       auto       |        
RUN-1001 : -------------------------------------------------------------
RUN-1001 : Print Rtl Property
RUN-1001 : -------------------------------------------------------------------
RUN-1001 :         Parameters        |  Settings  |  Default Values  |  Note  
RUN-1001 : -------------------------------------------------------------------
RUN-1001 :        fix_undriven       |     0      |        0         |        
RUN-1001 :   gated_clock_conversion  |    off     |       off        |        
RUN-1001 :         infer_fsm         |    auto    |       auto       |        
RUN-1001 :         infer_rom         |     on     |        on        |        
RUN-1001 :       infer_shifter       |     on     |        on        |        
RUN-1001 :       keep_hierarchy      |    auto    |       auto       |        
RUN-1001 :        merge_equal        |     on     |        on        |        
RUN-1001 :      min_control_set      |     8      |        8         |        
RUN-1001 :       min_ripple_len      |    auto    |       auto       |        
RUN-1001 :          seq_syn          |     on     |        on        |        
RUN-1001 : -------------------------------------------------------------------
RUN-1002 : start command "insert_debugger"
RUN-1002 : start command "optimize_rtl"
RUN-1001 : Open license file D:/Anlogic/TD_6.2.1_Engineer_6.2.168.116/license/Anlogic.lic
SYN-1001 : Stage 1 | Optimize RTL
SYN-1001 : Stage 1.1 | Check Design Sanity
SYN-5065 WARNING: Register "genCA$op" in ../../../user_source/ip_source/ph1p35_ddr/ddr2/src/rtl/mc/alc_mc_top_all.enc.sv(0) is described with both an asynchronous reset and an asynchronous set. It may have an uncertainty of the timing. Please conside rewriting code.
SYN-1001 : End Stage 1.1 | Check Design Sanity; Time: 0.035168s wall, 0.031250s user + 0.000000s system = 0.031250s CPU (88.9%); Memory(MB): used = 682, reserved = 743, peak = 851;

SYN-1079 : finish stage Check Design Sanity. Total instances: 79182, Total nets: 166278.

SYN-1001 : Stage 1.2 | Initialize Design
SYN-1001 : End Stage 1.2 | Initialize Design; Time: 3.451391s wall, 3.265625s user + 0.046875s system = 3.312500s CPU (96.0%); Memory(MB): used = 691, reserved = 743, peak = 851;

SYN-1079 : finish stage Initialize Design. Total instances: 34430, Total nets: 103753.

SYN-1001 : Stage 1.3 | Flatten Module
SYN-1011 : Flatten model design_top_wrapper
SYN-1050 : Instances selected by 'keep_hierarchy':
RUN-1001 : ------------------------------------------------------------------------------------------------------------
RUN-1001 :           instance           |  keep_hierarchy  |         down_module         |         file(line)          
RUN-1001 : ------------------------------------------------------------------------------------------------------------
RUN-1001 :  u_video_in/U_w128_d512_...  |       true       | soft_fifo_al_4057d6b76a...  | ../../../user_source/ip...  
RUN-1001 :  u_mc_to_user_interface/...  |       true       | soft_fifo_al_f58e8b3e1f...  | ../../../user_source/ip...  
RUN-1001 : ------------------------------------------------------------------------------------------------------------
SYN-1001 : End Stage 1.3 | Flatten Module; Time: 1.125452s wall, 1.109375s user + 0.000000s system = 1.109375s CPU (98.6%); Memory(MB): used = 709, reserved = 761, peak = 851;

SYN-1079 : finish stage Flatten Module. Total instances: 46873, Total nets: 103867.

SYN-1001 : Stage 1.4 | Uniform Instance
SYN-5013 WARNING: Undriven net: model "design_top_wrapper" / net "u_hdmi_tx/u_key_remove_shakes/I_rst_n" in ../../../user_source/lab_ex_2026_nosoft/hdl_source/key_remove_shakes.v(14)
		the net's pin: pin "I" in ../../../user_source/lab_ex_2026_nosoft/hdl_source/key_remove_shakes.v(46)
SYN-5013 WARNING: Undriven net: model "design_top_wrapper" / net "u_isp_top/u_awb/signal_delay_d/rd_en_syn_3" in ../../../user_source/image/awb/active/signal_delay.v(34)
		the net's pin: pin "i" in ../../../user_source/image/awb/active/signal_delay.v(34)
SYN-5013 WARNING: Undriven net: model "design_top_wrapper" / net "u_isp_top/u_demosaic/raw_matrix_3x3_buffer_d/two_line_buffer[1]$line_buffer_demosaic_r1/blk_mem_gen_demosaic_r0/ram_c36c2ca3b3a7_Inst/dib[32]" in ../../../user_source/ip_source/demosaic/blk_mem_gen_demosaic/RTL/ram_c36c2ca3b3a7.v(43)
		the net's pin: pin "dib[32]" in ../../../user_source/ip_source/demosaic/blk_mem_gen_demosaic/RTL/ram_c36c2ca3b3a7.v(91)
SYN-5013 WARNING: Undriven net: model "design_top_wrapper" / net "u_isp_top/u_demosaic/raw_matrix_3x3_buffer_d/two_line_buffer[1]$line_buffer_demosaic_r1/blk_mem_gen_demosaic_r0/ram_c36c2ca3b3a7_Inst/dib[31]" in ../../../user_source/ip_source/demosaic/blk_mem_gen_demosaic/RTL/ram_c36c2ca3b3a7.v(43)
		the net's pin: pin "dib[31]" in ../../../user_source/ip_source/demosaic/blk_mem_gen_demosaic/RTL/ram_c36c2ca3b3a7.v(91)
SYN-5013 WARNING: Undriven net: model "design_top_wrapper" / net "u_isp_top/u_demosaic/raw_matrix_3x3_buffer_d/two_line_buffer[1]$line_buffer_demosaic_r1/blk_mem_gen_demosaic_r0/ram_c36c2ca3b3a7_Inst/dib[30]" in ../../../user_source/ip_source/demosaic/blk_mem_gen_demosaic/RTL/ram_c36c2ca3b3a7.v(43)
		the net's pin: pin "dib[30]" in ../../../user_source/ip_source/demosaic/blk_mem_gen_demosaic/RTL/ram_c36c2ca3b3a7.v(91)
SYN-5013 WARNING: Undriven net: model "design_top_wrapper" / net "u_isp_top/u_demosaic/raw_matrix_3x3_buffer_d/two_line_buffer[1]$line_buffer_demosaic_r1/blk_mem_gen_demosaic_r0/ram_c36c2ca3b3a7_Inst/dib[29]" in ../../../user_source/ip_source/demosaic/blk_mem_gen_demosaic/RTL/ram_c36c2ca3b3a7.v(43)
		the net's pin: pin "dib[29]" in ../../../user_source/ip_source/demosaic/blk_mem_gen_demosaic/RTL/ram_c36c2ca3b3a7.v(91)
SYN-5013 WARNING: Undriven net: model "design_top_wrapper" / net "u_isp_top/u_demosaic/raw_matrix_3x3_buffer_d/two_line_buffer[1]$line_buffer_demosaic_r1/blk_mem_gen_demosaic_r0/ram_c36c2ca3b3a7_Inst/dib[28]" in ../../../user_source/ip_source/demosaic/blk_mem_gen_demosaic/RTL/ram_c36c2ca3b3a7.v(43)
		the net's pin: pin "dib[28]" in ../../../user_source/ip_source/demosaic/blk_mem_gen_demosaic/RTL/ram_c36c2ca3b3a7.v(91)
SYN-5013 WARNING: Undriven net: model "design_top_wrapper" / net "u_isp_top/u_demosaic/raw_matrix_3x3_buffer_d/two_line_buffer[1]$line_buffer_demosaic_r1/blk_mem_gen_demosaic_r0/ram_c36c2ca3b3a7_Inst/dib[27]" in ../../../user_source/ip_source/demosaic/blk_mem_gen_demosaic/RTL/ram_c36c2ca3b3a7.v(43)
		the net's pin: pin "dib[27]" in ../../../user_source/ip_source/demosaic/blk_mem_gen_demosaic/RTL/ram_c36c2ca3b3a7.v(91)
SYN-5013 WARNING: Undriven net: model "design_top_wrapper" / net "u_isp_top/u_demosaic/raw_matrix_3x3_buffer_d/two_line_buffer[1]$line_buffer_demosaic_r1/blk_mem_gen_demosaic_r0/ram_c36c2ca3b3a7_Inst/dib[26]" in ../../../user_source/ip_source/demosaic/blk_mem_gen_demosaic/RTL/ram_c36c2ca3b3a7.v(43)
		the net's pin: pin "dib[26]" in ../../../user_source/ip_source/demosaic/blk_mem_gen_demosaic/RTL/ram_c36c2ca3b3a7.v(91)
SYN-5013 WARNING: Undriven net: model "design_top_wrapper" / net "u_isp_top/u_demosaic/raw_matrix_3x3_buffer_d/two_line_buffer[1]$line_buffer_demosaic_r1/blk_mem_gen_demosaic_r0/ram_c36c2ca3b3a7_Inst/dib[25]" in ../../../user_source/ip_source/demosaic/blk_mem_gen_demosaic/RTL/ram_c36c2ca3b3a7.v(43)
		the net's pin: pin "dib[25]" in ../../../user_source/ip_source/demosaic/blk_mem_gen_demosaic/RTL/ram_c36c2ca3b3a7.v(91)
SYN-5013 Similar messages will be suppressed.
SYN-5025 WARNING: Using 0 for all undriven pins and nets
SYN-1001 : End Stage 1.4 | Uniform Instance; Time: 0.569071s wall, 0.500000s user + 0.015625s system = 0.515625s CPU (90.6%); Memory(MB): used = 649, reserved = 721, peak = 851;

SYN-1079 : finish stage Uniform Instance. Total instances: 44527, Total nets: 100816.

SYN-1001 : Stage 1.5 | Optimize Design
SYN-1066 : Inferred FSM for state register 'u_mipi_dphy_rx_ph1p_mipiio_wrapper/u_ph1p_mipiio_rx_wrapper/u_lane0_hs_detect/S_lp_state_reg' in module 'design_top_wrapper'
--------------------------------------------
     Previous Encoding     New Encoding
--------------------------------------------
                   000            00001
                   001            00010
                   010            00100
                   011            01000
                   100            10000
--------------------------------------------
SYN-1067 : encoded FSM with state register 'u_mipi_dphy_rx_ph1p_mipiio_wrapper/u_ph1p_mipiio_rx_wrapper/u_lane0_hs_detect/S_lp_state_reg' using encoding 'one_hot' in model 'design_top_wrapper'
SYN-1066 : Inferred FSM for state register 'u_ph1p35_324_ddr_wrapper/u_ddr2/ph1p_ddrmc_wrapper/ph1p_ddrmc_top/u_alc_mc_top/page_ctrl[0]$u_page_ctrl/gr_cas_state_reg' in module 'design_top_wrapper'
--------------------------------------------
     Previous Encoding     New Encoding
--------------------------------------------
                    01               01
                    10               10
--------------------------------------------
SYN-1067 : encoded FSM with state register 'u_ph1p35_324_ddr_wrapper/u_ddr2/ph1p_ddrmc_wrapper/ph1p_ddrmc_top/u_alc_mc_top/page_ctrl[0]$u_page_ctrl/gr_cas_state_reg' using encoding 'one_hot' in model 'design_top_wrapper'
SYN-1066 : Inferred FSM for state register 'u_ph1p35_324_ddr_wrapper/u_ddr2/ph1p_ddrmc_wrapper/ph1p_ddrmc_top/u_alc_mc_top/page_ctrl[1]$u_page_ctrl/gr_cas_state_reg' in module 'design_top_wrapper'
--------------------------------------------
     Previous Encoding     New Encoding
--------------------------------------------
                    01               01
                    10               10
--------------------------------------------
SYN-1067 : encoded FSM with state register 'u_ph1p35_324_ddr_wrapper/u_ddr2/ph1p_ddrmc_wrapper/ph1p_ddrmc_top/u_alc_mc_top/page_ctrl[1]$u_page_ctrl/gr_cas_state_reg' using encoding 'one_hot' in model 'design_top_wrapper'
SYN-1066 : Inferred FSM for state register 'u_ph1p35_324_ddr_wrapper/u_ddr2/ph1p_ddrmc_wrapper/ph1p_ddrmc_top/u_alc_mc_top/page_ctrl[2]$u_page_ctrl/gr_cas_state_reg' in module 'design_top_wrapper'
--------------------------------------------
     Previous Encoding     New Encoding
--------------------------------------------
                    01               01
                    10               10
--------------------------------------------
SYN-1067 : encoded FSM with state register 'u_ph1p35_324_ddr_wrapper/u_ddr2/ph1p_ddrmc_wrapper/ph1p_ddrmc_top/u_alc_mc_top/page_ctrl[2]$u_page_ctrl/gr_cas_state_reg' using encoding 'one_hot' in model 'design_top_wrapper'
SYN-1066 : Inferred FSM for state register 'u_ph1p35_324_ddr_wrapper/u_ddr2/ph1p_ddrmc_wrapper/ph1p_ddrmc_top/u_alc_mc_top/page_ctrl[3]$u_page_ctrl/gr_cas_state_reg' in module 'design_top_wrapper'
--------------------------------------------
     Previous Encoding     New Encoding
--------------------------------------------
                    01               01
                    10               10
--------------------------------------------
SYN-1067 : encoded FSM with state register 'u_ph1p35_324_ddr_wrapper/u_ddr2/ph1p_ddrmc_wrapper/ph1p_ddrmc_top/u_alc_mc_top/page_ctrl[3]$u_page_ctrl/gr_cas_state_reg' using encoding 'one_hot' in model 'design_top_wrapper'
SYN-1066 : Inferred FSM for state register 'u_ph1p35_324_ddr_wrapper/u_ddr2/ph1p_ddrmc_wrapper/ph1p_ddrmc_top/u_alc_mc_top/u_ref_ctrl/ref_cst_reg' in module 'design_top_wrapper'
--------------------------------------------
     Previous Encoding     New Encoding
--------------------------------------------
             000000001        000000001
             000000010        000000010
             000000100        000000100
             000001000        000001000
             000010000        000010000
             000100000        000100000
             001000000        001000000
             010000000        010000000
             100000000        100000000
--------------------------------------------
SYN-1067 : encoded FSM with state register 'u_ph1p35_324_ddr_wrapper/u_ddr2/ph1p_ddrmc_wrapper/ph1p_ddrmc_top/u_alc_mc_top/u_ref_ctrl/ref_cst_reg' using encoding 'one_hot' in model 'design_top_wrapper'
SYN-1066 : Inferred FSM for state register 'u_ph1p35_324_ddr_wrapper/u_ddr2/ph1p_ddrmc_wrapper/ph1p_ddrmc_top/u_ddr_phy/u_ddrphy_top/u_ddrphy_mdl_cal_wrapper/mdl_cal[0]$u_ddrphy_mdl_cal/lcdl_cal_state_reg' in module 'design_top_wrapper'
--------------------------------------------
     Previous Encoding     New Encoding
--------------------------------------------
                  0000      00000000001
                  0001      00000000010
                  0010      00000000100
                  0011      00000001000
                  0100      00000010000
                  0101      00000100000
                  0110      00001000000
                  0111      00010000000
                  1000      00100000000
                  1010      01000000000
                  1001      10000000000
--------------------------------------------
SYN-1067 : encoded FSM with state register 'u_ph1p35_324_ddr_wrapper/u_ddr2/ph1p_ddrmc_wrapper/ph1p_ddrmc_top/u_ddr_phy/u_ddrphy_top/u_ddrphy_mdl_cal_wrapper/mdl_cal[0]$u_ddrphy_mdl_cal/lcdl_cal_state_reg' using encoding 'one_hot' in model 'design_top_wrapper'
SYN-1066 : Inferred FSM for state register 'u_ph1p35_324_ddr_wrapper/u_ddr2/ph1p_ddrmc_wrapper/ph1p_ddrmc_top/u_ddr_phy/u_ddrphy_top/u_ddrphy_mdl_cal_wrapper/mdl_cal[1]$u_ddrphy_mdl_cal/lcdl_cal_state_reg' in module 'design_top_wrapper'
--------------------------------------------
     Previous Encoding     New Encoding
--------------------------------------------
                  0000      00000000001
                  0001      00000000010
                  0010      00000000100
                  0011      00000001000
                  0100      00000010000
                  0101      00000100000
                  0110      00001000000
                  0111      00010000000
                  1000      00100000000
                  1010      01000000000
                  1001      10000000000
--------------------------------------------
SYN-1067 : encoded FSM with state register 'u_ph1p35_324_ddr_wrapper/u_ddr2/ph1p_ddrmc_wrapper/ph1p_ddrmc_top/u_ddr_phy/u_ddrphy_top/u_ddrphy_mdl_cal_wrapper/mdl_cal[1]$u_ddrphy_mdl_cal/lcdl_cal_state_reg' using encoding 'one_hot' in model 'design_top_wrapper'
SYN-1066 : Inferred FSM for state register 'u_uicfgcs500/TS_S_reg' in module 'design_top_wrapper'
--------------------------------------------
     Previous Encoding     New Encoding
--------------------------------------------
                    00             0001
                    01             0010
                    10             0100
                    11             1000
--------------------------------------------
SYN-1067 : encoded FSM with state register 'u_uicfgcs500/TS_S_reg' using encoding 'one_hot' in model 'design_top_wrapper'
SYN-1057 : Inferred 9 FSM(s)
SYN-1001 : Optimize 3 less-than instances
SYN-1001 : Optimize 3 less-than instances
SYN-1032 : 92271/2217 useful/useless nets, 43300/93 useful/useless insts
SYN-1001 : Bypass 1 mux instances
SYN-1021 : Optimized 9 onehot mux instances.
SYN-1068 : Optimized 1 binary mux instances.
SYN-1019 : Optimized 7 mux instances.
SYN-1021 : Optimized 4 onehot mux instances.
SYN-1021 : Optimized 3 onehot mux instances.
SYN-1021 : Optimized 25 onehot mux instances.
SYN-1001 : Optimize 45 less-than instances
SYN-1016 : Merged 17663 instances.
SYN-1035 : Inferred 1 ROM(s)
8.888000
15.000000
15.000000
19.230000
SYN-1016 : Merged 3311 instances.
SYN-1001 : End Stage 1.5 | Optimize Design; Time: 233.023450s wall, 214.453125s user + 1.406250s system = 215.859375s CPU (92.6%); Memory(MB): used = 1078, reserved = 1056, peak = 1078;

SYN-1079 : finish stage Optimize Design. Total instances: 89540, Total nets: 97999.

SYN-1001 : Stage 1.6 | Optimize Iteratively
SYN-1018 : Transformed 3 mux instances.
SYN-1019 : Optimized 63 mux instances.
SYN-1021 : Optimized 122 onehot mux instances.
SYN-1014 : Optimize round 1
SYN-1044 : Optimized 223 inv instances.
SYN-1017 : Remove 93 const input seq instances
SYN-1018 : Transformed 4 mux instances.
SYN-1019 : Optimized 408 mux instances.
SYN-1020 : Optimized 1305 distributor mux.
SYN-1001 : Optimize 100 less-than instances
SYN-1019 : Optimized 55 mux instances.
SYN-2595 : bram inst: u_isp_top/u_awb/signal_delay_d/blk_mem_gen_awb_delay_signal_d/ram_f84573da5ab5_Inst/username_inst is set to PDPW/SP from DP for resource saving
SYN-2595 : bram inst: u_isp_top/u_demosaic/raw_matrix_3x3_buffer_d/two_line_buffer[1]$line_buffer_demosaic_r1/blk_mem_gen_demosaic_r0/ram_c36c2ca3b3a7_Inst/username_inst is set to PDPW/SP from DP for resource saving
SYN-2595 : bram inst: u_isp_top/u_demosaic/raw_matrix_3x3_buffer_d/two_line_buffer[2]$line_buffer_demosaic_r1/blk_mem_gen_demosaic_r0/ram_c36c2ca3b3a7_Inst/username_inst is set to PDPW/SP from DP for resource saving
SYN-2595 : bram inst: u_isp_top/u_demosaic/raw_matrix_3x3_buffer_d/zhenghe_d/blk_mem_gen_zhenghe_d1/ram_d32970204f32_Inst/username_inst is set to PDPW/SP from DP for resource saving
SYN-2593 : bram inst: u_isp_top/u_demosaic/raw_matrix_3x3_buffer_d/two_line_buffer[2]$line_buffer_demosaic_r1/blk_mem_gen_demosaic_r0/ram_c36c2ca3b3a7_Inst/username_inst will be optimized to a new one with A-width 32 due to unused data out
SYN-1016 : Merged 3230 instances.
SYN-1015 : Optimize round 1, 13774 better
SYN-1014 : Optimize round 2
SYN-1044 : Optimized 23 inv instances.
SYN-1017 : Remove 7 const input seq instances
SYN-1019 : Optimized 578 mux instances.
SYN-1020 : Optimized 92 distributor mux.
SYN-1019 : Optimized 59 mux instances.
SYN-1016 : Merged 214 instances.
SYN-1015 : Optimize round 2, 1208 better
SYN-5011 WARNING: Undriven pin: model "design_top_wrapper" / inst "u_isp_top/u_demosaic/raw_matrix_3x3_buffer_d/two_line_buffer[2]$line_buffer_demosaic_r1/blk_mem_gen_demosaic_r0/ram_c36c2ca3b3a7_Inst/username_inst" in ../../../user_source/ip_source/demosaic/blk_mem_gen_demosaic/RTL/ram_c36c2ca3b3a7.v(91) / pin "bea[0]"
SYN-5011 WARNING: Undriven pin: model "design_top_wrapper" / inst "u_isp_top/u_demosaic/raw_matrix_3x3_buffer_d/two_line_buffer[2]$line_buffer_demosaic_r1/blk_mem_gen_demosaic_r0/ram_c36c2ca3b3a7_Inst/username_inst" in ../../../user_source/ip_source/demosaic/blk_mem_gen_demosaic/RTL/ram_c36c2ca3b3a7.v(91) / pin "beb[0]"
SYN-5025 WARNING: Using 0 for all undriven pins and nets
SYN-3010 : Optimized 427 DFF(s)
SYN-1014 : Optimize round 1
SYN-1017 : Remove 33 const input seq instances
SYN-1019 : Optimized 8 mux instances.
SYN-1020 : Optimized 51 distributor mux.
SYN-1019 : Optimized 12 mux instances.
SYN-2594 : bram inst: u_isp_top/u_demosaic/raw_matrix_3x3_buffer_d/two_line_buffer[1]$line_buffer_demosaic_r1/blk_mem_gen_demosaic_r0/ram_c36c2ca3b3a7_Inst/username_inst will be optimized to a new one with A-addr 8 due to const address
SYN-2594 : bram inst: u_isp_top/u_demosaic/raw_matrix_3x3_buffer_d/two_line_buffer[2]$line_buffer_demosaic_r1/blk_mem_gen_demosaic_r0/ram_c36c2ca3b3a7_Inst/username_inst will be optimized to a new one with A-addr 8 due to const address
SYN-2594 : bram inst: u_isp_top/u_demosaic/raw_matrix_3x3_buffer_d/zhenghe_d/blk_mem_gen_zhenghe_d1/ram_d32970204f32_Inst/username_inst will be optimized to a new one with A-addr 8 due to const address
SYN-1016 : Merged 258 instances.
SYN-1015 : Optimize round 1, 511 better
SYN-1014 : Optimize round 2
SYN-1044 : Optimized 3 inv instances.
SYN-1017 : Remove 3 const input seq instances
SYN-1019 : Optimized 7 mux instances.
SYN-1020 : Optimized 8 distributor mux.
SYN-1016 : Merged 12 instances.
SYN-1015 : Optimize round 2, 40 better
SYN-1014 : Optimize round 3
SYN-1044 : Optimized 1 inv instances.
SYN-1017 : Remove 4 const input seq instances
SYN-1019 : Optimized 3 mux instances.
SYN-1020 : Optimized 2 distributor mux.
SYN-1016 : Merged 6 instances.
SYN-1015 : Optimize round 3, 19 better
SYN-1014 : Optimize round 4
SYN-1017 : Remove 15 const input seq instances
SYN-1019 : Optimized 84 mux instances.
SYN-1020 : Optimized 1 distributor mux.
SYN-1016 : Merged 4 instances.
SYN-1015 : Optimize round 4, 111 better
SYN-1014 : Optimize round 5
SYN-1017 : Remove 12 const input seq instances
SYN-1019 : Optimized 15 mux instances.
SYN-1015 : Optimize round 5, 33 better
SYN-1014 : Optimize round 6
SYN-1017 : Remove 12 const input seq instances
SYN-1019 : Optimized 9 mux instances.
SYN-1016 : Merged 2 instances.
SYN-1015 : Optimize round 6, 26 better
SYN-1014 : Optimize round 7
SYN-1017 : Remove 16 const input seq instances
SYN-1019 : Optimized 18 mux instances.
SYN-1016 : Merged 2 instances.
SYN-1015 : Optimize round 7, 36 better
SYN-1014 : Optimize round 8
SYN-1017 : Remove 1 const input seq instances
SYN-1015 : Optimize round 8, 1 better
SYN-1001 : End Stage 1.6 | Optimize Iteratively; Time: 82.824651s wall, 80.390625s user + 0.671875s system = 81.062500s CPU (97.9%); Memory(MB): used = 1031, reserved = 1020, peak = 1086;

SYN-1079 : finish stage Optimize Iteratively. Total instances: 83851, Total nets: 91887.

SYN-1001 : Stage 1.7 | Check Design
SYN-1001 : End Stage 1.7 | Check Design; Time: 0.030363s wall, 0.031250s user + 0.000000s system = 0.031250s CPU (102.9%); Memory(MB): used = 1031, reserved = 1020, peak = 1086;

SYN-1079 : finish stage Check Design. Total instances: 83851, Total nets: 91887.

SYN-1001 : End Stage 1 | Optimize RTL; Time: 321.064063s wall, 299.781250s user + 2.140625s system = 301.921875s CPU (94.0%); Memory(MB): used = 1031, reserved = 1020, peak = 1086;

SYN-1079 : finish stage Optimize RTL. Total instances: 83851, Total nets: 91887.

RUN-1003 : finish command "optimize_rtl" in  321.078485s wall, 299.796875s user + 2.140625s system = 301.937500s CPU (94.0%)

RUN-1004 : used memory is 1031 MB, reserved memory is 1020 MB, peak memory is 1086 MB
RUN-1002 : start command "report_area -file traffic_sign_td_rtl.area"
RUN-1001 : standard
***Report Model: design_top_wrapper Device: PH1P35MDG324***

IO Statistics
#IO                        68
  #input                    2
  #output                  31
  #inout                   35

Gate Statistics
#Basic gates            63797
  #and                  22442
  #nand                     0
  #or                     781
  #nor                      0
  #xor                     99
  #xnor                     0
  #buf                      0
  #not                  18045
  #bufif1                   1
  #MX21                  4312
  #FADD                     0
  #DFF                  18117
  #LATCH                    0
#MACRO_ADD                643
#MACRO_EQ                 301
#MACRO_MULT                21
#MACRO_MUX               8595
#MACRO_OTHERS              15

LUT Statistics
#Total_luts              4530
  #lut4                  2054
  #lut5                    44
  #lut6                   178
  #lut5_mx41                0
  #lut4_alu1b            2254

RUN-1002 : start command "export_db traffic_sign_td_rtl.db"
RUN-1001 : Exported flow parameters
RUN-1001 : Exported /
RUN-1001 : Exported libs
RUN-1001 : Exported entities
RUN-1001 : Exported ports
RUN-1001 : Exported pins
RUN-1001 : Exported instances
RUN-1001 : Exported nets
RUN-1001 : Exported buses
RUN-1001 : Exported models
RUN-1001 : Exported packer
RUN-1001 : Exported congestions
RUN-1001 : Exported violations
RUN-1001 : Exported ATMR Setting
RUN-1001 : Exported timing constraints
RUN-1001 : Exported IO constraints
RUN-1001 : Exported Inst constraints
RUN-1001 : Exported ChipWatcher
RUN-1003 : finish command "export_db traffic_sign_td_rtl.db" in  1.034181s wall, 1.281250s user + 0.046875s system = 1.328125s CPU (128.4%)

RUN-1004 : used memory is 1092 MB, reserved memory is 1184 MB, peak memory is 1092 MB
RUN-1002 : start command "commit_param -step gate"
RUN-1001 : Print Global Property
RUN-1001 : -------------------------------------------------------------
RUN-1001 :     Parameters    |   Settings   |  Default Values  |  Note  
RUN-1001 : -------------------------------------------------------------
RUN-1001 :    enable_seed    |     off      |       off        |        
RUN-1001 :    hfn_to_clock   |  1000000000  |    1000000000    |        
RUN-1001 :      message      |   standard   |     standard     |        
RUN-1001 :    qor_monitor    |      on      |        on        |        
RUN-1001 :   speedup_effort  |      0       |        0         |        
RUN-1001 :    syn_ip_flow    |     off      |       off        |        
RUN-1001 :       thread      |     auto     |       auto       |        
RUN-1001 : -------------------------------------------------------------
RUN-1001 : Print Gate Property
RUN-1001 : ----------------------------------------------------------------
RUN-1001 :       Parameters       |  Settings  |  Default Values  |  Note  
RUN-1001 : ----------------------------------------------------------------
RUN-1001 :   eram_cascade_height  |    auto    |       auto       |        
RUN-1001 :        map_mode        |    auto    |       auto       |        
RUN-1001 :      map_strategy      |     1      |        1         |        
RUN-1001 :       pack_effort      |   medium   |      medium      |        
RUN-1001 :     pack_seq_in_io     |    auto    |       auto       |        
RUN-1001 :         report         |  standard  |     standard     |        
RUN-1001 : ----------------------------------------------------------------
RUN-1002 : start command "optimize_gate -packarea traffic_sign_td_gate.area"
RUN-1001 : Open license file D:/Anlogic/TD_6.2.1_Engineer_6.2.168.116/license/Anlogic.lic
SYN-1001 : Stage 2 | Optimize Gate
SYN-1001 : Stage 2.1 | Map Reg
SYN-1001 : End Stage 2.1 | Map Reg; Time: 3.463201s wall, 3.281250s user + 0.015625s system = 3.296875s CPU (95.2%); Memory(MB): used = 1053, reserved = 1147, peak = 1092;

SYN-1079 : finish stage Map Reg. Total instances: 83851, Total nets: 91887.

SYN-1001 : Stage 2.2 | Map IO
SYN-2001 : Map 68 IOs to PADs of model 'design_top_wrapper'
SYN-1001 : End Stage 2.2 | Map IO; Time: 0.858564s wall, 0.843750s user + 0.000000s system = 0.843750s CPU (98.3%); Memory(MB): used = 1054, reserved = 1148, peak = 1092;

SYN-1001 : Stage 2.3 | Map Macro
RUN-1002 : start command "update_pll_param -module design_top_wrapper"
SYN-2501 : Processed 0 LOGIC_BUF instances.
SYN-2501 : 3 BUFG to GCLK
SYN-2541 : Logic Ram FIFO "u_hdmi_tx/u_hdmi_1_4b_transmitter_core_wrapper/u_hdmi_tx_controller_wrapper/u_hdmi_island_data_gen/U_audio_sample_packet_2_channel/u_w96_d1024_fifo/u_logic_ramfifo"
SYN-2541 : Logic Ram FIFO "u_hdmi_tx/u_hdmi_1_4b_transmitter_core_wrapper/u_hdmi_tx_controller_wrapper/u_video_axi_stream_receiver/u_w24_d1024_fifo/u_logic_ramfifo"
SYN-5041 WARNING: Ram Inst: u_isp_top/u_image_process_stream_96/ramread0_syn_21 has wrong RAM_STYLE/ROM_STYLE setting, AUTO is really used in ram inference
SYN-5041 WARNING: Ram Inst: u_isp_top/u_image_process_stream_96/ramread1_syn_21 has wrong RAM_STYLE/ROM_STYLE setting, AUTO is really used in ram inference
SYN-5041 WARNING: Ram Inst: u_isp_top/u_image_process_stream_96/ramread12_syn_21 has wrong RAM_STYLE/ROM_STYLE setting, AUTO is really used in ram inference
SYN-5041 WARNING: Ram Inst: u_isp_top/u_image_process_stream_96/ramread13_syn_21 has wrong RAM_STYLE/ROM_STYLE setting, AUTO is really used in ram inference
SYN-5041 WARNING: Ram Inst: u_mc_to_user_interface/U_w155_d512_fifo/soft_fifo_al_f58e8b3e1f3d_Inst/ram_inst/ramread0_syn_22 has wrong RAM_STYLE/ROM_STYLE setting, AUTO is really used in ram inference
SYN-5041 WARNING: Ram Inst: u_video_in/U_w128_d512_fifo/soft_fifo_al_4057d6b76aa6_Inst/ram_inst/ramread0_syn_21 has wrong RAM_STYLE/ROM_STYLE setting, AUTO is really used in ram inference
SYN-5041 WARNING: Ram Inst: u_video_out/U_w128_d512_fifo/soft_fifo_al_4057d6b76aa6_Inst/ram_inst/ramread0_syn_21 has wrong RAM_STYLE/ROM_STYLE setting, AUTO is really used in ram inference
SYN-2571 : Map 21 macro multiplier
SYN-2571 : Optimize after map_dsp, round 1
SYN-1016 : Merged 42 instances.
SYN-2571 : Optimize after map_dsp, round 1, 42 better
SYN-2571 : Optimize after map_dsp, round 2
SYN-2571 : Optimize after map_dsp, round 2, 0 better
SYN-2601 : All the used dsp number is 21
SYN-1001 : Throwback 435 control mux instances
SYN-1001 : clone 1 adder instances
SYN-1001 : Generate 70 bigger adders
SYN-1001 : Convert 24 adder
8.888000
15.000000
15.000000
19.230000
SYN-1001 : Optimize 119 adders
SYN-1001 : Convert 6 adder
SYN-2501 : Optimize round 1
SYN-1016 : Merged 650 instances.
SYN-2501 : Optimize round 1, 2552 better
SYN-2501 : Optimize round 2
SYN-2501 : Optimize round 2, 12 better
SYN-2501 : Optimize round 1
SYN-2501 : Optimize round 1, 0 better
SYN-1030 : Map 62 macro adder
SYN-1031 : Map 34 macro less-than
SYN-2501 : Map 472 macro adder(s)
SYN-1019 : Optimized 791 mux instances.
SYN-1016 : Merged 2130 instances.
SYN-5011 WARNING: Undriven pin: model "design_top_wrapper" / inst "u_ph1p35_324_ddr_wrapper/u_ddr2/ph1p_ddrmc_wrapper/ph1p_ddrmc_top/u_ddr_phy/u_ddrphy_top/u_ddrphy_init/ramread0_syn_24" in ../../../user_source/ip_source/ph1p35_ddr/ddr2/src/rtl/phy/ph1p_ddrphy_init.v(73) / pin "di[7]"
SYN-5011 WARNING: Undriven pin: model "design_top_wrapper" / inst "u_ph1p35_324_ddr_wrapper/u_ddr2/ph1p_ddrmc_wrapper/ph1p_ddrmc_top/u_ddr_phy/u_ddrphy_top/u_ddrphy_init/ramread0_syn_24" in ../../../user_source/ip_source/ph1p35_ddr/ddr2/src/rtl/phy/ph1p_ddrphy_init.v(73) / pin "di[6]"
SYN-5011 WARNING: Undriven pin: model "design_top_wrapper" / inst "u_ph1p35_324_ddr_wrapper/u_ddr2/ph1p_ddrmc_wrapper/ph1p_ddrmc_top/u_ddr_phy/u_ddrphy_top/u_ddrphy_init/ramread0_syn_24" in ../../../user_source/ip_source/ph1p35_ddr/ddr2/src/rtl/phy/ph1p_ddrphy_init.v(73) / pin "di[5]"
SYN-5011 WARNING: Undriven pin: model "design_top_wrapper" / inst "u_ph1p35_324_ddr_wrapper/u_ddr2/ph1p_ddrmc_wrapper/ph1p_ddrmc_top/u_ddr_phy/u_ddrphy_top/u_ddrphy_init/ramread0_syn_24" in ../../../user_source/ip_source/ph1p35_ddr/ddr2/src/rtl/phy/ph1p_ddrphy_init.v(73) / pin "di[4]"
SYN-5011 WARNING: Undriven pin: model "design_top_wrapper" / inst "u_ph1p35_324_ddr_wrapper/u_ddr2/ph1p_ddrmc_wrapper/ph1p_ddrmc_top/u_ddr_phy/u_ddrphy_top/u_ddrphy_init/ramread0_syn_24" in ../../../user_source/ip_source/ph1p35_ddr/ddr2/src/rtl/phy/ph1p_ddrphy_init.v(73) / pin "di[3]"
SYN-5011 WARNING: Undriven pin: model "design_top_wrapper" / inst "u_ph1p35_324_ddr_wrapper/u_ddr2/ph1p_ddrmc_wrapper/ph1p_ddrmc_top/u_ddr_phy/u_ddrphy_top/u_ddrphy_init/ramread0_syn_24" in ../../../user_source/ip_source/ph1p35_ddr/ddr2/src/rtl/phy/ph1p_ddrphy_init.v(73) / pin "di[2]"
SYN-5011 WARNING: Undriven pin: model "design_top_wrapper" / inst "u_ph1p35_324_ddr_wrapper/u_ddr2/ph1p_ddrmc_wrapper/ph1p_ddrmc_top/u_ddr_phy/u_ddrphy_top/u_ddrphy_init/ramread0_syn_24" in ../../../user_source/ip_source/ph1p35_ddr/ddr2/src/rtl/phy/ph1p_ddrphy_init.v(73) / pin "di[1]"
SYN-5011 WARNING: Undriven pin: model "design_top_wrapper" / inst "u_ph1p35_324_ddr_wrapper/u_ddr2/ph1p_ddrmc_wrapper/ph1p_ddrmc_top/u_ddr_phy/u_ddrphy_top/u_ddrphy_init/ramread0_syn_24" in ../../../user_source/ip_source/ph1p35_ddr/ddr2/src/rtl/phy/ph1p_ddrphy_init.v(73) / pin "di[0]"
SYN-5011 WARNING: Undriven pin: model "design_top_wrapper" / inst "u_ph1p35_324_ddr_wrapper/u_ddr2/ph1p_ddrmc_wrapper/ph1p_ddrmc_top/u_ddr_phy/u_ddrphy_top/u_ddrphy_init/ramread0_syn_25" in ../../../user_source/ip_source/ph1p35_ddr/ddr2/src/rtl/phy/ph1p_ddrphy_init.v(73) / pin "di[7]"
SYN-5011 WARNING: Undriven pin: model "design_top_wrapper" / inst "u_ph1p35_324_ddr_wrapper/u_ddr2/ph1p_ddrmc_wrapper/ph1p_ddrmc_top/u_ddr_phy/u_ddrphy_top/u_ddrphy_init/ramread0_syn_25" in ../../../user_source/ip_source/ph1p35_ddr/ddr2/src/rtl/phy/ph1p_ddrphy_init.v(73) / pin "di[6]"
SYN-5011 Similar messages will be suppressed.
SYN-5025 WARNING: Using 0 for all undriven pins and nets
SYN-1001 : End Stage 2.3 | Map Macro; Time: 37.066141s wall, 34.609375s user + 1.218750s system = 35.828125s CPU (96.7%); Memory(MB): used = 1149, reserved = 1203, peak = 1149;

SYN-1079 : finish stage Map Macro. Total instances: 90271, Total nets: 99932.

SYN-1001 : Stage 2.4 | Map Gate
SYN-3001 : Collect 8926 PI 5830 PO (106 timing unconstrained) for mapping
SYN-2581 : Mapping with K=6, #lut = 11782 (4.33), #lev = 15 (2.77), #crit_level = 0
SYN-2551 : Post LUT mapping optimization.
SYN-2581 : Mapping with K=6, #lut = 11252 (4.22), #lev = 16 (2.87), #crit_level = 0
SYN-3001 : Logic optimization opt = 18.37 sec, map = 2.60 sec, post map opt = 49.79 sec.
SYN-1001 : End Stage 2.4 | Map Gate; Time: 103.015998s wall, 100.078125s user + 0.484375s system = 100.562500s CPU (97.6%); Memory(MB): used = 1212, reserved = 1203, peak = 1212;

SYN-1001 : Packing model "design_top_wrapper" ...
SYN-1001 : Stage 2.5 | Pack Gate
SYN-4010 : Pack lib has 43 rtl pack models with 26 top pack blocks
SYN-1014 : Optimize round 1
SYN-1015 : Optimize round 1, 0 better
SYN-4002 : Packing 14926 DFF/LATCH to SEQ ...
SYN-1001 : Remove 269 carry adders
RUN-1002 : start command "start_timer"
8.888000
15.000000
15.000000
19.230000
RUN-1003 : finish command "start_timer" in  2.930833s wall, 2.812500s user + 0.046875s system = 2.859375s CPU (97.6%)

RUN-1004 : used memory is 1184 MB, reserved memory is 1175 MB, peak memory is 1212 MB
RUN-1002 : start command "end_timer"
SYN-4009 : Pack 238 carry chain into lslice
SYN-1001 : End Stage 2.5 | Pack Gate; Time: 11.213667s wall, 7.468750s user + 3.437500s system = 10.906250s CPU (97.3%); Memory(MB): used = 1186, reserved = 1177, peak = 1212;

RUN-1002 : start command "report_qor -step gate -file gate.qor"
RUN-1002 : start command "start_timer"
RUN-1003 : finish command "start_timer" in  2.982677s wall, 2.828125s user + 0.046875s system = 2.875000s CPU (96.4%)

RUN-1004 : used memory is 1186 MB, reserved memory is 1177 MB, peak memory is 1212 MB
-----------------------------------------------------------
| QoR metrics               |         value               |
-----------------------------------------------------------
| Timing                    |                             |
|     Setup WNS             |          -74                |
|     Setup TNS             |        -2960                |
|     Num of violated S-EP  |           40                |
|     Hold WNS              |          114                |
|     Hold TNS              |            0                |
|     Num of violated H-EP  |            0                |
-----------------------------------------------------------
| Utilization               |                             |
|     #registers            |        14926                |
|     #luts                 |        13991                |
|     #lut1                 |          119                |
|     #lut1(~A)             |          119                |
|     #slices               |         4547                |
|     slices percentage     |       21.43%                |
|     #RAMs                 |           30                |
|     #DSPs                 |           21                |
|     #f7mux                |        0.00%                |
|     #MACROs               |          350                |
|     #insts in MACRO       |         4680                |
-----------------------------------------------------------
| kept_net                  |                             |
|     #syn_keep             |         2501                |
|     #keep_hier            |          844                |
|     #dont_touch           |            0                |
|     #mark_debug           |            0                |
|     #max_fanout_keep      |            0                |
|     #async_reg            |            0                |
-----------------------------------------------------------
| Top 10% datanet fanout#   |        54.79                |
| dff(single fanout)->dff   |         1155                |
| dff(single fanout)->dram  |          129                |
-----------------------------------------------------------
| Over-quota path num*      |                             |
|     Total                 |            0                |
-----------------------------------------------------------
| Rent**                    |                             |
-----------------------------------------------------------
Note*: Over-quota path shows the over-path-level-threshold path number of each clock.
       The clock will not be shown if no path is with path level over the threshold.
       The threshold is defined as worst path_margin / 800ps.
Note**: Rent shows the rent exponent value of the modules whose rent value exceeds the threshold.
        Only modules under top are reported, and the threshold is defined as 0.7.

Logic Level Distribution
------------------------------------------------------------------------------------------------------------------------------------------------------------------------------------------------------------------------------------------------------
  Clock                                                                                               |  Period             |  0      |  1     |  2     |  3     |  4     |  5     |  6    |  7    |  8    |  9   |  10   |  11  |  15  |  16  |  17
------------------------------------------------------------------------------------------------------------------------------------------------------------------------------------------------------------------------------------------------------
  HDMI_PIXEL_CLK                                                                                      |  19.230ns (52MHz)   |  1471   |  719   |  144   |  180   |  134   |  126   |  16   |  2    |  1    |  0   |  0    |  0   |  1   |  21  |  2
  HDMI_SERIAL_CLK                                                                                     |  3.846ns (260MHz)   |  20     |  41    |  0     |  0     |  0     |  0     |  0    |  0    |  0    |  0   |  0    |  0   |  0   |  0   |  0
  MIPI_RX_BYTE_CLK                                                                                    |  8.888ns (112MHz)   |  6124   |  2358  |  695   |  1684  |  1233  |  475   |  231  |  51   |  50   |  0   |  45   |  0   |  0   |  0   |  0
  mipi_rx_ck_pad                                                                                      |  2.222ns (450MHz)   |  0      |  0     |  0     |  0     |  0     |  0     |  0    |  0    |  0    |  0   |  0    |  0   |  0   |  0   |  0
  pll_clk_100m                                                                                        |  10.000ns (100MHz)  |  5      |  3     |  2     |  0     |  0     |  0     |  0    |  0    |  0    |  0   |  0    |  0   |  0   |  0   |  0
  pll_clk_24m                                                                                         |  41.538ns (24MHz)   |  37     |  36    |  9     |  53    |  19    |  7     |  1    |  0    |  0    |  0   |  0    |  0   |  0   |  0   |  0
  sys_clk_50m                                                                                         |  20.000ns (50MHz)   |  131    |  2     |  0     |  106   |  0     |  0     |  0    |  0    |  0    |  0   |  0    |  0   |  0   |  0   |  0
  u_mipi_dphy_rx_ph1p_mipiio_wrapper/u_ph1p_mipiio_rx_wrapper/u_PH1P_LOGIC_DPHY_MIPI_RX.io_clk_pad_p  |  2.222ns (450MHz)   |  0      |  0     |  0     |  0     |  0     |  0     |  0    |  0    |  0    |  0   |  0    |  0   |  0   |  0   |  0
  u_mipi_dphy_rx_ph1p_mipiio_wrapper/u_ph1p_mipiio_rx_wrapper/u_PH1P_LOGIC_DPHY_MIPI_RX.tif_c16_in    |  8.888ns (112MHz)   |  0      |  0     |  0     |  0     |  0     |  0     |  0    |  0    |  0    |  0   |  0    |  0   |  0   |  0   |  0
  u_ph1p35_324_ddr_wrapper/u_ddr2/ctl_clk                                                             |  15.000ns (66MHz)   |  0      |  0     |  0     |  0     |  0     |  0     |  0    |  0    |  0    |  0   |  0    |  0   |  0   |  0   |  0
  u_ph1p35_324_ddr_wrapper/u_ddr2/ddr_clk                                                             |  3.750ns (266MHz)   |  0      |  0     |  0     |  0     |  0     |  0     |  0    |  0    |  0    |  0   |  0    |  0   |  0   |  0   |  0
  u_ph1p35_324_ddr_wrapper/u_ddr2/mcu_clk                                                             |  39.374ns (25MHz)   |  56     |  15    |  244   |  15    |  0     |  4     |  3    |  2    |  0    |  0   |  0    |  0   |  0   |  0   |  0
  u_ph1p35_324_ddr_wrapper/u_ddr2/ref_clk                                                             |  15.000ns (66MHz)   |  0      |  0     |  0     |  0     |  0     |  0     |  0    |  0    |  0    |  0   |  0    |  0   |  0   |  0   |  0
  u_ph1p35_324_ddr_wrapper/u_ddr2/usr_clk                                                             |  15.000ns (66MHz)   |  2706   |  1644  |  753   |  932   |  710   |  450   |  219  |  65   |  202  |  33  |  105  |  1   |  0   |  0   |  0
  Total                                                                                               |  NA                 |  10550  |  4818  |  1847  |  2970  |  2096  |  1062  |  470  |  120  |  253  |  33  |  150  |  1   |  1   |  21  |  2
------------------------------------------------------------------------------------------------------------------------------------------------------------------------------------------------------------------------------------------------------
Note: The table count the worst 100000 paths, each endpoint count only one time.(24394 paths analyzed)

Hierarchical Rent Exponent Report
+---------------------------------------------------------------------------------------------+
|Inst                       |Model                     |Rent     |Cell     |Pin     |Term     |
+---------------------------------------------------------------------------------------------+
|top                        |design_top_wrapper        |0.18     |39539    |173387  |30       |
|  u_hdmi_tx                |hdmi_tx_5                 |0.48     |2294     |8222    |145      |
|  u_ph1p35_324_ddr_wrapper |ph1p35_324_ddr_wrapper_12 |0.47     |9985     |45025   |332      |
|  u_hdmi_mixer             |hdmi_mixer_4              |0.41     |3605     |21324   |171      |
|  u_isp_top                |isp_top_8                 |0.39     |19036    |83355   |202      |
+---------------------------------------------------------------------------------------------+
Note: Cell represents total number of cells inside module; Pin represents total number of pins
      which have net connection inside module; Term represents total number of PIs and POs of module.
      Rent represents the relationship between number of terms and number of cells in module.
      A module with higher rent corresponds to highly connected logic and strong connectivity with others.
Report gate stage QoR done.

SYN-1001 : The design has 611 dangling syn_keep insts.
RUN-1003 : finish command "report_qor -step gate -file gate.qor" in  9.598582s wall, 9.218750s user + 0.062500s system = 9.281250s CPU (96.7%)

RUN-1004 : used memory is 1224 MB, reserved memory is 1208 MB, peak memory is 1224 MB
RUN-1002 : start command "report_area -file traffic_sign_td_gate.area"
SYN-4034 : The count of slices with lut is 400.
SYN-4035 : The count of slices with lut+ripple is 3419.
RUN-1001 : standard
***Report Model: design_top_wrapper Device: PH1P35MDG324***

Design Statistics
#IO                        58   out of    160   36.25%
  #input                    2
  #output                  31
  #inout                   25
#lut                    18538
  #lut1                   119
  #lut2                  2046
  #lut3                  4629
  #lut4                  1613
  #lut5                  1779
  #lut6                  8352
#reg                    14926
  #slice reg            14926   out of  42432   35.18%
  #pad reg                  0

Utilization Statistics
#slice*                 15137   out of  21216   71.35%
  #used ram               728
    #dram lut             616
    #shifter lut          112
  #used logic           14409
    #with luts*         10035
    #with adder          3419
    #reg only*            955
#f7mux                      0   out of  10608    0.00%
#f8mux                      0   out of   5304    0.00%
#eram                      30   out of    108   27.78%
  #eram20k                 30
  #fifo20k                  0
#dsp                       21   out of     40   52.50%
#ddr_byte                   6   out of     12   50.00%
#mipi_tx                    0   out of      2    0.00%
#mipi_rx                    1   out of      2   50.00%
#pad                       17   out of    160   10.62%
#pll                        3   out of      6   50.00%
#gclk                       3   out of     32    9.38%
#lclk                       0   out of     12    0.00%
#sclk                       0   out of     48    0.00%
#mlclk                      2   out of      6   33.33%
#ioclk                      4   out of     18   22.22%

* Note! The LUT and Slice count after Optimize-Gate is not the final value, Run Optimize-place for a more realistic count.

SYN-1001 : End Stage 2 | Optimize Gate; Time: 165.957329s wall, 156.234375s user + 5.218750s system = 161.453125s CPU (97.3%); Memory(MB): used = 1224, reserved = 1208, peak = 1224;

RUN-1003 : finish command "optimize_gate -packarea traffic_sign_td_gate.area" in  165.970852s wall, 156.250000s user + 5.218750s system = 161.468750s CPU (97.3%)

RUN-1004 : used memory is 1224 MB, reserved memory is 1208 MB, peak memory is 1224 MB
RUN-1002 : start command "legalize_phy_inst"
SYN-1001 : Stage 3 | Legalize Phy Inst
SYN-1011 : Flatten model design_top_wrapper
SYN-1001 : ADC: Instance "u_ph1p35_324_ddr_wrapper/u_ddr2/ph1p_ddrmc_wrapper/ph1p_ddrmc_top/u_ddr_phy/u_ddrphy_top/u_ddrphy/ac_byte[0]$ac_byte_used$u_ddrphy_ac_byte_wrapper/u_ddrphy_byte" LOCATION="X0Y70Z0"
SYN-1001 : ADC: Instance "u_ph1p35_324_ddr_wrapper/u_ddr2/ph1p_ddrmc_wrapper/ph1p_ddrmc_top/u_ddr_phy/u_ddrphy_top/u_ddrphy/ac_byte[1]$ac_byte_used$u_ddrphy_ac_byte_wrapper/u_ddrphy_byte" LOCATION="X0Y60Z0"
SYN-1001 : ADC: Instance "u_ph1p35_324_ddr_wrapper/u_ddr2/ph1p_ddrmc_wrapper/ph1p_ddrmc_top/u_ddr_phy/u_ddrphy_top/u_ddrphy/ac_byte[2]$ac_byte_used$u_ddrphy_ac_byte_wrapper/u_ddrphy_byte" LOCATION="X0Y50Z0"
SYN-1001 : ADC: Instance "u_ph1p35_324_ddr_wrapper/u_ddr2/ph1p_ddrmc_wrapper/ph1p_ddrmc_top/u_ddr_phy/u_ddrphy_top/u_ddrphy/ac_byte[3]$ac_byte_used$u_ddrphy_ac_byte_wrapper/u_ddrphy_byte" LOCATION="X0Y40Z0"
SYN-1001 : ADC: Instance "u_ph1p35_324_ddr_wrapper/u_ddr2/ph1p_ddrmc_wrapper/ph1p_ddrmc_top/u_ddr_phy/u_ddrphy_top/u_ddrphy/bkref[0]$u_ddrphy_bankref" LOCATION="X0Y19Z0"
SYN-1001 : ADC: Instance "u_ph1p35_324_ddr_wrapper/u_ddr2/ph1p_ddrmc_wrapper/ph1p_ddrmc_top/u_ddr_phy/u_ddrphy_top/u_ddrphy/bkref[1]$u_ddrphy_bankref" LOCATION="X0Y59Z0"
SYN-1001 : ADC: Instance "u_ph1p35_324_ddr_wrapper/u_ddr2/ph1p_ddrmc_wrapper/ph1p_ddrmc_top/u_ddr_phy/u_ddrphy_top/u_ddrphy/dx_byte[0]$dx_byte_used$u_ddrphy_dx_byte_wrapper/u_ddrphy_byte" LOCATION="X0Y30Z0"
SYN-1001 : ADC: Instance "u_ph1p35_324_ddr_wrapper/u_ddr2/ph1p_ddrmc_wrapper/ph1p_ddrmc_top/u_ddr_phy/u_ddrphy_top/u_ddrphy/dx_byte[1]$dx_byte_used$u_ddrphy_dx_byte_wrapper/u_ddrphy_byte" LOCATION="X0Y10Z0"
SYN-1001 : ADC: Instance "u_ph1p35_324_ddr_wrapper/u_ddr2/ph1p_ddrmc_wrapper/ph1p_ddrmc_top/u_ddr_phy/u_ddrphy_top/u_ddrphy_clk/ioclk[0]$u_ioclk_0" LOCATION="X0Y59Z0"
SYN-1001 : ADC: Instance "u_ph1p35_324_ddr_wrapper/u_ddr2/ph1p_ddrmc_wrapper/ph1p_ddrmc_top/u_ddr_phy/u_ddrphy_top/u_ddrphy_clk/ioclk[0]$u_ioclk_1" LOCATION="X0Y59Z1"
SYN-1001 : ADC: Instance "u_ph1p35_324_ddr_wrapper/u_ddr2/ph1p_ddrmc_wrapper/ph1p_ddrmc_top/u_ddr_phy/u_ddrphy_top/u_ddrphy_clk/ioclk[1]$u_ioclk_0" LOCATION="X0Y19Z0"
SYN-1001 : ADC: Instance "u_ph1p35_324_ddr_wrapper/u_ddr2/ph1p_ddrmc_wrapper/ph1p_ddrmc_top/u_ddr_phy/u_ddrphy_top/u_ddrphy_clk/ioclk[1]$u_ioclk_1" LOCATION="X0Y19Z1"
SYN-1001 : ADC: Instance "u_ph1p35_324_ddr_wrapper/u_ddr2/ph1p_ddrmc_wrapper/ph1p_ddrmc_top/u_ddr_phy/u_ddrphy_top/u_ddrphy_clk/u_mlclk_1" LOCATION="X0Y59Z0"
SYN-1001 : ADC: Instance "u_ph1p35_324_ddr_wrapper/u_ddr2/ph1p_ddrmc_wrapper/ph1p_ddrmc_top/u_ddr_phy/u_ddrphy_top/u_ddrphy_clk/u_mlclk_2" LOCATION="X0Y59Z1"
SYN-1001 : ADC: Instance "u_ph1p35_324_ddr_wrapper/u_ddr2/ph1p_ddrmc_wrapper/ph1p_ddrmc_top/u_ddr_phy/u_ddrphy_top/u_ddrphy_clk/u_pll0/u_pll_inst" LOCATION="X0Y40Z0"
SYN-1001 : ADC: Instance "u_ph1p35_324_ddr_wrapper/u_ddr2/ph1p_ddrmc_wrapper/ph1p_ddrmc_top/u_ddr_phy/u_ddrphy_top/u_ddrphy_clk/u_pll1/u_pll_inst" LOCATION="X0Y79Z0"
SYN-1001 : End Stage 3 | Legalize Phy Inst; Time: 0.324105s wall, 0.328125s user + 0.000000s system = 0.328125s CPU (101.2%); Memory(MB): used = 1225, reserved = 1208, peak = 1225;

RUN-1002 : start command "update_timing"
RUN-1002 : start command "start_timer"
RUN-1003 : finish command "start_timer" in  2.700197s wall, 2.625000s user + 0.000000s system = 2.625000s CPU (97.2%)

RUN-1004 : used memory is 1225 MB, reserved memory is 1208 MB, peak memory is 1225 MB
RUN-1003 : finish command "update_timing" in  4.749091s wall, 4.609375s user + 0.015625s system = 4.625000s CPU (97.4%)

RUN-1004 : used memory is 1225 MB, reserved memory is 1208 MB, peak memory is 1225 MB
RUN-1002 : start command "report_timing_status -file traffic_sign_td_gate.ts"
RUN-1002 : start command "report_timing_summary -file traffic_sign_td_gate.timing"
RUN-1002 : start command "flow_status -file flow.status"
Location         : D:\anlu\rtl\traffic_sign_td\td_project\traffic_sign_td_Runs\syn_1
Running with     : Tang Dynasty v6.2.168116
                   Copyright (c) 2012-2025 Anlogic Inc.
Top Model        : design_top_wrapper
Device           : PH1P35MDG324
Speed            : 3

Timing Mode      : basic
Setup            : WNS   -74ps  TNS    -2960ps  NUM_FEPS    40
Hold             : WNS   114ps  TNS        0ps  NUM_FEPS     0

Flow Statistics  :
RUN-1001 : Flow Statistics:
RUN-1001 : ---------------------------------------------------------------------------------------------------
RUN-1001 :      command     |  #calls  |  wall time   |  cpu time(s)  |  used memory(mb)  |  peak memory(mb)  
RUN-1001 : ---------------------------------------------------------------------------------------------------
RUN-1001 :   optimize_rtl   |    1     |  5m21s(65%)  |   301(65%)    |       1031        |       1086        
RUN-1001 :   optimize_gate  |    1     |  2m45s(33%)  |   161(34%)    |       1224        |       1224        
RUN-1001 :   import_device  |    1     |    1s(0%)    |     1(0%)     |        324        |        324        
RUN-1001 :     read_adc     |    1     |    0s(0%)    |     0(0%)     |        850        |        851        
RUN-1001 :     read_sdc     |    3     |    0s(0%)    |     0(0%)     |        845        |        851        
RUN-1001 : ---------------------------------------------------------------------------------------------------
RUN-1001 :       total      |    7     |     8m7s     |      463      |       1224        |       1224        
RUN-1001 : ---------------------------------------------------------------------------------------------------
RUN-1002 : start command "export_db traffic_sign_td_gate.db"
RUN-1001 : Exported flow parameters
RUN-1001 : Exported /
RUN-1001 : Exported libs
RUN-1001 : Exported entities
RUN-1001 : Exported ports
RUN-1001 : Exported pins
RUN-1001 : Exported instances
RUN-1001 : Exported nets
RUN-1001 : Exported buses
RUN-1001 : Exported models
RUN-1001 : Exported packer
RUN-1001 : Exported congestions
RUN-1001 : Exported violations
RUN-1001 : Exported ATMR Setting
RUN-1001 : Exported timing constraints
RUN-1001 : Exported IO constraints
RUN-1001 : Exported Inst constraints
RUN-1001 : Exported ChipWatcher
RUN-1003 : finish command "export_db traffic_sign_td_gate.db" in  1.016874s wall, 1.359375s user + 0.000000s system = 1.359375s CPU (133.7%)

RUN-1004 : used memory is 1246 MB, reserved memory is 1344 MB, peak memory is 1246 MB
RUN-1002 : start command "commit_param -step place"
RUN-1001 : Print Global Property
RUN-1001 : -------------------------------------------------------------
RUN-1001 :     Parameters    |   Settings   |  Default Values  |  Note  
RUN-1001 : -------------------------------------------------------------
RUN-1001 :    enable_seed    |     off      |       off        |        
RUN-1001 :    hfn_to_clock   |  1000000000  |    1000000000    |        
RUN-1001 :      message      |   standard   |     standard     |        
RUN-1001 :    qor_monitor    |      on      |        on        |        
RUN-1001 :   speedup_effort  |      0       |        0         |        
RUN-1001 :    syn_ip_flow    |     off      |       off        |        
RUN-1001 :       thread      |     auto     |       auto       |        
RUN-1001 : -------------------------------------------------------------
RUN-1001 : Print Place Property
RUN-1001 : ---------------------------------------------------------------
RUN-1001 :       Parameters      |  Settings  |  Default Values  |  Note  
RUN-1001 : ---------------------------------------------------------------
RUN-1001 :         effort        |   medium   |      medium      |        
RUN-1001 :     hfn_opt_effort    |   medium   |      medium      |        
RUN-1001 :    logic_level_opt    |    off     |       off        |        
RUN-1001 :   macro_performance   |    auto    |       auto       |        
RUN-1001 :       max_fanout      |   999999   |      999999      |        
RUN-1001 :       opt_timing      |   medium   |      medium      |        
RUN-1001 :     post_place_opt    |    auto    |       auto       |        
RUN-1001 :      pr_strategy      |     1      |        1         |        
RUN-1001 :   preplace_floorplan  |    off     |       off        |        
RUN-1001 : ---------------------------------------------------------------
RUN-1002 : start command "insert_debugger"
RUN-1002 : start command "place"
RUN-1001 : Open license file D:/Anlogic/TD_6.2.1_Engineer_6.2.168.116/license/Anlogic.lic
PHY-3001 : Placer runs in 32 thread(s).
PHY-1001 : Stage 1 | Initialize Design
PHY-1001 : Stage 1.1 | Build Design
PHY-1001 : 13384 luts, 14926 seqs, 728 mslices, 3819 lslices, 54 pads, 30 brams, 21 dsps
RUN-1002 : start command "legalize_phy_inst"
SYN-1011 : Flatten model design_top_wrapper
SYN-1001 : ADC: Instance "u_ph1p35_324_ddr_wrapper/u_ddr2/ph1p_ddrmc_wrapper/ph1p_ddrmc_top/u_ddr_phy/u_ddrphy_top/u_ddrphy/ac_byte[0]$ac_byte_used$u_ddrphy_ac_byte_wrapper/u_ddrphy_byte" LOCATION="X0Y70Z0"
SYN-1001 : ADC: Instance "u_ph1p35_324_ddr_wrapper/u_ddr2/ph1p_ddrmc_wrapper/ph1p_ddrmc_top/u_ddr_phy/u_ddrphy_top/u_ddrphy/ac_byte[1]$ac_byte_used$u_ddrphy_ac_byte_wrapper/u_ddrphy_byte" LOCATION="X0Y60Z0"
SYN-1001 : ADC: Instance "u_ph1p35_324_ddr_wrapper/u_ddr2/ph1p_ddrmc_wrapper/ph1p_ddrmc_top/u_ddr_phy/u_ddrphy_top/u_ddrphy/ac_byte[2]$ac_byte_used$u_ddrphy_ac_byte_wrapper/u_ddrphy_byte" LOCATION="X0Y50Z0"
SYN-1001 : ADC: Instance "u_ph1p35_324_ddr_wrapper/u_ddr2/ph1p_ddrmc_wrapper/ph1p_ddrmc_top/u_ddr_phy/u_ddrphy_top/u_ddrphy/ac_byte[3]$ac_byte_used$u_ddrphy_ac_byte_wrapper/u_ddrphy_byte" LOCATION="X0Y40Z0"
SYN-1001 : ADC: Instance "u_ph1p35_324_ddr_wrapper/u_ddr2/ph1p_ddrmc_wrapper/ph1p_ddrmc_top/u_ddr_phy/u_ddrphy_top/u_ddrphy/bkref[0]$u_ddrphy_bankref" LOCATION="X0Y19Z0"
SYN-1001 : ADC: Instance "u_ph1p35_324_ddr_wrapper/u_ddr2/ph1p_ddrmc_wrapper/ph1p_ddrmc_top/u_ddr_phy/u_ddrphy_top/u_ddrphy/bkref[1]$u_ddrphy_bankref" LOCATION="X0Y59Z0"
SYN-1001 : ADC: Instance "u_ph1p35_324_ddr_wrapper/u_ddr2/ph1p_ddrmc_wrapper/ph1p_ddrmc_top/u_ddr_phy/u_ddrphy_top/u_ddrphy/dx_byte[0]$dx_byte_used$u_ddrphy_dx_byte_wrapper/u_ddrphy_byte" LOCATION="X0Y30Z0"
SYN-1001 : ADC: Instance "u_ph1p35_324_ddr_wrapper/u_ddr2/ph1p_ddrmc_wrapper/ph1p_ddrmc_top/u_ddr_phy/u_ddrphy_top/u_ddrphy/dx_byte[1]$dx_byte_used$u_ddrphy_dx_byte_wrapper/u_ddrphy_byte" LOCATION="X0Y10Z0"
SYN-1001 : ADC: Instance "u_ph1p35_324_ddr_wrapper/u_ddr2/ph1p_ddrmc_wrapper/ph1p_ddrmc_top/u_ddr_phy/u_ddrphy_top/u_ddrphy_clk/ioclk[0]$u_ioclk_0" LOCATION="X0Y59Z0"
SYN-1001 : ADC: Instance "u_ph1p35_324_ddr_wrapper/u_ddr2/ph1p_ddrmc_wrapper/ph1p_ddrmc_top/u_ddr_phy/u_ddrphy_top/u_ddrphy_clk/ioclk[0]$u_ioclk_1" LOCATION="X0Y59Z1"
SYN-1001 : ADC: Instance "u_ph1p35_324_ddr_wrapper/u_ddr2/ph1p_ddrmc_wrapper/ph1p_ddrmc_top/u_ddr_phy/u_ddrphy_top/u_ddrphy_clk/ioclk[1]$u_ioclk_0" LOCATION="X0Y19Z0"
SYN-1001 : ADC: Instance "u_ph1p35_324_ddr_wrapper/u_ddr2/ph1p_ddrmc_wrapper/ph1p_ddrmc_top/u_ddr_phy/u_ddrphy_top/u_ddrphy_clk/ioclk[1]$u_ioclk_1" LOCATION="X0Y19Z1"
SYN-1001 : ADC: Instance "u_ph1p35_324_ddr_wrapper/u_ddr2/ph1p_ddrmc_wrapper/ph1p_ddrmc_top/u_ddr_phy/u_ddrphy_top/u_ddrphy_clk/u_mlclk_1" LOCATION="X0Y59Z0"
SYN-1001 : ADC: Instance "u_ph1p35_324_ddr_wrapper/u_ddr2/ph1p_ddrmc_wrapper/ph1p_ddrmc_top/u_ddr_phy/u_ddrphy_top/u_ddrphy_clk/u_mlclk_2" LOCATION="X0Y59Z1"
SYN-1001 : ADC: Instance "u_ph1p35_324_ddr_wrapper/u_ddr2/ph1p_ddrmc_wrapper/ph1p_ddrmc_top/u_ddr_phy/u_ddrphy_top/u_ddrphy_clk/u_pll0/u_pll_inst" LOCATION="X0Y40Z0"
SYN-1001 : ADC: Instance "u_ph1p35_324_ddr_wrapper/u_ddr2/ph1p_ddrmc_wrapper/ph1p_ddrmc_top/u_ddr_phy/u_ddrphy_top/u_ddrphy_clk/u_pll1/u_pll_inst" LOCATION="X0Y79Z0"
PHY-1001 : Remove keep and sweep redundant instances ...
PHY-1001 : 13069 luts, 14584 seqs, 728 mslices, 3788 lslices, 54 pads, 30 brams, 21 dsps
PHY-1001 : End Stage 1.1 | Build Design; Time: 0.669406s wall, 0.671875s user + 0.000000s system = 0.671875s CPU (100.4%); Memory(MB): used = 1246, reserved = 1344, peak = 1246;

PHY-1001 : Stage 1.2 | Optimize Design
OPT-1001 : Stage 1.2.1 | Simplify Lut
OPT-1001 : End Stage 1.2.1 | Simplify Lut; Time: 0.129229s wall, 0.109375s user + 0.000000s system = 0.109375s CPU (84.6%); Memory(MB): used = 1246, reserved = 1344, peak = 1246;

OPT-1001 : Stage 1.2.2 | Sweep
OPT-1001 : End Stage 1.2.2 | Sweep; Time: 0.055368s wall, 0.046875s user + 0.000000s system = 0.046875s CPU (84.7%); Memory(MB): used = 1246, reserved = 1344, peak = 1246;

OPT-1001 : Stage 1.2.3 | Merge Lut
OPT-1001 : Start remap optimization ...
RUN-1001 :   Added 0 lut1 for undup drivers
OPT-1001 : skip lut merge since lut number 13067 is similar to or less than reg number 14584
OPT-1001 : End Stage 1.2.3 | Merge Lut; Time: 0.063110s wall, 0.062500s user + 0.000000s system = 0.062500s CPU (99.0%); Memory(MB): used = 1246, reserved = 1344, peak = 1246;

OPT-1001 : Stage 1.2.4 | Synthesize High-fanout Net
OPT-1001 : Start high-fanout net optimization in pre-place flow with medium effort ...
RUN-1001 : HFN opt statistic
RUN-1001 : ------------------------------------------------------
RUN-1001 :   DriverCell type  |  HFN count  |  Duplicated count  
RUN-1001 : ------------------------------------------------------
RUN-1001 :       LSLICE       |      0      |         0          
RUN-1001 :       MSLICE       |      0      |         0          
RUN-1001 :        TOTAL       |      0      |         0          
RUN-1001 : ------------------------------------------------------
OPT-1001 : End high-fanout net optimization;  0.000103s wall, 0.000000s user + 0.000000s system = 0.000000s CPU (n/a%)

OPT-1001 : Current memory(MB): used = 1246, reserved = 1344, peak = 1246.
OPT-1001 : End Stage 1.2.4 | Synthesize High-fanout Net; Time: 0.000191s wall, 0.000000s user + 0.000000s system = 0.000000s CPU (n/a%); Memory(MB): used = 1246, reserved = 1344, peak = 1246;

OPT-1001 : End physical optimization;  0.248160s wall, 0.218750s user + 0.000000s system = 0.218750s CPU (88.1%)

PHY-1001 : End Stage 1.2 | Optimize Design; Time: 0.248247s wall, 0.218750s user + 0.000000s system = 0.218750s CPU (88.1%); Memory(MB): used = 1247, reserved = 1344, peak = 1247;

PHY-1001 : Stage 1.3 | Initialize Clock
PHY-1001 : Start to synthesize physical clock networks.
RUN-1002 : start command "start_timer"
RUN-1003 : finish command "start_timer" in  2.455523s wall, 2.390625s user + 0.000000s system = 2.390625s CPU (97.4%)

RUN-1004 : used memory is 1247 MB, reserved memory is 1344 MB, peak memory is 1247 MB
PHY-5060 CRITICAL-WARNING: Clock net candidate u_uicfgcs500/uii2c_inst/scl_clk has mixed fanouts of 1 clock pins; 2 data/ctrl pins. Please check connection of the net in design.
PHY-5060 CRITICAL-WARNING: Clock net candidate O_cam_24m_syn_3 has mixed fanouts of 83 clock pins; 1 data/ctrl pins. Please check connection of the net in design.
PHY-1001 : Populate physical database on model design_top_wrapper.
RUN-1001 : There are total 32422 instances
RUN-0007 : 13067 luts, 14584 seqs, 728 mslices, 3788 lslices, 54 pads, 30 brams, 21 dsps
RUN-1001 : There are total 45144 nets
RUN-1001 : 31115 nets have 2 pins
RUN-1001 : 10767 nets have [3 - 5] pins
RUN-1001 : 2420 nets have [6 - 10] pins
RUN-1001 : 462 nets have [11 - 20] pins
RUN-1001 : 302 nets have [21 - 99] pins
RUN-1001 : 78 nets have 100+ pins
PHY-1001 : Start to check user instance location assignments; please refer to ADC constraint.
PHY-1001 : End Stage 1.3 | Initialize Clock; Time: 4.735629s wall, 4.609375s user + 0.015625s system = 4.625000s CPU (97.7%); Memory(MB): used = 1247, reserved = 1344, peak = 1247;

PHY-1001 : End Stage 1 | Initialize Design; Time: 5.746767s wall, 5.593750s user + 0.015625s system = 5.609375s CPU (97.6%); Memory(MB): used = 1247, reserved = 1344, peak = 1247;

PHY-1001 : Stage 2 | Global Placement
RUN-1001 : Report Control nets information:
RUN-1001 : DFF Distribution
RUN-1001 : -------------------------------------
RUN-1001 :   CE   |  SSR  |  ASR  |  DFF Count  
RUN-1001 : -------------------------------------
RUN-1001 :   No   |  No   |  No   |    6686     
RUN-1001 :   No   |  No   |  Yes  |    4615     
RUN-1001 :   No   |  Yes  |  No   |     217     
RUN-1001 :   Yes  |  No   |  No   |     424     
RUN-1001 :   Yes  |  No   |  Yes  |    2720     
RUN-1001 :   Yes  |  Yes  |  No   |     146     
RUN-1001 : -------------------------------------
RUN-1001 : Control Group Statistic
RUN-1001 : -----------------------------
RUN-1001 :   #CLK  |  #CE  |  #SSR/ASR  
RUN-1001 : -----------------------------
RUN-1001 :    9    |  127  |     26     
RUN-1001 : -----------------------------
RUN-0007 : Control Set = 163
PHY-1001 : Stage 2.1 | Place Fixed Instances
PHY-1001 : Processing 2 clock pins of DDR instance u_ph1p35_324_ddr_wrapper/u_ddr2/ph1p_ddrmc_wrapper/ph1p_ddrmc_top/u_ddr_phy/u_ddrphy_top/u_ddrphy/ac_byte[0]$ac_byte_used$u_ddrphy_ac_byte_wrapper/u_ddrphy_byte, location = x0y70z0.
PHY-1001 :   User location X0Y59Z1 of ioclk instance u_ph1p35_324_ddr_wrapper/u_ddr2/ph1p_ddrmc_wrapper/ph1p_ddrmc_top/u_ddr_phy/u_ddrphy_top/u_ddrphy_clk/ioclk[0]$u_ioclk_1.
PHY-1001 :   Placement of ioclk instance u_ph1p35_324_ddr_wrapper/u_ddr2/ph1p_ddrmc_wrapper/ph1p_ddrmc_top/u_ddr_phy/u_ddrphy_top/u_ddrphy_clk/ioclk[0]$u_ioclk_1; location = x0y59z1.
PHY-1001 :   User location X0Y59Z0 of ioclk instance u_ph1p35_324_ddr_wrapper/u_ddr2/ph1p_ddrmc_wrapper/ph1p_ddrmc_top/u_ddr_phy/u_ddrphy_top/u_ddrphy_clk/ioclk[0]$u_ioclk_0.
PHY-1001 :   Placement of ioclk instance u_ph1p35_324_ddr_wrapper/u_ddr2/ph1p_ddrmc_wrapper/ph1p_ddrmc_top/u_ddr_phy/u_ddrphy_top/u_ddrphy_clk/ioclk[0]$u_ioclk_0; location = x0y59z0.
PHY-1001 : Processing 2 clock pins of DDR instance u_ph1p35_324_ddr_wrapper/u_ddr2/ph1p_ddrmc_wrapper/ph1p_ddrmc_top/u_ddr_phy/u_ddrphy_top/u_ddrphy/ac_byte[1]$ac_byte_used$u_ddrphy_ac_byte_wrapper/u_ddrphy_byte, location = x0y60z0.
PHY-1001 :   Placed ioclk instance u_ph1p35_324_ddr_wrapper/u_ddr2/ph1p_ddrmc_wrapper/ph1p_ddrmc_top/u_ddr_phy/u_ddrphy_top/u_ddrphy_clk/ioclk[0]$u_ioclk_1, location = x0y59z1.
PHY-1001 :   Placed ioclk instance u_ph1p35_324_ddr_wrapper/u_ddr2/ph1p_ddrmc_wrapper/ph1p_ddrmc_top/u_ddr_phy/u_ddrphy_top/u_ddrphy_clk/ioclk[0]$u_ioclk_0, location = x0y59z0.
PHY-1001 : Processing 2 clock pins of DDR instance u_ph1p35_324_ddr_wrapper/u_ddr2/ph1p_ddrmc_wrapper/ph1p_ddrmc_top/u_ddr_phy/u_ddrphy_top/u_ddrphy/ac_byte[2]$ac_byte_used$u_ddrphy_ac_byte_wrapper/u_ddrphy_byte, location = x0y50z0.
PHY-1001 :   Placed ioclk instance u_ph1p35_324_ddr_wrapper/u_ddr2/ph1p_ddrmc_wrapper/ph1p_ddrmc_top/u_ddr_phy/u_ddrphy_top/u_ddrphy_clk/ioclk[0]$u_ioclk_1, location = x0y59z1.
PHY-1001 :   Placed ioclk instance u_ph1p35_324_ddr_wrapper/u_ddr2/ph1p_ddrmc_wrapper/ph1p_ddrmc_top/u_ddr_phy/u_ddrphy_top/u_ddrphy_clk/ioclk[0]$u_ioclk_0, location = x0y59z0.
PHY-1001 : Processing 2 clock pins of DDR instance u_ph1p35_324_ddr_wrapper/u_ddr2/ph1p_ddrmc_wrapper/ph1p_ddrmc_top/u_ddr_phy/u_ddrphy_top/u_ddrphy/ac_byte[3]$ac_byte_used$u_ddrphy_ac_byte_wrapper/u_ddrphy_byte, location = x0y40z0.
PHY-1001 :   Placed ioclk instance u_ph1p35_324_ddr_wrapper/u_ddr2/ph1p_ddrmc_wrapper/ph1p_ddrmc_top/u_ddr_phy/u_ddrphy_top/u_ddrphy_clk/ioclk[0]$u_ioclk_1, location = x0y59z1.
PHY-1001 :   Placed ioclk instance u_ph1p35_324_ddr_wrapper/u_ddr2/ph1p_ddrmc_wrapper/ph1p_ddrmc_top/u_ddr_phy/u_ddrphy_top/u_ddrphy_clk/ioclk[0]$u_ioclk_0, location = x0y59z0.
PHY-1001 : Processing 2 clock pins of DDR instance u_ph1p35_324_ddr_wrapper/u_ddr2/ph1p_ddrmc_wrapper/ph1p_ddrmc_top/u_ddr_phy/u_ddrphy_top/u_ddrphy/dx_byte[0]$dx_byte_used$u_ddrphy_dx_byte_wrapper/u_ddrphy_byte, location = x0y30z0.
PHY-1001 :   User location X0Y19Z1 of ioclk instance u_ph1p35_324_ddr_wrapper/u_ddr2/ph1p_ddrmc_wrapper/ph1p_ddrmc_top/u_ddr_phy/u_ddrphy_top/u_ddrphy_clk/ioclk[1]$u_ioclk_1.
PHY-1001 :   Placement of ioclk instance u_ph1p35_324_ddr_wrapper/u_ddr2/ph1p_ddrmc_wrapper/ph1p_ddrmc_top/u_ddr_phy/u_ddrphy_top/u_ddrphy_clk/ioclk[1]$u_ioclk_1; location = x0y19z1.
PHY-1001 :   User location X0Y19Z0 of ioclk instance u_ph1p35_324_ddr_wrapper/u_ddr2/ph1p_ddrmc_wrapper/ph1p_ddrmc_top/u_ddr_phy/u_ddrphy_top/u_ddrphy_clk/ioclk[1]$u_ioclk_0.
PHY-1001 :   Placement of ioclk instance u_ph1p35_324_ddr_wrapper/u_ddr2/ph1p_ddrmc_wrapper/ph1p_ddrmc_top/u_ddr_phy/u_ddrphy_top/u_ddrphy_clk/ioclk[1]$u_ioclk_0; location = x0y19z0.
PHY-1001 : Processing 2 clock pins of DDR instance u_ph1p35_324_ddr_wrapper/u_ddr2/ph1p_ddrmc_wrapper/ph1p_ddrmc_top/u_ddr_phy/u_ddrphy_top/u_ddrphy/dx_byte[1]$dx_byte_used$u_ddrphy_dx_byte_wrapper/u_ddrphy_byte, location = x0y10z0.
PHY-1001 :   Placed ioclk instance u_ph1p35_324_ddr_wrapper/u_ddr2/ph1p_ddrmc_wrapper/ph1p_ddrmc_top/u_ddr_phy/u_ddrphy_top/u_ddrphy_clk/ioclk[1]$u_ioclk_1, location = x0y19z1.
PHY-1001 :   Placed ioclk instance u_ph1p35_324_ddr_wrapper/u_ddr2/ph1p_ddrmc_wrapper/ph1p_ddrmc_top/u_ddr_phy/u_ddrphy_top/u_ddrphy_clk/ioclk[1]$u_ioclk_0, location = x0y19z0.
PHY-1001 : DDR MLCLK topology u_ph1p35_324_ddr_wrapper/u_ddr2/ph1p_ddrmc_wrapper/ph1p_ddrmc_top/u_ddr_phy/u_ddrphy_top/u_ddrphy_clk/u_mlclk_1.
PHY-1001 :   Driver: PH1P_PHY_PLL_V2 u_ph1p35_324_ddr_wrapper/u_ddr2/ph1p_ddrmc_wrapper/ph1p_ddrmc_top/u_ddr_phy/u_ddrphy_top/u_ddrphy_clk/u_pll0/u_pll_inst.clkc[1], user location :X0Y40Z0.
PHY-1001 :   Sink: PH1P_PHY_IOCLK u_ph1p35_324_ddr_wrapper/u_ddr2/ph1p_ddrmc_wrapper/ph1p_ddrmc_top/u_ddr_phy/u_ddrphy_top/u_ddrphy_clk/ioclk[0]$u_ioclk_0, location = x0y59z0, sectorID = 1.
PHY-1001 :   Sink: PH1P_PHY_IOCLK u_ph1p35_324_ddr_wrapper/u_ddr2/ph1p_ddrmc_wrapper/ph1p_ddrmc_top/u_ddr_phy/u_ddrphy_top/u_ddrphy_clk/ioclk[1]$u_ioclk_0, location = x0y19z0, sectorID = 0.
PHY-1001 : Placement of MLCLK instance u_ph1p35_324_ddr_wrapper/u_ddr2/ph1p_ddrmc_wrapper/ph1p_ddrmc_top/u_ddr_phy/u_ddrphy_top/u_ddrphy_clk/u_mlclk_1; location = x0y59z0,  sectorID = 1.
PHY-1001 : DDR MLCLK topology u_ph1p35_324_ddr_wrapper/u_ddr2/ph1p_ddrmc_wrapper/ph1p_ddrmc_top/u_ddr_phy/u_ddrphy_top/u_ddrphy_clk/u_mlclk_2.
PHY-1001 :   Driver: PH1P_PHY_PLL_V2 u_ph1p35_324_ddr_wrapper/u_ddr2/ph1p_ddrmc_wrapper/ph1p_ddrmc_top/u_ddr_phy/u_ddrphy_top/u_ddrphy_clk/u_pll0/u_pll_inst.clkc[2], user location :X0Y40Z0.
PHY-1001 :   Sink: PH1P_PHY_IOCLK u_ph1p35_324_ddr_wrapper/u_ddr2/ph1p_ddrmc_wrapper/ph1p_ddrmc_top/u_ddr_phy/u_ddrphy_top/u_ddrphy_clk/ioclk[0]$u_ioclk_1, location = x0y59z1, sectorID = 1.
PHY-1001 :   Sink: PH1P_PHY_IOCLK u_ph1p35_324_ddr_wrapper/u_ddr2/ph1p_ddrmc_wrapper/ph1p_ddrmc_top/u_ddr_phy/u_ddrphy_top/u_ddrphy_clk/ioclk[1]$u_ioclk_1, location = x0y19z1, sectorID = 0.
PHY-1001 : Placement of MLCLK instance u_ph1p35_324_ddr_wrapper/u_ddr2/ph1p_ddrmc_wrapper/ph1p_ddrmc_top/u_ddr_phy/u_ddrphy_top/u_ddrphy_clk/u_mlclk_2; location = x0y59z1,  sectorID = 1.
PHY-5016 WARNING: PLL clkc is driving an IO without location.
PHY-5016 WARNING: PLL clkc is not driving a clock-capable IO.
PHY-5016 WARNING: PLL clkc is driving an IO without location.
PHY-5016 WARNING: PLL clkc is not driving a clock-capable IO.
PHY-1001 : End Stage 2.1 | Place Fixed Instances; Time: 0.154870s wall, 0.125000s user + 0.031250s system = 0.156250s CPU (100.9%); Memory(MB): used = 1253, reserved = 1344, peak = 1253;

PHY-1001 : Stage 2.2 | Pre-Place DRC Check
PHY-1001 : Stage 2.2.1 | Force Route Constraint Check
PHY-1001 : Check Pass.
PHY-1001 : End Stage 2.2.1 | Force Route Constraint Check; Time: 0.010425s wall, 0.000000s user + 0.000000s system = 0.000000s CPU (n/a%); Memory(MB): used = 1253, reserved = 1344, peak = 1253;

PHY-1001 : End Stage 2.2 | Pre-Place DRC Check; Time: 0.010495s wall, 0.000000s user + 0.000000s system = 0.000000s CPU (n/a%); Memory(MB): used = 1253, reserved = 1344, peak = 1253;

PHY-1001 : Clock GCLK Statistics:
RUN-1001 : GCLK Index: 
RUN-1001 : -------------------------------------------------------------------------------------------------------------------------------------------------------
RUN-1001 :   Index  |                                                          Clock GCLK                                                           |  Location   
RUN-1001 : -------------------------------------------------------------------------------------------------------------------------------------------------------
RUN-1001 :     1    |                           u_mipi_dphy_rx_ph1p_mipiio_wrapper/u_ph1p_mipiio_rx_wrapper/bufg_feedback                           |  x23y39z0   
RUN-1001 :     2    |   u_ph1p35_324_ddr_wrapper/u_ddr2/ph1p_ddrmc_wrapper/ph1p_ddrmc_top/u_ddr_phy/u_ddrphy_top/u_ddrphy_clk/u_pll1/u_bufg_fbclk   |  x23y39z16  
RUN-1001 :     3    |                                              u_hdmi_mixer/I_clk_created_gclkinst                                              |  x23y39z17  
RUN-1001 :     4    |                                               I_sys_clk_dup_6_created_gclkinst                                                |  x23y39z22  
RUN-1001 :     5    |                                               O_cam_24m_dup_1_created_gclkinst                                                |  x23y39z18  
RUN-1001 :     6    |                          u_hdmi_tx/u_hdmi2phy_wrapper/u0_lane_lvds_8_1/I_serial_clk_created_gclkinst                          |  x23y39z19  
RUN-1001 :     7    |  u_ph1p35_324_ddr_wrapper/u_ddr2/ph1p_ddrmc_wrapper/ph1p_ddrmc_top/u_ddr_phy/u_ddrphy_top/u_ddrphy/apb_pclk_created_gclkinst  |  x23y39z20  
RUN-1001 :     8    |                                       u_uicfgcs500/uii2c_inst/scl_clk_created_gclkinst                                        |  x23y39z1   
RUN-1001 :     9    |                                                      u_PLL/bufg_feedback                                                      |  x23y39z21  
RUN-1001 : -------------------------------------------------------------------------------------------------------------------------------------------------------
RUN-1001 : Clock Nets Connect To GCLK Statistics: 
RUN-1001 : -----------------------------------------------------------------------------------------------------------------------------------------------------------------------------------------
RUN-1001 :   Index  |                        Leading Net                        |  CLK/DATA/IO/PLL Sink(s)  |                       Following Net                       |  CLK/DATA/IO/PLL Sink(s)  
RUN-1001 : -----------------------------------------------------------------------------------------------------------------------------------------------------------------------------------------
RUN-1001 :     1    | u_mipi_dphy_rx_ph1p_mipiio_wrapper/u_ph1p_mipiio_rx_w...  |          1/0/0/0          | u_isp_top/u_demosaic/raw_matrix_3x3_buffer_d/zhenghe_...  |        9420/0/0/0         
RUN-1001 :     2    | u_ph1p35_324_ddr_wrapper/u_ddr2/ph1p_ddrmc_wrapper/ph...  |          1/0/0/0          | u_ph1p35_324_ddr_wrapper/u_ddr2/ph1p_ddrmc_wrapper/ph...  |        3538/0/0/0         
RUN-1001 :     3    |                    u_hdmi_mixer/I_clk                     |          1/0/0/0          |                u_hdmi_mixer/I_clk_syn_654                 |        1566/0/0/0         
RUN-1001 :     4    |                      I_sys_clk_dup_6                      |          3/0/0/0          |                      I_sys_clk_syn_8                      |         137/0/0/0         
RUN-1001 :     5    |                      O_cam_24m_dup_1                      |          1/0/0/0          |                      O_cam_24m_syn_3                      |         83/1/0/0          
RUN-1001 :     6    | u_hdmi_tx/u_hdmi2phy_wrapper/u0_lane_lvds_8_1/I_seria...  |          1/0/0/0          | u_hdmi_tx/u_hdmi2phy_wrapper/u0_lane_lvds_8_1/I_seria...  |         61/0/0/0          
RUN-1001 :     7    | u_ph1p35_324_ddr_wrapper/u_ddr2/ph1p_ddrmc_wrapper/ph...  |          1/0/0/0          | u_ph1p35_324_ddr_wrapper/u_ddr2/ph1p_ddrmc_wrapper/ph...  |         43/0/0/0          
RUN-1001 :     8    |              u_uicfgcs500/uii2c_inst/scl_clk              |          1/2/0/0          |           u_uicfgcs500/uii2c_inst/scl_clk_syn_9           |         24/0/0/0          
RUN-1001 :     9    |                      u_PLL/clk0_buf                       |          1/0/0/0          | u_mipi_dphy_rx_ph1p_mipiio_wrapper/u_ph1p_mipiio_rx_w...  |         13/0/0/0          
RUN-1001 : -----------------------------------------------------------------------------------------------------------------------------------------------------------------------------------------
PHY-1001 : Stage 2.3 | Global Placement Step 1
PHY-3001 : Target density is 60%
PHY-1001 : Stage 2.3.1 | Update Timing
RUN-1002 : start command "start_timer"
RUN-1003 : finish command "start_timer" in  2.658019s wall, 2.625000s user + 0.015625s system = 2.640625s CPU (99.3%)

RUN-1004 : used memory is 1263 MB, reserved memory is 1346 MB, peak memory is 1263 MB
PHY-1001 : SWNS: -85, STNS: -3400, FEP: 40
PHY-1001 : End Stage 2.3.1 | Update Timing; Time: 4.891784s wall, 4.765625s user + 0.031250s system = 4.796875s CPU (98.1%); Memory(MB): used = 1263, reserved = 1346, peak = 1263;

PHY-0007 : Cell area utilization is 60%
RUN-1001 : Huge Net Statistic
RUN-1001 : ----------------------------------------------------------------------------------------------------------------------------------------------------------------------------------------
RUN-1001 :   Fanout  |  Slack  |                                                                                Net                                                                                
RUN-1001 : ----------------------------------------------------------------------------------------------------------------------------------------------------------------------------------------
RUN-1001 :    3991   |   Inf   |                                                               u_traffic_sign_result_cdc/I_src_rst_n                                                               
RUN-1001 :    1472   |  11982  |                                u_ph1p35_324_ddr_wrapper/u_ddr2/ph1p_ddrmc_wrapper/ph1p_ddrmc_top/u_alc_mc_top/u_rbuf_addr_fifo/rst                                
RUN-1001 :    1089   |   Inf   |  u_ph1p35_324_ddr_wrapper/u_ddr2/ph1p_ddrmc_wrapper/ph1p_ddrmc_top/u_ddr_phy/u_ddrphy_top/u_ddrphy/dx_byte[1]$dx_byte_used$u_ddrphy_dx_byte_wrapper/dx_phy_rst_n  
RUN-1001 : ----------------------------------------------------------------------------------------------------------------------------------------------------------------------------------------
PHY-3001 : Clustering ...
PHY-3001 : End clustering;  0.151951s wall, 0.156250s user + 0.000000s system = 0.156250s CPU (102.8%)

PHY-3001 : Target density is 60%
PHY-1001 : Stage 2.3.2 | GP Iteration
PHY-1001 : End Stage 2.3.2 | GP Iteration; Time: 1.955522s wall, 8.640625s user + 4.218750s system = 12.859375s CPU (657.6%); Memory(MB): used = 1264, reserved = 1346, peak = 1264;

PHY-3001 : Multithread accelerating rate: 6.03
RUN-1002 : start command "start_timer"
USR-1002 : Derived clock:  create_generated_clock -name {u_PLL/ph1p_phy_pll_wrapper_25a56e5ce2f9_Inst/u_PH1P_PHY_PLL.clkc[0]} -source [get_ports {I_sys_clk}] -master_clock {sys_clk_50m} -multiply_by 2.0000 -duty_cycle 50.0000 [get_pins {u_PLL/ph1p_phy_pll_wrapper_25a56e5ce2f9_Inst/u_PH1P_PHY_PLL.clkc[0]}]
USR-1002 : Derived clock:  create_generated_clock -name {u_PLL/ph1p_phy_pll_wrapper_25a56e5ce2f9_Inst/u_PH1P_PHY_PLL.clkc[1]} -source [get_ports {I_sys_clk}] -master_clock {sys_clk_50m} -divide_by 2.0769 -duty_cycle 50.0000 [get_pins {u_PLL/ph1p_phy_pll_wrapper_25a56e5ce2f9_Inst/u_PH1P_PHY_PLL.clkc[1]}]
USR-1002 : Derived clock:  create_generated_clock -name {u_PLL/ph1p_phy_pll_wrapper_25a56e5ce2f9_Inst/u_PH1P_PHY_PLL.clkc[4]} -source [get_ports {I_sys_clk}] -master_clock {sys_clk_50m} -multiply_by 1.0400 -duty_cycle 50.0000 [get_pins {u_PLL/ph1p_phy_pll_wrapper_25a56e5ce2f9_Inst/u_PH1P_PHY_PLL.clkc[4]}]
USR-1002 : Derived clock:  create_generated_clock -name {u_PLL/ph1p_phy_pll_wrapper_25a56e5ce2f9_Inst/u_PH1P_PHY_PLL.clkc[5]} -source [get_ports {I_sys_clk}] -master_clock {sys_clk_50m} -multiply_by 5.2000 -duty_cycle 50.0000 [get_pins {u_PLL/ph1p_phy_pll_wrapper_25a56e5ce2f9_Inst/u_PH1P_PHY_PLL.clkc[5]}]
USR-1002 : Derived clock:  create_generated_clock -name {u_ph1p35_324_ddr_wrapper/u_ddr2/ph1p_ddrmc_wrapper/ph1p_ddrmc_top/u_ddr_phy/u_ddrphy_top/u_ddrphy_clk/u_pll0/u_pll_inst.clkc[0]} -source [get_ports {I_sys_clk}] -master_clock {sys_clk_50m} -multiply_by 1.3333 -duty_cycle 50.0000 [get_pins {u_ph1p35_324_ddr_wrapper/u_ddr2/ph1p_ddrmc_wrapper/ph1p_ddrmc_top/u_ddr_phy/u_ddrphy_top/u_ddrphy_clk/u_pll0/u_pll_inst.clkc[0]}]
USR-1002 : Derived clock:  create_generated_clock -name {u_ph1p35_324_ddr_wrapper/u_ddr2/ph1p_ddrmc_wrapper/ph1p_ddrmc_top/u_ddr_phy/u_ddrphy_top/u_ddrphy_clk/u_pll0/u_pll_inst.clkc[1]} -source [get_ports {I_sys_clk}] -master_clock {sys_clk_50m} -multiply_by 1.3333 -duty_cycle 50.0000 [get_pins {u_ph1p35_324_ddr_wrapper/u_ddr2/ph1p_ddrmc_wrapper/ph1p_ddrmc_top/u_ddr_phy/u_ddrphy_top/u_ddrphy_clk/u_pll0/u_pll_inst.clkc[1]}]
USR-1002 : Derived clock:  create_generated_clock -name {u_ph1p35_324_ddr_wrapper/u_ddr2/ph1p_ddrmc_wrapper/ph1p_ddrmc_top/u_ddr_phy/u_ddrphy_top/u_ddrphy_clk/u_pll0/u_pll_inst.clkc[2]} -source [get_ports {I_sys_clk}] -master_clock {sys_clk_50m} -multiply_by 5.3333 -duty_cycle 50.0000 [get_pins {u_ph1p35_324_ddr_wrapper/u_ddr2/ph1p_ddrmc_wrapper/ph1p_ddrmc_top/u_ddr_phy/u_ddrphy_top/u_ddrphy_clk/u_pll0/u_pll_inst.clkc[2]}]
USR-1002 : Derived clock:  create_generated_clock -name {u_ph1p35_324_ddr_wrapper/u_ddr2/ph1p_ddrmc_wrapper/ph1p_ddrmc_top/u_ddr_phy/u_ddrphy_top/u_ddrphy_clk/u_pll0/u_pll_inst.clkc[3]} -source [get_ports {I_sys_clk}] -master_clock {sys_clk_50m} -divide_by 1.9687 -duty_cycle 50.0000 [get_pins {u_ph1p35_324_ddr_wrapper/u_ddr2/ph1p_ddrmc_wrapper/ph1p_ddrmc_top/u_ddr_phy/u_ddrphy_top/u_ddrphy_clk/u_pll0/u_pll_inst.clkc[3]}]
USR-1002 : Derived clock:  create_generated_clock -name {u_ph1p35_324_ddr_wrapper/u_ddr2/ph1p_ddrmc_wrapper/ph1p_ddrmc_top/u_ddr_phy/u_ddrphy_top/u_ddrphy_clk/u_pll1/u_pll_inst.clkc[0]} -source [get_pins {u_ph1p35_324_ddr_wrapper/u_ddr2/ph1p_ddrmc_wrapper/ph1p_ddrmc_top/u_ddr_phy/u_ddrphy_top/u_ddrphy_clk/u_pll0/u_pll_inst.clkc[0]}] -master_clock {u_ph1p35_324_ddr_wrapper/u_ddr2/ph1p_ddrmc_wrapper/ph1p_ddrmc_top/u_ddr_phy/u_ddrphy_top/u_ddrphy_clk/u_pll0/u_pll_inst.clkc[0]} -multiply_by 1.0000 -duty_cycle 50.0000 [get_pins {u_ph1p35_324_ddr_wrapper/u_ddr2/ph1p_ddrmc_wrapper/ph1p_ddrmc_top/u_ddr_phy/u_ddrphy_top/u_ddrphy_clk/u_pll1/u_pll_inst.clkc[0]}]
8.888000
15.000000
15.000000
19.230000
RUN-1003 : finish command "start_timer" in  2.798285s wall, 2.765625s user + 0.000000s system = 2.765625s CPU (98.8%)

RUN-1004 : used memory is 1264 MB, reserved memory is 1346 MB, peak memory is 1264 MB
TMR-2502 : Net delay update with mode: Placed
PHY-3001 : No need to merge 9x9 Dsps.
PHY-1001 : Populate physical database on model design_top_wrapper.
PHY-1001 : End Stage 2.3 | Global Placement Step 1; Time: 12.659294s wall, 19.140625s user + 4.250000s system = 23.390625s CPU (184.8%); Memory(MB): used = 1308, reserved = 1346, peak = 1308;

PHY-1001 : Stage 2.4 | RAM/DSP Legalization and Detailed Placement
PHY-1001 : Stage 2.4.1 | Legalization
PHY-3001 : Before Legalized: Len = 1.92356e+06
PHY-3001 : After Legalized: Len = 1.92863e+06, Over = 159.719
PHY-1001 : End Stage 2.4.1 | Legalization; Time: 2.515780s wall, 2.437500s user + 0.015625s system = 2.453125s CPU (97.5%); Memory(MB): used = 1311, reserved = 1346, peak = 1311;

PHY-1001 : Stage 2.4.2 | Detailed Placement
PHY-1001 : Stage 2.4.2.1 | Simulated Annealing Based DP
PHY-0007 : Initial: WL Cost = 174962, TD Cost = 1.5981e+06, SWNS = 2123, STNS = 0, Nums per T = 510, Range Limit = 2x32
PHY-0007 : Finally: WL Cost = 172890, TD Cost = 1.57058e+06, WL Ratio = 0.988158, TD Ratio = 0.982778, SWNS = 2123, STNS = 0
RUN-1001 : Print Detailed placement's Summary information
RUN-1001 : -------------------------------------------------------------------------------------------------------------------------------
RUN-1001 :             |  Total  |  Accept  |  Reject by overFlow  |  Reject by worseCost  |  Failed by noTarget  |  Failed by gridCheck  
RUN-1001 : -------------------------------------------------------------------------------------------------------------------------------
RUN-1001 :   RAM/DSPs  |  2040   |    61    |          0           |         1979          |          0           |           0           
RUN-1001 :    Macros   |   836   |    21    |          0           |          815          |          0           |           0           
RUN-1001 : -------------------------------------------------------------------------------------------------------------------------------
PHY-1001 : End Stage 2.4.2.1 | Simulated Annealing Based DP; Time: 2.927254s wall, 4.250000s user + 0.187500s system = 4.437500s CPU (151.6%); Memory(MB): used = 1313, reserved = 1346, peak = 1313;

PHY-3001 : End Detailed Place; 
PHY-1001 : End Stage 2.4.2 | Detailed Placement; Time: 3.219090s wall, 4.515625s user + 0.187500s system = 4.703125s CPU (146.1%); Memory(MB): used = 1313, reserved = 1346, peak = 1313;

PHY-1001 : End Stage 2.4 | RAM/DSP Legalization and Detailed Placement; Time: 5.735829s wall, 6.953125s user + 0.203125s system = 7.156250s CPU (124.8%); Memory(MB): used = 1313, reserved = 1346, peak = 1313;

PHY-1001 : Stage 2.5 | Global Placement Step 2
PHY-3001 : Target density is 60%
PHY-1001 : Stage 2.5.1 | Update Timing
PHY-1001 : SWNS: 2123, STNS: 0, FEP: 0
PHY-1001 : End Stage 2.5.1 | Update Timing; Time: 0.253993s wall, 0.250000s user + 0.000000s system = 0.250000s CPU (98.4%); Memory(MB): used = 1313, reserved = 1346, peak = 1313;

PHY-1001 : Stage 2.5.2 | Refresh Congestion
RUN-1001 : Generating global routing grids ...
RUN-1001 : Building simple global routing graph ...
PHY-1001 : Generate routing nets ...
PHY-1001 : Reuse net number 0/14856.
PHY-1001 : Global iterations in 32 thread ...
PHY-1002 : len = 2.05362e+06, over cnt = 2705(3%), over = 13802, worst = 64
PHY-1001 : End global iterations;  1.041451s wall, 1.750000s user + 0.015625s system = 1.765625s CPU (169.5%)

PHY-1001 : Congestion index:
PHY-1001 : top1  = 165.27(S 123.85, N 103.59, E 151.81, W 135.17, I 280.43, O 341.37)
PHY-1001 : top5  = 123.30(S 84.48, N 68.50, E 100.74, W 89.93, I 180.31, O 212.29)
PHY-1001 : top10 = 102.13(S 67.60, N 53.76, E 78.86, W 70.52, I 137.72, O 161.45)
PHY-1001 : top15 = 89.70(S 57.58, N 45.31, E 66.08, W 59.52, I 112.78, O 131.74)
PHY-1001 : End Stage 2.5.2 | Refresh Congestion; Time: 1.663402s wall, 2.296875s user + 0.031250s system = 2.328125s CPU (140.0%); Memory(MB): used = 1401, reserved = 1383, peak = 1401;

PHY-1001 : Stage 2.5.3 | GP Iteration
PHY-1001 : End Stage 2.5.3 | GP Iteration; Time: 2.473887s wall, 18.140625s user + 0.546875s system = 18.687500s CPU (755.4%); Memory(MB): used = 1406, reserved = 1388, peak = 1406;

PHY-3001 : Multithread accelerating rate: 7.37
PHY-1001 : End Stage 2.5 | Global Placement Step 2; Time: 7.040976s wall, 23.328125s user + 0.578125s system = 23.906250s CPU (339.5%); Memory(MB): used = 1409, reserved = 1391, peak = 1409;

PHY-1001 : Stage 2.6 | RAM/DSP Detailed Placement
PHY-1001 : Stage 2.6.1 | Detailed Placement
PHY-1001 : Stage 2.6.1.1 | Simulated Annealing Based DP
PHY-0007 : Initial: WL Cost = 150472, TD Cost = 1.66224e+06, SWNS = 1624, STNS = 0, Nums per T = 510, Range Limit = 2x32
PHY-0007 : Finally: WL Cost = 150325, TD Cost = 1.66219e+06, WL Ratio = 0.999023, TD Ratio = 0.999965, SWNS = 1624, STNS = 0
RUN-1001 : Print Detailed placement's Summary information
RUN-1001 : -------------------------------------------------------------------------------------------------------------------------------
RUN-1001 :             |  Total  |  Accept  |  Reject by overFlow  |  Reject by worseCost  |  Failed by noTarget  |  Failed by gridCheck  
RUN-1001 : -------------------------------------------------------------------------------------------------------------------------------
RUN-1001 :   RAM/DSPs  |  1530   |    9     |          0           |         1521          |          0           |           0           
RUN-1001 :    Macros   |   625   |    4     |          0           |          621          |          0           |           0           
RUN-1001 : -------------------------------------------------------------------------------------------------------------------------------
PHY-1001 : End Stage 2.6.1.1 | Simulated Annealing Based DP; Time: 2.514786s wall, 2.859375s user + 0.000000s system = 2.859375s CPU (113.7%); Memory(MB): used = 1412, reserved = 1394, peak = 1412;

PHY-3001 : End Detailed Place; 
PHY-1001 : End Stage 2.6.1 | Detailed Placement; Time: 2.792883s wall, 3.125000s user + 0.000000s system = 3.125000s CPU (111.9%); Memory(MB): used = 1412, reserved = 1394, peak = 1412;

PHY-1001 : Stage 2.6.2 | Spreading
OPT-1001 : Total overflow 775.47 peak overflow 7.16
PHY-3001 : Spreading for sector grids.
PHY-3001 : Iter 1, total overflow: 0
PHY-3001 : tot_capacity: 36, usage_cnt: 17, movable_cnt: 27
PHY-3001 : End spreading;  0.149097s wall, 0.140625s user + 0.000000s system = 0.140625s CPU (94.3%)

PHY-1001 : End Stage 2.6.2 | Spreading; Time: 0.149179s wall, 0.140625s user + 0.000000s system = 0.140625s CPU (94.3%); Memory(MB): used = 1412, reserved = 1394, peak = 1412;

PHY-1001 : End Stage 2.6 | RAM/DSP Detailed Placement; Time: 3.230826s wall, 3.546875s user + 0.000000s system = 3.546875s CPU (109.8%); Memory(MB): used = 1412, reserved = 1394, peak = 1412;

PHY-1001 : Stage 2.7 | Optimize Design
OPT-1001 : Start physical optimization ...
OPT-1001 : Total overflow 775.47 peak overflow 7.16
OPT-1001 : Stage 2.7.1 | Synthesize High-fanout Net
OPT-1001 : Start high-fanout net optimization in pre-pack flow with medium effort ...
OPT-1001 : Update timing in Manhattan mode
OPT-1001 : End timing update;  2.106952s wall, 2.031250s user + 0.000000s system = 2.031250s CPU (96.4%)

OPT-1001 : Start: SWNS 1624 STNS 0 NUM_FEPS 0
OPT-1001 : Total overflow 775.47 peak overflow 7.16
PHY-1001 : Populate physical database on model design_top_wrapper.
OPT-1001 : 20 high-fanout net processed.
PHY-3001 : Start incremental placement ...
PHY-1001 : Populate physical database on model design_top_wrapper.
PHY-1001 : Processing 2 clock pins of DDR instance u_ph1p35_324_ddr_wrapper/u_ddr2/ph1p_ddrmc_wrapper/ph1p_ddrmc_top/u_ddr_phy/u_ddrphy_top/u_ddrphy/ac_byte[0]$ac_byte_used$u_ddrphy_ac_byte_wrapper/u_ddrphy_byte, location = x0y70z0.
PHY-1001 :   Placed ioclk instance u_ph1p35_324_ddr_wrapper/u_ddr2/ph1p_ddrmc_wrapper/ph1p_ddrmc_top/u_ddr_phy/u_ddrphy_top/u_ddrphy_clk/ioclk[0]$u_ioclk_1, location = x0y59z1.
PHY-1001 :   Placed ioclk instance u_ph1p35_324_ddr_wrapper/u_ddr2/ph1p_ddrmc_wrapper/ph1p_ddrmc_top/u_ddr_phy/u_ddrphy_top/u_ddrphy_clk/ioclk[0]$u_ioclk_0, location = x0y59z0.
PHY-1001 : Processing 2 clock pins of DDR instance u_ph1p35_324_ddr_wrapper/u_ddr2/ph1p_ddrmc_wrapper/ph1p_ddrmc_top/u_ddr_phy/u_ddrphy_top/u_ddrphy/ac_byte[1]$ac_byte_used$u_ddrphy_ac_byte_wrapper/u_ddrphy_byte, location = x0y60z0.
PHY-1001 :   Placed ioclk instance u_ph1p35_324_ddr_wrapper/u_ddr2/ph1p_ddrmc_wrapper/ph1p_ddrmc_top/u_ddr_phy/u_ddrphy_top/u_ddrphy_clk/ioclk[0]$u_ioclk_1, location = x0y59z1.
PHY-1001 :   Placed ioclk instance u_ph1p35_324_ddr_wrapper/u_ddr2/ph1p_ddrmc_wrapper/ph1p_ddrmc_top/u_ddr_phy/u_ddrphy_top/u_ddrphy_clk/ioclk[0]$u_ioclk_0, location = x0y59z0.
PHY-1001 : Processing 2 clock pins of DDR instance u_ph1p35_324_ddr_wrapper/u_ddr2/ph1p_ddrmc_wrapper/ph1p_ddrmc_top/u_ddr_phy/u_ddrphy_top/u_ddrphy/ac_byte[2]$ac_byte_used$u_ddrphy_ac_byte_wrapper/u_ddrphy_byte, location = x0y50z0.
PHY-1001 :   Placed ioclk instance u_ph1p35_324_ddr_wrapper/u_ddr2/ph1p_ddrmc_wrapper/ph1p_ddrmc_top/u_ddr_phy/u_ddrphy_top/u_ddrphy_clk/ioclk[0]$u_ioclk_1, location = x0y59z1.
PHY-1001 :   Placed ioclk instance u_ph1p35_324_ddr_wrapper/u_ddr2/ph1p_ddrmc_wrapper/ph1p_ddrmc_top/u_ddr_phy/u_ddrphy_top/u_ddrphy_clk/ioclk[0]$u_ioclk_0, location = x0y59z0.
PHY-1001 : Processing 2 clock pins of DDR instance u_ph1p35_324_ddr_wrapper/u_ddr2/ph1p_ddrmc_wrapper/ph1p_ddrmc_top/u_ddr_phy/u_ddrphy_top/u_ddrphy/ac_byte[3]$ac_byte_used$u_ddrphy_ac_byte_wrapper/u_ddrphy_byte, location = x0y40z0.
PHY-1001 :   Placed ioclk instance u_ph1p35_324_ddr_wrapper/u_ddr2/ph1p_ddrmc_wrapper/ph1p_ddrmc_top/u_ddr_phy/u_ddrphy_top/u_ddrphy_clk/ioclk[0]$u_ioclk_1, location = x0y59z1.
PHY-1001 :   Placed ioclk instance u_ph1p35_324_ddr_wrapper/u_ddr2/ph1p_ddrmc_wrapper/ph1p_ddrmc_top/u_ddr_phy/u_ddrphy_top/u_ddrphy_clk/ioclk[0]$u_ioclk_0, location = x0y59z0.
PHY-1001 : Processing 2 clock pins of DDR instance u_ph1p35_324_ddr_wrapper/u_ddr2/ph1p_ddrmc_wrapper/ph1p_ddrmc_top/u_ddr_phy/u_ddrphy_top/u_ddrphy/dx_byte[0]$dx_byte_used$u_ddrphy_dx_byte_wrapper/u_ddrphy_byte, location = x0y30z0.
PHY-1001 :   Placed ioclk instance u_ph1p35_324_ddr_wrapper/u_ddr2/ph1p_ddrmc_wrapper/ph1p_ddrmc_top/u_ddr_phy/u_ddrphy_top/u_ddrphy_clk/ioclk[1]$u_ioclk_1, location = x0y19z1.
PHY-1001 :   Placed ioclk instance u_ph1p35_324_ddr_wrapper/u_ddr2/ph1p_ddrmc_wrapper/ph1p_ddrmc_top/u_ddr_phy/u_ddrphy_top/u_ddrphy_clk/ioclk[1]$u_ioclk_0, location = x0y19z0.
PHY-1001 : Processing 2 clock pins of DDR instance u_ph1p35_324_ddr_wrapper/u_ddr2/ph1p_ddrmc_wrapper/ph1p_ddrmc_top/u_ddr_phy/u_ddrphy_top/u_ddrphy/dx_byte[1]$dx_byte_used$u_ddrphy_dx_byte_wrapper/u_ddrphy_byte, location = x0y10z0.
PHY-1001 :   Placed ioclk instance u_ph1p35_324_ddr_wrapper/u_ddr2/ph1p_ddrmc_wrapper/ph1p_ddrmc_top/u_ddr_phy/u_ddrphy_top/u_ddrphy_clk/ioclk[1]$u_ioclk_1, location = x0y19z1.
PHY-1001 :   Placed ioclk instance u_ph1p35_324_ddr_wrapper/u_ddr2/ph1p_ddrmc_wrapper/ph1p_ddrmc_top/u_ddr_phy/u_ddrphy_top/u_ddrphy_clk/ioclk[1]$u_ioclk_0, location = x0y19z0.
PHY-3001 : Target density is 60%
PHY-3001 : Target density is 60%
PHY-1001 : Stage 2.7.1.1 | Update Timing
PHY-1001 : SWNS: 1624, STNS: 0, FEP: 0
PHY-1001 : End Stage 2.7.1.1 | Update Timing; Time: 0.252035s wall, 0.250000s user + 0.000000s system = 0.250000s CPU (99.2%); Memory(MB): used = 1421, reserved = 1402, peak = 1421;

PHY-1001 : Stage 2.7.1.2 | Refresh Congestion
RUN-1001 : Generating global routing grids ...
PHY-1001 : Generate routing nets ...
PHY-1001 : Reuse net number 202/27232.
PHY-1001 : Global iterations in 32 thread ...
PHY-1002 : len = 1.76582e+06, over cnt = 3518(4%), over = 19148, worst = 53
PHY-1001 : End global iterations;  1.716426s wall, 3.031250s user + 0.015625s system = 3.046875s CPU (177.5%)

PHY-1001 : Congestion index:
PHY-1001 : top1  = 176.04(S 130.92, N 132.81, E 129.07, W 150.82, I 196.93, O 208.06)
PHY-1001 : top5  = 129.80(S 92.53, N 80.86, E 96.16, W 99.34, I 126.00, O 133.56)
PHY-1001 : top10 = 111.05(S 76.04, N 61.64, E 80.18, W 79.59, I 97.76, O 106.64)
PHY-1001 : top15 = 99.62(S 65.54, N 51.37, E 70.06, W 68.37, I 82.24, O 91.40)
PHY-1001 : End Stage 2.7.1.2 | Refresh Congestion; Time: 2.051166s wall, 3.671875s user + 0.031250s system = 3.703125s CPU (180.5%); Memory(MB): used = 1421, reserved = 1403, peak = 1421;

PHY-1001 : Stage 2.7.1.3 | GP Iteration
PHY-1001 : End Stage 2.7.1.3 | GP Iteration; Time: 2.927223s wall, 18.218750s user + 0.687500s system = 18.906250s CPU (645.9%); Memory(MB): used = 1423, reserved = 1405, peak = 1423;

PHY-3001 : Multithread accelerating rate: 6.35
OPT-1001 : Total overflow 756.69 peak overflow 7.62
PHY-3001 : Spreading for sector grids.
PHY-3001 : Iter 1, total overflow: 0
PHY-3001 : tot_capacity: 48, usage_cnt: 22, movable_cnt: 36
PHY-3001 : End spreading;  0.160389s wall, 0.593750s user + 0.031250s system = 0.625000s CPU (389.7%)

PHY-3001 : Final: Len = 1.46785e+06, Over = 173.812
PHY-3001 : End incremental placement;  5.986005s wall, 23.328125s user + 0.750000s system = 24.078125s CPU (402.2%)

OPT-1001 : Total overflow 756.69 peak overflow 7.62
RUN-1001 : HFN opt statistic
RUN-1001 : ------------------------------------------------------
RUN-1001 :   DriverCell type  |  HFN count  |  Duplicated count  
RUN-1001 : ------------------------------------------------------
RUN-1001 :         REG        |      1      |         3          
RUN-1001 :        LUT6        |      1      |         3          
RUN-1001 :        LUT5        |      0      |         0          
RUN-1001 :        LUT4        |      0      |         0          
RUN-1001 :        LUT3        |      0      |         0          
RUN-1001 :        LUT2        |     18      |         86         
RUN-1001 :        TOTAL       |     20      |         92         
RUN-1001 : ------------------------------------------------------
OPT-1001 : End high-fanout net optimization;  9.912148s wall, 27.562500s user + 0.796875s system = 28.359375s CPU (286.1%)

OPT-1001 : Update timing in Manhattan mode
OPT-1001 : End timing update;  2.425258s wall, 2.343750s user + 0.031250s system = 2.375000s CPU (97.9%)

OPT-1001 : Current memory(MB): used = 1423, reserved = 1405, peak = 1423.
OPT-1001 : End Stage 2.7.1 | Synthesize High-fanout Net; Time: 12.626243s wall, 30.187500s user + 0.828125s system = 31.015625s CPU (245.6%); Memory(MB): used = 1423, reserved = 1405, peak = 1423;

OPT-1001 : Stage 2.7.2 | Global Optimization
OPT-1001 : Start global optimization ...
OPT-0007 : Start: SWNS 1810 STNS 0 NUM_FEPS 0
OPT-1001 : Start congestion update ...
RUN-1001 : Generating global routing grids ...
PHY-1001 : Generate routing nets ...
PHY-1001 : Reuse net number 3193/26367.
PHY-1001 : Global iterations in 32 thread ...
PHY-1002 : len = 1.76701e+06, over cnt = 3461(4%), over = 10731, worst = 21
PHY-1002 : len = 1.91926e+06, over cnt = 2796(3%), over = 6286, worst = 19
PHY-1002 : len = 2.05307e+06, over cnt = 1334(1%), over = 2492, worst = 11
PHY-1002 : len = 2.1403e+06, over cnt = 574(0%), over = 1040, worst = 10
PHY-1002 : len = 2.2187e+06, over cnt = 0(0%), over = 0, worst = 0
PHY-1001 : End global iterations;  4.222054s wall, 6.015625s user + 0.078125s system = 6.093750s CPU (144.3%)

PHY-1001 : Congestion index:
PHY-1001 : top1  = 91.93(S 77.90, N 69.52, E 81.46, W 89.28, I 194.74, O 187.83)
PHY-1001 : top5  = 78.99(S 65.46, N 55.84, E 66.16, W 71.47, I 120.65, O 126.99)
PHY-1001 : top10 = 72.09(S 58.96, N 48.36, E 58.30, W 62.26, I 94.06, O 103.06)
PHY-1001 : top15 = 67.61(S 54.65, N 43.40, E 52.81, W 56.43, I 79.93, O 88.54)
OPT-1001 : End congestion update;  4.797866s wall, 6.562500s user + 0.093750s system = 6.656250s CPU (138.7%)

OPT-0007 : Iter 1: improved SWNS 1845 STNS 0 NUM_FEPS 0 with 50 cells processed and 2448 slack improved
OPT-0007 : Iter 2: improved SWNS 1845 STNS 0 NUM_FEPS 0 with 7 cells processed and 105 slack improved
OPT-1001 : Overall commit ratio 0.51
OPT-1001 : End global optimization;  5.016912s wall, 6.750000s user + 0.093750s system = 6.843750s CPU (136.4%)

OPT-1001 : Current memory(MB): used = 1423, reserved = 1405, peak = 1423.
OPT-1001 : End Stage 2.7.2 | Global Optimization; Time: 6.104087s wall, 7.796875s user + 0.125000s system = 7.921875s CPU (129.8%); Memory(MB): used = 1423, reserved = 1405, peak = 1423;

OPT-0007 : End flow prepack: SWNS 1845 STNS 0 NUM_FEPS 0
OPT-1001 : End physical optimization;  18.805219s wall, 38.265625s user + 0.953125s system = 39.218750s CPU (208.6%)

PHY-1001 : End Stage 2.7 | Optimize Design; Time: 18.810931s wall, 38.265625s user + 0.953125s system = 39.218750s CPU (208.5%); Memory(MB): used = 1423, reserved = 1405, peak = 1423;

PHY-1001 : Stage 2.8 | Pack and Legalization
PHY-1001 : Stage 2.8.1 | Direct Legalization
PHY-3001 : Start Direct Legalization ...
PHY-3001 : Get top1 grid util = 0.798794, top1_avg = 0.798794.
PHY-1001 : Populate physical database on model design_top_wrapper.
PHY-3001 : Target density is 60%
PHY-3001 : Before Legalization for Slice Macros, Len = 1.46853e+06.
RUN-1001 : Legalization top10 inst displacement:
RUN-1001 : --------------------------------------------------------------------------------------------------------------------------------------------------------------------------------------------------------------------------------------
RUN-1001 :   Index  |  Bounded  |  Height  |        Location        |  Disp. (slots)  |  Disp. (grids)  |                                                                  Name                                                                  
RUN-1001 : --------------------------------------------------------------------------------------------------------------------------------------------------------------------------------------------------------------------------------------
RUN-1001 :     1    |     N     |    8     |   x2y58z4 to x5y55z0   |       52        |        6        |        u_ph1p35_324_ddr_wrapper/u_ddr2/ph1p_ddrmc_wrapper/ph1p_ddrmc_top/u_ddr_phy/u_ddrphy_top/u_ddrphy_init/ramread0_syn_111         
RUN-1001 :     2    |     N     |    8     |   x2y58z4 to x5y61z0   |       44        |        6        |         u_ph1p35_324_ddr_wrapper/u_ddr2/ph1p_ddrmc_wrapper/ph1p_ddrmc_top/u_ddr_phy/u_ddrphy_top/u_ddrphy_init/ramread0_syn_91         
RUN-1001 :     3    |     N     |    8     |    x4y7z6 to x9y8z0    |       42        |        6        |  u_ph1p35_324_ddr_wrapper/u_ddr2/ph1p_ddrmc_wrapper/ph1p_ddrmc_top/u_alc_mc_top/u_rd_data/rd_buffer[0]$u_rd_data_buf/ramread0_syn_112  
RUN-1001 :     4    |     N     |    8     |    x3y4z7 to x5y2z0    |       39        |        4        |  u_ph1p35_324_ddr_wrapper/u_ddr2/ph1p_ddrmc_wrapper/ph1p_ddrmc_top/u_alc_mc_top/u_rd_data/rd_buffer[0]$u_rd_data_buf/ramread0_syn_152  
RUN-1001 :     5    |     N     |    8     |    x2y6z5 to x5y5z0    |       37        |        4        |       u_ph1p35_324_ddr_wrapper/u_ddr2/ph1p_ddrmc_wrapper/ph1p_ddrmc_top/u_phy2mc_fifo/byteIdx_1[1]$u_wfifo_sync/ramread0_syn_48        
RUN-1001 :     6    |     N     |    8     |   x2y58z4 to x5y60z0   |       36        |        5        |         u_ph1p35_324_ddr_wrapper/u_ddr2/ph1p_ddrmc_wrapper/ph1p_ddrmc_top/u_ddr_phy/u_ddrphy_top/u_ddrphy_init/ramread0_syn_71         
RUN-1001 :     7    |     N     |    8     |   x2y14z4 to x5y13z0   |       36        |        4        |       u_ph1p35_324_ddr_wrapper/u_ddr2/ph1p_ddrmc_wrapper/ph1p_ddrmc_top/u_phy2mc_fifo/byteIdx_1[0]$u_wfifo_sync/ramread0_syn_68        
RUN-1001 :     8    |     N     |    8     |   x2y57z7 to x5y57z0   |       31        |        3        |        u_ph1p35_324_ddr_wrapper/u_ddr2/ph1p_ddrmc_wrapper/ph1p_ddrmc_top/u_ddr_phy/u_ddrphy_top/u_ddrphy_init/ramread0_syn_151         
RUN-1001 :     9    |     N     |    8     |   x2y56z6 to x5y56z0   |       30        |        3        |        u_ph1p35_324_ddr_wrapper/u_ddr2/ph1p_ddrmc_wrapper/ph1p_ddrmc_top/u_ddr_phy/u_ddrphy_top/u_ddrphy_init/ramread0_syn_131         
RUN-1001 :    10    |     N     |    8     |  x32y49z6 to x29y49z0  |       30        |        3        |                                          u_isp_top/u_image_process_stream_96/ramread1_syn_665                                          
RUN-1001 : --------------------------------------------------------------------------------------------------------------------------------------------------------------------------------------------------------------------------------------
PHY-3001 : After Legalization for Slice Macros, Len = 1.54669e+06.
RUN-1001 : Generating global routing grids ...
PHY-1001 : Generate routing nets ...
PHY-1001 : Reuse net number 23351/26643.
RUN-1002 : start command "update_timing -mode MANHATTAN"
RUN-1002 : start command "start_timer"
RUN-1003 : finish command "start_timer" in  2.428203s wall, 2.406250s user + 0.031250s system = 2.437500s CPU (100.4%)

RUN-1004 : used memory is 1449 MB, reserved memory is 1431 MB, peak memory is 1449 MB
RUN-1003 : finish command "update_timing -mode MANHATTAN" in  4.460036s wall, 4.406250s user + 0.031250s system = 4.437500s CPU (99.5%)

RUN-1004 : used memory is 1450 MB, reserved memory is 1431 MB, peak memory is 1450 MB
PHY-1001 : Global iterations in 32 thread ...
PHY-1002 : len = 2.25422e+06, over cnt = 1048(1%), over = 2389, worst = 13
PHY-1002 : len = 2.27515e+06, over cnt = 861(1%), over = 1512, worst = 13
PHY-1002 : len = 2.30725e+06, over cnt = 305(0%), over = 438, worst = 8
PHY-1002 : len = 2.31694e+06, over cnt = 86(0%), over = 112, worst = 8
PHY-1002 : len = 2.3207e+06, over cnt = 13(0%), over = 20, worst = 3
PHY-1001 : End global iterations;  1.219165s wall, 1.578125s user + 0.031250s system = 1.609375s CPU (132.0%)

PHY-1001 : Congestion index:
PHY-1001 : top1  = 92.53(S 77.43, N 71.54, E 82.70, W 89.85, I 178.43, O 182.65)
PHY-1001 : top5  = 79.72(S 65.68, N 57.00, E 66.47, W 72.13, I 111.15, O 123.73)
PHY-1001 : top10 = 72.60(S 59.27, N 49.39, E 58.89, W 62.87, I 88.73, O 100.97)
PHY-1001 : top15 = 68.07(S 54.84, N 44.38, E 53.94, W 57.07, I 76.66, O 87.65)
PHY-3001 : Total Iter 151, legal = 27233 / 27233 (100.00%), avg_move = 32.68, max_move = 312.
PHY-3001 : There are no illegal insts.
PHY-1001 : Populate physical database on model design_top_wrapper.
PHY-3001 : End Direct Legalization;  30.811263s wall, 236.921875s user + 2.796875s system = 239.718750s CPU (778.0%)

RUN-1001 : Summary of LUT-FF Pairs
RUN-1001 : ---------------------------------------------------------------
RUN-1001 :   Num of Fanout Seqs  |   1x   |  2x  |  3~5  |  6~10  |  >10  
RUN-1001 : ---------------------------------------------------------------
RUN-1001 :         Total         |  7052  |  7   |  46   |   0    |  23   
RUN-1001 :          Grid         |  7036  |  7   |  40   |   0    |  23   
RUN-1001 :          Bank         |  6858  |  7   |  35   |   0    |  22   
RUN-1001 :         Paired        |  6834  |  7   |  32   |   0    |  21   
RUN-1001 : ---------------------------------------------------------------
RUN-1001 : Summary of LUT Pairs
RUN-1001 : ---------------------------------------------------------------------------------------------------------------------
RUN-1001 :            |           |           |           |           |           |  O5 + O6  |  Only O5  |  Only O6  |  Total  
RUN-1001 : ---------------------------------------------------------------------------------------------------------------------
RUN-1001 :   5 Share  |  4 Share  |  3 Share  |  2 Share  |  1 Share  |  0 Share  |           |           |           |         
RUN-1001 :     134    |    273    |    245    |    447    |   1847    |   3955    |   6901    |   3194    |   3736    |  13831  
RUN-1001 : ---------------------------------------------------------------------------------------------------------------------
PHY-1001 : End Stage 2.8.1 | Direct Legalization; Time: 30.903745s wall, 237.015625s user + 2.796875s system = 239.812500s CPU (776.0%); Memory(MB): used = 1562, reserved = 1542, peak = 1564;

PHY-3001 : Target density is 60%
PHY-3001 : After Direct Legalization, Len = 1.85185e+06.
PHY-1001 : End Stage 2.8 | Pack and Legalization; Time: 31.201873s wall, 237.296875s user + 2.796875s system = 240.093750s CPU (769.5%); Memory(MB): used = 1562, reserved = 1542, peak = 1564;

RUN-1002 : start command "start_timer"
RUN-1003 : finish command "start_timer" in  4.488322s wall, 4.390625s user + 0.062500s system = 4.453125s CPU (99.2%)

RUN-1004 : used memory is 1563 MB, reserved memory is 1543 MB, peak memory is 1564 MB
PHY-1001 : End Stage 2 | Global Placement; Time: 85.832556s wall, 335.515625s user + 8.875000s system = 344.390625s CPU (401.2%); Memory(MB): used = 1568, reserved = 1548, peak = 1568;

PHY-1001 : Stage 3 | Detailed Placement
PHY-1001 : Stage 3.1 | SLICE Detailed Placement
PHY-1001 : Stage 3.1.1 | Spreading
PHY-3001 : Design contains 127 ce signals.
PHY-3001 : Spreading for sector grids.
PHY-3001 : Iter 1, total overflow: 0
PHY-3001 : tot_capacity: 48, usage_cnt: 22, movable_cnt: 34
PHY-3001 : Spreading for clock grids.
PHY-3001 : clock grid count for 24 x 4 grids
PHY-3001 : Spreading for plb grids.
PHY-3001 : total displace: 0, max displace: 0.
PHY-3001 : End spreading;  0.553627s wall, 0.546875s user + 0.000000s system = 0.546875s CPU (98.8%)

PHY-1001 : End Stage 3.1.1 | Spreading; Time: 0.553769s wall, 0.546875s user + 0.000000s system = 0.546875s CPU (98.8%); Memory(MB): used = 1576, reserved = 1557, peak = 1576;

PHY-1001 : Stage 3.1.2 | Simulated Annealing Based DP
RUN-1001 : Generating global routing grids ...
PHY-1001 : Generate routing nets ...
PHY-1001 : Reuse net number 2567/20793.
PHY-1001 : Global iterations in 32 thread ...
PHY-1002 : len = 2.13734e+06, over cnt = 2007(2%), over = 3947, worst = 9
PHY-1002 : len = 2.19155e+06, over cnt = 1179(1%), over = 1945, worst = 9
PHY-1002 : len = 2.2437e+06, over cnt = 422(0%), over = 700, worst = 8
PHY-1002 : len = 2.25605e+06, over cnt = 175(0%), over = 281, worst = 7
PHY-1002 : len = 2.26453e+06, over cnt = 0(0%), over = 0, worst = 0
PHY-1001 : End global iterations;  3.057919s wall, 4.546875s user + 0.000000s system = 4.546875s CPU (148.7%)

PHY-1001 : Congestion index:
PHY-1001 : top1  = 83.66(S 70.25, N 58.66, E 77.39, W 78.29, I 65.65, O 75.08)
PHY-1001 : top5  = 71.35(S 58.05, N 47.00, E 62.43, W 63.39, I 57.47, O 64.99)
PHY-1001 : top10 = 65.34(S 51.61, N 41.30, E 55.38, W 55.64, I 52.61, O 58.23)
PHY-1001 : top15 = 61.64(S 47.28, N 37.56, E 50.89, W 50.67, I 49.65, O 54.11)
PHY-0007 : Initial: WL Cost = 159056, TD Cost = 1.50343e+06, SWNS = 1219, STNS = 0, Nums per T = 123610, Range Limit = 4x8
PHY-0007 : Finally: WL Cost = 141890, TD Cost = 1.21092e+06, WL Ratio = 0.892077, TD Ratio = 0.805437, SWNS = 1745, STNS = 0
RUN-1001 : Print Detailed placement's Summary information
RUN-1001 : -------------------------------------------------------------------------------------------------------------------------------
RUN-1001 :           |   Total   |  Accept  |  Reject by overFlow  |  Reject by worseCost  |  Failed by noTarget  |  Failed by gridCheck  
RUN-1001 : -------------------------------------------------------------------------------------------------------------------------------
RUN-1001 :   Slices  |  1112490  |  30351   |         4247         |        1062736        |         1154         |         14002         
RUN-1001 :   Macros  |   29467   |   348    |         368          |         28243         |         451          |          57           
RUN-1001 : -------------------------------------------------------------------------------------------------------------------------------
PHY-1001 : End Stage 3.1.2 | Simulated Annealing Based DP; Time: 33.310349s wall, 34.625000s user + 0.281250s system = 34.906250s CPU (104.8%); Memory(MB): used = 1592, reserved = 1572, peak = 1592;

PHY-3001 : End Detailed Place; 
PHY-3001 : Final: Len = 1.63007e+06, Over = 0
PHY-1001 : End Stage 3.1 | SLICE Detailed Placement; Time: 34.441282s wall, 35.734375s user + 0.281250s system = 36.015625s CPU (104.6%); Memory(MB): used = 1592, reserved = 1572, peak = 1592;

PHY-3001 : End Detailed Place; 
PHY-1001 : Stage 3.2 | Optimize Design
OPT-1001 : Start physical optimization ...
OPT-1001 : Total overflow 0.00 peak overflow 0.00
OPT-1001 : Stage 3.2.1 | Physical Optimization
OPT-1001 : Start high-fanout net optimization in optimize equivalent flow with medium effort ...
OPT-1001 : Clean unloaded insts before merging registers
PHY-1001 : Populate physical database on model design_top_wrapper.
PHY-1001 : Populate physical database on model design_top_wrapper.
OPT-1001 : Total overflow 0.00 peak overflow 0.00
OPT-1001 : End optimize duplicated nets. Total 38 instances are merged and 1730 sinks are reconnected,  3.190739s wall, 3.078125s user + 0.015625s system = 3.093750s CPU (97.0%)

OPT-1001 : End high-fanout net optimization;  3.192954s wall, 3.093750s user + 0.015625s system = 3.109375s CPU (97.4%)

OPT-1001 : Update timing in Manhattan mode
RUN-1002 : start command "start_timer"
RUN-1003 : finish command "start_timer" in  3.269849s wall, 3.156250s user + 0.015625s system = 3.171875s CPU (97.0%)

RUN-1004 : used memory is 1592 MB, reserved memory is 1572 MB, peak memory is 1592 MB
OPT-1001 : End timing update;  5.179279s wall, 5.000000s user + 0.015625s system = 5.015625s CPU (96.8%)

OPT-1001 : Current memory(MB): used = 1592, reserved = 1572, peak = 1592.
OPT-1001 : End Stage 3.2.1 | Physical Optimization; Time: 8.599287s wall, 8.296875s user + 0.046875s system = 8.343750s CPU (97.0%); Memory(MB): used = 1592, reserved = 1572, peak = 1592;

OPT-1001 : Stage 3.2.2 | Synthesize High-fanout Net
OPT-1001 : Start high-fanout net optimization in post-pack flow with medium effort ...
OPT-1001 : Start: SWNS 1745 STNS 0 NUM_FEPS 0
OPT-1001 : Total overflow 0.00 peak overflow 0.00
PHY-1001 : Populate physical database on model design_top_wrapper.
OPT-1001 : 19 high-fanout net processed.
OPT-1001 : Total overflow 0.00 peak overflow 0.00
RUN-1001 : HFN opt statistic
RUN-1001 : ------------------------------------------------------
RUN-1001 :   DriverCell type  |  HFN count  |  Duplicated count  
RUN-1001 : ------------------------------------------------------
RUN-1001 :       LSLICE       |      0      |         0          
RUN-1001 :       MSLICE       |      0      |         0          
RUN-1001 :        OTHER       |     19      |         29         
RUN-1001 :        TOTAL       |     19      |         29         
RUN-1001 : ------------------------------------------------------
OPT-1001 : End high-fanout net optimization;  1.572115s wall, 1.453125s user + 0.046875s system = 1.500000s CPU (95.4%)

OPT-1001 : Current memory(MB): used = 1592, reserved = 1572, peak = 1592.
OPT-1001 : End Stage 3.2.2 | Synthesize High-fanout Net; Time: 1.809726s wall, 1.671875s user + 0.046875s system = 1.718750s CPU (95.0%); Memory(MB): used = 1592, reserved = 1572, peak = 1592;

OPT-1001 : Stage 3.2.3 | Optimize Path
OPT-1001 : Start unpack path based optimization ...
OPT-0007 : Start: SWNS 1745 STNS 0 NUM_FEPS 0 with mode 2
OPT-1001 : Start congestion update ...
RUN-1001 : Generating global routing grids ...
PHY-1001 : Generate routing nets ...
PHY-1001 : Reuse net number 7110/21908.
PHY-1001 : Global iterations in 32 thread ...
PHY-1002 : len = 2.00861e+06, over cnt = 2349(3%), over = 4463, worst = 9
PHY-1002 : len = 2.08614e+06, over cnt = 1382(1%), over = 2151, worst = 9
PHY-1002 : len = 2.19907e+06, over cnt = 496(0%), over = 762, worst = 7
PHY-1002 : len = 2.21088e+06, over cnt = 207(0%), over = 327, worst = 6
PHY-1002 : len = 2.21214e+06, over cnt = 178(0%), over = 275, worst = 6
PHY-1001 : End global iterations;  2.839866s wall, 4.078125s user + 0.046875s system = 4.125000s CPU (145.3%)

PHY-1001 : Congestion index:
PHY-1001 : top1  = 80.95(S 68.77, N 57.59, E 73.96, W 77.63, I 65.65, O 74.67)
PHY-1001 : top5  = 70.49(S 59.16, N 47.19, E 61.19, W 63.52, I 56.59, O 63.04)
PHY-1001 : top10 = 64.91(S 53.19, N 41.53, E 53.79, W 55.31, I 51.69, O 56.67)
PHY-1001 : top15 = 61.36(S 49.09, N 37.73, E 49.19, W 50.37, I 48.67, O 52.78)
OPT-1001 : End congestion update;  3.449026s wall, 4.625000s user + 0.046875s system = 4.671875s CPU (135.5%)

OPT-0007 : Iter 1: improved SWNS 2120 STNS 0 NUM_FEPS 0 with 23(3685) cells and 1953(6575) paths processed with 1829 slack improved, crit_thod: 2602 ratio: 1.00(30/30) rt: 2.0s
OPT-0007 : Iter 2: improved SWNS 2143 STNS 0 NUM_FEPS 0 with 46(12714) cells and 6357(6357) paths processed with 7210 slack improved, crit_thod: 2655 ratio: 0.91(59/65) rt: 2.3s
OPT-0007 : Iter 3: improved SWNS 2143 STNS 0 NUM_FEPS 0 with 49(11216) cells and 5608(5608) paths processed with 5738 slack improved, crit_thod: 2753 ratio: 0.98(58/59) rt: 2.3s
OPT-0007 : Iter 4: improved SWNS 2143 STNS 0 NUM_FEPS 0 with 26(11518) cells and 5759(5759) paths processed with 2873 slack improved, crit_thod: 2804 ratio: 0.82(32/39) rt: 1.8s
OPT-0007 : Iter 5: improved SWNS 2143 STNS 0 NUM_FEPS 0 with 12(11636) cells and 5818(5818) paths processed with 1602 slack improved, crit_thod: 2822 ratio: 0.63(12/19) rt: 1.7s
OPT-1001 : End path based optimization;  13.603037s wall, 14.500000s user + 0.078125s system = 14.578125s CPU (107.2%)

OPT-1001 : Current memory(MB): used = 1593, reserved = 1572, peak = 1593.
OPT-1001 : End Stage 3.2.3 | Optimize Path; Time: 13.858778s wall, 14.750000s user + 0.078125s system = 14.828125s CPU (107.0%); Memory(MB): used = 1593, reserved = 1572, peak = 1593;

OPT-1001 : Stage 3.2.4 | Optimize Duplicated Nets
OPT-1001 : Start: WNS 2143 TNS 0 NUM_FEPS 0
OPT-1001 : Clean unloaded insts before merging registers
PHY-1001 : Populate physical database on model design_top_wrapper.
PHY-1001 : Populate physical database on model design_top_wrapper.
PHY-1001 : Populate physical database on model design_top_wrapper.
OPT-1001 : Total overflow 0.00 peak overflow 0.00
OPT-1001 : End optimize duplicated nets. Total 1 instances are merged and 1314 sinks are reconnected,  3.652097s wall, 3.468750s user + 0.031250s system = 3.500000s CPU (95.8%)

OPT-1001 : Update timing in Manhattan mode
RUN-1002 : start command "start_timer"
RUN-1003 : finish command "start_timer" in  3.206637s wall, 3.109375s user + 0.031250s system = 3.140625s CPU (97.9%)

RUN-1004 : used memory is 1593 MB, reserved memory is 1572 MB, peak memory is 1593 MB
OPT-1001 : End timing update;  5.220039s wall, 5.031250s user + 0.031250s system = 5.062500s CPU (97.0%)

OPT-1001 : Current memory(MB): used = 1593, reserved = 1572, peak = 1593.
OPT-1001 : End Stage 3.2.4 | Optimize Duplicated Nets; Time: 9.114583s wall, 8.734375s user + 0.062500s system = 8.796875s CPU (96.5%); Memory(MB): used = 1593, reserved = 1572, peak = 1593;

OPT-1001 : Stage 3.2.5 | Swap Pins
OPT-1001 : Start pin optimization...
OPT-1001 : Start: SWNS 2143 STNS 0 NUM_FEPS 0
OPT-1001 : Successfully optimized 1147 instances
OPT-1001 : Successfully optimized 265 instances
OPT-1001 : End pin optimization;  2.414342s wall, 2.296875s user + 0.031250s system = 2.328125s CPU (96.4%)

OPT-1001 : Current memory(MB): used = 1593, reserved = 1572, peak = 1593.
OPT-1001 : End Stage 3.2.5 | Swap Pins; Time: 2.665685s wall, 2.546875s user + 0.031250s system = 2.578125s CPU (96.7%); Memory(MB): used = 1593, reserved = 1572, peak = 1593;

OPT-1001 : Stage 3.2.6 | Optimize Beeline
OPT-1001 : Start beeline optimization...
OPT-1001 : Start: SWNS 2559 STNS 0 NUM_FEPS 0
PHY-1001 : Beeline DP, 1000 out of 6061 (16.50)%; hop = 1335.
PHY-1001 : Beeline DP, 491 out of 5322 (9.23)%; hop = 667.
PHY-1001 : Beeline DP, 310 out of 5114 (6.06)%; hop = 416.
PHY-1001 : Beeline DP, 232 out of 5036 (4.61)%; hop = 317.
PHY-1001 : Beeline DP, 197 out of 4993 (3.95)%; hop = 271.
PHY-1001 : Beeline optimization intraPLB, 3148 1-hop(45.28%), 2685 2-hop(38.62%), 433 3-hop( 6.23%), 686 others ( 9.87%)
PHY-1001 :  11.178339s wall, 10.890625s user + 0.062500s system = 10.953125s CPU (98.0%)

RUN-1001 : Beeline optimization outerPLB: 1-hop 2215, 2-hop 3980, 3-hop 2195, 4-hop 630, other 2013 
OPT-1001 : End beeline optimization;  11.993441s wall, 11.703125s user + 0.062500s system = 11.765625s CPU (98.1%)

OPT-1001 : Update timing in Manhattan mode
OPT-1001 : End timing update;  1.982794s wall, 1.890625s user + 0.000000s system = 1.890625s CPU (95.4%)

OPT-1001 : End Stage 3.2.6 | Optimize Beeline; Time: 14.389851s wall, 13.968750s user + 0.062500s system = 14.031250s CPU (97.5%); Memory(MB): used = 1593, reserved = 1572, peak = 1593;

OPT-0007 : End flow postpack: SWNS 2559 STNS 0 NUM_FEPS 0
RUN-1001 : Generating global routing grids ...
PHY-1001 : Generate routing nets ...
PHY-1001 : Reuse net number 18563/21109.
PHY-1001 : Global iterations in 32 thread ...
PHY-1002 : len = 2.22392e+06, over cnt = 720(1%), over = 1025, worst = 5
PHY-1002 : len = 2.23941e+06, over cnt = 382(0%), over = 476, worst = 4
PHY-1002 : len = 2.24709e+06, over cnt = 168(0%), over = 205, worst = 4
PHY-1002 : len = 2.25187e+06, over cnt = 58(0%), over = 65, worst = 3
PHY-1002 : len = 2.25834e+06, over cnt = 0(0%), over = 0, worst = 0
PHY-1001 : End global iterations;  1.053533s wall, 1.312500s user + 0.000000s system = 1.312500s CPU (124.6%)

PHY-1001 : Congestion index:
PHY-1001 : top1  = 80.69(S 67.72, N 56.69, E 73.20, W 77.14, I 65.65, O 74.18)
PHY-1001 : top5  = 69.79(S 58.37, N 46.55, E 60.35, W 62.95, I 56.42, O 62.94)
PHY-1001 : top10 = 64.31(S 52.70, N 41.13, E 53.32, W 55.19, I 51.46, O 56.68)
PHY-1001 : top15 = 60.58(S 48.81, N 37.53, E 48.86, W 50.26, I 48.43, O 52.79)
RUN-1001 : top one percent high-util tile is with util 75 and average util is 80.447368
RUN-1001 : QoR Analysis:
OPT-0007 :   SWNS 2559 STNS 0 NUM_FEPS 0
RUN-1001 :   Local congestion issue exists, and most congested 1% tile average routing util is 80.447368
OPT-1002 :   please consider adjusting placer strategy to avoid the congestion issue
RUN-1001 :   Top critical paths
RUN-1001 :       #1 path slack 2559ps with logic level 11 
RUN-1001 :       #2 path slack 2559ps with logic level 11 
RUN-1001 :       #3 path slack 2565ps with logic level 11 
RUN-1001 :       #4 path slack 2565ps with logic level 11 
RUN-1001 :       #5 path slack 2565ps with logic level 11 
RUN-1001 :       #6 path slack 2565ps with logic level 11 
RUN-1001 :       #7 path slack 2569ps with logic level 11 
RUN-1001 :       #8 path slack 2569ps with logic level 11 
RUN-1001 :       #9 path slack 2569ps with logic level 11 
RUN-1001 :       #10 path slack 2569ps with logic level 11 
OPT-1001 : End physical optimization;  52.366232s wall, 52.453125s user + 0.328125s system = 52.781250s CPU (100.8%)

PHY-1001 : End Stage 3.2 | Optimize Design; Time: 52.366532s wall, 52.453125s user + 0.328125s system = 52.781250s CPU (100.8%); Memory(MB): used = 1593, reserved = 1572, peak = 1593;

RUN-1001 : Report Control nets information:
RUN-1001 : DFF Distribution
RUN-1001 : -------------------------------------
RUN-1001 :   CE   |  SSR  |  ASR  |  DFF Count  
RUN-1001 : -------------------------------------
RUN-1001 :   No   |  No   |  No   |     224     
RUN-1001 :   No   |  No   |  Yes  |      0      
RUN-1001 :   No   |  Yes  |  No   |      0      
RUN-1001 :   Yes  |  No   |  No   |    6886     
RUN-1001 :   Yes  |  No   |  Yes  |    7336     
RUN-1001 :   Yes  |  Yes  |  No   |     363     
RUN-1001 : -------------------------------------
RUN-1001 : Control Group Statistic
RUN-1001 : -----------------------------
RUN-1001 :   #CLK  |  #CE  |  #SSR/ASR  
RUN-1001 : -----------------------------
RUN-1001 :    10   |  379  |     31     
RUN-1001 : -----------------------------
RUN-0007 : Control Set = 455
PHY-1001 : End Stage 3 | Detailed Placement; Time: 87.023352s wall, 88.375000s user + 0.609375s system = 88.984375s CPU (102.3%); Memory(MB): used = 1593, reserved = 1572, peak = 1593;

PHY-1001 : Populate physical database on model design_top_wrapper.
PHY-1001 : Stage 4 | Optimize Design
PHY-3001 : Start incremental legalization ...
PHY-1001 : Populate physical database on model design_top_wrapper.
PHY-1001 : Processing 2 clock pins of DDR instance u_ph1p35_324_ddr_wrapper/u_ddr2/ph1p_ddrmc_wrapper/ph1p_ddrmc_top/u_ddr_phy/u_ddrphy_top/u_ddrphy/ac_byte[0]$ac_byte_used$u_ddrphy_ac_byte_wrapper/u_ddrphy_byte, location = x0y70z0.
PHY-1001 :   Placed ioclk instance u_ph1p35_324_ddr_wrapper/u_ddr2/ph1p_ddrmc_wrapper/ph1p_ddrmc_top/u_ddr_phy/u_ddrphy_top/u_ddrphy_clk/ioclk[0]$u_ioclk_1, location = x0y59z1.
PHY-1001 :   Placed ioclk instance u_ph1p35_324_ddr_wrapper/u_ddr2/ph1p_ddrmc_wrapper/ph1p_ddrmc_top/u_ddr_phy/u_ddrphy_top/u_ddrphy_clk/ioclk[0]$u_ioclk_0, location = x0y59z0.
PHY-1001 : Processing 2 clock pins of DDR instance u_ph1p35_324_ddr_wrapper/u_ddr2/ph1p_ddrmc_wrapper/ph1p_ddrmc_top/u_ddr_phy/u_ddrphy_top/u_ddrphy/ac_byte[1]$ac_byte_used$u_ddrphy_ac_byte_wrapper/u_ddrphy_byte, location = x0y60z0.
PHY-1001 :   Placed ioclk instance u_ph1p35_324_ddr_wrapper/u_ddr2/ph1p_ddrmc_wrapper/ph1p_ddrmc_top/u_ddr_phy/u_ddrphy_top/u_ddrphy_clk/ioclk[0]$u_ioclk_1, location = x0y59z1.
PHY-1001 :   Placed ioclk instance u_ph1p35_324_ddr_wrapper/u_ddr2/ph1p_ddrmc_wrapper/ph1p_ddrmc_top/u_ddr_phy/u_ddrphy_top/u_ddrphy_clk/ioclk[0]$u_ioclk_0, location = x0y59z0.
PHY-1001 : Processing 2 clock pins of DDR instance u_ph1p35_324_ddr_wrapper/u_ddr2/ph1p_ddrmc_wrapper/ph1p_ddrmc_top/u_ddr_phy/u_ddrphy_top/u_ddrphy/ac_byte[2]$ac_byte_used$u_ddrphy_ac_byte_wrapper/u_ddrphy_byte, location = x0y50z0.
PHY-1001 :   Placed ioclk instance u_ph1p35_324_ddr_wrapper/u_ddr2/ph1p_ddrmc_wrapper/ph1p_ddrmc_top/u_ddr_phy/u_ddrphy_top/u_ddrphy_clk/ioclk[0]$u_ioclk_1, location = x0y59z1.
PHY-1001 :   Placed ioclk instance u_ph1p35_324_ddr_wrapper/u_ddr2/ph1p_ddrmc_wrapper/ph1p_ddrmc_top/u_ddr_phy/u_ddrphy_top/u_ddrphy_clk/ioclk[0]$u_ioclk_0, location = x0y59z0.
PHY-1001 : Processing 2 clock pins of DDR instance u_ph1p35_324_ddr_wrapper/u_ddr2/ph1p_ddrmc_wrapper/ph1p_ddrmc_top/u_ddr_phy/u_ddrphy_top/u_ddrphy/ac_byte[3]$ac_byte_used$u_ddrphy_ac_byte_wrapper/u_ddrphy_byte, location = x0y40z0.
PHY-1001 :   Placed ioclk instance u_ph1p35_324_ddr_wrapper/u_ddr2/ph1p_ddrmc_wrapper/ph1p_ddrmc_top/u_ddr_phy/u_ddrphy_top/u_ddrphy_clk/ioclk[0]$u_ioclk_1, location = x0y59z1.
PHY-1001 :   Placed ioclk instance u_ph1p35_324_ddr_wrapper/u_ddr2/ph1p_ddrmc_wrapper/ph1p_ddrmc_top/u_ddr_phy/u_ddrphy_top/u_ddrphy_clk/ioclk[0]$u_ioclk_0, location = x0y59z0.
PHY-1001 : Processing 2 clock pins of DDR instance u_ph1p35_324_ddr_wrapper/u_ddr2/ph1p_ddrmc_wrapper/ph1p_ddrmc_top/u_ddr_phy/u_ddrphy_top/u_ddrphy/dx_byte[0]$dx_byte_used$u_ddrphy_dx_byte_wrapper/u_ddrphy_byte, location = x0y30z0.
PHY-1001 :   Placed ioclk instance u_ph1p35_324_ddr_wrapper/u_ddr2/ph1p_ddrmc_wrapper/ph1p_ddrmc_top/u_ddr_phy/u_ddrphy_top/u_ddrphy_clk/ioclk[1]$u_ioclk_1, location = x0y19z1.
PHY-1001 :   Placed ioclk instance u_ph1p35_324_ddr_wrapper/u_ddr2/ph1p_ddrmc_wrapper/ph1p_ddrmc_top/u_ddr_phy/u_ddrphy_top/u_ddrphy_clk/ioclk[1]$u_ioclk_0, location = x0y19z0.
PHY-1001 : Processing 2 clock pins of DDR instance u_ph1p35_324_ddr_wrapper/u_ddr2/ph1p_ddrmc_wrapper/ph1p_ddrmc_top/u_ddr_phy/u_ddrphy_top/u_ddrphy/dx_byte[1]$dx_byte_used$u_ddrphy_dx_byte_wrapper/u_ddrphy_byte, location = x0y10z0.
PHY-1001 :   Placed ioclk instance u_ph1p35_324_ddr_wrapper/u_ddr2/ph1p_ddrmc_wrapper/ph1p_ddrmc_top/u_ddr_phy/u_ddrphy_top/u_ddrphy_clk/ioclk[1]$u_ioclk_1, location = x0y19z1.
PHY-1001 :   Placed ioclk instance u_ph1p35_324_ddr_wrapper/u_ddr2/ph1p_ddrmc_wrapper/ph1p_ddrmc_top/u_ddr_phy/u_ddrphy_top/u_ddrphy_clk/ioclk[1]$u_ioclk_0, location = x0y19z0.
PHY-3001 : Target density is 60%
PHY-3001 : Target density is 60%
PHY-3001 : Initial: Len = 1.70772e+06, Over = 0
PHY-1001 : Stage 4.1 | Spreading
PHY-3001 : Design contains 127 ce signals.
PHY-3001 : Spreading for sector grids.
PHY-3001 : Iter 1, total overflow: 0
PHY-3001 : tot_capacity: 48, usage_cnt: 22, movable_cnt: 35
PHY-3001 : Spreading for clock grids.
PHY-3001 : clock grid count for 24 x 4 grids
PHY-3001 : Spreading for plb grids.
PHY-3001 : total displace: 0, max displace: 0.
PHY-3001 : End spreading;  0.431878s wall, 0.421875s user + 0.000000s system = 0.421875s CPU (97.7%)

PHY-1001 : End Stage 4.1 | Spreading; Time: 0.431967s wall, 0.421875s user + 0.000000s system = 0.421875s CPU (97.7%); Memory(MB): used = 1593, reserved = 1572, peak = 1593;

PHY-3001 : Final: Len = 1.70772e+06, Over = 0
PHY-3001 : End incremental legalization;  0.868049s wall, 0.812500s user + 0.000000s system = 0.812500s CPU (93.6%)

RUN-1002 : start command "report_qor -step place -file place.qor"
RUN-1002 : start command "start_timer"
RUN-1003 : finish command "start_timer" in  2.810000s wall, 2.640625s user + 0.015625s system = 2.656250s CPU (94.5%)

RUN-1004 : used memory is 1593 MB, reserved memory is 1572 MB, peak memory is 1593 MB
RUN-1001 : Generating global routing grids ...
-----------------------------------------------------------
| QoR metrics               |         value               |
-----------------------------------------------------------
| Timing                    |                             |
|     Setup WNS             |         2559                |
|     Setup TNS             |            0                |
|     Num of violated S-EP  |            0                |
|     FMAX                  |   158.003MHz                |
|     SWNS path clock period |       8888ps                |
|     Hold WNS              |         -278                |
|     Hold TNS              |       -73526                |
|     Num of violated H-EP  |          541                |
-----------------------------------------------------------
| Routing Resource          |                             |
|     Wire length           |      1702339                |
|     Route Net Num         |        26932                |
|     DontRoute Net Num     |        11868                |
|     RouteSinks Num        |        88282                |
-----------------------------------------------------------
| Utilization               |                             |
|     #slices               |        16588                |
|     slices percentage     |       78.19%                |
|     #RAMs                 |           30                |
|     #DSPs                 |           21                |
|     #DRAMHARDCON          |           77                |
-----------------------------------------------------------
| Congestion                |                             |
|     Top 1% tile util      |           75                |
|     Top 1% tile avg util  |       80.45%                |
|     Over 100% util #tile  |            0                |
-----------------------------------------------------------
Report place stage QoR done.

RUN-1003 : finish command "report_qor -step place -file place.qor" in  5.907316s wall, 5.640625s user + 0.046875s system = 5.687500s CPU (96.3%)

RUN-1004 : used memory is 1593 MB, reserved memory is 1572 MB, peak memory is 1593 MB
PHY-1001 : End Stage 4 | Optimize Design; Time: 6.804269s wall, 6.484375s user + 0.046875s system = 6.531250s CPU (96.0%); Memory(MB): used = 1593, reserved = 1572, peak = 1593;

PHY-1001 : Stage 5 | DRC Check
PHY-1001 : Stage 5.1 | Slice Attributes Check
PHY-1035 : Redundant attributes/nets in slice detected. You can use tcl "check_slice_attr -verbose" to get full message.
PHY-1039 : Found 112 mslices getting no used reg attributes, eg: u_hdmi_tx/u_hdmi_1_4b_transmitter_core_wrapper/u_hdmi_tx_controller_wrapper/u_hdmi_video_data_assemble/S_island_guard_band_1d_syn_10.
PHY-1039 : Found 112 mslices getting no used ce attributes, eg: u_hdmi_tx/u_hdmi_1_4b_transmitter_core_wrapper/u_hdmi_tx_controller_wrapper/u_hdmi_video_data_assemble/S_island_guard_band_1d_syn_10.
PHY-1001 : End Stage 5.1 | Slice Attributes Check; Time: 0.072863s wall, 0.062500s user + 0.000000s system = 0.062500s CPU (85.8%); Memory(MB): used = 1593, reserved = 1572, peak = 1593;

PHY-1001 : Stage 5.2 | Clock Bound Check
PHY-1001 : Check pass.
PHY-1001 : End Stage 5.2 | Clock Bound Check; Time: 0.003362s wall, 0.000000s user + 0.000000s system = 0.000000s CPU (n/a%); Memory(MB): used = 1593, reserved = 1572, peak = 1593;

PHY-1001 : Stage 5.3 | Force Route Constraint Check
PHY-1001 : Check Pass.
PHY-1001 : End Stage 5.3 | Force Route Constraint Check; Time: 0.006913s wall, 0.015625s user + 0.000000s system = 0.015625s CPU (226.0%); Memory(MB): used = 1593, reserved = 1572, peak = 1593;

PHY-1001 : Stage 5.4 | Sigmap Check
PHY-1001 : Check pass.
PHY-1001 : End Stage 5.4 | Sigmap Check; Time: 0.127556s wall, 0.109375s user + 0.000000s system = 0.109375s CPU (85.7%); Memory(MB): used = 1593, reserved = 1572, peak = 1593;

PHY-1001 : Stage 5.5 | Duplicated SelfDriven Check
PHY-1001 : Check pass.
PHY-1001 : End Stage 5.5 | Duplicated SelfDriven Check; Time: 0.749872s wall, 0.718750s user + 0.000000s system = 0.718750s CPU (95.8%); Memory(MB): used = 1593, reserved = 1572, peak = 1593;

PHY-1001 : Stage 5.6 | Clock Rule Check
PHY-5088 WARNING: Clock_Analyzer: Detected 1 buffer(s) clkin net because they drive non-clock sinks. Run "analyze_clock -detail" for more infomation.
PHY-5088 WARNING: Clock_Analyzer: Detected 1 buffer(s) clkout net because they drive non-clock sinks. Run "analyze_clock -detail" for more infomation.
PHY-5088 WARNING: Clock_Analyzer: 3 clock-net(s) because they drive other clock net, may cause clock skew. Run "analyze_clock -detail" for more infomation.
PHY-1001 : End Stage 5.6 | Clock Rule Check; Time: 0.099432s wall, 0.093750s user + 0.000000s system = 0.093750s CPU (94.3%); Memory(MB): used = 1593, reserved = 1572, peak = 1593;

PHY-1001 : End Stage 5 | DRC Check; Time: 1.140727s wall, 1.078125s user + 0.000000s system = 1.078125s CPU (94.5%); Memory(MB): used = 1593, reserved = 1572, peak = 1593;

OPT-1001 : QoR tracer report on placement steps:
    SWNS [   incr ]    STNS [   incr ]    FEPS [   incr ]    CRIT [   incr ]      CELL [     incr ]        WL [     incr ]    CONG [   incr ]    PDES [   incr ]   RT(s) [   incr ]   MEM(mb) [     incr ]
       0 [      0 ]       0 [      0 ]       0 [      0 ]       0 [      0 ]     32416 [        0 ]         0 [        0 ]    0.00 [   0.00 ]       0 [      0 ]       0 [      0 ]      1246 [        0 ] : preplace:simplify_lut
       0 [      0 ]       0 [      0 ]       0 [      0 ]       0 [      0 ]     32416 [        0 ]         0 [        0 ]    0.00 [   0.00 ]       0 [      0 ]       0 [      0 ]      1246 [        0 ] : preplace:sweep
       0 [      0 ]       0 [      0 ]       0 [      0 ]       0 [      0 ]     32416 [        0 ]         0 [        0 ]    0.00 [   0.00 ]       0 [      0 ]       0 [      0 ]      1246 [        0 ] : preplace:lut_merge
       0 [      0 ]       0 [      0 ]       0 [      0 ]       0 [      0 ]     32416 [        0 ]         0 [        0 ]    0.00 [   0.00 ]       0 [      0 ]       0 [      0 ]      1246 [        0 ] : preplace:hfn_opt
    2123 [   2123 ]       0 [      0 ]       0 [      0 ]    4072 [   4072 ]     34202 [     1786 ]   1916431 [  1916431 ]    0.00 [   0.00 ]       0 [      0 ]      18 [     18 ]      1304 [       58 ] : step1_gp
    2123 [      0 ]       0 [      0 ]       0 [      0 ]    4094 [     22 ]     34202 [        0 ]   1921352 [     4921 ]    0.00 [   0.00 ]       0 [      0 ]      21 [      3 ]      1311 [        7 ] : step1_legal
    2123 [      0 ]       0 [      0 ]       0 [      0 ]    4101 [      7 ]     34202 [        0 ]   1892332 [   -29020 ]    0.00 [   0.00 ]       0 [      0 ]      24 [      3 ]      1313 [        2 ] : step1_dp
    1624 [   -499 ]       0 [      0 ]       0 [      0 ]    4354 [    253 ]     34202 [        0 ]   1554563 [  -337769 ]  164.89 [ 164.89 ]       0 [      0 ]      31 [      7 ]      1409 [       96 ] : step2_gp
    1624 [      0 ]       0 [      0 ]       0 [      0 ]    4354 [      0 ]     34202 [        0 ]   1552557 [    -2006 ]  164.89 [   0.00 ]       0 [      0 ]      34 [      3 ]      1412 [        3 ] : step2_dp
    1624 [      0 ]       0 [      0 ]       0 [      0 ]    4354 [      0 ]     34202 [        0 ]   1552557 [        0 ]  164.89 [   0.00 ]       0 [      0 ]      34 [      0 ]      1412 [        0 ] : prepack_spreading
    1810 [    186 ]       0 [      0 ]       0 [      0 ]    4336 [    -18 ]     34294 [       92 ]   1460890 [   -91667 ]  175.58 [  10.68 ]       0 [      0 ]      47 [     13 ]      1423 [       11 ] : prepack:hfn_opt
    1845 [     35 ]       0 [      0 ]       0 [      0 ]    4336 [      0 ]     34294 [        0 ]   1463432 [     2542 ]   91.47 [ -84.11 ]       0 [      0 ]      53 [      6 ]      1423 [        0 ] : prepack:global_opt
    1219 [   -626 ]       0 [      0 ]       0 [      0 ]    4446 [    110 ]     18585 [   -15709 ]   1846463 [   383031 ]   92.05 [   0.58 ]       0 [      0 ]      91 [     38 ]      1568 [      145 ] : direct_legalization
    1219 [      0 ]       0 [      0 ]       0 [      0 ]    4446 [      0 ]     18585 [        0 ]   1846463 [        0 ]   92.05 [   0.00 ]       0 [      0 ]      92 [      1 ]      1577 [        9 ] : post_pack_spreading
    1745 [    526 ]       0 [      0 ]       0 [      0 ]    4632 [    186 ]     18585 [        0 ]   1624680 [  -221783 ]   83.32 [  -8.74 ]       0 [      0 ]     126 [     34 ]      1592 [       15 ] : post_pack_dp
    1745 [      0 ]       0 [      0 ]       0 [      0 ]    4630 [     -2 ]     18577 [       -8 ]   1621924 [    -2756 ]   83.32 [   0.00 ]       0 [      0 ]     134 [      8 ]      1592 [        0 ] : postpack:optimize_equivalent_quick
    1745 [      0 ]       0 [      0 ]       0 [      0 ]    4645 [     15 ]     18606 [       29 ]   1627948 [     6024 ]   83.32 [   0.00 ]       0 [      0 ]     136 [      2 ]      1592 [        0 ] : postpack:hfn_opt
    2143 [    398 ]       0 [      0 ]       0 [      0 ]    4645 [      0 ]     18637 [       31 ]   1642576 [    14628 ]   80.68 [  -2.63 ]       0 [      0 ]     150 [     14 ]      1593 [        1 ] : postpack:path_opt
    2143 [      0 ]       0 [      0 ]       0 [      0 ]    4643 [     -2 ]     18623 [      -14 ]   1637768 [    -4808 ]   80.68 [   0.00 ]       0 [      0 ]     159 [      9 ]      1593 [        0 ] : postpack:optimize_equivalent
    2559 [    416 ]       0 [      0 ]       0 [      0 ]    4988 [    345 ]     18623 [        0 ]   1637768 [        0 ]   80.68 [   0.00 ]       0 [      0 ]     162 [      3 ]      1593 [        0 ] : postpack:pin_opt
    2559 [      0 ]       0 [      0 ]       0 [      0 ]    4984 [     -4 ]     18623 [        0 ]   1685352 [    47584 ]   80.68 [   0.00 ]       0 [      0 ]     176 [     14 ]      1593 [        0 ] : postpack:beeline_opt

RUN-1003 : finish command "place" in  186.822752s wall, 437.312500s user + 9.546875s system = 446.859375s CPU (239.2%)

RUN-1004 : used memory is 1593 MB, reserved memory is 1572 MB, peak memory is 1593 MB
RUN-1002 : start command "update_timing -mode manhattan"
RUN-1002 : start command "start_timer"
RUN-1003 : finish command "start_timer" in  2.635457s wall, 2.562500s user + 0.000000s system = 2.562500s CPU (97.2%)

RUN-1004 : used memory is 1593 MB, reserved memory is 1572 MB, peak memory is 1593 MB
RUN-1003 : finish command "update_timing -mode manhattan" in  4.458650s wall, 4.343750s user + 0.015625s system = 4.359375s CPU (97.8%)

RUN-1004 : used memory is 1593 MB, reserved memory is 1572 MB, peak memory is 1593 MB
RUN-1002 : start command "report_timing_summary -file traffic_sign_td_place.timing"
RUN-1002 : start command "report_area -io_info -file traffic_sign_td_phy.area"
SYN-4034 : The count of slices with lut is 10462.
SYN-4035 : The count of slices with lut+ripple is 3388.
RUN-1001 : standard
***Report Model: design_top_wrapper Device: PH1P35MDG324***

Design Statistics
#IO                        58   out of    160   36.25%
  #input                    2
  #output                  31
  #inout                   25
#lut6                   14578   out of  21216   68.71%
#reg                    14585
  #slice reg            14585   out of  42432   34.37%
  #pad reg                  0

Utilization Statistics
#slice                  16588   out of  21216   78.19%
  #used ram               728
    #dram lut             616
    #shifter lut          112
  #used logic           15860
    #with luts          10462
    #with adder          3388
    #reg only            2010
#f7mux                      0   out of  10608    0.00%
#f8mux                      0   out of   5304    0.00%
#eram                      30   out of    108   27.78%
  #eram20k                 30
  #fifo20k                  0
#dsp                       21   out of     40   52.50%
#ddr_byte                   6   out of     12   50.00%
#mipi_tx                    0   out of      2    0.00%
#mipi_rx                    1   out of      2   50.00%
#pad                       17   out of    160   10.62%
#pll                        3   out of      6   50.00%
#gclk                       9   out of     32   28.12%
#lclk                       0   out of     12    0.00%
#sclk                       0   out of     48    0.00%
#mlclk                      2   out of      6   33.33%
#ioclk                      4   out of     18   22.22%

RUN-1002 : start command "flow_status -file place_flow.status"
Location         : D:\anlu\rtl\traffic_sign_td\td_project\traffic_sign_td_Runs\syn_1
Running with     : Tang Dynasty v6.2.168116
                   Copyright (c) 2012-2025 Anlogic Inc.
Top Model        : design_top_wrapper
Device           : PH1P35MDG324
Speed            : 3

Timing Mode      : manhattan
Setup            : WNS  2559ps  TNS        0ps  NUM_FEPS     0
Hold             : WNS  -278ps  TNS   -73526ps  NUM_FEPS   541

Flow Statistics  :
RUN-1001 : Flow Statistics:
RUN-1001 : ---------------------------------------------------------------------------------------------------
RUN-1001 :      command     |  #calls  |  wall time   |  cpu time(s)  |  used memory(mb)  |  peak memory(mb)  
RUN-1001 : ---------------------------------------------------------------------------------------------------
RUN-1001 :   optimize_rtl   |    1     |  5m21s(47%)  |   301(33%)    |       1031        |       1086        
RUN-1001 :       place      |    1     |  3m6s(27%)   |   446(49%)    |       1593        |       1593        
RUN-1001 :   optimize_gate  |    1     |  2m45s(24%)  |   161(17%)    |       1224        |       1224        
RUN-1001 :   import_device  |    1     |    1s(0%)    |     1(0%)     |        324        |        324        
RUN-1001 :     read_adc     |    1     |    0s(0%)    |     0(0%)     |        850        |        851        
RUN-1001 :     read_sdc     |    3     |    0s(0%)    |     0(0%)     |        845        |        851        
RUN-1001 : ---------------------------------------------------------------------------------------------------
RUN-1001 :       total      |    8     |    11m13s    |      909      |       1593        |       1593        
RUN-1001 : ---------------------------------------------------------------------------------------------------
RUN-1002 : start command "report_clock_utilization -file place_clock_utilization.txt"
