============================================================
   Tang Dynasty, V6.2.168116
   Copyright (c) 2012-2025 Anlogic Inc.
   Executable = D:/Anlogic/TD_6.2.1_Engineer_6.2.168.116/bin/run.exe
   Built at =   16:32:07 Jun 12 2025
   Run by =     »ÆÂúöÎ
   Run Date =   Mon Sep 14 22:17:02 2026

   Run on =     LAPTOP-JS31KT7K
============================================================
RUN-1002 : start command "import_device ph1_35p.db -package PH1P35MDG324 -speed 3"
ARC-1001 : Device Initialization.
ARC-1001 : ----------------------------------------------------------------
ARC-1001 :           OPTION          |          IO           |   SETTING   
ARC-1001 : ----------------------------------------------------------------
ARC-1001 :   non_jtag_persist(none)  |        35 IOs         |    gpio    
ARC-1001 :            jtag           |  P13/P15/L14/R13/T13  |  dedicate  
ARC-1001 : ----------------------------------------------------------------
RUN-1003 : finish command "import_device ph1_35p.db -package PH1P35MDG324 -speed 3" in  1.675939s wall, 1.250000s user + 0.156250s system = 1.406250s CPU (83.9%)

RUN-1004 : used memory is 324 MB, reserved memory is 321 MB, peak memory is 324 MB
RUN-1002 : start command "open_project traffic_sign_td.prj -noanalyze"
RUN-1002 : start command "import_db ./traffic_sign_td_gate.db"
RUN-1001 : Importing database generated by Tang Dynasty, V6.2.168116.
RUN-1001 : Database version number 46207
RUN-1001 : Import flow parameters
RUN-1001 : Import netlist
RUN-1001 : Import timing constraints
RUN-1001 : Import IO constraints
RUN-1001 : Import Inst constraints
RUN-1001 : Import ChipWatcher
RUN-1001 : Import design success TD_VERSION=6.2.168116 , DB_VERSION=46207
RUN-1003 : finish command "import_db ./traffic_sign_td_gate.db" in  1.133504s wall, 0.359375s user + 0.140625s system = 0.500000s CPU (44.1%)

RUN-1004 : used memory is 590 MB, reserved memory is 587 MB, peak memory is 590 MB
RUN-1002 : start command "commit_param -step place"
RUN-1001 : Print Global Property
RUN-1001 : -------------------------------------------------------------
RUN-1001 :     Parameters    |   Settings   |  Default Values  |  Note  
RUN-1001 : -------------------------------------------------------------
RUN-1001 :    enable_seed    |     off      |       off        |        
RUN-1001 :    hfn_to_clock   |  1000000000  |    1000000000    |        
RUN-1001 :      message      |   standard   |     standard     |        
RUN-1001 :    qor_monitor    |      on      |        on        |        
RUN-1001 :   speedup_effort  |      0       |        0         |        
RUN-1001 :    syn_ip_flow    |     off      |       off        |        
RUN-1001 :       thread      |     auto     |       auto       |        
RUN-1001 : -------------------------------------------------------------
RUN-1001 : Print Place Property
RUN-1001 : ---------------------------------------------------------------
RUN-1001 :       Parameters      |  Settings  |  Default Values  |  Note  
RUN-1001 : ---------------------------------------------------------------
RUN-1001 :         effort        |   medium   |      medium      |        
RUN-1001 :     hfn_opt_effort    |   medium   |      medium      |        
RUN-1001 :    logic_level_opt    |    off     |       off        |        
RUN-1001 :   macro_performance   |    auto    |       auto       |        
RUN-1001 :       max_fanout      |   999999   |      999999      |        
RUN-1001 :       opt_timing      |   medium   |      medium      |        
RUN-1001 :     post_place_opt    |    auto    |       auto       |        
RUN-1001 :      pr_strategy      |     1      |        1         |        
RUN-1001 :   preplace_floorplan  |    off     |       off        |        
RUN-1001 : ---------------------------------------------------------------
RUN-1002 : start command "insert_debugger"
RUN-1002 : start command "place"
RUN-1001 : Open license file D:/Anlogic/TD_6.2.1_Engineer_6.2.168.116/license/Anlogic.lic
PHY-3001 : Placer runs in 32 thread(s).
PHY-1001 : Stage 1 | Initialize Design
PHY-1001 : Stage 1.1 | Build Design
PHY-1001 : 13384 luts, 14926 seqs, 728 mslices, 3819 lslices, 54 pads, 30 brams, 21 dsps
RUN-1002 : start command "legalize_phy_inst"
SYN-1011 : Flatten model design_top_wrapper
SYN-1001 : ADC: Instance "u_ph1p35_324_ddr_wrapper/u_ddr2/ph1p_ddrmc_wrapper/ph1p_ddrmc_top/u_ddr_phy/u_ddrphy_top/u_ddrphy/ac_byte[0]$ac_byte_used$u_ddrphy_ac_byte_wrapper/u_ddrphy_byte" LOCATION="X0Y70Z0"
SYN-1001 : ADC: Instance "u_ph1p35_324_ddr_wrapper/u_ddr2/ph1p_ddrmc_wrapper/ph1p_ddrmc_top/u_ddr_phy/u_ddrphy_top/u_ddrphy/ac_byte[1]$ac_byte_used$u_ddrphy_ac_byte_wrapper/u_ddrphy_byte" LOCATION="X0Y60Z0"
SYN-1001 : ADC: Instance "u_ph1p35_324_ddr_wrapper/u_ddr2/ph1p_ddrmc_wrapper/ph1p_ddrmc_top/u_ddr_phy/u_ddrphy_top/u_ddrphy/ac_byte[2]$ac_byte_used$u_ddrphy_ac_byte_wrapper/u_ddrphy_byte" LOCATION="X0Y50Z0"
SYN-1001 : ADC: Instance "u_ph1p35_324_ddr_wrapper/u_ddr2/ph1p_ddrmc_wrapper/ph1p_ddrmc_top/u_ddr_phy/u_ddrphy_top/u_ddrphy/ac_byte[3]$ac_byte_used$u_ddrphy_ac_byte_wrapper/u_ddrphy_byte" LOCATION="X0Y40Z0"
SYN-1001 : ADC: Instance "u_ph1p35_324_ddr_wrapper/u_ddr2/ph1p_ddrmc_wrapper/ph1p_ddrmc_top/u_ddr_phy/u_ddrphy_top/u_ddrphy/bkref[0]$u_ddrphy_bankref" LOCATION="X0Y19Z0"
SYN-1001 : ADC: Instance "u_ph1p35_324_ddr_wrapper/u_ddr2/ph1p_ddrmc_wrapper/ph1p_ddrmc_top/u_ddr_phy/u_ddrphy_top/u_ddrphy/bkref[1]$u_ddrphy_bankref" LOCATION="X0Y59Z0"
SYN-1001 : ADC: Instance "u_ph1p35_324_ddr_wrapper/u_ddr2/ph1p_ddrmc_wrapper/ph1p_ddrmc_top/u_ddr_phy/u_ddrphy_top/u_ddrphy/dx_byte[0]$dx_byte_used$u_ddrphy_dx_byte_wrapper/u_ddrphy_byte" LOCATION="X0Y30Z0"
SYN-1001 : ADC: Instance "u_ph1p35_324_ddr_wrapper/u_ddr2/ph1p_ddrmc_wrapper/ph1p_ddrmc_top/u_ddr_phy/u_ddrphy_top/u_ddrphy/dx_byte[1]$dx_byte_used$u_ddrphy_dx_byte_wrapper/u_ddrphy_byte" LOCATION="X0Y10Z0"
SYN-1001 : ADC: Instance "u_ph1p35_324_ddr_wrapper/u_ddr2/ph1p_ddrmc_wrapper/ph1p_ddrmc_top/u_ddr_phy/u_ddrphy_top/u_ddrphy_clk/ioclk[0]$u_ioclk_0" LOCATION="X0Y59Z0"
SYN-1001 : ADC: Instance "u_ph1p35_324_ddr_wrapper/u_ddr2/ph1p_ddrmc_wrapper/ph1p_ddrmc_top/u_ddr_phy/u_ddrphy_top/u_ddrphy_clk/ioclk[0]$u_ioclk_1" LOCATION="X0Y59Z1"
SYN-1001 : ADC: Instance "u_ph1p35_324_ddr_wrapper/u_ddr2/ph1p_ddrmc_wrapper/ph1p_ddrmc_top/u_ddr_phy/u_ddrphy_top/u_ddrphy_clk/ioclk[1]$u_ioclk_0" LOCATION="X0Y19Z0"
SYN-1001 : ADC: Instance "u_ph1p35_324_ddr_wrapper/u_ddr2/ph1p_ddrmc_wrapper/ph1p_ddrmc_top/u_ddr_phy/u_ddrphy_top/u_ddrphy_clk/ioclk[1]$u_ioclk_1" LOCATION="X0Y19Z1"
SYN-1001 : ADC: Instance "u_ph1p35_324_ddr_wrapper/u_ddr2/ph1p_ddrmc_wrapper/ph1p_ddrmc_top/u_ddr_phy/u_ddrphy_top/u_ddrphy_clk/u_mlclk_1" LOCATION="X0Y59Z0"
SYN-1001 : ADC: Instance "u_ph1p35_324_ddr_wrapper/u_ddr2/ph1p_ddrmc_wrapper/ph1p_ddrmc_top/u_ddr_phy/u_ddrphy_top/u_ddrphy_clk/u_mlclk_2" LOCATION="X0Y59Z1"
SYN-1001 : ADC: Instance "u_ph1p35_324_ddr_wrapper/u_ddr2/ph1p_ddrmc_wrapper/ph1p_ddrmc_top/u_ddr_phy/u_ddrphy_top/u_ddrphy_clk/u_pll0/u_pll_inst" LOCATION="X0Y40Z0"
SYN-1001 : ADC: Instance "u_ph1p35_324_ddr_wrapper/u_ddr2/ph1p_ddrmc_wrapper/ph1p_ddrmc_top/u_ddr_phy/u_ddrphy_top/u_ddrphy_clk/u_pll1/u_pll_inst" LOCATION="X0Y79Z0"
PHY-1001 : Remove keep and sweep redundant instances ...
PHY-1001 : 13069 luts, 14584 seqs, 728 mslices, 3788 lslices, 54 pads, 30 brams, 21 dsps
PHY-1001 : End Stage 1.1 | Build Design; Time: 0.387109s wall, 0.390625s user + 0.000000s system = 0.390625s CPU (100.9%); Memory(MB): used = 592, reserved = 587, peak = 592;

PHY-1001 : Stage 1.2 | Optimize Design
OPT-1001 : Stage 1.2.1 | Simplify Lut
OPT-1001 : End Stage 1.2.1 | Simplify Lut; Time: 0.077373s wall, 0.078125s user + 0.000000s system = 0.078125s CPU (101.0%); Memory(MB): used = 592, reserved = 587, peak = 592;

OPT-1001 : Stage 1.2.2 | Sweep
OPT-1001 : End Stage 1.2.2 | Sweep; Time: 0.026513s wall, 0.015625s user + 0.000000s system = 0.015625s CPU (58.9%); Memory(MB): used = 592, reserved = 587, peak = 592;

OPT-1001 : Stage 1.2.3 | Merge Lut
OPT-1001 : Start remap optimization ...
RUN-1001 :   Added 0 lut1 for undup drivers
OPT-1001 : skip lut merge since lut number 13067 is similar to or less than reg number 14584
OPT-1001 : End Stage 1.2.3 | Merge Lut; Time: 0.039412s wall, 0.046875s user + 0.000000s system = 0.046875s CPU (118.9%); Memory(MB): used = 592, reserved = 587, peak = 592;

OPT-1001 : Stage 1.2.4 | Synthesize High-fanout Net
OPT-1001 : Start high-fanout net optimization in pre-place flow with medium effort ...
RUN-1001 : HFN opt statistic
RUN-1001 : ------------------------------------------------------
RUN-1001 :   DriverCell type  |  HFN count  |  Duplicated count  
RUN-1001 : ------------------------------------------------------
RUN-1001 :       LSLICE       |      0      |         0          
RUN-1001 :       MSLICE       |      0      |         0          
RUN-1001 :        TOTAL       |      0      |         0          
RUN-1001 : ------------------------------------------------------
OPT-1001 : End high-fanout net optimization;  0.000093s wall, 0.000000s user + 0.000000s system = 0.000000s CPU (n/a%)

OPT-1001 : Current memory(MB): used = 592, reserved = 587, peak = 592.
OPT-1001 : End Stage 1.2.4 | Synthesize High-fanout Net; Time: 0.000175s wall, 0.000000s user + 0.000000s system = 0.000000s CPU (n/a%); Memory(MB): used = 592, reserved = 587, peak = 592;

OPT-1001 : End physical optimization;  0.143712s wall, 0.140625s user + 0.000000s system = 0.140625s CPU (97.9%)

PHY-1001 : End Stage 1.2 | Optimize Design; Time: 0.143786s wall, 0.140625s user + 0.000000s system = 0.140625s CPU (97.8%); Memory(MB): used = 592, reserved = 587, peak = 592;

PHY-1001 : Stage 1.3 | Initialize Clock
PHY-1001 : Start to synthesize physical clock networks.
RUN-1002 : start command "start_timer"
USR-1002 : Derived clock:  create_generated_clock -name {u_PLL/ph1p_phy_pll_wrapper_25a56e5ce2f9_Inst/u_PH1P_PHY_PLL.clkc[0]} -source [get_ports {I_sys_clk}] -master_clock {sys_clk_50m} -multiply_by 2.0000 -duty_cycle 50.0000 [get_pins {u_PLL/ph1p_phy_pll_wrapper_25a56e5ce2f9_Inst/u_PH1P_PHY_PLL.clkc[0]}]
USR-1002 : Derived clock:  create_generated_clock -name {u_PLL/ph1p_phy_pll_wrapper_25a56e5ce2f9_Inst/u_PH1P_PHY_PLL.clkc[1]} -source [get_ports {I_sys_clk}] -master_clock {sys_clk_50m} -divide_by 2.0769 -duty_cycle 50.0000 [get_pins {u_PLL/ph1p_phy_pll_wrapper_25a56e5ce2f9_Inst/u_PH1P_PHY_PLL.clkc[1]}]
USR-1002 : Derived clock:  create_generated_clock -name {u_PLL/ph1p_phy_pll_wrapper_25a56e5ce2f9_Inst/u_PH1P_PHY_PLL.clkc[4]} -source [get_ports {I_sys_clk}] -master_clock {sys_clk_50m} -multiply_by 1.0400 -duty_cycle 50.0000 [get_pins {u_PLL/ph1p_phy_pll_wrapper_25a56e5ce2f9_Inst/u_PH1P_PHY_PLL.clkc[4]}]
USR-1002 : Derived clock:  create_generated_clock -name {u_PLL/ph1p_phy_pll_wrapper_25a56e5ce2f9_Inst/u_PH1P_PHY_PLL.clkc[5]} -source [get_ports {I_sys_clk}] -master_clock {sys_clk_50m} -multiply_by 5.2000 -duty_cycle 50.0000 [get_pins {u_PLL/ph1p_phy_pll_wrapper_25a56e5ce2f9_Inst/u_PH1P_PHY_PLL.clkc[5]}]
USR-1002 : Derived clock:  create_generated_clock -name {u_ph1p35_324_ddr_wrapper/u_ddr2/ph1p_ddrmc_wrapper/ph1p_ddrmc_top/u_ddr_phy/u_ddrphy_top/u_ddrphy_clk/u_pll0/u_pll_inst.clkc[0]} -source [get_ports {I_sys_clk}] -master_clock {sys_clk_50m} -multiply_by 1.3333 -duty_cycle 50.0000 [get_pins {u_ph1p35_324_ddr_wrapper/u_ddr2/ph1p_ddrmc_wrapper/ph1p_ddrmc_top/u_ddr_phy/u_ddrphy_top/u_ddrphy_clk/u_pll0/u_pll_inst.clkc[0]}]
USR-1002 : Derived clock:  create_generated_clock -name {u_ph1p35_324_ddr_wrapper/u_ddr2/ph1p_ddrmc_wrapper/ph1p_ddrmc_top/u_ddr_phy/u_ddrphy_top/u_ddrphy_clk/u_pll0/u_pll_inst.clkc[1]} -source [get_ports {I_sys_clk}] -master_clock {sys_clk_50m} -multiply_by 1.3333 -duty_cycle 50.0000 [get_pins {u_ph1p35_324_ddr_wrapper/u_ddr2/ph1p_ddrmc_wrapper/ph1p_ddrmc_top/u_ddr_phy/u_ddrphy_top/u_ddrphy_clk/u_pll0/u_pll_inst.clkc[1]}]
USR-1002 : Derived clock:  create_generated_clock -name {u_ph1p35_324_ddr_wrapper/u_ddr2/ph1p_ddrmc_wrapper/ph1p_ddrmc_top/u_ddr_phy/u_ddrphy_top/u_ddrphy_clk/u_pll0/u_pll_inst.clkc[2]} -source [get_ports {I_sys_clk}] -master_clock {sys_clk_50m} -multiply_by 5.3333 -duty_cycle 50.0000 [get_pins {u_ph1p35_324_ddr_wrapper/u_ddr2/ph1p_ddrmc_wrapper/ph1p_ddrmc_top/u_ddr_phy/u_ddrphy_top/u_ddrphy_clk/u_pll0/u_pll_inst.clkc[2]}]
USR-1002 : Derived clock:  create_generated_clock -name {u_ph1p35_324_ddr_wrapper/u_ddr2/ph1p_ddrmc_wrapper/ph1p_ddrmc_top/u_ddr_phy/u_ddrphy_top/u_ddrphy_clk/u_pll0/u_pll_inst.clkc[3]} -source [get_ports {I_sys_clk}] -master_clock {sys_clk_50m} -divide_by 1.9687 -duty_cycle 50.0000 [get_pins {u_ph1p35_324_ddr_wrapper/u_ddr2/ph1p_ddrmc_wrapper/ph1p_ddrmc_top/u_ddr_phy/u_ddrphy_top/u_ddrphy_clk/u_pll0/u_pll_inst.clkc[3]}]
USR-1002 : Derived clock:  create_generated_clock -name {u_ph1p35_324_ddr_wrapper/u_ddr2/ph1p_ddrmc_wrapper/ph1p_ddrmc_top/u_ddr_phy/u_ddrphy_top/u_ddrphy_clk/u_pll1/u_pll_inst.clkc[0]} -source [get_pins {u_ph1p35_324_ddr_wrapper/u_ddr2/ph1p_ddrmc_wrapper/ph1p_ddrmc_top/u_ddr_phy/u_ddrphy_top/u_ddrphy_clk/u_pll0/u_pll_inst.clkc[0]}] -master_clock {u_ph1p35_324_ddr_wrapper/u_ddr2/ph1p_ddrmc_wrapper/ph1p_ddrmc_top/u_ddr_phy/u_ddrphy_top/u_ddrphy_clk/u_pll0/u_pll_inst.clkc[0]} -multiply_by 1.0000 -duty_cycle 50.0000 [get_pins {u_ph1p35_324_ddr_wrapper/u_ddr2/ph1p_ddrmc_wrapper/ph1p_ddrmc_top/u_ddr_phy/u_ddrphy_top/u_ddrphy_clk/u_pll1/u_pll_inst.clkc[0]}]
8.888000
15.000000
15.000000
19.230000
RUN-1003 : finish command "start_timer" in  2.246101s wall, 2.171875s user + 0.046875s system = 2.218750s CPU (98.8%)

RUN-1004 : used memory is 810 MB, reserved memory is 803 MB, peak memory is 810 MB
TMR-2502 : Net delay update with mode: Synthesized
PHY-5060 CRITICAL-WARNING: Clock net candidate u_uicfgcs500/uii2c_inst/scl_clk has mixed fanouts of 1 clock pins; 2 data/ctrl pins. Please check connection of the net in design.
PHY-5060 CRITICAL-WARNING: Clock net candidate O_cam_24m_syn_3 has mixed fanouts of 83 clock pins; 1 data/ctrl pins. Please check connection of the net in design.
PHY-1001 : Populate physical database on model design_top_wrapper.
RUN-1001 : There are total 32422 instances
RUN-0007 : 13067 luts, 14584 seqs, 728 mslices, 3788 lslices, 54 pads, 30 brams, 21 dsps
RUN-1001 : There are total 45144 nets
RUN-1001 : 31115 nets have 2 pins
RUN-1001 : 10767 nets have [3 - 5] pins
RUN-1001 : 2420 nets have [6 - 10] pins
RUN-1001 : 462 nets have [11 - 20] pins
RUN-1001 : 302 nets have [21 - 99] pins
RUN-1001 : 78 nets have 100+ pins
PHY-1001 : Start to check user instance location assignments; please refer to ADC constraint.
PHY-1001 : End Stage 1.3 | Initialize Clock; Time: 3.725900s wall, 3.578125s user + 0.093750s system = 3.671875s CPU (98.6%); Memory(MB): used = 906, reserved = 898, peak = 906;

PHY-1001 : End Stage 1 | Initialize Design; Time: 4.304573s wall, 4.156250s user + 0.093750s system = 4.250000s CPU (98.7%); Memory(MB): used = 906, reserved = 898, peak = 906;

PHY-1001 : Stage 2 | Global Placement
RUN-1001 : Report Control nets information:
RUN-1001 : DFF Distribution
RUN-1001 : -------------------------------------
RUN-1001 :   CE   |  SSR  |  ASR  |  DFF Count  
RUN-1001 : -------------------------------------
RUN-1001 :   No   |  No   |  No   |    6686     
RUN-1001 :   No   |  No   |  Yes  |    4615     
RUN-1001 :   No   |  Yes  |  No   |     217     
RUN-1001 :   Yes  |  No   |  No   |     424     
RUN-1001 :   Yes  |  No   |  Yes  |    2720     
RUN-1001 :   Yes  |  Yes  |  No   |     146     
RUN-1001 : -------------------------------------
RUN-1001 : Control Group Statistic
RUN-1001 : -----------------------------
RUN-1001 :   #CLK  |  #CE  |  #SSR/ASR  
RUN-1001 : -----------------------------
RUN-1001 :    9    |  127  |     26     
RUN-1001 : -----------------------------
RUN-0007 : Control Set = 163
PHY-1001 : Stage 2.1 | Place Fixed Instances
PHY-1001 : Processing 2 clock pins of DDR instance u_ph1p35_324_ddr_wrapper/u_ddr2/ph1p_ddrmc_wrapper/ph1p_ddrmc_top/u_ddr_phy/u_ddrphy_top/u_ddrphy/ac_byte[0]$ac_byte_used$u_ddrphy_ac_byte_wrapper/u_ddrphy_byte, location = x0y70z0.
PHY-1001 :   User location X0Y59Z1 of ioclk instance u_ph1p35_324_ddr_wrapper/u_ddr2/ph1p_ddrmc_wrapper/ph1p_ddrmc_top/u_ddr_phy/u_ddrphy_top/u_ddrphy_clk/ioclk[0]$u_ioclk_1.
PHY-1001 :   Placement of ioclk instance u_ph1p35_324_ddr_wrapper/u_ddr2/ph1p_ddrmc_wrapper/ph1p_ddrmc_top/u_ddr_phy/u_ddrphy_top/u_ddrphy_clk/ioclk[0]$u_ioclk_1; location = x0y59z1.
PHY-1001 :   User location X0Y59Z0 of ioclk instance u_ph1p35_324_ddr_wrapper/u_ddr2/ph1p_ddrmc_wrapper/ph1p_ddrmc_top/u_ddr_phy/u_ddrphy_top/u_ddrphy_clk/ioclk[0]$u_ioclk_0.
PHY-1001 :   Placement of ioclk instance u_ph1p35_324_ddr_wrapper/u_ddr2/ph1p_ddrmc_wrapper/ph1p_ddrmc_top/u_ddr_phy/u_ddrphy_top/u_ddrphy_clk/ioclk[0]$u_ioclk_0; location = x0y59z0.
PHY-1001 : Processing 2 clock pins of DDR instance u_ph1p35_324_ddr_wrapper/u_ddr2/ph1p_ddrmc_wrapper/ph1p_ddrmc_top/u_ddr_phy/u_ddrphy_top/u_ddrphy/ac_byte[1]$ac_byte_used$u_ddrphy_ac_byte_wrapper/u_ddrphy_byte, location = x0y60z0.
PHY-1001 :   Placed ioclk instance u_ph1p35_324_ddr_wrapper/u_ddr2/ph1p_ddrmc_wrapper/ph1p_ddrmc_top/u_ddr_phy/u_ddrphy_top/u_ddrphy_clk/ioclk[0]$u_ioclk_1, location = x0y59z1.
PHY-1001 :   Placed ioclk instance u_ph1p35_324_ddr_wrapper/u_ddr2/ph1p_ddrmc_wrapper/ph1p_ddrmc_top/u_ddr_phy/u_ddrphy_top/u_ddrphy_clk/ioclk[0]$u_ioclk_0, location = x0y59z0.
PHY-1001 : Processing 2 clock pins of DDR instance u_ph1p35_324_ddr_wrapper/u_ddr2/ph1p_ddrmc_wrapper/ph1p_ddrmc_top/u_ddr_phy/u_ddrphy_top/u_ddrphy/ac_byte[2]$ac_byte_used$u_ddrphy_ac_byte_wrapper/u_ddrphy_byte, location = x0y50z0.
PHY-1001 :   Placed ioclk instance u_ph1p35_324_ddr_wrapper/u_ddr2/ph1p_ddrmc_wrapper/ph1p_ddrmc_top/u_ddr_phy/u_ddrphy_top/u_ddrphy_clk/ioclk[0]$u_ioclk_1, location = x0y59z1.
PHY-1001 :   Placed ioclk instance u_ph1p35_324_ddr_wrapper/u_ddr2/ph1p_ddrmc_wrapper/ph1p_ddrmc_top/u_ddr_phy/u_ddrphy_top/u_ddrphy_clk/ioclk[0]$u_ioclk_0, location = x0y59z0.
PHY-1001 : Processing 2 clock pins of DDR instance u_ph1p35_324_ddr_wrapper/u_ddr2/ph1p_ddrmc_wrapper/ph1p_ddrmc_top/u_ddr_phy/u_ddrphy_top/u_ddrphy/ac_byte[3]$ac_byte_used$u_ddrphy_ac_byte_wrapper/u_ddrphy_byte, location = x0y40z0.
PHY-1001 :   Placed ioclk instance u_ph1p35_324_ddr_wrapper/u_ddr2/ph1p_ddrmc_wrapper/ph1p_ddrmc_top/u_ddr_phy/u_ddrphy_top/u_ddrphy_clk/ioclk[0]$u_ioclk_1, location = x0y59z1.
PHY-1001 :   Placed ioclk instance u_ph1p35_324_ddr_wrapper/u_ddr2/ph1p_ddrmc_wrapper/ph1p_ddrmc_top/u_ddr_phy/u_ddrphy_top/u_ddrphy_clk/ioclk[0]$u_ioclk_0, location = x0y59z0.
PHY-1001 : Processing 2 clock pins of DDR instance u_ph1p35_324_ddr_wrapper/u_ddr2/ph1p_ddrmc_wrapper/ph1p_ddrmc_top/u_ddr_phy/u_ddrphy_top/u_ddrphy/dx_byte[0]$dx_byte_used$u_ddrphy_dx_byte_wrapper/u_ddrphy_byte, location = x0y30z0.
PHY-1001 :   User location X0Y19Z1 of ioclk instance u_ph1p35_324_ddr_wrapper/u_ddr2/ph1p_ddrmc_wrapper/ph1p_ddrmc_top/u_ddr_phy/u_ddrphy_top/u_ddrphy_clk/ioclk[1]$u_ioclk_1.
PHY-1001 :   Placement of ioclk instance u_ph1p35_324_ddr_wrapper/u_ddr2/ph1p_ddrmc_wrapper/ph1p_ddrmc_top/u_ddr_phy/u_ddrphy_top/u_ddrphy_clk/ioclk[1]$u_ioclk_1; location = x0y19z1.
PHY-1001 :   User location X0Y19Z0 of ioclk instance u_ph1p35_324_ddr_wrapper/u_ddr2/ph1p_ddrmc_wrapper/ph1p_ddrmc_top/u_ddr_phy/u_ddrphy_top/u_ddrphy_clk/ioclk[1]$u_ioclk_0.
PHY-1001 :   Placement of ioclk instance u_ph1p35_324_ddr_wrapper/u_ddr2/ph1p_ddrmc_wrapper/ph1p_ddrmc_top/u_ddr_phy/u_ddrphy_top/u_ddrphy_clk/ioclk[1]$u_ioclk_0; location = x0y19z0.
PHY-1001 : Processing 2 clock pins of DDR instance u_ph1p35_324_ddr_wrapper/u_ddr2/ph1p_ddrmc_wrapper/ph1p_ddrmc_top/u_ddr_phy/u_ddrphy_top/u_ddrphy/dx_byte[1]$dx_byte_used$u_ddrphy_dx_byte_wrapper/u_ddrphy_byte, location = x0y10z0.
PHY-1001 :   Placed ioclk instance u_ph1p35_324_ddr_wrapper/u_ddr2/ph1p_ddrmc_wrapper/ph1p_ddrmc_top/u_ddr_phy/u_ddrphy_top/u_ddrphy_clk/ioclk[1]$u_ioclk_1, location = x0y19z1.
PHY-1001 :   Placed ioclk instance u_ph1p35_324_ddr_wrapper/u_ddr2/ph1p_ddrmc_wrapper/ph1p_ddrmc_top/u_ddr_phy/u_ddrphy_top/u_ddrphy_clk/ioclk[1]$u_ioclk_0, location = x0y19z0.
PHY-1001 : DDR MLCLK topology u_ph1p35_324_ddr_wrapper/u_ddr2/ph1p_ddrmc_wrapper/ph1p_ddrmc_top/u_ddr_phy/u_ddrphy_top/u_ddrphy_clk/u_mlclk_1.
PHY-1001 :   Driver: PH1P_PHY_PLL_V2 u_ph1p35_324_ddr_wrapper/u_ddr2/ph1p_ddrmc_wrapper/ph1p_ddrmc_top/u_ddr_phy/u_ddrphy_top/u_ddrphy_clk/u_pll0/u_pll_inst.clkc[1], user location :X0Y40Z0.
PHY-1001 :   Sink: PH1P_PHY_IOCLK u_ph1p35_324_ddr_wrapper/u_ddr2/ph1p_ddrmc_wrapper/ph1p_ddrmc_top/u_ddr_phy/u_ddrphy_top/u_ddrphy_clk/ioclk[0]$u_ioclk_0, location = x0y59z0, sectorID = 1.
PHY-1001 :   Sink: PH1P_PHY_IOCLK u_ph1p35_324_ddr_wrapper/u_ddr2/ph1p_ddrmc_wrapper/ph1p_ddrmc_top/u_ddr_phy/u_ddrphy_top/u_ddrphy_clk/ioclk[1]$u_ioclk_0, location = x0y19z0, sectorID = 0.
PHY-1001 : Placement of MLCLK instance u_ph1p35_324_ddr_wrapper/u_ddr2/ph1p_ddrmc_wrapper/ph1p_ddrmc_top/u_ddr_phy/u_ddrphy_top/u_ddrphy_clk/u_mlclk_1; location = x0y59z0,  sectorID = 1.
PHY-1001 : DDR MLCLK topology u_ph1p35_324_ddr_wrapper/u_ddr2/ph1p_ddrmc_wrapper/ph1p_ddrmc_top/u_ddr_phy/u_ddrphy_top/u_ddrphy_clk/u_mlclk_2.
PHY-1001 :   Driver: PH1P_PHY_PLL_V2 u_ph1p35_324_ddr_wrapper/u_ddr2/ph1p_ddrmc_wrapper/ph1p_ddrmc_top/u_ddr_phy/u_ddrphy_top/u_ddrphy_clk/u_pll0/u_pll_inst.clkc[2], user location :X0Y40Z0.
PHY-1001 :   Sink: PH1P_PHY_IOCLK u_ph1p35_324_ddr_wrapper/u_ddr2/ph1p_ddrmc_wrapper/ph1p_ddrmc_top/u_ddr_phy/u_ddrphy_top/u_ddrphy_clk/ioclk[0]$u_ioclk_1, location = x0y59z1, sectorID = 1.
PHY-1001 :   Sink: PH1P_PHY_IOCLK u_ph1p35_324_ddr_wrapper/u_ddr2/ph1p_ddrmc_wrapper/ph1p_ddrmc_top/u_ddr_phy/u_ddrphy_top/u_ddrphy_clk/ioclk[1]$u_ioclk_1, location = x0y19z1, sectorID = 0.
PHY-1001 : Placement of MLCLK instance u_ph1p35_324_ddr_wrapper/u_ddr2/ph1p_ddrmc_wrapper/ph1p_ddrmc_top/u_ddr_phy/u_ddrphy_top/u_ddrphy_clk/u_mlclk_2; location = x0y59z1,  sectorID = 1.
PHY-5016 WARNING: PLL clkc is driving an IO without location.
PHY-5016 WARNING: PLL clkc is not driving a clock-capable IO.
PHY-5016 WARNING: PLL clkc is driving an IO without location.
PHY-5016 WARNING: PLL clkc is not driving a clock-capable IO.
PHY-1001 : End Stage 2.1 | Place Fixed Instances; Time: 0.071024s wall, 0.062500s user + 0.000000s system = 0.062500s CPU (88.0%); Memory(MB): used = 934, reserved = 927, peak = 934;

PHY-1001 : Stage 2.2 | Pre-Place DRC Check
PHY-1001 : Stage 2.2.1 | Force Route Constraint Check
PHY-1001 : Check Pass.
PHY-1001 : End Stage 2.2.1 | Force Route Constraint Check; Time: 0.003831s wall, 0.015625s user + 0.000000s system = 0.015625s CPU (407.9%); Memory(MB): used = 934, reserved = 927, peak = 934;

PHY-1001 : End Stage 2.2 | Pre-Place DRC Check; Time: 0.003885s wall, 0.015625s user + 0.000000s system = 0.015625s CPU (402.2%); Memory(MB): used = 934, reserved = 927, peak = 934;

PHY-1001 : Clock GCLK Statistics:
RUN-1001 : GCLK Index: 
RUN-1001 : -------------------------------------------------------------------------------------------------------------------------------------------------------
RUN-1001 :   Index  |                                                          Clock GCLK                                                           |  Location   
RUN-1001 : -------------------------------------------------------------------------------------------------------------------------------------------------------
RUN-1001 :     1    |                           u_mipi_dphy_rx_ph1p_mipiio_wrapper/u_ph1p_mipiio_rx_wrapper/bufg_feedback                           |  x23y39z0   
RUN-1001 :     2    |   u_ph1p35_324_ddr_wrapper/u_ddr2/ph1p_ddrmc_wrapper/ph1p_ddrmc_top/u_ddr_phy/u_ddrphy_top/u_ddrphy_clk/u_pll1/u_bufg_fbclk   |  x23y39z16  
RUN-1001 :     3    |                                              u_hdmi_mixer/I_clk_created_gclkinst                                              |  x23y39z17  
RUN-1001 :     4    |                                               I_sys_clk_dup_6_created_gclkinst                                                |  x23y39z22  
RUN-1001 :     5    |                                               O_cam_24m_dup_1_created_gclkinst                                                |  x23y39z18  
RUN-1001 :     6    |                          u_hdmi_tx/u_hdmi2phy_wrapper/u0_lane_lvds_8_1/I_serial_clk_created_gclkinst                          |  x23y39z19  
RUN-1001 :     7    |  u_ph1p35_324_ddr_wrapper/u_ddr2/ph1p_ddrmc_wrapper/ph1p_ddrmc_top/u_ddr_phy/u_ddrphy_top/u_ddrphy/apb_pclk_created_gclkinst  |  x23y39z20  
RUN-1001 :     8    |                                       u_uicfgcs500/uii2c_inst/scl_clk_created_gclkinst                                        |  x23y39z1   
RUN-1001 :     9    |                                                      u_PLL/bufg_feedback                                                      |  x23y39z21  
RUN-1001 : -------------------------------------------------------------------------------------------------------------------------------------------------------
RUN-1001 : Clock Nets Connect To GCLK Statistics: 
RUN-1001 : -----------------------------------------------------------------------------------------------------------------------------------------------------------------------------------------
RUN-1001 :   Index  |                        Leading Net                        |  CLK/DATA/IO/PLL Sink(s)  |                       Following Net                       |  CLK/DATA/IO/PLL Sink(s)  
RUN-1001 : -----------------------------------------------------------------------------------------------------------------------------------------------------------------------------------------
RUN-1001 :     1    | u_mipi_dphy_rx_ph1p_mipiio_wrapper/u_ph1p_mipiio_rx_w...  |          1/0/0/0          | u_isp_top/u_demosaic/raw_matrix_3x3_buffer_d/zhenghe_...  |        9420/0/0/0         
RUN-1001 :     2    | u_ph1p35_324_ddr_wrapper/u_ddr2/ph1p_ddrmc_wrapper/ph...  |          1/0/0/0          | u_ph1p35_324_ddr_wrapper/u_ddr2/ph1p_ddrmc_wrapper/ph...  |        3538/0/0/0         
RUN-1001 :     3    |                    u_hdmi_mixer/I_clk                     |          1/0/0/0          |                u_hdmi_mixer/I_clk_syn_654                 |        1566/0/0/0         
RUN-1001 :     4    |                      I_sys_clk_dup_6                      |          3/0/0/0          |                      I_sys_clk_syn_8                      |         137/0/0/0         
RUN-1001 :     5    |                      O_cam_24m_dup_1                      |          1/0/0/0          |                      O_cam_24m_syn_3                      |         83/1/0/0          
RUN-1001 :     6    | u_hdmi_tx/u_hdmi2phy_wrapper/u0_lane_lvds_8_1/I_seria...  |          1/0/0/0          | u_hdmi_tx/u_hdmi2phy_wrapper/u0_lane_lvds_8_1/I_seria...  |         61/0/0/0          
RUN-1001 :     7    | u_ph1p35_324_ddr_wrapper/u_ddr2/ph1p_ddrmc_wrapper/ph...  |          1/0/0/0          | u_ph1p35_324_ddr_wrapper/u_ddr2/ph1p_ddrmc_wrapper/ph...  |         43/0/0/0          
RUN-1001 :     8    |              u_uicfgcs500/uii2c_inst/scl_clk              |          1/2/0/0          |           u_uicfgcs500/uii2c_inst/scl_clk_syn_9           |         24/0/0/0          
RUN-1001 :     9    |                      u_PLL/clk0_buf                       |          1/0/0/0          | u_mipi_dphy_rx_ph1p_mipiio_wrapper/u_ph1p_mipiio_rx_w...  |         13/0/0/0          
RUN-1001 : -----------------------------------------------------------------------------------------------------------------------------------------------------------------------------------------
PHY-1001 : Stage 2.3 | Global Placement Step 1
PHY-3001 : Target density is 60%
PHY-1001 : Stage 2.3.1 | Update Timing
RUN-1002 : start command "start_timer"
RUN-1003 : finish command "start_timer" in  1.712403s wall, 1.671875s user + 0.015625s system = 1.687500s CPU (98.5%)

RUN-1004 : used memory is 978 MB, reserved memory is 970 MB, peak memory is 978 MB
PHY-1001 : SWNS: -85, STNS: -3400, FEP: 40
PHY-1001 : End Stage 2.3.1 | Update Timing; Time: 3.126931s wall, 3.046875s user + 0.031250s system = 3.078125s CPU (98.4%); Memory(MB): used = 989, reserved = 982, peak = 989;

PHY-0007 : Cell area utilization is 60%
RUN-1001 : Huge Net Statistic
RUN-1001 : ----------------------------------------------------------------------------------------------------------------------------------------------------------------------------------------
RUN-1001 :   Fanout  |  Slack  |                                                                                Net                                                                                
RUN-1001 : ----------------------------------------------------------------------------------------------------------------------------------------------------------------------------------------
RUN-1001 :    3991   |   Inf   |                                                               u_traffic_sign_result_cdc/I_src_rst_n                                                               
RUN-1001 :    1472   |  11982  |                                u_ph1p35_324_ddr_wrapper/u_ddr2/ph1p_ddrmc_wrapper/ph1p_ddrmc_top/u_alc_mc_top/u_rbuf_addr_fifo/rst                                
RUN-1001 :    1089   |   Inf   |  u_ph1p35_324_ddr_wrapper/u_ddr2/ph1p_ddrmc_wrapper/ph1p_ddrmc_top/u_ddr_phy/u_ddrphy_top/u_ddrphy/dx_byte[1]$dx_byte_used$u_ddrphy_dx_byte_wrapper/dx_phy_rst_n  
RUN-1001 : ----------------------------------------------------------------------------------------------------------------------------------------------------------------------------------------
PHY-3001 : Clustering ...
PHY-3001 : End clustering;  0.141005s wall, 0.312500s user + 0.125000s system = 0.437500s CPU (310.3%)

PHY-3001 : Target density is 60%
PHY-1001 : Stage 2.3.2 | GP Iteration
PHY-1001 : End Stage 2.3.2 | GP Iteration; Time: 1.845622s wall, 8.984375s user + 6.078125s system = 15.062500s CPU (816.1%); Memory(MB): used = 1002, reserved = 993, peak = 1002;

PHY-3001 : Multithread accelerating rate: 7.65
RUN-1002 : start command "start_timer"
USR-1002 : Derived clock:  create_generated_clock -name {u_PLL/ph1p_phy_pll_wrapper_25a56e5ce2f9_Inst/u_PH1P_PHY_PLL.clkc[0]} -source [get_ports {I_sys_clk}] -master_clock {sys_clk_50m} -multiply_by 2.0000 -duty_cycle 50.0000 [get_pins {u_PLL/ph1p_phy_pll_wrapper_25a56e5ce2f9_Inst/u_PH1P_PHY_PLL.clkc[0]}]
USR-1002 : Derived clock:  create_generated_clock -name {u_PLL/ph1p_phy_pll_wrapper_25a56e5ce2f9_Inst/u_PH1P_PHY_PLL.clkc[1]} -source [get_ports {I_sys_clk}] -master_clock {sys_clk_50m} -divide_by 2.0769 -duty_cycle 50.0000 [get_pins {u_PLL/ph1p_phy_pll_wrapper_25a56e5ce2f9_Inst/u_PH1P_PHY_PLL.clkc[1]}]
USR-1002 : Derived clock:  create_generated_clock -name {u_PLL/ph1p_phy_pll_wrapper_25a56e5ce2f9_Inst/u_PH1P_PHY_PLL.clkc[4]} -source [get_ports {I_sys_clk}] -master_clock {sys_clk_50m} -multiply_by 1.0400 -duty_cycle 50.0000 [get_pins {u_PLL/ph1p_phy_pll_wrapper_25a56e5ce2f9_Inst/u_PH1P_PHY_PLL.clkc[4]}]
USR-1002 : Derived clock:  create_generated_clock -name {u_PLL/ph1p_phy_pll_wrapper_25a56e5ce2f9_Inst/u_PH1P_PHY_PLL.clkc[5]} -source [get_ports {I_sys_clk}] -master_clock {sys_clk_50m} -multiply_by 5.2000 -duty_cycle 50.0000 [get_pins {u_PLL/ph1p_phy_pll_wrapper_25a56e5ce2f9_Inst/u_PH1P_PHY_PLL.clkc[5]}]
USR-1002 : Derived clock:  create_generated_clock -name {u_ph1p35_324_ddr_wrapper/u_ddr2/ph1p_ddrmc_wrapper/ph1p_ddrmc_top/u_ddr_phy/u_ddrphy_top/u_ddrphy_clk/u_pll0/u_pll_inst.clkc[0]} -source [get_ports {I_sys_clk}] -master_clock {sys_clk_50m} -multiply_by 1.3333 -duty_cycle 50.0000 [get_pins {u_ph1p35_324_ddr_wrapper/u_ddr2/ph1p_ddrmc_wrapper/ph1p_ddrmc_top/u_ddr_phy/u_ddrphy_top/u_ddrphy_clk/u_pll0/u_pll_inst.clkc[0]}]
USR-1002 : Derived clock:  create_generated_clock -name {u_ph1p35_324_ddr_wrapper/u_ddr2/ph1p_ddrmc_wrapper/ph1p_ddrmc_top/u_ddr_phy/u_ddrphy_top/u_ddrphy_clk/u_pll0/u_pll_inst.clkc[1]} -source [get_ports {I_sys_clk}] -master_clock {sys_clk_50m} -multiply_by 1.3333 -duty_cycle 50.0000 [get_pins {u_ph1p35_324_ddr_wrapper/u_ddr2/ph1p_ddrmc_wrapper/ph1p_ddrmc_top/u_ddr_phy/u_ddrphy_top/u_ddrphy_clk/u_pll0/u_pll_inst.clkc[1]}]
USR-1002 : Derived clock:  create_generated_clock -name {u_ph1p35_324_ddr_wrapper/u_ddr2/ph1p_ddrmc_wrapper/ph1p_ddrmc_top/u_ddr_phy/u_ddrphy_top/u_ddrphy_clk/u_pll0/u_pll_inst.clkc[2]} -source [get_ports {I_sys_clk}] -master_clock {sys_clk_50m} -multiply_by 5.3333 -duty_cycle 50.0000 [get_pins {u_ph1p35_324_ddr_wrapper/u_ddr2/ph1p_ddrmc_wrapper/ph1p_ddrmc_top/u_ddr_phy/u_ddrphy_top/u_ddrphy_clk/u_pll0/u_pll_inst.clkc[2]}]
USR-1002 : Derived clock:  create_generated_clock -name {u_ph1p35_324_ddr_wrapper/u_ddr2/ph1p_ddrmc_wrapper/ph1p_ddrmc_top/u_ddr_phy/u_ddrphy_top/u_ddrphy_clk/u_pll0/u_pll_inst.clkc[3]} -source [get_ports {I_sys_clk}] -master_clock {sys_clk_50m} -divide_by 1.9687 -duty_cycle 50.0000 [get_pins {u_ph1p35_324_ddr_wrapper/u_ddr2/ph1p_ddrmc_wrapper/ph1p_ddrmc_top/u_ddr_phy/u_ddrphy_top/u_ddrphy_clk/u_pll0/u_pll_inst.clkc[3]}]
USR-1002 : Derived clock:  create_generated_clock -name {u_ph1p35_324_ddr_wrapper/u_ddr2/ph1p_ddrmc_wrapper/ph1p_ddrmc_top/u_ddr_phy/u_ddrphy_top/u_ddrphy_clk/u_pll1/u_pll_inst.clkc[0]} -source [get_pins {u_ph1p35_324_ddr_wrapper/u_ddr2/ph1p_ddrmc_wrapper/ph1p_ddrmc_top/u_ddr_phy/u_ddrphy_top/u_ddrphy_clk/u_pll0/u_pll_inst.clkc[0]}] -master_clock {u_ph1p35_324_ddr_wrapper/u_ddr2/ph1p_ddrmc_wrapper/ph1p_ddrmc_top/u_ddr_phy/u_ddrphy_top/u_ddrphy_clk/u_pll0/u_pll_inst.clkc[0]} -multiply_by 1.0000 -duty_cycle 50.0000 [get_pins {u_ph1p35_324_ddr_wrapper/u_ddr2/ph1p_ddrmc_wrapper/ph1p_ddrmc_top/u_ddr_phy/u_ddrphy_top/u_ddrphy_clk/u_pll1/u_pll_inst.clkc[0]}]
8.888000
15.000000
15.000000
19.230000
RUN-1003 : finish command "start_timer" in  2.085110s wall, 2.015625s user + 0.015625s system = 2.031250s CPU (97.4%)

RUN-1004 : used memory is 1002 MB, reserved memory is 993 MB, peak memory is 1002 MB
TMR-2502 : Net delay update with mode: Placed
PHY-3001 : No need to merge 9x9 Dsps.
PHY-1001 : Populate physical database on model design_top_wrapper.
PHY-1001 : End Stage 2.3 | Global Placement Step 1; Time: 9.283303s wall, 16.375000s user + 6.296875s system = 22.671875s CPU (244.2%); Memory(MB): used = 1078, reserved = 1061, peak = 1078;

PHY-1001 : Stage 2.4 | RAM/DSP Legalization and Detailed Placement
PHY-1001 : Stage 2.4.1 | Legalization
PHY-3001 : Before Legalized: Len = 1.92356e+06
PHY-3001 : After Legalized: Len = 1.92863e+06, Over = 159.719
PHY-1001 : End Stage 2.4.1 | Legalization; Time: 1.736919s wall, 1.703125s user + 0.015625s system = 1.718750s CPU (99.0%); Memory(MB): used = 1080, reserved = 1062, peak = 1080;

PHY-1001 : Stage 2.4.2 | Detailed Placement
PHY-1001 : Stage 2.4.2.1 | Simulated Annealing Based DP
PHY-0007 : Initial: WL Cost = 174962, TD Cost = 1.5981e+06, SWNS = 2123, STNS = 0, Nums per T = 510, Range Limit = 2x32
PHY-0007 : Finally: WL Cost = 172890, TD Cost = 1.57058e+06, WL Ratio = 0.988158, TD Ratio = 0.982778, SWNS = 2123, STNS = 0
RUN-1001 : Print Detailed placement's Summary information
RUN-1001 : -------------------------------------------------------------------------------------------------------------------------------
RUN-1001 :             |  Total  |  Accept  |  Reject by overFlow  |  Reject by worseCost  |  Failed by noTarget  |  Failed by gridCheck  
RUN-1001 : -------------------------------------------------------------------------------------------------------------------------------
RUN-1001 :   RAM/DSPs  |  2040   |    61    |          0           |         1979          |          0           |           0           
RUN-1001 :    Macros   |   836   |    21    |          0           |          815          |          0           |           0           
RUN-1001 : -------------------------------------------------------------------------------------------------------------------------------
PHY-1001 : End Stage 2.4.2.1 | Simulated Annealing Based DP; Time: 2.066991s wall, 2.812500s user + 0.343750s system = 3.156250s CPU (152.7%); Memory(MB): used = 1083, reserved = 1065, peak = 1083;

PHY-3001 : End Detailed Place; 
PHY-1001 : End Stage 2.4.2 | Detailed Placement; Time: 2.257027s wall, 2.937500s user + 0.406250s system = 3.343750s CPU (148.1%); Memory(MB): used = 1083, reserved = 1065, peak = 1083;

PHY-1001 : End Stage 2.4 | RAM/DSP Legalization and Detailed Placement; Time: 3.994788s wall, 4.640625s user + 0.421875s system = 5.062500s CPU (126.7%); Memory(MB): used = 1083, reserved = 1065, peak = 1083;

PHY-1001 : Stage 2.5 | Global Placement Step 2
PHY-3001 : Target density is 60%
PHY-1001 : Stage 2.5.1 | Update Timing
PHY-1001 : SWNS: 2123, STNS: 0, FEP: 0
PHY-1001 : End Stage 2.5.1 | Update Timing; Time: 0.175235s wall, 0.171875s user + 0.000000s system = 0.171875s CPU (98.1%); Memory(MB): used = 1083, reserved = 1065, peak = 1083;

PHY-1001 : Stage 2.5.2 | Refresh Congestion
RUN-1001 : Generating global routing grids ...
RUN-1001 : Building simple global routing graph ...
PHY-1001 : Generate routing nets ...
PHY-1001 : Reuse net number 0/14856.
PHY-1001 : Global iterations in 32 thread ...
PHY-1002 : len = 2.05362e+06, over cnt = 2705(3%), over = 13802, worst = 64
PHY-1001 : End global iterations;  0.893802s wall, 1.203125s user + 0.062500s system = 1.265625s CPU (141.6%)

PHY-1001 : Congestion index:
PHY-1001 : top1  = 165.27(S 123.85, N 103.59, E 151.81, W 135.17, I 280.43, O 341.37)
PHY-1001 : top5  = 123.30(S 84.48, N 68.50, E 100.74, W 89.93, I 180.31, O 212.29)
PHY-1001 : top10 = 102.13(S 67.60, N 53.76, E 78.86, W 70.52, I 137.72, O 161.45)
PHY-1001 : top15 = 89.70(S 57.58, N 45.31, E 66.08, W 59.52, I 112.78, O 131.74)
PHY-1001 : End Stage 2.5.2 | Refresh Congestion; Time: 1.393174s wall, 1.890625s user + 0.109375s system = 2.000000s CPU (143.6%); Memory(MB): used = 1172, reserved = 1161, peak = 1172;

PHY-1001 : Stage 2.5.3 | GP Iteration
PHY-1001 : End Stage 2.5.3 | GP Iteration; Time: 2.116055s wall, 12.781250s user + 1.078125s system = 13.859375s CPU (655.0%); Memory(MB): used = 1177, reserved = 1166, peak = 1177;

PHY-3001 : Multithread accelerating rate: 6.45
PHY-1001 : End Stage 2.5 | Global Placement Step 2; Time: 5.486544s wall, 16.562500s user + 1.187500s system = 17.750000s CPU (323.5%); Memory(MB): used = 1181, reserved = 1170, peak = 1181;

PHY-1001 : Stage 2.6 | RAM/DSP Detailed Placement
PHY-1001 : Stage 2.6.1 | Detailed Placement
PHY-1001 : Stage 2.6.1.1 | Simulated Annealing Based DP
PHY-0007 : Initial: WL Cost = 150472, TD Cost = 1.66224e+06, SWNS = 1624, STNS = 0, Nums per T = 510, Range Limit = 2x32
PHY-0007 : Finally: WL Cost = 150325, TD Cost = 1.66219e+06, WL Ratio = 0.999023, TD Ratio = 0.999965, SWNS = 1624, STNS = 0
RUN-1001 : Print Detailed placement's Summary information
RUN-1001 : -------------------------------------------------------------------------------------------------------------------------------
RUN-1001 :             |  Total  |  Accept  |  Reject by overFlow  |  Reject by worseCost  |  Failed by noTarget  |  Failed by gridCheck  
RUN-1001 : -------------------------------------------------------------------------------------------------------------------------------
RUN-1001 :   RAM/DSPs  |  1530   |    9     |          0           |         1521          |          0           |           0           
RUN-1001 :    Macros   |   625   |    4     |          0           |          621          |          0           |           0           
RUN-1001 : -------------------------------------------------------------------------------------------------------------------------------
PHY-1001 : End Stage 2.6.1.1 | Simulated Annealing Based DP; Time: 1.855606s wall, 2.687500s user + 0.015625s system = 2.703125s CPU (145.7%); Memory(MB): used = 1184, reserved = 1173, peak = 1184;

PHY-3001 : End Detailed Place; 
PHY-1001 : End Stage 2.6.1 | Detailed Placement; Time: 2.059783s wall, 2.859375s user + 0.015625s system = 2.875000s CPU (139.6%); Memory(MB): used = 1184, reserved = 1173, peak = 1184;

PHY-1001 : Stage 2.6.2 | Spreading
OPT-1001 : Total overflow 775.47 peak overflow 7.16
PHY-3001 : Spreading for sector grids.
PHY-3001 : Iter 1, total overflow: 0
PHY-3001 : tot_capacity: 36, usage_cnt: 17, movable_cnt: 27
PHY-3001 : End spreading;  0.082664s wall, 0.078125s user + 0.000000s system = 0.078125s CPU (94.5%)

PHY-1001 : End Stage 2.6.2 | Spreading; Time: 0.082781s wall, 0.078125s user + 0.000000s system = 0.078125s CPU (94.4%); Memory(MB): used = 1184, reserved = 1173, peak = 1184;

PHY-1001 : End Stage 2.6 | RAM/DSP Detailed Placement; Time: 2.360964s wall, 3.156250s user + 0.015625s system = 3.171875s CPU (134.3%); Memory(MB): used = 1184, reserved = 1173, peak = 1184;

PHY-1001 : Stage 2.7 | Optimize Design
OPT-1001 : Start physical optimization ...
OPT-1001 : Total overflow 775.47 peak overflow 7.16
OPT-1001 : Stage 2.7.1 | Synthesize High-fanout Net
OPT-1001 : Start high-fanout net optimization in pre-pack flow with medium effort ...
OPT-1001 : Update timing in Manhattan mode
OPT-1001 : End timing update;  1.706610s wall, 1.593750s user + 0.015625s system = 1.609375s CPU (94.3%)

OPT-1001 : Start: SWNS 1624 STNS 0 NUM_FEPS 0
OPT-1001 : Total overflow 775.47 peak overflow 7.16
PHY-1001 : Populate physical database on model design_top_wrapper.
OPT-1001 : 20 high-fanout net processed.
PHY-3001 : Start incremental placement ...
PHY-1001 : Populate physical database on model design_top_wrapper.
PHY-1001 : Processing 2 clock pins of DDR instance u_ph1p35_324_ddr_wrapper/u_ddr2/ph1p_ddrmc_wrapper/ph1p_ddrmc_top/u_ddr_phy/u_ddrphy_top/u_ddrphy/ac_byte[0]$ac_byte_used$u_ddrphy_ac_byte_wrapper/u_ddrphy_byte, location = x0y70z0.
PHY-1001 :   Placed ioclk instance u_ph1p35_324_ddr_wrapper/u_ddr2/ph1p_ddrmc_wrapper/ph1p_ddrmc_top/u_ddr_phy/u_ddrphy_top/u_ddrphy_clk/ioclk[0]$u_ioclk_1, location = x0y59z1.
PHY-1001 :   Placed ioclk instance u_ph1p35_324_ddr_wrapper/u_ddr2/ph1p_ddrmc_wrapper/ph1p_ddrmc_top/u_ddr_phy/u_ddrphy_top/u_ddrphy_clk/ioclk[0]$u_ioclk_0, location = x0y59z0.
PHY-1001 : Processing 2 clock pins of DDR instance u_ph1p35_324_ddr_wrapper/u_ddr2/ph1p_ddrmc_wrapper/ph1p_ddrmc_top/u_ddr_phy/u_ddrphy_top/u_ddrphy/ac_byte[1]$ac_byte_used$u_ddrphy_ac_byte_wrapper/u_ddrphy_byte, location = x0y60z0.
PHY-1001 :   Placed ioclk instance u_ph1p35_324_ddr_wrapper/u_ddr2/ph1p_ddrmc_wrapper/ph1p_ddrmc_top/u_ddr_phy/u_ddrphy_top/u_ddrphy_clk/ioclk[0]$u_ioclk_1, location = x0y59z1.
PHY-1001 :   Placed ioclk instance u_ph1p35_324_ddr_wrapper/u_ddr2/ph1p_ddrmc_wrapper/ph1p_ddrmc_top/u_ddr_phy/u_ddrphy_top/u_ddrphy_clk/ioclk[0]$u_ioclk_0, location = x0y59z0.
PHY-1001 : Processing 2 clock pins of DDR instance u_ph1p35_324_ddr_wrapper/u_ddr2/ph1p_ddrmc_wrapper/ph1p_ddrmc_top/u_ddr_phy/u_ddrphy_top/u_ddrphy/ac_byte[2]$ac_byte_used$u_ddrphy_ac_byte_wrapper/u_ddrphy_byte, location = x0y50z0.
PHY-1001 :   Placed ioclk instance u_ph1p35_324_ddr_wrapper/u_ddr2/ph1p_ddrmc_wrapper/ph1p_ddrmc_top/u_ddr_phy/u_ddrphy_top/u_ddrphy_clk/ioclk[0]$u_ioclk_1, location = x0y59z1.
PHY-1001 :   Placed ioclk instance u_ph1p35_324_ddr_wrapper/u_ddr2/ph1p_ddrmc_wrapper/ph1p_ddrmc_top/u_ddr_phy/u_ddrphy_top/u_ddrphy_clk/ioclk[0]$u_ioclk_0, location = x0y59z0.
PHY-1001 : Processing 2 clock pins of DDR instance u_ph1p35_324_ddr_wrapper/u_ddr2/ph1p_ddrmc_wrapper/ph1p_ddrmc_top/u_ddr_phy/u_ddrphy_top/u_ddrphy/ac_byte[3]$ac_byte_used$u_ddrphy_ac_byte_wrapper/u_ddrphy_byte, location = x0y40z0.
PHY-1001 :   Placed ioclk instance u_ph1p35_324_ddr_wrapper/u_ddr2/ph1p_ddrmc_wrapper/ph1p_ddrmc_top/u_ddr_phy/u_ddrphy_top/u_ddrphy_clk/ioclk[0]$u_ioclk_1, location = x0y59z1.
PHY-1001 :   Placed ioclk instance u_ph1p35_324_ddr_wrapper/u_ddr2/ph1p_ddrmc_wrapper/ph1p_ddrmc_top/u_ddr_phy/u_ddrphy_top/u_ddrphy_clk/ioclk[0]$u_ioclk_0, location = x0y59z0.
PHY-1001 : Processing 2 clock pins of DDR instance u_ph1p35_324_ddr_wrapper/u_ddr2/ph1p_ddrmc_wrapper/ph1p_ddrmc_top/u_ddr_phy/u_ddrphy_top/u_ddrphy/dx_byte[0]$dx_byte_used$u_ddrphy_dx_byte_wrapper/u_ddrphy_byte, location = x0y30z0.
PHY-1001 :   Placed ioclk instance u_ph1p35_324_ddr_wrapper/u_ddr2/ph1p_ddrmc_wrapper/ph1p_ddrmc_top/u_ddr_phy/u_ddrphy_top/u_ddrphy_clk/ioclk[1]$u_ioclk_1, location = x0y19z1.
PHY-1001 :   Placed ioclk instance u_ph1p35_324_ddr_wrapper/u_ddr2/ph1p_ddrmc_wrapper/ph1p_ddrmc_top/u_ddr_phy/u_ddrphy_top/u_ddrphy_clk/ioclk[1]$u_ioclk_0, location = x0y19z0.
PHY-1001 : Processing 2 clock pins of DDR instance u_ph1p35_324_ddr_wrapper/u_ddr2/ph1p_ddrmc_wrapper/ph1p_ddrmc_top/u_ddr_phy/u_ddrphy_top/u_ddrphy/dx_byte[1]$dx_byte_used$u_ddrphy_dx_byte_wrapper/u_ddrphy_byte, location = x0y10z0.
PHY-1001 :   Placed ioclk instance u_ph1p35_324_ddr_wrapper/u_ddr2/ph1p_ddrmc_wrapper/ph1p_ddrmc_top/u_ddr_phy/u_ddrphy_top/u_ddrphy_clk/ioclk[1]$u_ioclk_1, location = x0y19z1.
PHY-1001 :   Placed ioclk instance u_ph1p35_324_ddr_wrapper/u_ddr2/ph1p_ddrmc_wrapper/ph1p_ddrmc_top/u_ddr_phy/u_ddrphy_top/u_ddrphy_clk/ioclk[1]$u_ioclk_0, location = x0y19z0.
PHY-3001 : Target density is 60%
PHY-3001 : Target density is 60%
PHY-1001 : Stage 2.7.1.1 | Update Timing
PHY-1001 : SWNS: 1624, STNS: 0, FEP: 0
PHY-1001 : End Stage 2.7.1.1 | Update Timing; Time: 0.175783s wall, 0.171875s user + 0.000000s system = 0.171875s CPU (97.8%); Memory(MB): used = 1184, reserved = 1173, peak = 1184;

PHY-1001 : Stage 2.7.1.2 | Refresh Congestion
RUN-1001 : Generating global routing grids ...
PHY-1001 : Generate routing nets ...
PHY-1001 : Reuse net number 202/27232.
PHY-1001 : Global iterations in 32 thread ...
PHY-1002 : len = 1.76582e+06, over cnt = 3518(4%), over = 19148, worst = 53
PHY-1001 : End global iterations;  1.559600s wall, 2.750000s user + 0.015625s system = 2.765625s CPU (177.3%)

PHY-1001 : Congestion index:
PHY-1001 : top1  = 176.04(S 130.92, N 132.81, E 129.07, W 150.82, I 196.93, O 208.06)
PHY-1001 : top5  = 129.80(S 92.53, N 80.86, E 96.16, W 99.34, I 126.00, O 133.56)
PHY-1001 : top10 = 111.05(S 76.04, N 61.64, E 80.18, W 79.59, I 97.76, O 106.64)
PHY-1001 : top15 = 99.62(S 65.54, N 51.37, E 70.06, W 68.37, I 82.24, O 91.40)
PHY-1001 : End Stage 2.7.1.2 | Refresh Congestion; Time: 1.812859s wall, 3.000000s user + 0.015625s system = 3.015625s CPU (166.3%); Memory(MB): used = 1196, reserved = 1184, peak = 1196;

PHY-1001 : Stage 2.7.1.3 | GP Iteration
PHY-1001 : End Stage 2.7.1.3 | GP Iteration; Time: 2.604099s wall, 18.343750s user + 0.765625s system = 19.109375s CPU (733.8%); Memory(MB): used = 1197, reserved = 1186, peak = 1197;

PHY-3001 : Multithread accelerating rate: 7.27
OPT-1001 : Total overflow 756.69 peak overflow 7.62
PHY-3001 : Spreading for sector grids.
PHY-3001 : Iter 1, total overflow: 0
PHY-3001 : tot_capacity: 48, usage_cnt: 22, movable_cnt: 36
PHY-3001 : End spreading;  0.089926s wall, 0.093750s user + 0.000000s system = 0.093750s CPU (104.3%)

PHY-3001 : Final: Len = 1.46785e+06, Over = 173.812
PHY-3001 : End incremental placement;  4.996506s wall, 21.906250s user + 0.796875s system = 22.703125s CPU (454.4%)

OPT-1001 : Total overflow 756.69 peak overflow 7.62
RUN-1001 : HFN opt statistic
RUN-1001 : ------------------------------------------------------
RUN-1001 :   DriverCell type  |  HFN count  |  Duplicated count  
RUN-1001 : ------------------------------------------------------
RUN-1001 :         REG        |      1      |         3          
RUN-1001 :        LUT6        |      1      |         3          
RUN-1001 :        LUT5        |      0      |         0          
RUN-1001 :        LUT4        |      0      |         0          
RUN-1001 :        LUT3        |      0      |         0          
RUN-1001 :        LUT2        |     18      |         86         
RUN-1001 :        TOTAL       |     20      |         92         
RUN-1001 : ------------------------------------------------------
OPT-1001 : End high-fanout net optimization;  8.146364s wall, 25.109375s user + 0.843750s system = 25.953125s CPU (318.6%)

OPT-1001 : Update timing in Manhattan mode
OPT-1001 : End timing update;  1.734570s wall, 1.703125s user + 0.015625s system = 1.718750s CPU (99.1%)

OPT-1001 : Current memory(MB): used = 1197, reserved = 1186, peak = 1197.
OPT-1001 : End Stage 2.7.1 | Synthesize High-fanout Net; Time: 10.074413s wall, 27.000000s user + 0.859375s system = 27.859375s CPU (276.5%); Memory(MB): used = 1197, reserved = 1186, peak = 1197;

OPT-1001 : Stage 2.7.2 | Global Optimization
OPT-1001 : Start global optimization ...
OPT-0007 : Start: SWNS 1810 STNS 0 NUM_FEPS 0
OPT-1001 : Start congestion update ...
RUN-1001 : Generating global routing grids ...
PHY-1001 : Generate routing nets ...
PHY-1001 : Reuse net number 3193/26367.
PHY-1001 : Global iterations in 32 thread ...
PHY-1002 : len = 1.76701e+06, over cnt = 3461(4%), over = 10731, worst = 21
PHY-1002 : len = 1.91926e+06, over cnt = 2796(3%), over = 6286, worst = 19
PHY-1002 : len = 2.05307e+06, over cnt = 1334(1%), over = 2492, worst = 11
PHY-1002 : len = 2.1403e+06, over cnt = 574(0%), over = 1040, worst = 10
PHY-1002 : len = 2.2187e+06, over cnt = 0(0%), over = 0, worst = 0
PHY-1001 : End global iterations;  3.875996s wall, 5.515625s user + 0.000000s system = 5.515625s CPU (142.3%)

PHY-1001 : Congestion index:
PHY-1001 : top1  = 91.93(S 77.90, N 69.52, E 81.46, W 89.28, I 194.74, O 187.83)
PHY-1001 : top5  = 78.99(S 65.46, N 55.84, E 66.16, W 71.47, I 120.65, O 126.99)
PHY-1001 : top10 = 72.09(S 58.96, N 48.36, E 58.30, W 62.26, I 94.06, O 103.06)
PHY-1001 : top15 = 67.61(S 54.65, N 43.40, E 52.81, W 56.43, I 79.93, O 88.54)
OPT-1001 : End congestion update;  4.311832s wall, 5.953125s user + 0.000000s system = 5.953125s CPU (138.1%)

OPT-0007 : Iter 1: improved SWNS 1845 STNS 0 NUM_FEPS 0 with 50 cells processed and 2448 slack improved
OPT-0007 : Iter 2: improved SWNS 1845 STNS 0 NUM_FEPS 0 with 7 cells processed and 105 slack improved
OPT-1001 : Overall commit ratio 0.51
OPT-1001 : End global optimization;  4.465773s wall, 6.093750s user + 0.000000s system = 6.093750s CPU (136.5%)

OPT-1001 : Current memory(MB): used = 1197, reserved = 1186, peak = 1197.
OPT-1001 : End Stage 2.7.2 | Global Optimization; Time: 5.206787s wall, 6.828125s user + 0.000000s system = 6.828125s CPU (131.1%); Memory(MB): used = 1197, reserved = 1186, peak = 1197;

OPT-0007 : End flow prepack: SWNS 1845 STNS 0 NUM_FEPS 0
OPT-1001 : End physical optimization;  15.322544s wall, 33.843750s user + 0.859375s system = 34.703125s CPU (226.5%)

PHY-1001 : End Stage 2.7 | Optimize Design; Time: 15.325974s wall, 33.859375s user + 0.859375s system = 34.718750s CPU (226.5%); Memory(MB): used = 1197, reserved = 1186, peak = 1197;

PHY-1001 : Stage 2.8 | Pack and Legalization
PHY-1001 : Stage 2.8.1 | Direct Legalization
PHY-3001 : Start Direct Legalization ...
PHY-3001 : Get top1 grid util = 0.798794, top1_avg = 0.798794.
PHY-1001 : Populate physical database on model design_top_wrapper.
PHY-3001 : Target density is 60%
PHY-3001 : Before Legalization for Slice Macros, Len = 1.46853e+06.
RUN-1001 : Legalization top10 inst displacement:
RUN-1001 : --------------------------------------------------------------------------------------------------------------------------------------------------------------------------------------------------------------------------------------
RUN-1001 :   Index  |  Bounded  |  Height  |        Location        |  Disp. (slots)  |  Disp. (grids)  |                                                                  Name                                                                  
RUN-1001 : --------------------------------------------------------------------------------------------------------------------------------------------------------------------------------------------------------------------------------------
RUN-1001 :     1    |     N     |    8     |   x2y58z4 to x5y55z0   |       52        |        6        |        u_ph1p35_324_ddr_wrapper/u_ddr2/ph1p_ddrmc_wrapper/ph1p_ddrmc_top/u_ddr_phy/u_ddrphy_top/u_ddrphy_init/ramread0_syn_111         
RUN-1001 :     2    |     N     |    8     |   x2y58z4 to x5y61z0   |       44        |        6        |         u_ph1p35_324_ddr_wrapper/u_ddr2/ph1p_ddrmc_wrapper/ph1p_ddrmc_top/u_ddr_phy/u_ddrphy_top/u_ddrphy_init/ramread0_syn_91         
RUN-1001 :     3    |     N     |    8     |    x4y7z6 to x9y8z0    |       42        |        6        |  u_ph1p35_324_ddr_wrapper/u_ddr2/ph1p_ddrmc_wrapper/ph1p_ddrmc_top/u_alc_mc_top/u_rd_data/rd_buffer[0]$u_rd_data_buf/ramread0_syn_112  
RUN-1001 :     4    |     N     |    8     |    x3y4z7 to x5y2z0    |       39        |        4        |  u_ph1p35_324_ddr_wrapper/u_ddr2/ph1p_ddrmc_wrapper/ph1p_ddrmc_top/u_alc_mc_top/u_rd_data/rd_buffer[0]$u_rd_data_buf/ramread0_syn_152  
RUN-1001 :     5    |     N     |    8     |    x2y6z5 to x5y5z0    |       37        |        4        |       u_ph1p35_324_ddr_wrapper/u_ddr2/ph1p_ddrmc_wrapper/ph1p_ddrmc_top/u_phy2mc_fifo/byteIdx_1[1]$u_wfifo_sync/ramread0_syn_48        
RUN-1001 :     6    |     N     |    8     |   x2y58z4 to x5y60z0   |       36        |        5        |         u_ph1p35_324_ddr_wrapper/u_ddr2/ph1p_ddrmc_wrapper/ph1p_ddrmc_top/u_ddr_phy/u_ddrphy_top/u_ddrphy_init/ramread0_syn_71         
RUN-1001 :     7    |     N     |    8     |   x2y14z4 to x5y13z0   |       36        |        4        |       u_ph1p35_324_ddr_wrapper/u_ddr2/ph1p_ddrmc_wrapper/ph1p_ddrmc_top/u_phy2mc_fifo/byteIdx_1[0]$u_wfifo_sync/ramread0_syn_68        
RUN-1001 :     8    |     N     |    8     |   x2y57z7 to x5y57z0   |       31        |        3        |        u_ph1p35_324_ddr_wrapper/u_ddr2/ph1p_ddrmc_wrapper/ph1p_ddrmc_top/u_ddr_phy/u_ddrphy_top/u_ddrphy_init/ramread0_syn_151         
RUN-1001 :     9    |     N     |    8     |   x2y56z6 to x5y56z0   |       30        |        3        |        u_ph1p35_324_ddr_wrapper/u_ddr2/ph1p_ddrmc_wrapper/ph1p_ddrmc_top/u_ddr_phy/u_ddrphy_top/u_ddrphy_init/ramread0_syn_131         
RUN-1001 :    10    |     N     |    8     |  x32y49z6 to x29y49z0  |       30        |        3        |                                          u_isp_top/u_image_process_stream_96/ramread1_syn_665                                          
RUN-1001 : --------------------------------------------------------------------------------------------------------------------------------------------------------------------------------------------------------------------------------------
PHY-3001 : After Legalization for Slice Macros, Len = 1.54669e+06.
RUN-1001 : Generating global routing grids ...
PHY-1001 : Generate routing nets ...
PHY-1001 : Reuse net number 23351/26643.
RUN-1002 : start command "update_timing -mode MANHATTAN"
RUN-1002 : start command "start_timer"
RUN-1003 : finish command "start_timer" in  1.860328s wall, 1.828125s user + 0.000000s system = 1.828125s CPU (98.3%)

RUN-1004 : used memory is 1223 MB, reserved memory is 1211 MB, peak memory is 1223 MB
RUN-1003 : finish command "update_timing -mode MANHATTAN" in  3.498041s wall, 3.437500s user + 0.015625s system = 3.453125s CPU (98.7%)

RUN-1004 : used memory is 1225 MB, reserved memory is 1213 MB, peak memory is 1225 MB
PHY-1001 : Global iterations in 32 thread ...
PHY-1002 : len = 2.25422e+06, over cnt = 1048(1%), over = 2389, worst = 13
PHY-1002 : len = 2.27515e+06, over cnt = 861(1%), over = 1512, worst = 13
PHY-1002 : len = 2.30725e+06, over cnt = 305(0%), over = 438, worst = 8
PHY-1002 : len = 2.31694e+06, over cnt = 86(0%), over = 112, worst = 8
PHY-1002 : len = 2.3207e+06, over cnt = 13(0%), over = 20, worst = 3
PHY-1001 : End global iterations;  1.113439s wall, 1.546875s user + 0.000000s system = 1.546875s CPU (138.9%)

PHY-1001 : Congestion index:
PHY-1001 : top1  = 92.53(S 77.43, N 71.54, E 82.70, W 89.85, I 178.43, O 182.65)
PHY-1001 : top5  = 79.72(S 65.68, N 57.00, E 66.47, W 72.13, I 111.15, O 123.73)
PHY-1001 : top10 = 72.60(S 59.27, N 49.39, E 58.89, W 62.87, I 88.73, O 100.97)
PHY-1001 : top15 = 68.07(S 54.84, N 44.38, E 53.94, W 57.07, I 76.66, O 87.65)
PHY-3001 : Total Iter 151, legal = 27233 / 27233 (100.00%), avg_move = 32.68, max_move = 312.
PHY-3001 : There are no illegal insts.
PHY-1001 : Populate physical database on model design_top_wrapper.
PHY-3001 : End Direct Legalization;  24.550806s wall, 221.859375s user + 1.546875s system = 223.406250s CPU (910.0%)

RUN-1001 : Summary of LUT-FF Pairs
RUN-1001 : ---------------------------------------------------------------
RUN-1001 :   Num of Fanout Seqs  |   1x   |  2x  |  3~5  |  6~10  |  >10  
RUN-1001 : ---------------------------------------------------------------
RUN-1001 :         Total         |  7052  |  7   |  46   |   0    |  23   
RUN-1001 :          Grid         |  7036  |  7   |  40   |   0    |  23   
RUN-1001 :          Bank         |  6858  |  7   |  35   |   0    |  22   
RUN-1001 :         Paired        |  6834  |  7   |  32   |   0    |  21   
RUN-1001 : ---------------------------------------------------------------
RUN-1001 : Summary of LUT Pairs
RUN-1001 : ---------------------------------------------------------------------------------------------------------------------
RUN-1001 :            |           |           |           |           |           |  O5 + O6  |  Only O5  |  Only O6  |  Total  
RUN-1001 : ---------------------------------------------------------------------------------------------------------------------
RUN-1001 :   5 Share  |  4 Share  |  3 Share  |  2 Share  |  1 Share  |  0 Share  |           |           |           |         
RUN-1001 :     134    |    273    |    245    |    447    |   1847    |   3955    |   6901    |   3194    |   3736    |  13831  
RUN-1001 : ---------------------------------------------------------------------------------------------------------------------
PHY-1001 : End Stage 2.8.1 | Direct Legalization; Time: 24.620010s wall, 221.921875s user + 1.546875s system = 223.468750s CPU (907.7%); Memory(MB): used = 1340, reserved = 1326, peak = 1340;

PHY-3001 : Target density is 60%
PHY-3001 : After Direct Legalization, Len = 1.85185e+06.
PHY-1001 : End Stage 2.8 | Pack and Legalization; Time: 24.833068s wall, 222.140625s user + 1.546875s system = 223.687500s CPU (900.8%); Memory(MB): used = 1340, reserved = 1326, peak = 1340;

RUN-1002 : start command "start_timer"
RUN-1003 : finish command "start_timer" in  3.701506s wall, 3.625000s user + 0.031250s system = 3.656250s CPU (98.8%)

RUN-1004 : used memory is 1340 MB, reserved memory is 1326 MB, peak memory is 1340 MB
PHY-1001 : End Stage 2 | Global Placement; Time: 66.826910s wall, 302.203125s user + 10.359375s system = 312.562500s CPU (467.7%); Memory(MB): used = 1340, reserved = 1326, peak = 1340;

PHY-1001 : Stage 3 | Detailed Placement
PHY-1001 : Stage 3.1 | SLICE Detailed Placement
PHY-1001 : Stage 3.1.1 | Spreading
PHY-3001 : Design contains 127 ce signals.
PHY-3001 : Spreading for sector grids.
PHY-3001 : Iter 1, total overflow: 0
PHY-3001 : tot_capacity: 48, usage_cnt: 22, movable_cnt: 34
PHY-3001 : Spreading for clock grids.
PHY-3001 : clock grid count for 24 x 4 grids
PHY-3001 : Spreading for plb grids.
PHY-3001 : total displace: 0, max displace: 0.
PHY-3001 : End spreading;  0.333909s wall, 0.328125s user + 0.000000s system = 0.328125s CPU (98.3%)

PHY-1001 : End Stage 3.1.1 | Spreading; Time: 0.333999s wall, 0.328125s user + 0.000000s system = 0.328125s CPU (98.2%); Memory(MB): used = 1347, reserved = 1334, peak = 1347;

PHY-1001 : Stage 3.1.2 | Simulated Annealing Based DP
RUN-1001 : Generating global routing grids ...
PHY-1001 : Generate routing nets ...
PHY-1001 : Reuse net number 2567/20793.
PHY-1001 : Global iterations in 32 thread ...
PHY-1002 : len = 2.13734e+06, over cnt = 2007(2%), over = 3947, worst = 9
PHY-1002 : len = 2.19155e+06, over cnt = 1179(1%), over = 1945, worst = 9
PHY-1002 : len = 2.2437e+06, over cnt = 422(0%), over = 700, worst = 8
PHY-1002 : len = 2.25605e+06, over cnt = 175(0%), over = 281, worst = 7
PHY-1002 : len = 2.26453e+06, over cnt = 0(0%), over = 0, worst = 0
PHY-1001 : End global iterations;  2.678795s wall, 3.843750s user + 0.000000s system = 3.843750s CPU (143.5%)

PHY-1001 : Congestion index:
PHY-1001 : top1  = 83.66(S 70.25, N 58.66, E 77.39, W 78.29, I 65.65, O 75.08)
PHY-1001 : top5  = 71.35(S 58.05, N 47.00, E 62.43, W 63.39, I 57.47, O 64.99)
PHY-1001 : top10 = 65.34(S 51.61, N 41.30, E 55.38, W 55.64, I 52.61, O 58.23)
PHY-1001 : top15 = 61.64(S 47.28, N 37.56, E 50.89, W 50.67, I 49.65, O 54.11)
PHY-0007 : Initial: WL Cost = 159056, TD Cost = 1.50343e+06, SWNS = 1219, STNS = 0, Nums per T = 123610, Range Limit = 4x8
PHY-0007 : Finally: WL Cost = 141890, TD Cost = 1.21092e+06, WL Ratio = 0.892077, TD Ratio = 0.805437, SWNS = 1745, STNS = 0
RUN-1001 : Print Detailed placement's Summary information
RUN-1001 : -------------------------------------------------------------------------------------------------------------------------------
RUN-1001 :           |   Total   |  Accept  |  Reject by overFlow  |  Reject by worseCost  |  Failed by noTarget  |  Failed by gridCheck  
RUN-1001 : -------------------------------------------------------------------------------------------------------------------------------
RUN-1001 :   Slices  |  1112490  |  30351   |         4247         |        1062736        |         1154         |         14002         
RUN-1001 :   Macros  |   29467   |   348    |         368          |         28243         |         451          |          57           
RUN-1001 : -------------------------------------------------------------------------------------------------------------------------------
PHY-1001 : End Stage 3.1.2 | Simulated Annealing Based DP; Time: 26.614099s wall, 29.531250s user + 0.156250s system = 29.687500s CPU (111.5%); Memory(MB): used = 1364, reserved = 1349, peak = 1364;

PHY-3001 : End Detailed Place; 
PHY-3001 : Final: Len = 1.63007e+06, Over = 0
PHY-1001 : End Stage 3.1 | SLICE Detailed Placement; Time: 27.350243s wall, 30.265625s user + 0.156250s system = 30.421875s CPU (111.2%); Memory(MB): used = 1364, reserved = 1349, peak = 1364;

PHY-3001 : End Detailed Place; 
PHY-1001 : Stage 3.2 | Optimize Design
OPT-1001 : Start physical optimization ...
OPT-1001 : Total overflow 0.00 peak overflow 0.00
OPT-1001 : Stage 3.2.1 | Physical Optimization
OPT-1001 : Start high-fanout net optimization in optimize equivalent flow with medium effort ...
OPT-1001 : Clean unloaded insts before merging registers
PHY-1001 : Populate physical database on model design_top_wrapper.
PHY-1001 : Populate physical database on model design_top_wrapper.
OPT-1001 : Total overflow 0.00 peak overflow 0.00
OPT-1001 : End optimize duplicated nets. Total 38 instances are merged and 1730 sinks are reconnected,  3.210225s wall, 3.187500s user + 0.000000s system = 3.187500s CPU (99.3%)

OPT-1001 : End high-fanout net optimization;  3.211807s wall, 3.187500s user + 0.000000s system = 3.187500s CPU (99.2%)

OPT-1001 : Update timing in Manhattan mode
RUN-1002 : start command "start_timer"
RUN-1003 : finish command "start_timer" in  3.117433s wall, 3.062500s user + 0.000000s system = 3.062500s CPU (98.2%)

RUN-1004 : used memory is 1364 MB, reserved memory is 1349 MB, peak memory is 1364 MB
OPT-1001 : End timing update;  4.783672s wall, 4.718750s user + 0.000000s system = 4.718750s CPU (98.6%)

OPT-1001 : Current memory(MB): used = 1364, reserved = 1349, peak = 1364.
OPT-1001 : End Stage 3.2.1 | Physical Optimization; Time: 8.175396s wall, 8.078125s user + 0.000000s system = 8.078125s CPU (98.8%); Memory(MB): used = 1364, reserved = 1349, peak = 1364;

OPT-1001 : Stage 3.2.2 | Synthesize High-fanout Net
OPT-1001 : Start high-fanout net optimization in post-pack flow with medium effort ...
OPT-1001 : Start: SWNS 1745 STNS 0 NUM_FEPS 0
OPT-1001 : Total overflow 0.00 peak overflow 0.00
PHY-1001 : Populate physical database on model design_top_wrapper.
OPT-1001 : 19 high-fanout net processed.
OPT-1001 : Total overflow 0.00 peak overflow 0.00
RUN-1001 : HFN opt statistic
RUN-1001 : ------------------------------------------------------
RUN-1001 :   DriverCell type  |  HFN count  |  Duplicated count  
RUN-1001 : ------------------------------------------------------
RUN-1001 :       LSLICE       |      0      |         0          
RUN-1001 :       MSLICE       |      0      |         0          
RUN-1001 :        OTHER       |     19      |         29         
RUN-1001 :        TOTAL       |     19      |         29         
RUN-1001 : ------------------------------------------------------
OPT-1001 : End high-fanout net optimization;  1.325930s wall, 1.187500s user + 0.000000s system = 1.187500s CPU (89.6%)

OPT-1001 : Current memory(MB): used = 1364, reserved = 1349, peak = 1364.
OPT-1001 : End Stage 3.2.2 | Synthesize High-fanout Net; Time: 1.519151s wall, 1.375000s user + 0.000000s system = 1.375000s CPU (90.5%); Memory(MB): used = 1364, reserved = 1349, peak = 1364;

OPT-1001 : Stage 3.2.3 | Optimize Path
OPT-1001 : Start unpack path based optimization ...
OPT-0007 : Start: SWNS 1745 STNS 0 NUM_FEPS 0 with mode 2
OPT-1001 : Start congestion update ...
RUN-1001 : Generating global routing grids ...
PHY-1001 : Generate routing nets ...
PHY-1001 : Reuse net number 7110/21908.
PHY-1001 : Global iterations in 32 thread ...
PHY-1002 : len = 2.00861e+06, over cnt = 2349(3%), over = 4463, worst = 9
PHY-1002 : len = 2.08614e+06, over cnt = 1382(1%), over = 2151, worst = 9
PHY-1002 : len = 2.19907e+06, over cnt = 496(0%), over = 762, worst = 7
PHY-1002 : len = 2.21088e+06, over cnt = 207(0%), over = 327, worst = 6
PHY-1002 : len = 2.21214e+06, over cnt = 178(0%), over = 275, worst = 6
PHY-1001 : End global iterations;  2.686018s wall, 3.890625s user + 0.093750s system = 3.984375s CPU (148.3%)

PHY-1001 : Congestion index:
PHY-1001 : top1  = 80.95(S 68.77, N 57.59, E 73.96, W 77.63, I 65.65, O 74.67)
PHY-1001 : top5  = 70.49(S 59.16, N 47.19, E 61.19, W 63.52, I 56.59, O 63.04)
PHY-1001 : top10 = 64.91(S 53.19, N 41.53, E 53.79, W 55.31, I 51.69, O 56.67)
PHY-1001 : top15 = 61.36(S 49.09, N 37.73, E 49.19, W 50.37, I 48.67, O 52.78)
OPT-1001 : End congestion update;  3.204666s wall, 4.421875s user + 0.093750s system = 4.515625s CPU (140.9%)

OPT-0007 : Iter 1: improved SWNS 2120 STNS 0 NUM_FEPS 0 with 23(3685) cells and 1953(6575) paths processed with 1829 slack improved, crit_thod: 2602 ratio: 1.00(30/30) rt: 2.0s
OPT-0007 : Iter 2: improved SWNS 2143 STNS 0 NUM_FEPS 0 with 46(12714) cells and 6357(6357) paths processed with 7210 slack improved, crit_thod: 2655 ratio: 0.91(59/65) rt: 2.3s
OPT-0007 : Iter 3: improved SWNS 2143 STNS 0 NUM_FEPS 0 with 49(11216) cells and 5608(5608) paths processed with 5738 slack improved, crit_thod: 2753 ratio: 0.98(58/59) rt: 2.1s
OPT-0007 : Iter 4: improved SWNS 2143 STNS 0 NUM_FEPS 0 with 26(11518) cells and 5759(5759) paths processed with 2873 slack improved, crit_thod: 2804 ratio: 0.82(32/39) rt: 1.6s
OPT-0007 : Iter 5: improved SWNS 2143 STNS 0 NUM_FEPS 0 with 12(11636) cells and 5818(5818) paths processed with 1602 slack improved, crit_thod: 2822 ratio: 0.63(12/19) rt: 1.5s
OPT-1001 : End path based optimization;  12.707559s wall, 13.578125s user + 0.140625s system = 13.718750s CPU (108.0%)

OPT-1001 : Current memory(MB): used = 1364, reserved = 1349, peak = 1364.
OPT-1001 : End Stage 3.2.3 | Optimize Path; Time: 12.908518s wall, 13.765625s user + 0.140625s system = 13.906250s CPU (107.7%); Memory(MB): used = 1364, reserved = 1349, peak = 1364;

OPT-1001 : Stage 3.2.4 | Optimize Duplicated Nets
OPT-1001 : Start: WNS 2143 TNS 0 NUM_FEPS 0
OPT-1001 : Clean unloaded insts before merging registers
PHY-1001 : Populate physical database on model design_top_wrapper.
PHY-1001 : Populate physical database on model design_top_wrapper.
PHY-1001 : Populate physical database on model design_top_wrapper.
OPT-1001 : Total overflow 0.00 peak overflow 0.00
OPT-1001 : End optimize duplicated nets. Total 1 instances are merged and 1314 sinks are reconnected,  3.371009s wall, 3.218750s user + 0.000000s system = 3.218750s CPU (95.5%)

OPT-1001 : Update timing in Manhattan mode
RUN-1002 : start command "start_timer"
RUN-1003 : finish command "start_timer" in  3.106216s wall, 3.093750s user + 0.000000s system = 3.093750s CPU (99.6%)

RUN-1004 : used memory is 1364 MB, reserved memory is 1349 MB, peak memory is 1364 MB
OPT-1001 : End timing update;  4.805937s wall, 4.781250s user + 0.000000s system = 4.781250s CPU (99.5%)

OPT-1001 : Current memory(MB): used = 1364, reserved = 1349, peak = 1364.
OPT-1001 : End Stage 3.2.4 | Optimize Duplicated Nets; Time: 8.370674s wall, 8.187500s user + 0.000000s system = 8.187500s CPU (97.8%); Memory(MB): used = 1364, reserved = 1349, peak = 1364;

OPT-1001 : Stage 3.2.5 | Swap Pins
OPT-1001 : Start pin optimization...
OPT-1001 : Start: SWNS 2143 STNS 0 NUM_FEPS 0
OPT-1001 : Successfully optimized 1147 instances
OPT-1001 : Successfully optimized 265 instances
OPT-1001 : End pin optimization;  2.141157s wall, 2.140625s user + 0.000000s system = 2.140625s CPU (100.0%)

OPT-1001 : Current memory(MB): used = 1364, reserved = 1349, peak = 1364.
OPT-1001 : End Stage 3.2.5 | Swap Pins; Time: 2.351445s wall, 2.359375s user + 0.000000s system = 2.359375s CPU (100.3%); Memory(MB): used = 1364, reserved = 1349, peak = 1364;

OPT-1001 : Stage 3.2.6 | Optimize Beeline
OPT-1001 : Start beeline optimization...
OPT-1001 : Start: SWNS 2559 STNS 0 NUM_FEPS 0
PHY-1001 : Beeline DP, 1000 out of 6061 (16.50)%; hop = 1335.
PHY-1001 : Beeline DP, 491 out of 5322 (9.23)%; hop = 667.
PHY-1001 : Beeline DP, 310 out of 5114 (6.06)%; hop = 416.
PHY-1001 : Beeline DP, 232 out of 5036 (4.61)%; hop = 317.
PHY-1001 : Beeline DP, 197 out of 4993 (3.95)%; hop = 271.
PHY-1001 : Beeline optimization intraPLB, 3148 1-hop(45.28%), 2685 2-hop(38.62%), 433 3-hop( 6.23%), 686 others ( 9.87%)
PHY-1001 :  11.871764s wall, 11.812500s user + 0.031250s system = 11.843750s CPU (99.8%)

RUN-1001 : Beeline optimization outerPLB: 1-hop 2215, 2-hop 3980, 3-hop 2195, 4-hop 630, other 2013 
OPT-1001 : End beeline optimization;  12.651659s wall, 12.578125s user + 0.031250s system = 12.609375s CPU (99.7%)

OPT-1001 : Update timing in Manhattan mode
OPT-1001 : End timing update;  1.705482s wall, 1.687500s user + 0.000000s system = 1.687500s CPU (98.9%)

OPT-1001 : End Stage 3.2.6 | Optimize Beeline; Time: 14.687289s wall, 14.609375s user + 0.031250s system = 14.640625s CPU (99.7%); Memory(MB): used = 1364, reserved = 1349, peak = 1364;

OPT-0007 : End flow postpack: SWNS 2559 STNS 0 NUM_FEPS 0
RUN-1001 : Generating global routing grids ...
PHY-1001 : Generate routing nets ...
PHY-1001 : Reuse net number 18563/21109.
PHY-1001 : Global iterations in 32 thread ...
PHY-1002 : len = 2.22392e+06, over cnt = 720(1%), over = 1025, worst = 5
PHY-1002 : len = 2.23941e+06, over cnt = 382(0%), over = 476, worst = 4
PHY-1002 : len = 2.24709e+06, over cnt = 168(0%), over = 205, worst = 4
PHY-1002 : len = 2.25187e+06, over cnt = 58(0%), over = 65, worst = 3
PHY-1002 : len = 2.25834e+06, over cnt = 0(0%), over = 0, worst = 0
PHY-1001 : End global iterations;  0.958419s wall, 1.156250s user + 0.000000s system = 1.156250s CPU (120.6%)

PHY-1001 : Congestion index:
PHY-1001 : top1  = 80.69(S 67.72, N 56.69, E 73.20, W 77.14, I 65.65, O 74.18)
PHY-1001 : top5  = 69.79(S 58.37, N 46.55, E 60.35, W 62.95, I 56.42, O 62.94)
PHY-1001 : top10 = 64.31(S 52.70, N 41.13, E 53.32, W 55.19, I 51.46, O 56.68)
PHY-1001 : top15 = 60.58(S 48.81, N 37.53, E 48.86, W 50.26, I 48.43, O 52.79)
RUN-1001 : top one percent high-util tile is with util 75 and average util is 80.447368
RUN-1001 : QoR Analysis:
OPT-0007 :   SWNS 2559 STNS 0 NUM_FEPS 0
RUN-1001 :   Local congestion issue exists, and most congested 1% tile average routing util is 80.447368
OPT-1002 :   please consider adjusting placer strategy to avoid the congestion issue
RUN-1001 :   Top critical paths
RUN-1001 :       #1 path slack 2559ps with logic level 11 
RUN-1001 :       #2 path slack 2559ps with logic level 11 
RUN-1001 :       #3 path slack 2565ps with logic level 11 
RUN-1001 :       #4 path slack 2565ps with logic level 11 
RUN-1001 :       #5 path slack 2565ps with logic level 11 
RUN-1001 :       #6 path slack 2565ps with logic level 11 
RUN-1001 :       #7 path slack 2569ps with logic level 11 
RUN-1001 :       #8 path slack 2569ps with logic level 11 
RUN-1001 :       #9 path slack 2569ps with logic level 11 
RUN-1001 :       #10 path slack 2569ps with logic level 11 
OPT-1001 : End physical optimization;  49.697116s wall, 50.234375s user + 0.187500s system = 50.421875s CPU (101.5%)

PHY-1001 : End Stage 3.2 | Optimize Design; Time: 49.697293s wall, 50.234375s user + 0.187500s system = 50.421875s CPU (101.5%); Memory(MB): used = 1364, reserved = 1349, peak = 1364;

RUN-1001 : Report Control nets information:
RUN-1001 : DFF Distribution
RUN-1001 : -------------------------------------
RUN-1001 :   CE   |  SSR  |  ASR  |  DFF Count  
RUN-1001 : -------------------------------------
RUN-1001 :   No   |  No   |  No   |     224     
RUN-1001 :   No   |  No   |  Yes  |      0      
RUN-1001 :   No   |  Yes  |  No   |      0      
RUN-1001 :   Yes  |  No   |  No   |    6886     
RUN-1001 :   Yes  |  No   |  Yes  |    7336     
RUN-1001 :   Yes  |  Yes  |  No   |     363     
RUN-1001 : -------------------------------------
RUN-1001 : Control Group Statistic
RUN-1001 : -----------------------------
RUN-1001 :   #CLK  |  #CE  |  #SSR/ASR  
RUN-1001 : -----------------------------
RUN-1001 :    10   |  379  |     31     
RUN-1001 : -----------------------------
RUN-0007 : Control Set = 455
PHY-1001 : End Stage 3 | Detailed Placement; Time: 77.231811s wall, 80.687500s user + 0.343750s system = 81.031250s CPU (104.9%); Memory(MB): used = 1364, reserved = 1349, peak = 1364;

PHY-1001 : Populate physical database on model design_top_wrapper.
PHY-1001 : Stage 4 | Optimize Design
PHY-3001 : Start incremental legalization ...
PHY-1001 : Populate physical database on model design_top_wrapper.
PHY-1001 : Processing 2 clock pins of DDR instance u_ph1p35_324_ddr_wrapper/u_ddr2/ph1p_ddrmc_wrapper/ph1p_ddrmc_top/u_ddr_phy/u_ddrphy_top/u_ddrphy/ac_byte[0]$ac_byte_used$u_ddrphy_ac_byte_wrapper/u_ddrphy_byte, location = x0y70z0.
PHY-1001 :   Placed ioclk instance u_ph1p35_324_ddr_wrapper/u_ddr2/ph1p_ddrmc_wrapper/ph1p_ddrmc_top/u_ddr_phy/u_ddrphy_top/u_ddrphy_clk/ioclk[0]$u_ioclk_1, location = x0y59z1.
PHY-1001 :   Placed ioclk instance u_ph1p35_324_ddr_wrapper/u_ddr2/ph1p_ddrmc_wrapper/ph1p_ddrmc_top/u_ddr_phy/u_ddrphy_top/u_ddrphy_clk/ioclk[0]$u_ioclk_0, location = x0y59z0.
PHY-1001 : Processing 2 clock pins of DDR instance u_ph1p35_324_ddr_wrapper/u_ddr2/ph1p_ddrmc_wrapper/ph1p_ddrmc_top/u_ddr_phy/u_ddrphy_top/u_ddrphy/ac_byte[1]$ac_byte_used$u_ddrphy_ac_byte_wrapper/u_ddrphy_byte, location = x0y60z0.
PHY-1001 :   Placed ioclk instance u_ph1p35_324_ddr_wrapper/u_ddr2/ph1p_ddrmc_wrapper/ph1p_ddrmc_top/u_ddr_phy/u_ddrphy_top/u_ddrphy_clk/ioclk[0]$u_ioclk_1, location = x0y59z1.
PHY-1001 :   Placed ioclk instance u_ph1p35_324_ddr_wrapper/u_ddr2/ph1p_ddrmc_wrapper/ph1p_ddrmc_top/u_ddr_phy/u_ddrphy_top/u_ddrphy_clk/ioclk[0]$u_ioclk_0, location = x0y59z0.
PHY-1001 : Processing 2 clock pins of DDR instance u_ph1p35_324_ddr_wrapper/u_ddr2/ph1p_ddrmc_wrapper/ph1p_ddrmc_top/u_ddr_phy/u_ddrphy_top/u_ddrphy/ac_byte[2]$ac_byte_used$u_ddrphy_ac_byte_wrapper/u_ddrphy_byte, location = x0y50z0.
PHY-1001 :   Placed ioclk instance u_ph1p35_324_ddr_wrapper/u_ddr2/ph1p_ddrmc_wrapper/ph1p_ddrmc_top/u_ddr_phy/u_ddrphy_top/u_ddrphy_clk/ioclk[0]$u_ioclk_1, location = x0y59z1.
PHY-1001 :   Placed ioclk instance u_ph1p35_324_ddr_wrapper/u_ddr2/ph1p_ddrmc_wrapper/ph1p_ddrmc_top/u_ddr_phy/u_ddrphy_top/u_ddrphy_clk/ioclk[0]$u_ioclk_0, location = x0y59z0.
PHY-1001 : Processing 2 clock pins of DDR instance u_ph1p35_324_ddr_wrapper/u_ddr2/ph1p_ddrmc_wrapper/ph1p_ddrmc_top/u_ddr_phy/u_ddrphy_top/u_ddrphy/ac_byte[3]$ac_byte_used$u_ddrphy_ac_byte_wrapper/u_ddrphy_byte, location = x0y40z0.
PHY-1001 :   Placed ioclk instance u_ph1p35_324_ddr_wrapper/u_ddr2/ph1p_ddrmc_wrapper/ph1p_ddrmc_top/u_ddr_phy/u_ddrphy_top/u_ddrphy_clk/ioclk[0]$u_ioclk_1, location = x0y59z1.
PHY-1001 :   Placed ioclk instance u_ph1p35_324_ddr_wrapper/u_ddr2/ph1p_ddrmc_wrapper/ph1p_ddrmc_top/u_ddr_phy/u_ddrphy_top/u_ddrphy_clk/ioclk[0]$u_ioclk_0, location = x0y59z0.
PHY-1001 : Processing 2 clock pins of DDR instance u_ph1p35_324_ddr_wrapper/u_ddr2/ph1p_ddrmc_wrapper/ph1p_ddrmc_top/u_ddr_phy/u_ddrphy_top/u_ddrphy/dx_byte[0]$dx_byte_used$u_ddrphy_dx_byte_wrapper/u_ddrphy_byte, location = x0y30z0.
PHY-1001 :   Placed ioclk instance u_ph1p35_324_ddr_wrapper/u_ddr2/ph1p_ddrmc_wrapper/ph1p_ddrmc_top/u_ddr_phy/u_ddrphy_top/u_ddrphy_clk/ioclk[1]$u_ioclk_1, location = x0y19z1.
PHY-1001 :   Placed ioclk instance u_ph1p35_324_ddr_wrapper/u_ddr2/ph1p_ddrmc_wrapper/ph1p_ddrmc_top/u_ddr_phy/u_ddrphy_top/u_ddrphy_clk/ioclk[1]$u_ioclk_0, location = x0y19z0.
PHY-1001 : Processing 2 clock pins of DDR instance u_ph1p35_324_ddr_wrapper/u_ddr2/ph1p_ddrmc_wrapper/ph1p_ddrmc_top/u_ddr_phy/u_ddrphy_top/u_ddrphy/dx_byte[1]$dx_byte_used$u_ddrphy_dx_byte_wrapper/u_ddrphy_byte, location = x0y10z0.
PHY-1001 :   Placed ioclk instance u_ph1p35_324_ddr_wrapper/u_ddr2/ph1p_ddrmc_wrapper/ph1p_ddrmc_top/u_ddr_phy/u_ddrphy_top/u_ddrphy_clk/ioclk[1]$u_ioclk_1, location = x0y19z1.
PHY-1001 :   Placed ioclk instance u_ph1p35_324_ddr_wrapper/u_ddr2/ph1p_ddrmc_wrapper/ph1p_ddrmc_top/u_ddr_phy/u_ddrphy_top/u_ddrphy_clk/ioclk[1]$u_ioclk_0, location = x0y19z0.
PHY-3001 : Target density is 60%
PHY-3001 : Target density is 60%
PHY-3001 : Initial: Len = 1.70772e+06, Over = 0
PHY-1001 : Stage 4.1 | Spreading
PHY-3001 : Design contains 127 ce signals.
PHY-3001 : Spreading for sector grids.
PHY-3001 : Iter 1, total overflow: 0
PHY-3001 : tot_capacity: 48, usage_cnt: 22, movable_cnt: 35
PHY-3001 : Spreading for clock grids.
PHY-3001 : clock grid count for 24 x 4 grids
PHY-3001 : Spreading for plb grids.
PHY-3001 : total displace: 0, max displace: 0.
PHY-3001 : End spreading;  0.370432s wall, 0.375000s user + 0.000000s system = 0.375000s CPU (101.2%)

PHY-1001 : End Stage 4.1 | Spreading; Time: 0.370543s wall, 0.375000s user + 0.000000s system = 0.375000s CPU (101.2%); Memory(MB): used = 1365, reserved = 1349, peak = 1365;

PHY-3001 : Final: Len = 1.70772e+06, Over = 0
PHY-3001 : End incremental legalization;  0.722887s wall, 0.734375s user + 0.000000s system = 0.734375s CPU (101.6%)

RUN-1002 : start command "report_qor -step place -file place.qor"
RUN-1002 : start command "start_timer"
RUN-1003 : finish command "start_timer" in  2.603601s wall, 2.593750s user + 0.000000s system = 2.593750s CPU (99.6%)

RUN-1004 : used memory is 1365 MB, reserved memory is 1349 MB, peak memory is 1365 MB
RUN-1001 : Generating global routing grids ...
-----------------------------------------------------------
| QoR metrics               |         value               |
-----------------------------------------------------------
| Timing                    |                             |
|     Setup WNS             |         2559                |
|     Setup TNS             |            0                |
|     Num of violated S-EP  |            0                |
|     FMAX                  |   158.003MHz                |
|     SWNS path clock period |       8888ps                |
|     Hold WNS              |         -278                |
|     Hold TNS              |       -73526                |
|     Num of violated H-EP  |          541                |
-----------------------------------------------------------
| Routing Resource          |                             |
|     Wire length           |      1702339                |
|     Route Net Num         |        26932                |
|     DontRoute Net Num     |        11868                |
|     RouteSinks Num        |        88282                |
-----------------------------------------------------------
| Utilization               |                             |
|     #slices               |        16588                |
|     slices percentage     |       78.19%                |
|     #RAMs                 |           30                |
|     #DSPs                 |           21                |
|     #DRAMHARDCON          |           77                |
-----------------------------------------------------------
| Congestion                |                             |
|     Top 1% tile util      |           75                |
|     Top 1% tile avg util  |       80.45%                |
|     Over 100% util #tile  |            0                |
-----------------------------------------------------------
Report place stage QoR done.

RUN-1003 : finish command "report_qor -step place -file place.qor" in  5.215923s wall, 5.140625s user + 0.015625s system = 5.156250s CPU (98.9%)

RUN-1004 : used memory is 1365 MB, reserved memory is 1349 MB, peak memory is 1365 MB
PHY-1001 : End Stage 4 | Optimize Design; Time: 5.961150s wall, 5.890625s user + 0.015625s system = 5.906250s CPU (99.1%); Memory(MB): used = 1365, reserved = 1349, peak = 1365;

PHY-1001 : Stage 5 | DRC Check
PHY-1001 : Stage 5.1 | Slice Attributes Check
PHY-1035 : Redundant attributes/nets in slice detected. You can use tcl "check_slice_attr -verbose" to get full message.
PHY-1039 : Found 112 mslices getting no used reg attributes, eg: u_hdmi_tx/u_hdmi_1_4b_transmitter_core_wrapper/u_hdmi_tx_controller_wrapper/u_hdmi_video_data_assemble/S_island_guard_band_1d_syn_10.
PHY-1039 : Found 112 mslices getting no used ce attributes, eg: u_hdmi_tx/u_hdmi_1_4b_transmitter_core_wrapper/u_hdmi_tx_controller_wrapper/u_hdmi_video_data_assemble/S_island_guard_band_1d_syn_10.
PHY-1001 : End Stage 5.1 | Slice Attributes Check; Time: 0.059263s wall, 0.062500s user + 0.000000s system = 0.062500s CPU (105.5%); Memory(MB): used = 1365, reserved = 1349, peak = 1365;

PHY-1001 : Stage 5.2 | Clock Bound Check
PHY-1001 : Check pass.
PHY-1001 : End Stage 5.2 | Clock Bound Check; Time: 0.002390s wall, 0.000000s user + 0.000000s system = 0.000000s CPU (n/a%); Memory(MB): used = 1365, reserved = 1349, peak = 1365;

PHY-1001 : Stage 5.3 | Force Route Constraint Check
PHY-1001 : Check Pass.
PHY-1001 : End Stage 5.3 | Force Route Constraint Check; Time: 0.003187s wall, 0.000000s user + 0.000000s system = 0.000000s CPU (n/a%); Memory(MB): used = 1365, reserved = 1349, peak = 1365;

PHY-1001 : Stage 5.4 | Sigmap Check
PHY-1001 : Check pass.
PHY-1001 : End Stage 5.4 | Sigmap Check; Time: 0.100305s wall, 0.093750s user + 0.000000s system = 0.093750s CPU (93.5%); Memory(MB): used = 1365, reserved = 1349, peak = 1365;

PHY-1001 : Stage 5.5 | Duplicated SelfDriven Check
PHY-1001 : Check pass.
PHY-1001 : End Stage 5.5 | Duplicated SelfDriven Check; Time: 0.727000s wall, 0.734375s user + 0.000000s system = 0.734375s CPU (101.0%); Memory(MB): used = 1365, reserved = 1349, peak = 1365;

PHY-1001 : Stage 5.6 | Clock Rule Check
PHY-5088 WARNING: Clock_Analyzer: Detected 1 buffer(s) clkin net because they drive non-clock sinks. Run "analyze_clock -detail" for more infomation.
PHY-5088 WARNING: Clock_Analyzer: Detected 1 buffer(s) clkout net because they drive non-clock sinks. Run "analyze_clock -detail" for more infomation.
PHY-5088 WARNING: Clock_Analyzer: 3 clock-net(s) because they drive other clock net, may cause clock skew. Run "analyze_clock -detail" for more infomation.
PHY-1001 : End Stage 5.6 | Clock Rule Check; Time: 0.084152s wall, 0.078125s user + 0.000000s system = 0.078125s CPU (92.8%); Memory(MB): used = 1365, reserved = 1349, peak = 1365;

PHY-1001 : End Stage 5 | DRC Check; Time: 1.051272s wall, 1.031250s user + 0.000000s system = 1.031250s CPU (98.1%); Memory(MB): used = 1365, reserved = 1349, peak = 1365;

OPT-1001 : QoR tracer report on placement steps:
    SWNS [   incr ]    STNS [   incr ]    FEPS [   incr ]    CRIT [   incr ]      CELL [     incr ]        WL [     incr ]    CONG [   incr ]    PDES [   incr ]   RT(s) [   incr ]   MEM(mb) [     incr ]
       0 [      0 ]       0 [      0 ]       0 [      0 ]       0 [      0 ]     32416 [        0 ]         0 [        0 ]    0.00 [   0.00 ]       0 [      0 ]       0 [      0 ]       592 [        0 ] : preplace:simplify_lut
       0 [      0 ]       0 [      0 ]       0 [      0 ]       0 [      0 ]     32416 [        0 ]         0 [        0 ]    0.00 [   0.00 ]       0 [      0 ]       0 [      0 ]       592 [        0 ] : preplace:sweep
       0 [      0 ]       0 [      0 ]       0 [      0 ]       0 [      0 ]     32416 [        0 ]         0 [        0 ]    0.00 [   0.00 ]       0 [      0 ]       0 [      0 ]       592 [        0 ] : preplace:lut_merge
       0 [      0 ]       0 [      0 ]       0 [      0 ]       0 [      0 ]     32416 [        0 ]         0 [        0 ]    0.00 [   0.00 ]       0 [      0 ]       0 [      0 ]       592 [        0 ] : preplace:hfn_opt
    2123 [   2123 ]       0 [      0 ]       0 [      0 ]    4072 [   4072 ]     34202 [     1786 ]   1916431 [  1916431 ]    0.00 [   0.00 ]       0 [      0 ]      13 [     13 ]      1075 [      483 ] : step1_gp
    2123 [      0 ]       0 [      0 ]       0 [      0 ]    4094 [     22 ]     34202 [        0 ]   1921352 [     4921 ]    0.00 [   0.00 ]       0 [      0 ]      15 [      2 ]      1080 [        5 ] : step1_legal
    2123 [      0 ]       0 [      0 ]       0 [      0 ]    4101 [      7 ]     34202 [        0 ]   1892332 [   -29020 ]    0.00 [   0.00 ]       0 [      0 ]      17 [      2 ]      1083 [        3 ] : step1_dp
    1624 [   -499 ]       0 [      0 ]       0 [      0 ]    4354 [    253 ]     34202 [        0 ]   1554563 [  -337769 ]  164.89 [ 164.89 ]       0 [      0 ]      23 [      6 ]      1181 [       98 ] : step2_gp
    1624 [      0 ]       0 [      0 ]       0 [      0 ]    4354 [      0 ]     34202 [        0 ]   1552557 [    -2006 ]  164.89 [   0.00 ]       0 [      0 ]      25 [      2 ]      1184 [        3 ] : step2_dp
    1624 [      0 ]       0 [      0 ]       0 [      0 ]    4354 [      0 ]     34202 [        0 ]   1552557 [        0 ]  164.89 [   0.00 ]       0 [      0 ]      25 [      0 ]      1184 [        0 ] : prepack_spreading
    1810 [    186 ]       0 [      0 ]       0 [      0 ]    4336 [    -18 ]     34294 [       92 ]   1460890 [   -91667 ]  175.58 [  10.68 ]       0 [      0 ]      35 [     10 ]      1197 [       13 ] : prepack:hfn_opt
    1845 [     35 ]       0 [      0 ]       0 [      0 ]    4336 [      0 ]     34294 [        0 ]   1463432 [     2542 ]   91.47 [ -84.11 ]       0 [      0 ]      40 [      5 ]      1197 [        0 ] : prepack:global_opt
    1219 [   -626 ]       0 [      0 ]       0 [      0 ]    4446 [    110 ]     18585 [   -15709 ]   1846463 [   383031 ]   92.05 [   0.58 ]       0 [      0 ]      71 [     31 ]      1340 [      143 ] : direct_legalization
    1219 [      0 ]       0 [      0 ]       0 [      0 ]    4446 [      0 ]     18585 [        0 ]   1846463 [        0 ]   92.05 [   0.00 ]       0 [      0 ]      71 [      0 ]      1348 [        8 ] : post_pack_spreading
    1745 [    526 ]       0 [      0 ]       0 [      0 ]    4632 [    186 ]     18585 [        0 ]   1624680 [  -221783 ]   83.32 [  -8.74 ]       0 [      0 ]      98 [     27 ]      1364 [       16 ] : post_pack_dp
    1745 [      0 ]       0 [      0 ]       0 [      0 ]    4630 [     -2 ]     18577 [       -8 ]   1621924 [    -2756 ]   83.32 [   0.00 ]       0 [      0 ]     106 [      8 ]      1364 [        0 ] : postpack:optimize_equivalent_quick
    1745 [      0 ]       0 [      0 ]       0 [      0 ]    4645 [     15 ]     18606 [       29 ]   1627948 [     6024 ]   83.32 [   0.00 ]       0 [      0 ]     108 [      2 ]      1364 [        0 ] : postpack:hfn_opt
    2143 [    398 ]       0 [      0 ]       0 [      0 ]    4645 [      0 ]     18637 [       31 ]   1642576 [    14628 ]   80.68 [  -2.63 ]       0 [      0 ]     121 [     13 ]      1364 [        0 ] : postpack:path_opt
    2143 [      0 ]       0 [      0 ]       0 [      0 ]    4643 [     -2 ]     18623 [      -14 ]   1637768 [    -4808 ]   80.68 [   0.00 ]       0 [      0 ]     129 [      8 ]      1364 [        0 ] : postpack:optimize_equivalent
    2559 [    416 ]       0 [      0 ]       0 [      0 ]    4988 [    345 ]     18623 [        0 ]   1637768 [        0 ]   80.68 [   0.00 ]       0 [      0 ]     132 [      3 ]      1364 [        0 ] : postpack:pin_opt
    2559 [      0 ]       0 [      0 ]       0 [      0 ]    4984 [     -4 ]     18623 [        0 ]   1685352 [    47584 ]   80.68 [   0.00 ]       0 [      0 ]     146 [     14 ]      1364 [        0 ] : postpack:beeline_opt

RUN-1003 : finish command "place" in  155.580705s wall, 394.187500s user + 10.812500s system = 405.000000s CPU (260.3%)

RUN-1004 : used memory is 1365 MB, reserved memory is 1349 MB, peak memory is 1365 MB
RUN-1002 : start command "update_timing -mode manhattan"
RUN-1002 : start command "start_timer"
RUN-1003 : finish command "start_timer" in  2.582505s wall, 2.531250s user + 0.000000s system = 2.531250s CPU (98.0%)

RUN-1004 : used memory is 1365 MB, reserved memory is 1349 MB, peak memory is 1365 MB
RUN-1003 : finish command "update_timing -mode manhattan" in  4.244949s wall, 4.156250s user + 0.000000s system = 4.156250s CPU (97.9%)

RUN-1004 : used memory is 1365 MB, reserved memory is 1349 MB, peak memory is 1365 MB
RUN-1002 : start command "report_timing_summary -file traffic_sign_td_place.timing"
RUN-1002 : start command "report_area -io_info -file traffic_sign_td_phy.area"
SYN-4034 : The count of slices with lut is 10462.
SYN-4035 : The count of slices with lut+ripple is 3388.
RUN-1001 : standard
***Report Model: design_top_wrapper Device: PH1P35MDG324***

Design Statistics
#IO                        58   out of    160   36.25%
  #input                    2
  #output                  31
  #inout                   25
#lut6                   14578   out of  21216   68.71%
#reg                    14585
  #slice reg            14585   out of  42432   34.37%
  #pad reg                  0

Utilization Statistics
#slice                  16588   out of  21216   78.19%
  #used ram               728
    #dram lut             616
    #shifter lut          112
  #used logic           15860
    #with luts          10462
    #with adder          3388
    #reg only            2010
#f7mux                      0   out of  10608    0.00%
#f8mux                      0   out of   5304    0.00%
#eram                      30   out of    108   27.78%
  #eram20k                 30
  #fifo20k                  0
#dsp                       21   out of     40   52.50%
#ddr_byte                   6   out of     12   50.00%
#mipi_tx                    0   out of      2    0.00%
#mipi_rx                    1   out of      2   50.00%
#pad                       17   out of    160   10.62%
#pll                        3   out of      6   50.00%
#gclk                       9   out of     32   28.12%
#lclk                       0   out of     12    0.00%
#sclk                       0   out of     48    0.00%
#mlclk                      2   out of      6   33.33%
#ioclk                      4   out of     18   22.22%

RUN-1002 : start command "flow_status -file place_flow.status"
Location         : D:\anlu\rtl\traffic_sign_td\td_project\traffic_sign_td_Runs\syn_1
Running with     : Tang Dynasty v6.2.168116
                   Copyright (c) 2012-2025 Anlogic Inc.
Top Model        : design_top_wrapper
Device           : PH1P35MDG324
Speed            : 3

Timing Mode      : manhattan
Setup            : WNS  2559ps  TNS        0ps  NUM_FEPS     0
Hold             : WNS  -278ps  TNS   -73526ps  NUM_FEPS   541

Flow Statistics  :
RUN-1001 : Flow Statistics:
RUN-1001 : ---------------------------------------------------------------------------------------------------
RUN-1001 :      command     |  #calls  |  wall time   |  cpu time(s)  |  used memory(mb)  |  peak memory(mb)  
RUN-1001 : ---------------------------------------------------------------------------------------------------
RUN-1001 :       place      |    1     |  2m35s(98%)  |   404(99%)    |       1365        |       1365        
RUN-1001 :     import_db    |    1     |    1s(0%)    |     0(0%)     |        590        |        590        
RUN-1001 :   import_device  |    1     |    1s(0%)    |     1(0%)     |        324        |        324        
RUN-1001 : ---------------------------------------------------------------------------------------------------
RUN-1001 :       total      |    3     |    2m37s     |      405      |       1365        |       1365        
RUN-1001 : ---------------------------------------------------------------------------------------------------
RUN-1002 : start command "export_db traffic_sign_td_place.db"
RUN-1001 : Exported flow parameters
RUN-1001 : Exported /
RUN-1001 : Exported libs
RUN-1001 : Exported entities
RUN-1001 : Exported ports
RUN-1001 : Exported pins
RUN-1001 : Exported instances
RUN-1001 : Exported nets
RUN-1001 : Exported buses
RUN-1001 : Exported models
RUN-1001 : Exported phy database
RUN-1001 : Exported packer
RUN-1001 : Exported congestions
RUN-1001 : Exported violations
RUN-1001 : Exported ATMR Setting
RUN-1001 : Exported timing constraints
RUN-1001 : Exported IO constraints
RUN-1001 : Exported Inst constraints
RUN-1001 : Exported ChipWatcher
RUN-1003 : finish command "export_db traffic_sign_td_place.db" in  1.137462s wall, 1.609375s user + 0.062500s system = 1.671875s CPU (147.0%)

RUN-1004 : used memory is 1389 MB, reserved memory is 1461 MB, peak memory is 1389 MB
RUN-1002 : start command "commit_param -step route"
RUN-1001 : Print Global Property
RUN-1001 : -------------------------------------------------------------
RUN-1001 :     Parameters    |   Settings   |  Default Values  |  Note  
RUN-1001 : -------------------------------------------------------------
RUN-1001 :    enable_seed    |     off      |       off        |        
RUN-1001 :    hfn_to_clock   |  1000000000  |    1000000000    |        
RUN-1001 :      message      |   standard   |     standard     |        
RUN-1001 :    qor_monitor    |      on      |        on        |        
RUN-1001 :   speedup_effort  |      0       |        0         |        
RUN-1001 :    syn_ip_flow    |     off      |       off        |        
RUN-1001 :       thread      |     auto     |       auto       |        
RUN-1001 : -------------------------------------------------------------
RUN-1001 : Print Route Property
RUN-1001 : ---------------------------------------------------------------
RUN-1001 :       Parameters      |  Settings  |  Default Values  |  Note  
RUN-1001 : ---------------------------------------------------------------
RUN-1001 :         effort        |   normal   |      normal      |        
RUN-1001 :        fix_hold       |     on     |        on        |        
RUN-1001 :   hold_fix_iteration  |     5      |        5         |        
RUN-1001 :     post_route_opt    |    auto    |       auto       |        
RUN-1001 :         timing        |     on     |        on        |        
RUN-1001 : ---------------------------------------------------------------
RUN-1002 : start command "route"
RUN-1001 : Open license file D:/Anlogic/TD_6.2.1_Engineer_6.2.168.116/license/Anlogic.lic
PHY-1001 : Reconnected 29 VDD pins with routing demanding
PHY-1001 : Populate physical database on model design_top_wrapper.
RUN-1001 : Dedicate pll clock connection statistics:
RUN-1001 : Clock Region s_1_l [0,40][23,79]; Utilization: 1 out of 12
RUN-1001 : ----------------------------------------------------------------------------------------------------------------------------------------------------------------------------------------------------------------------------------
RUN-1001 :   Index  |                                    Leading Clock                                     |                                                          Special Sink                                                           
RUN-1001 : ----------------------------------------------------------------------------------------------------------------------------------------------------------------------------------------------------------------------------------
RUN-1001 :     1    |  u_ph1p35_324_ddr_wrapper/u_ddr2/ph1p_ddrmc_wrapper/ph1p_ddrmc_top/u_alc_mc_top/clk  |  u_ph1p35_324_ddr_wrapper/u_ddr2/ph1p_ddrmc_wrapper/ph1p_ddrmc_top/u_ddr_phy/u_ddrphy_top/u_ddrphy_clk/u_pll1/u_pll_inst.fbclk  
RUN-1001 : ----------------------------------------------------------------------------------------------------------------------------------------------------------------------------------------------------------------------------------
RUN-1001 : Clock Region s_1_r [24,40][43,79]; Utilization: 1 out of 12
RUN-1001 : -----------------------------------------------------------------------------------------------------------------------------------------------------------------------
RUN-1001 :   Index  |                                     Leading Clock                                     |                            Special Sink                             
RUN-1001 : -----------------------------------------------------------------------------------------------------------------------------------------------------------------------
RUN-1001 :     1    |  u_mipi_dphy_rx_ph1p_mipiio_wrapper/u_ph1p_mipiio_rx_wrapper/u_lane0_hs_detect/I_clk  |  u_PLL/ph1p_phy_pll_wrapper_25a56e5ce2f9_Inst/u_PH1P_PHY_PLL.fbclk  
RUN-1001 : -----------------------------------------------------------------------------------------------------------------------------------------------------------------------
PHY-1001 : Working orders of clock nets being processed in bank assignment:
PHY-1001 : u_ph1p35_324_ddr_wrapper/u_ddr2/ph1p_ddrmc_wrapper/ph1p_ddrmc_top/u_alc_mc_top/clk;
PHY-1001 : u_mipi_dphy_rx_ph1p_mipiio_wrapper/u_ph1p_mipiio_rx_wrapper/u_lane0_hs_detect/I_clk;
PHY-1001 : u_isp_top/u_demosaic/raw_matrix_3x3_buffer_d/zhenghe_d/blk_mem_gen_zhenghe_d1/ram_d32970204f32_Inst/clkb;
PHY-1001 : u_hdmi_mixer/I_clk_syn_654;
PHY-1001 : I_sys_clk_syn_8;
PHY-1001 : O_cam_24m_syn_3;
PHY-1001 : u_hdmi_tx/u_hdmi2phy_wrapper/u0_lane_lvds_8_1/I_serial_clk_syn_1;
PHY-1001 : u_ph1p35_324_ddr_wrapper/u_ddr2/ph1p_ddrmc_wrapper/ph1p_ddrmc_top/u_ddr_phy/u_ddrphy_top/u_ddrphy/apb_pclk_syn_1;
PHY-1001 : u_uicfgcs500/uii2c_inst/scl_clk_syn_9;
PHY-1001 : Internal bound Intnl_0_0_25_40 is being created by clock MIPI_RX_BYTE_CLK through SCLK.
PHY-1001 : Internal bound Intnl_25_0_23_40 is being created by clock MIPI_RX_BYTE_CLK through SCLK.
PHY-1001 : Internal bound Intnl_0_40_25_40 is being created by clock u_ph1p35_324_ddr_wrapper/u_ddr2/usr_clk through SCLK.
PHY-1001 : Internal bound Intnl_25_40_19_40 is being created by clock MIPI_RX_BYTE_CLK through SCLK.
RUN-1001 : Clock region assignment statistics:
RUN-1001 : Clock Region s_0_l [0,0][23,39]; Utilization: 6 out of 12
RUN-1001 : ----------------------------------------------------------------------------------------------------------------------------------------------------------------------------------------------------------------------------------------------------------------------------------------------------------------------------------------
RUN-1001 :   Bank  |                                                   Leading Clock                                                    |       Type        |                                                                          Buffer                                                                           |  Regional Clock Fanouts  
RUN-1001 : ----------------------------------------------------------------------------------------------------------------------------------------------------------------------------------------------------------------------------------------------------------------------------------------------------------------------------------------
RUN-1001 :    1    |      u_isp_top/u_demosaic/raw_matrix_3x3_buffer_d/zhenghe_d/blk_mem_gen_zhenghe_d1/ram_d32970204f32_Inst/clkb      |  (infered sclk)   |                           u_mipi_dphy_rx_ph1p_mipiio_wrapper/u_ph1p_mipiio_rx_wrapper/bufg_feedback_auto_created_sclk_s_0_l_bk1                           |           1523           
RUN-1001 :    2    |                 u_ph1p35_324_ddr_wrapper/u_ddr2/ph1p_ddrmc_wrapper/ph1p_ddrmc_top/u_alc_mc_top/clk                 |  (infered sclk)   |   u_ph1p35_324_ddr_wrapper/u_ddr2/ph1p_ddrmc_wrapper/ph1p_ddrmc_top/u_ddr_phy/u_ddrphy_top/u_ddrphy_clk/u_pll1/u_bufg_fbclk_auto_created_sclk_s_0_l_bk2   |           850            
RUN-1001 :    3    |                                                  I_sys_clk_syn_8                                                   |  (infered sclk)   |                                               I_sys_clk_dup_6_created_gclkinst_auto_created_sclk_s_0_l_bk3                                                |            78            
RUN-1001 :    4    |                                             u_hdmi_mixer/I_clk_syn_654                                             |  (infered sclk)   |                                              u_hdmi_mixer/I_clk_created_gclkinst_auto_created_sclk_s_0_l_bk4                                              |            77            
RUN-1001 :    5    |                                                  O_cam_24m_syn_3                                                   |  (infered sclk)   |                                               O_cam_24m_dup_1_created_gclkinst_auto_created_sclk_s_0_l_bk5                                                |            6             
RUN-1001 :    6    |  u_ph1p35_324_ddr_wrapper/u_ddr2/ph1p_ddrmc_wrapper/ph1p_ddrmc_top/u_ddr_phy/u_ddrphy_top/u_ddrphy/apb_pclk_syn_1  |  (infered sclk)   |  u_ph1p35_324_ddr_wrapper/u_ddr2/ph1p_ddrmc_wrapper/ph1p_ddrmc_top/u_ddr_phy/u_ddrphy_top/u_ddrphy/apb_pclk_created_gclkinst_auto_created_sclk_s_0_l_bk6  |            3             
RUN-1001 : ----------------------------------------------------------------------------------------------------------------------------------------------------------------------------------------------------------------------------------------------------------------------------------------------------------------------------------------
RUN-1001 : Clock Region s_0_r [24,0][47,39]; Utilization: 6 out of 12
RUN-1001 : ------------------------------------------------------------------------------------------------------------------------------------------------------------------------------------------------------------------------------------------------------------------------------------------------------------------------------
RUN-1001 :   Bank  |                                               Leading Clock                                                |       Type        |                                                                         Buffer                                                                          |  Regional Clock Fanouts  
RUN-1001 : ------------------------------------------------------------------------------------------------------------------------------------------------------------------------------------------------------------------------------------------------------------------------------------------------------------------------------
RUN-1001 :    1    |  u_isp_top/u_demosaic/raw_matrix_3x3_buffer_d/zhenghe_d/blk_mem_gen_zhenghe_d1/ram_d32970204f32_Inst/clkb  |  (infered sclk)   |                          u_mipi_dphy_rx_ph1p_mipiio_wrapper/u_ph1p_mipiio_rx_wrapper/bufg_feedback_auto_created_sclk_s_0_r_bk1                          |           843            
RUN-1001 :    2    |                                         u_hdmi_mixer/I_clk_syn_654                                         |  (infered sclk)   |                                             u_hdmi_mixer/I_clk_created_gclkinst_auto_created_sclk_s_0_r_bk2                                             |           300            
RUN-1001 :    3    |                                              O_cam_24m_syn_3                                               |  (infered sclk)   |                                              O_cam_24m_dup_1_created_gclkinst_auto_created_sclk_s_0_r_bk3                                               |            37            
RUN-1001 :    4    |                                   u_uicfgcs500/uii2c_inst/scl_clk_syn_9                                    |  (infered sclk)   |                                      u_uicfgcs500/uii2c_inst/scl_clk_created_gclkinst_auto_created_sclk_s_0_r_bk4                                       |            18            
RUN-1001 :    5    |            u_mipi_dphy_rx_ph1p_mipiio_wrapper/u_ph1p_mipiio_rx_wrapper/u_lane0_hs_detect/I_clk             |  (infered sclk)   |                                                     u_PLL/bufg_feedback_auto_created_sclk_s_0_r_bk5                                                     |            7             
RUN-1001 :    6    |             u_ph1p35_324_ddr_wrapper/u_ddr2/ph1p_ddrmc_wrapper/ph1p_ddrmc_top/u_alc_mc_top/clk             |  (infered sclk)   |  u_ph1p35_324_ddr_wrapper/u_ddr2/ph1p_ddrmc_wrapper/ph1p_ddrmc_top/u_ddr_phy/u_ddrphy_top/u_ddrphy_clk/u_pll1/u_bufg_fbclk_auto_created_sclk_s_0_r_bk6  |            5             
RUN-1001 : ------------------------------------------------------------------------------------------------------------------------------------------------------------------------------------------------------------------------------------------------------------------------------------------------------------------------------
RUN-1001 : Clock Region s_1_l [0,40][23,79]; Utilization: 5 out of 12
RUN-1001 : ----------------------------------------------------------------------------------------------------------------------------------------------------------------------------------------------------------------------------------------------------------------------------------------------------------------------------------------
RUN-1001 :   Bank  |                                                   Leading Clock                                                    |       Type        |                                                                          Buffer                                                                           |  Regional Clock Fanouts  
RUN-1001 : ----------------------------------------------------------------------------------------------------------------------------------------------------------------------------------------------------------------------------------------------------------------------------------------------------------------------------------------
RUN-1001 :    1    |                 u_ph1p35_324_ddr_wrapper/u_ddr2/ph1p_ddrmc_wrapper/ph1p_ddrmc_top/u_alc_mc_top/clk                 |  (infered sclk)   |   u_ph1p35_324_ddr_wrapper/u_ddr2/ph1p_ddrmc_wrapper/ph1p_ddrmc_top/u_ddr_phy/u_ddrphy_top/u_ddrphy_clk/u_pll1/u_bufg_fbclk_auto_created_sclk_s_1_l_bk1   |           1322           
RUN-1001 :    2    |      u_isp_top/u_demosaic/raw_matrix_3x3_buffer_d/zhenghe_d/blk_mem_gen_zhenghe_d1/ram_d32970204f32_Inst/clkb      |  (infered sclk)   |                           u_mipi_dphy_rx_ph1p_mipiio_wrapper/u_ph1p_mipiio_rx_wrapper/bufg_feedback_auto_created_sclk_s_1_l_bk2                           |           1732           
RUN-1001 :    3    |                                             u_hdmi_mixer/I_clk_syn_654                                             |  (infered sclk)   |                                              u_hdmi_mixer/I_clk_created_gclkinst_auto_created_sclk_s_1_l_bk3                                              |            30            
RUN-1001 :    4    |  u_ph1p35_324_ddr_wrapper/u_ddr2/ph1p_ddrmc_wrapper/ph1p_ddrmc_top/u_ddr_phy/u_ddrphy_top/u_ddrphy/apb_pclk_syn_1  |  (infered sclk)   |  u_ph1p35_324_ddr_wrapper/u_ddr2/ph1p_ddrmc_wrapper/ph1p_ddrmc_top/u_ddr_phy/u_ddrphy_top/u_ddrphy/apb_pclk_created_gclkinst_auto_created_sclk_s_1_l_bk4  |            26            
RUN-1001 :    5    |                                                  O_cam_24m_syn_3                                                   |  (infered sclk)   |                                               O_cam_24m_dup_1_created_gclkinst_auto_created_sclk_s_1_l_bk5                                                |            16            
RUN-1001 : ----------------------------------------------------------------------------------------------------------------------------------------------------------------------------------------------------------------------------------------------------------------------------------------------------------------------------------------
RUN-1001 : Clock Region s_1_r [24,40][43,79]; Utilization: 5 out of 12
RUN-1001 : ------------------------------------------------------------------------------------------------------------------------------------------------------------------------------------------------------------------------------------------------------------------------------------------------------------------------------
RUN-1001 :   Bank  |                                               Leading Clock                                                |       Type        |                                                                         Buffer                                                                          |  Regional Clock Fanouts  
RUN-1001 : ------------------------------------------------------------------------------------------------------------------------------------------------------------------------------------------------------------------------------------------------------------------------------------------------------------------------------
RUN-1001 :    1    |            u_mipi_dphy_rx_ph1p_mipiio_wrapper/u_ph1p_mipiio_rx_wrapper/u_lane0_hs_detect/I_clk             |  (infered sclk)   |                                                     u_PLL/bufg_feedback_auto_created_sclk_s_1_r_bk1                                                     |            1             
RUN-1001 :    2    |  u_isp_top/u_demosaic/raw_matrix_3x3_buffer_d/zhenghe_d/blk_mem_gen_zhenghe_d1/ram_d32970204f32_Inst/clkb  |  (infered sclk)   |                          u_mipi_dphy_rx_ph1p_mipiio_wrapper/u_ph1p_mipiio_rx_wrapper/bufg_feedback_auto_created_sclk_s_1_r_bk2                          |           1307           
RUN-1001 :    3    |                                         u_hdmi_mixer/I_clk_syn_654                                         |  (infered sclk)   |                                             u_hdmi_mixer/I_clk_created_gclkinst_auto_created_sclk_s_1_r_bk3                                             |           545            
RUN-1001 :    4    |                      u_hdmi_tx/u_hdmi2phy_wrapper/u0_lane_lvds_8_1/I_serial_clk_syn_1                      |  (infered sclk)   |                         u_hdmi_tx/u_hdmi2phy_wrapper/u0_lane_lvds_8_1/I_serial_clk_created_gclkinst_auto_created_sclk_s_1_r_bk4                         |            39            
RUN-1001 :    5    |             u_ph1p35_324_ddr_wrapper/u_ddr2/ph1p_ddrmc_wrapper/ph1p_ddrmc_top/u_alc_mc_top/clk             |  (infered sclk)   |  u_ph1p35_324_ddr_wrapper/u_ddr2/ph1p_ddrmc_wrapper/ph1p_ddrmc_top/u_ddr_phy/u_ddrphy_top/u_ddrphy_clk/u_pll1/u_bufg_fbclk_auto_created_sclk_s_1_r_bk5  |            1             
RUN-1001 : ------------------------------------------------------------------------------------------------------------------------------------------------------------------------------------------------------------------------------------------------------------------------------------------------------------------------------
PHY-1001 : Populate physical database on model design_top_wrapper.
PHY-1001 : Route runs in 32 thread(s)
RUN-1001 : There are total 17276 instances
RUN-1001 : 728 mslices, 15860 lslices, 54 pads, 30 brams, 21 dsps
RUN-1001 : There are total 39250 nets
RUN-1001 : 25798 nets have 2 pins
RUN-1001 : 10159 nets have [3 - 5] pins
RUN-1001 : 2360 nets have [6 - 10] pins
RUN-1001 : 590 nets have [11 - 20] pins
RUN-1001 : 275 nets have [21 - 99] pins
RUN-1001 : 68 nets have 100+ pins
RUN-1002 : start command "start_timer"
RUN-1003 : finish command "start_timer" in  3.740619s wall, 3.593750s user + 0.031250s system = 3.625000s CPU (96.9%)

RUN-1004 : used memory is 1389 MB, reserved memory is 1461 MB, peak memory is 1389 MB
PHY-1001 : 728 mslices, 15860 lslices, 54 pads, 30 brams, 21 dsps

PHY-1001 : Stage 1 | Global Routing
PHY-1001 : Start global routing, caller is route ...
RUN-1001 : Generating global routing grids ...
PHY-1001 : Generate routing nets ...
RUN-1001 : Generate nets statistics:
RUN-1001 : ----------------------------
RUN-1001 :        Type       |  Nets   
RUN-1001 : ----------------------------
RUN-1001 :   TotalRouteNets  |  26954  
RUN-1001 :   DontRouteNets   |  5845   
RUN-1001 :     RouteNets     |  21109  
RUN-1001 :     RouteSinks    |  43941  
RUN-1001 : ----------------------------
PHY-1001 : Global iterations in 32 thread ...
PHY-1002 : len = 1.95813e+06, over cnt = 2512(3%), over = 5148, worst = 9
PHY-1002 : len = 2.03387e+06, over cnt = 1607(2%), over = 2646, worst = 9
PHY-1002 : len = 2.09418e+06, over cnt = 650(0%), over = 1066, worst = 9
PHY-1002 : len = 2.19742e+06, over cnt = 56(0%), over = 145, worst = 9
PHY-1002 : len = 2.20165e+06, over cnt = 0(0%), over = 0, worst = 0
PHY-1001 : End global iterations;  3.425865s wall, 5.031250s user + 0.000000s system = 5.031250s CPU (146.9%)

PHY-1001 : Congestion index:
PHY-1001 : top1  = 80.78(S 68.39, N 57.16, E 73.72, W 76.48, I 71.74, O 81.74)
PHY-1001 : top5  = 69.27(S 58.47, N 46.25, E 60.01, W 61.38, I 57.96, O 64.40)
PHY-1001 : top10 = 63.63(S 52.32, N 40.71, E 53.18, W 53.89, I 52.29, O 57.38)
PHY-1001 : top15 = 60.04(S 48.29, N 37.05, E 48.89, W 49.05, I 49.03, O 53.23)
PHY-1001 : End global routing;  3.933745s wall, 5.515625s user + 0.015625s system = 5.531250s CPU (140.6%)

PHY-1001 : End Stage 1 | Global Routing; Time: 3.933799s wall, 5.515625s user + 0.015625s system = 5.531250s CPU (140.6%); Memory(MB): used = 1407, reserved = 1461, peak = 1407;

PHY-1001 : Stage 2 | Detail Routing
PHY-1001 : Stage 2.1 | Build Routing Design
PHY-1001 : Routing in high effort: false
PHY-1001 : Routing Mode: normal
PHY-1001 : Generate detailed routing grids ...
RUN-1001 : Constructing routing connections ...
PHY-1001 : End build routing graph; 2.928128s wall, 19.671875s user + 0.218750s system = 19.890625s CPU (679.3%)

PHY-1001 : Generate nets ...
RUN-1001 : Generate nets statistics:
RUN-1001 : ------------------------------
RUN-1001 :         Type        |  Nets   
RUN-1001 : ------------------------------
RUN-1001 :        Route        |  27383  
RUN-1001 :      DontRoute      |  11867  
RUN-1001 :      RouteSinks     |  90609  
RUN-1001 :   RouteEntitySinks  |    0    
RUN-1001 :       Lut2Dff       |    0    
RUN-1001 :       Ram2Dff       |    0    
RUN-1001 :      Carry2Dff      |    0    
RUN-1001 : ------------------------------
RUN-1001 : DR clock net summary:
RUN-1001 : ---------------------------------------------------------------------------------------------------------------------------------------------------
RUN-1001 :   Net Idx  |                                                        Net Name                                                        |  Clock Type  
RUN-1001 : ---------------------------------------------------------------------------------------------------------------------------------------------------
RUN-1001 :      1     |                                                    I_sys_clk_dup_6                                                     |    Normal    
RUN-1001 :      2     |                                                    I_sys_clk_syn_8                                                     |    Normal    
RUN-1001 :      3     |                                                    O_cam_24m_dup_1                                                     |    Normal    
RUN-1001 :      4     |                                                    O_cam_24m_syn_3                                                     |    Normal    
RUN-1001 :      5     |                                                     u_PLL/clk0_buf                                                     |    Normal    
RUN-1001 :      6     |                                                   u_hdmi_mixer/I_clk                                                   |    Normal    
RUN-1001 :      7     |                                               u_hdmi_mixer/I_clk_syn_654                                               |    Normal    
RUN-1001 :      8     |                               u_hdmi_tx/u_hdmi2phy_wrapper/u0_lane_lvds_8_1/I_serial_clk                               |    Normal    
RUN-1001 :      9     |                            u_hdmi_tx/u_hdmi2phy_wrapper/u0_lane_lvds_8_1/I_serial_clk_syn_1                            |    Normal    
RUN-1001 :     10     |        u_isp_top/u_demosaic/raw_matrix_3x3_buffer_d/zhenghe_d/blk_mem_gen_zhenghe_d1/ram_d32970204f32_Inst/clkb        |    Normal    
RUN-1001 :     11     |                     u_mipi_dphy_rx_ph1p_mipiio_wrapper/u_ph1p_mipiio_rx_wrapper/S_mipiio_hs_rx_clk                     |    Normal    
RUN-1001 :     12     |                  u_mipi_dphy_rx_ph1p_mipiio_wrapper/u_ph1p_mipiio_rx_wrapper/u_lane0_hs_detect/I_clk                   |    Normal    
RUN-1001 :     13     |                   u_ph1p35_324_ddr_wrapper/u_ddr2/ph1p_ddrmc_wrapper/ph1p_ddrmc_top/u_alc_mc_top/clk                   |    Normal    
RUN-1001 :     14     |       u_ph1p35_324_ddr_wrapper/u_ddr2/ph1p_ddrmc_wrapper/ph1p_ddrmc_top/u_ddr_phy/u_ddrphy_top/u_ddrphy/apb_pclk       |    Normal    
RUN-1001 :     15     |    u_ph1p35_324_ddr_wrapper/u_ddr2/ph1p_ddrmc_wrapper/ph1p_ddrmc_top/u_ddr_phy/u_ddrphy_top/u_ddrphy/apb_pclk_syn_1    |    Normal    
RUN-1001 :     16     |      u_ph1p35_324_ddr_wrapper/u_ddr2/ph1p_ddrmc_wrapper/ph1p_ddrmc_top/u_ddr_phy/u_ddrphy_top/u_ddrphy/ctl_clk[0]      |    Normal    
RUN-1001 :     17     |      u_ph1p35_324_ddr_wrapper/u_ddr2/ph1p_ddrmc_wrapper/ph1p_ddrmc_top/u_ddr_phy/u_ddrphy_top/u_ddrphy/ctl_clk[1]      |    Normal    
RUN-1001 :     18     |      u_ph1p35_324_ddr_wrapper/u_ddr2/ph1p_ddrmc_wrapper/ph1p_ddrmc_top/u_ddr_phy/u_ddrphy_top/u_ddrphy/ddr_clk[0]      |    Normal    
RUN-1001 :     19     |      u_ph1p35_324_ddr_wrapper/u_ddr2/ph1p_ddrmc_wrapper/ph1p_ddrmc_top/u_ddr_phy/u_ddrphy_top/u_ddrphy/ddr_clk[1]      |    Normal    
RUN-1001 :     20     |    u_ph1p35_324_ddr_wrapper/u_ddr2/ph1p_ddrmc_wrapper/ph1p_ddrmc_top/u_ddr_phy/u_ddrphy_top/u_ddrphy_clk/pll0_clk_1    |    Normal    
RUN-1001 :     21     |    u_ph1p35_324_ddr_wrapper/u_ddr2/ph1p_ddrmc_wrapper/ph1p_ddrmc_top/u_ddr_phy/u_ddrphy_top/u_ddrphy_clk/pll0_clk_2    |    Normal    
RUN-1001 :     22     |   u_ph1p35_324_ddr_wrapper/u_ddr2/ph1p_ddrmc_wrapper/ph1p_ddrmc_top/u_ddr_phy/u_ddrphy_top/u_ddrphy_clk/pll0_mlclk_1   |    Normal    
RUN-1001 :     23     |   u_ph1p35_324_ddr_wrapper/u_ddr2/ph1p_ddrmc_wrapper/ph1p_ddrmc_top/u_ddr_phy/u_ddrphy_top/u_ddrphy_clk/pll0_mlclk_2   |    Normal    
RUN-1001 :     24     |  u_ph1p35_324_ddr_wrapper/u_ddr2/ph1p_ddrmc_wrapper/ph1p_ddrmc_top/u_ddr_phy/u_ddrphy_top/u_ddrphy_clk/u_pll1/clkc[0]  |    Normal    
RUN-1001 :     25     |  u_ph1p35_324_ddr_wrapper/u_ddr2/ph1p_ddrmc_wrapper/ph1p_ddrmc_top/u_ddr_phy/u_ddrphy_top/u_ddrphy_clk/u_pll1/refclk   |    Normal    
RUN-1001 :     26     |                                            u_uicfgcs500/uii2c_inst/scl_clk                                             |    Normal    
RUN-1001 :     27     |                                         u_uicfgcs500/uii2c_inst/scl_clk_syn_9                                          |    Normal    
RUN-1001 : ---------------------------------------------------------------------------------------------------------------------------------------------------
RUN-1001 : DR clock buffer summary:
RUN-1001 : -------------------------------------------------------------------------------------------------------------------------------------------------------------------
RUN-1001 :   Idx  |                                                                           Name                                                                            
RUN-1001 : -------------------------------------------------------------------------------------------------------------------------------------------------------------------
RUN-1001 :    1   |                           u_mipi_dphy_rx_ph1p_mipiio_wrapper/u_ph1p_mipiio_rx_wrapper/bufg_feedback_auto_created_sclk_s_0_l_bk1                           
RUN-1001 :    2   |   u_ph1p35_324_ddr_wrapper/u_ddr2/ph1p_ddrmc_wrapper/ph1p_ddrmc_top/u_ddr_phy/u_ddrphy_top/u_ddrphy_clk/u_pll1/u_bufg_fbclk_auto_created_sclk_s_0_l_bk2   
RUN-1001 :    3   |                                               I_sys_clk_dup_6_created_gclkinst_auto_created_sclk_s_0_l_bk3                                                
RUN-1001 :    4   |                                              u_hdmi_mixer/I_clk_created_gclkinst_auto_created_sclk_s_0_l_bk4                                              
RUN-1001 :    5   |                                               O_cam_24m_dup_1_created_gclkinst_auto_created_sclk_s_0_l_bk5                                                
RUN-1001 :    6   |  u_ph1p35_324_ddr_wrapper/u_ddr2/ph1p_ddrmc_wrapper/ph1p_ddrmc_top/u_ddr_phy/u_ddrphy_top/u_ddrphy/apb_pclk_created_gclkinst_auto_created_sclk_s_0_l_bk6  
RUN-1001 :    7   |                           u_mipi_dphy_rx_ph1p_mipiio_wrapper/u_ph1p_mipiio_rx_wrapper/bufg_feedback_auto_created_sclk_s_0_r_bk1                           
RUN-1001 :    8   |                                              u_hdmi_mixer/I_clk_created_gclkinst_auto_created_sclk_s_0_r_bk2                                              
RUN-1001 :    9   |                                               O_cam_24m_dup_1_created_gclkinst_auto_created_sclk_s_0_r_bk3                                                
RUN-1001 :   10   |                                       u_uicfgcs500/uii2c_inst/scl_clk_created_gclkinst_auto_created_sclk_s_0_r_bk4                                        
RUN-1001 :   11   |                                                      u_PLL/bufg_feedback_auto_created_sclk_s_0_r_bk5                                                      
RUN-1001 :   12   |   u_ph1p35_324_ddr_wrapper/u_ddr2/ph1p_ddrmc_wrapper/ph1p_ddrmc_top/u_ddr_phy/u_ddrphy_top/u_ddrphy_clk/u_pll1/u_bufg_fbclk_auto_created_sclk_s_0_r_bk6   
RUN-1001 :   13   |   u_ph1p35_324_ddr_wrapper/u_ddr2/ph1p_ddrmc_wrapper/ph1p_ddrmc_top/u_ddr_phy/u_ddrphy_top/u_ddrphy_clk/u_pll1/u_bufg_fbclk_auto_created_sclk_s_1_l_bk1   
RUN-1001 :   14   |                           u_mipi_dphy_rx_ph1p_mipiio_wrapper/u_ph1p_mipiio_rx_wrapper/bufg_feedback_auto_created_sclk_s_1_l_bk2                           
RUN-1001 :   15   |                                              u_hdmi_mixer/I_clk_created_gclkinst_auto_created_sclk_s_1_l_bk3                                              
RUN-1001 :   16   |  u_ph1p35_324_ddr_wrapper/u_ddr2/ph1p_ddrmc_wrapper/ph1p_ddrmc_top/u_ddr_phy/u_ddrphy_top/u_ddrphy/apb_pclk_created_gclkinst_auto_created_sclk_s_1_l_bk4  
RUN-1001 :   17   |                                               O_cam_24m_dup_1_created_gclkinst_auto_created_sclk_s_1_l_bk5                                                
RUN-1001 :   18   |                                                      u_PLL/bufg_feedback_auto_created_sclk_s_1_r_bk1                                                      
RUN-1001 :   19   |                           u_mipi_dphy_rx_ph1p_mipiio_wrapper/u_ph1p_mipiio_rx_wrapper/bufg_feedback_auto_created_sclk_s_1_r_bk2                           
RUN-1001 :   20   |                                              u_hdmi_mixer/I_clk_created_gclkinst_auto_created_sclk_s_1_r_bk3                                              
RUN-1001 :   21   |                          u_hdmi_tx/u_hdmi2phy_wrapper/u0_lane_lvds_8_1/I_serial_clk_created_gclkinst_auto_created_sclk_s_1_r_bk4                          
RUN-1001 :   22   |   u_ph1p35_324_ddr_wrapper/u_ddr2/ph1p_ddrmc_wrapper/ph1p_ddrmc_top/u_ddr_phy/u_ddrphy_top/u_ddrphy_clk/u_pll1/u_bufg_fbclk_auto_created_sclk_s_1_r_bk5   
RUN-1001 : -------------------------------------------------------------------------------------------------------------------------------------------------------------------
PHY-1001 : End Stage 2.1 | Build Routing Design; Time: 3.645645s wall, 20.375000s user + 0.234375s system = 20.609375s CPU (565.3%); Memory(MB): used = 1742, reserved = 1725, peak = 1742;

RUN-1001 : Top Percentage Crit. Net Stat.
RUN-1001 : -------------------------------------------------------
RUN-1001 :   Top %  |  Net Count  |  Avg. Fanout  |  Avg. Slack   
RUN-1001 : -------------------------------------------------------
RUN-1001 :     1    |     392     |   2.732143    |  2863.895408  
RUN-1001 :     2    |     785     |   2.676433    |  3022.845860  
RUN-1001 :     3    |    1177     |   2.992353    |  3243.299065  
RUN-1001 :     4    |    1570     |   3.424841    |  3513.809554  
RUN-1001 :     5    |    1962     |   3.532620    |  3765.039755  
RUN-1001 :     6    |    2355     |   3.506582    |  3976.177919  
RUN-1001 :     7    |    2747     |   3.802330    |  4147.000728  
RUN-1001 :     8    |    3140     |   3.979299    |  4288.892994  
RUN-1001 :     9    |    3532     |   3.917894    |  4410.468573  
RUN-1001 :    10    |    3925     |   3.849936    |  4517.582166  
RUN-1001 : -------------------------------------------------------
PHY-1001 : Stage 2.2 | Tile Base Routing
PHY-1001 : 169 nets need to preroute.
PHY-1001 : len = 0, over cnt = 0(0%), over = 0, worst = 0, crit = 0
PHY-1001 : End Stage 2.2 | Tile Base Routing; Time: 0.269123s wall, 5.031250s user + 0.062500s system = 5.093750s CPU (1892.7%); Memory(MB): used = 1745, reserved = 1728, peak = 1745;

PHY-1001 : Stage 2.3 | Clock Nets Routing
PHY-1001 : Routed 0% nets.
PHY-1001 : len = 419392, over cnt = 0(0%), over = 0, worst = 0, crit = 0
PHY-1001 : End Stage 2.3 | Clock Nets Routing; Time: 1.518615s wall, 1.437500s user + 0.031250s system = 1.468750s CPU (96.7%); Memory(MB): used = 1789, reserved = 1771, peak = 1789;

PHY-1001 : Stage 2.4 | Routing Initialization
PHY-1001 : Mark 1% net(place mode slack < 3039ps) as critical nets.
PHY-1001 : Stage 2.4.1 | Normal Nets Routing
PHY-1001 : Routed 65% nets.
PHY-1001 : len = 3.46072e+06, over cnt = 16998(1%), over = 18162, worst = 4, crit = 0
PHY-1001 : End Stage 2.4.1 | Normal Nets Routing; Time: 12.284967s wall, 27.281250s user + 0.359375s system = 27.640625s CPU (225.0%); Memory(MB): used = 1831, reserved = 1814, peak = 1831;

PHY-1001 : Stage 2.4.2 | Update Timing
RUN-1002 : start command "start_timer"
USR-1002 : Derived clock:  create_generated_clock -name {u_PLL/ph1p_phy_pll_wrapper_25a56e5ce2f9_Inst/u_PH1P_PHY_PLL.clkc[0]} -source [get_ports {I_sys_clk}] -master_clock {sys_clk_50m} -multiply_by 2.0000 -duty_cycle 50.0000 [get_pins {u_PLL/ph1p_phy_pll_wrapper_25a56e5ce2f9_Inst/u_PH1P_PHY_PLL.clkc[0]}]
USR-1002 : Derived clock:  create_generated_clock -name {u_PLL/ph1p_phy_pll_wrapper_25a56e5ce2f9_Inst/u_PH1P_PHY_PLL.clkc[1]} -source [get_ports {I_sys_clk}] -master_clock {sys_clk_50m} -divide_by 2.0769 -duty_cycle 50.0000 [get_pins {u_PLL/ph1p_phy_pll_wrapper_25a56e5ce2f9_Inst/u_PH1P_PHY_PLL.clkc[1]}]
USR-1002 : Derived clock:  create_generated_clock -name {u_PLL/ph1p_phy_pll_wrapper_25a56e5ce2f9_Inst/u_PH1P_PHY_PLL.clkc[4]} -source [get_ports {I_sys_clk}] -master_clock {sys_clk_50m} -multiply_by 1.0400 -duty_cycle 50.0000 [get_pins {u_PLL/ph1p_phy_pll_wrapper_25a56e5ce2f9_Inst/u_PH1P_PHY_PLL.clkc[4]}]
USR-1002 : Derived clock:  create_generated_clock -name {u_PLL/ph1p_phy_pll_wrapper_25a56e5ce2f9_Inst/u_PH1P_PHY_PLL.clkc[5]} -source [get_ports {I_sys_clk}] -master_clock {sys_clk_50m} -multiply_by 5.2000 -duty_cycle 50.0000 [get_pins {u_PLL/ph1p_phy_pll_wrapper_25a56e5ce2f9_Inst/u_PH1P_PHY_PLL.clkc[5]}]
USR-1002 : Derived clock:  create_generated_clock -name {u_ph1p35_324_ddr_wrapper/u_ddr2/ph1p_ddrmc_wrapper/ph1p_ddrmc_top/u_ddr_phy/u_ddrphy_top/u_ddrphy_clk/u_pll0/u_pll_inst.clkc[0]} -source [get_ports {I_sys_clk}] -master_clock {sys_clk_50m} -multiply_by 1.3333 -duty_cycle 50.0000 [get_pins {u_ph1p35_324_ddr_wrapper/u_ddr2/ph1p_ddrmc_wrapper/ph1p_ddrmc_top/u_ddr_phy/u_ddrphy_top/u_ddrphy_clk/u_pll0/u_pll_inst.clkc[0]}]
USR-1002 : Derived clock:  create_generated_clock -name {u_ph1p35_324_ddr_wrapper/u_ddr2/ph1p_ddrmc_wrapper/ph1p_ddrmc_top/u_ddr_phy/u_ddrphy_top/u_ddrphy_clk/u_pll0/u_pll_inst.clkc[1]} -source [get_ports {I_sys_clk}] -master_clock {sys_clk_50m} -multiply_by 1.3333 -duty_cycle 50.0000 [get_pins {u_ph1p35_324_ddr_wrapper/u_ddr2/ph1p_ddrmc_wrapper/ph1p_ddrmc_top/u_ddr_phy/u_ddrphy_top/u_ddrphy_clk/u_pll0/u_pll_inst.clkc[1]}]
USR-1002 : Derived clock:  create_generated_clock -name {u_ph1p35_324_ddr_wrapper/u_ddr2/ph1p_ddrmc_wrapper/ph1p_ddrmc_top/u_ddr_phy/u_ddrphy_top/u_ddrphy_clk/u_pll0/u_pll_inst.clkc[2]} -source [get_ports {I_sys_clk}] -master_clock {sys_clk_50m} -multiply_by 5.3333 -duty_cycle 50.0000 [get_pins {u_ph1p35_324_ddr_wrapper/u_ddr2/ph1p_ddrmc_wrapper/ph1p_ddrmc_top/u_ddr_phy/u_ddrphy_top/u_ddrphy_clk/u_pll0/u_pll_inst.clkc[2]}]
USR-1002 : Derived clock:  create_generated_clock -name {u_ph1p35_324_ddr_wrapper/u_ddr2/ph1p_ddrmc_wrapper/ph1p_ddrmc_top/u_ddr_phy/u_ddrphy_top/u_ddrphy_clk/u_pll0/u_pll_inst.clkc[3]} -source [get_ports {I_sys_clk}] -master_clock {sys_clk_50m} -divide_by 1.9687 -duty_cycle 50.0000 [get_pins {u_ph1p35_324_ddr_wrapper/u_ddr2/ph1p_ddrmc_wrapper/ph1p_ddrmc_top/u_ddr_phy/u_ddrphy_top/u_ddrphy_clk/u_pll0/u_pll_inst.clkc[3]}]
USR-1002 : Derived clock:  create_generated_clock -name {u_ph1p35_324_ddr_wrapper/u_ddr2/ph1p_ddrmc_wrapper/ph1p_ddrmc_top/u_ddr_phy/u_ddrphy_top/u_ddrphy_clk/u_pll1/u_pll_inst.clkc[0]} -source [get_pins {u_ph1p35_324_ddr_wrapper/u_ddr2/ph1p_ddrmc_wrapper/ph1p_ddrmc_top/u_ddr_phy/u_ddrphy_top/u_ddrphy_clk/u_pll0/u_pll_inst.clkc[0]}] -master_clock {u_ph1p35_324_ddr_wrapper/u_ddr2/ph1p_ddrmc_wrapper/ph1p_ddrmc_top/u_ddr_phy/u_ddrphy_top/u_ddrphy_clk/u_pll0/u_pll_inst.clkc[0]} -multiply_by 1.0000 -duty_cycle 50.0000 [get_pins {u_ph1p35_324_ddr_wrapper/u_ddr2/ph1p_ddrmc_wrapper/ph1p_ddrmc_top/u_ddr_phy/u_ddrphy_top/u_ddrphy_clk/u_pll1/u_pll_inst.clkc[0]}]
8.888000
15.000000
15.000000
19.230000
RUN-1003 : finish command "start_timer" in  2.824383s wall, 2.828125s user + 0.000000s system = 2.828125s CPU (100.1%)

RUN-1004 : used memory is 1832 MB, reserved memory is 1815 MB, peak memory is 1832 MB
TMR-2502 : Net delay update with mode: Routed
PHY-1001 : 0/26954(0%) critical/total net(s).
PHY-1001 : Setup: WNS(ns) = 0.969, TNS(ns) = 0.000, FEP = 0 | Hold: WNS(ns) = -0.211, TNS(ns) = -13.582, FEP = 252.
PHY-1001 : End Stage 2.4.2 | Update Timing; Time: 7.671867s wall, 7.609375s user + 0.015625s system = 7.625000s CPU (99.4%); Memory(MB): used = 1975, reserved = 1958, peak = 1975;

PHY-1001 : Stage 2.4.3 | Deskew Clock Tree
RUN-1001 : Deskew Summary
RUN-1001 : ---------------------------------------------------------------------------------------------------------------------------------
RUN-1001 :                                                 Clock                                                 |  Pre-Skew  |  Post-Skew  
RUN-1001 : ---------------------------------------------------------------------------------------------------------------------------------
RUN-1001 :                                             mipi_rx_ck_pad                                            |     32     |     32      
RUN-1001 :   u_mipi_dphy_rx_ph1p_mipiio_wrapper/u_ph1p_mipiio_rx_wrapper/u_PH1P_LOGIC_DPHY_MIPI_RX.io_clk_pad_p  |     32     |     32      
RUN-1001 :                                            MIPI_RX_BYTE_CLK                                           |     32     |     32      
RUN-1001 :                                              pll_clk_100m                                             |     20     |     20      
RUN-1001 :                                u_ph1p35_324_ddr_wrapper/u_ddr2/usr_clk                                |     15     |     15      
RUN-1001 :                                             HDMI_PIXEL_CLK                                            |     15     |     15      
RUN-1001 :                                u_ph1p35_324_ddr_wrapper/u_ddr2/mcu_clk                                |     13     |     13      
RUN-1001 :                                              pll_clk_24m                                              |     16     |     16      
RUN-1001 : ---------------------------------------------------------------------------------------------------------------------------------
PHY-1001 : 0/26954(0%) critical/total net(s).
PHY-1001 : Setup: WNS(ns) = 0.969, TNS(ns) = 0.000, FEP = 0 | Hold: WNS(ns) = -0.211, TNS(ns) = -13.582, FEP = 252.
PHY-1001 : End Stage 2.4.3 | Deskew Clock Tree; Time: 4.837173s wall, 4.765625s user + 0.031250s system = 4.796875s CPU (99.2%); Memory(MB): used = 2016, reserved = 1999, peak = 2016;

PHY-1001 : End Stage 2.4 | Routing Initialization; Time: 24.899695s wall, 39.765625s user + 0.406250s system = 40.171875s CPU (161.3%); Memory(MB): used = 2016, reserved = 1999, peak = 2016;

PHY-1001 : Stage 2.5 | Routing Optimization
PHY-1001 : Build lut bridge;  0.194000s wall, 0.187500s user + 0.000000s system = 0.187500s CPU (96.6%)

PHY-1001 : Stage 2.5.1 | Phase 1
PHY-1001 : Stage 2.5.1.1 | Hold TimeOptimization
PHY-1001 : Iter 0; Processed 336 pins with HWNS -0.211ns HTNS -8.407ns FEP 156 took 0.476542 seconds.
PHY-1001 : Iter 1; Processed 510 pins with HWNS 0.003ns HTNS 0.000ns FEP 0 took 1.87081 seconds.
PHY-1001 : len = 3.49786e+06, over cnt = 16896(1%), over = 18062, worst = 4, crit = 0
PHY-1001 : End Stage 2.5.1.1 | Hold TimeOptimization; Time: 2.444064s wall, 2.781250s user + 0.000000s system = 2.781250s CPU (113.8%); Memory(MB): used = 2018, reserved = 2001, peak = 2018;

PHY-1001 : Stage 2.5.1.2 | High Fanout Nets Optimization
PHY-1001 : High fanout net optimize summary:
PHY-1001 : Process 0 nets and 0 pins with SWNS 0.969ns STNS 0.000ns FEP 0.
PHY-1001 : len = 3.49786e+06, over cnt = 16896(1%), over = 18062, worst = 4, crit = 0
PHY-1001 : End Stage 2.5.1.2 | High Fanout Nets Optimization; Time: 0.313751s wall, 0.562500s user + 0.000000s system = 0.562500s CPU (179.3%); Memory(MB): used = 2018, reserved = 2001, peak = 2018;

PHY-1001 : Stage 2.5.1.3 | Setup TimeOptimization
PHY-1001 : Mark 0 critical net(s) and 0 critical pin(s).
PHY-1001 : len = 3.49786e+06, over cnt = 16896(1%), over = 18062, worst = 4, crit = 0
PHY-1001 : End Stage 2.5.1.3 | Setup TimeOptimization; Time: 0.488200s wall, 0.640625s user + 0.031250s system = 0.671875s CPU (137.6%); Memory(MB): used = 2018, reserved = 2001, peak = 2018;

PHY-1001 : Stage 2.5.1.4 | Rip-up And ReRoute
PHY-0007 : Congestion: {81.80, 71.86, 67.56, 64.56}; Timing: {0.969ns, 0.000ns, 0}
PHY-1001 : Iter 1: len = 3.61173e+06, over cnt = 9464(0%), over = 9783, worst = 4, crit = 0, time(s) = 6.41
PHY-1001 : Iter 2: len = 3.65672e+06, over cnt = 6234(0%), over = 6337, worst = 3, crit = 0, time(s) = 2.86
PHY-1001 : Iter 3: len = 3.69755e+06, over cnt = 4687(0%), over = 4713, worst = 2, crit = 0, time(s) = 5.52
PHY-1001 : Iter 4: len = 3.76651e+06, over cnt = 2333(0%), over = 2334, worst = 2, crit = 0, time(s) = 4.27
PHY-1001 : Iter 5: len = 3.7899e+06, over cnt = 1564(0%), over = 1565, worst = 2, crit = 0, time(s) = 2.75
PHY-1001 : Iter 6: len = 3.79955e+06, over cnt = 1295(0%), over = 1295, worst = 1, crit = 0, time(s) = 2.36
PHY-1001 : Iter 7: len = 3.80286e+06, over cnt = 1175(0%), over = 1175, worst = 1, crit = 0, time(s) = 1.00
PHY-1001 : Marking 25 (0.65%) hot zones with cutoff utilization 81.25.
PHY-1001 : Iter 8: len = 3.85592e+06, over cnt = 303(0%), over = 303, worst = 1, crit = 0, time(s) = 1.04
PHY-1001 : Iter 9: len = 3.86533e+06, over cnt = 135(0%), over = 135, worst = 1, crit = 0, time(s) = 0.53
PHY-1001 : Iter 10: len = 3.87434e+06, over cnt = 50(0%), over = 50, worst = 1, crit = 0, time(s) = 0.20
PHY-1001 : Iter 11: len = 3.87699e+06, over cnt = 23(0%), over = 23, worst = 1, crit = 0, time(s) = 0.14
PHY-1001 : Iter 12: len = 3.87888e+06, over cnt = 4(0%), over = 4, worst = 1, crit = 0, time(s) = 0.19
PHY-1001 : Marking 25 (0.65%) hot zones with cutoff utilization 81.25.
PHY-1001 : Iter 13: len = 3.87891e+06, over cnt = 3(0%), over = 3, worst = 1, crit = 0, time(s) = 0.12
PHY-1001 : Iter 14: len = 3.87925e+06, over cnt = 0(0%), over = 0, worst = 0, crit = 0, time(s) = 0.13
PHY-1001 : Marking 25 (0.65%) hot zones with cutoff utilization 81.25.
PHY-1001 : Update congestion ...
PHY-1001 : Marking 25 (0.65%) hot zones with cutoff utilization 81.25.
PHY-1001 : Congestion index:
PHY-1001 : top1  = 85.75(S 72.97, N 65.40, E 78.78, W 82.35, I 71.74, O 81.74)
PHY-1001 : top5  = 76.33(S 64.33, N 58.03, E 68.38, W 73.69, I 57.96, O 64.40)
PHY-1001 : top10 = 72.22(S 60.31, N 53.24, E 63.44, W 68.48, I 52.29, O 57.38)
PHY-1001 : top15 = 69.44(S 57.53, N 50.01, E 59.84, W 64.88, I 49.03, O 53.23)
PHY-1001 : End update congestion; 0.024106s wall, 0.281250s user + 0.000000s system = 0.281250s CPU (1166.7%)

PHY-1001 : End Stage 2.5.1.4 | Rip-up And ReRoute; Time: 27.751613s wall, 66.312500s user + 0.312500s system = 66.625000s CPU (240.1%); Memory(MB): used = 2018, reserved = 2001, peak = 2018;

PHY-1001 : Stage 2.5.1.5 | Update Timing
PHY-1001 : 580/26954(2%) critical/total net(s).
PHY-1001 : Setup: WNS(ns) = -1.835, TNS(ns) = -26.030, FEP = 24 | Hold: WNS(ns) = -0.146, TNS(ns) = -1.818, FEP = 36.
PHY-1001 : End Stage 2.5.1.5 | Update Timing; Time: 3.161223s wall, 3.140625s user + 0.000000s system = 3.140625s CPU (99.3%); Memory(MB): used = 2030, reserved = 2013, peak = 2030;

PHY-1001 : Stage 2.5.1.6 | Commit Data
PHY-1001 : Commit better result to database ...
PHY-1001 : End Stage 2.5.1.6 | Commit Data; Time: 0.159431s wall, 0.156250s user + 0.000000s system = 0.156250s CPU (98.0%); Memory(MB): used = 2056, reserved = 2045, peak = 2056;

PHY-1001 : End Stage 2.5.1 | Phase 1; Time: 34.935781s wall, 74.203125s user + 0.343750s system = 74.546875s CPU (213.4%); Memory(MB): used = 2056, reserved = 2045, peak = 2056;

PHY-1001 : Stage 2.5.2 | Phase 2
PHY-1001 : Stage 2.5.2.1 | Hold TimeOptimization
PHY-1001 : Iter 0; Processed 65 pins with HWNS -0.095ns HTNS -0.281ns FEP 8 took 0.271883 seconds.
PHY-1001 : Iter 1; Processed 85 pins with HWNS 0.020ns HTNS 0.000ns FEP 0 took 0.506545 seconds.
PHY-1001 : len = 3.88813e+06, over cnt = 24(0%), over = 32, worst = 3, crit = 0
PHY-1001 : End Stage 2.5.2.1 | Hold TimeOptimization; Time: 0.896379s wall, 0.953125s user + 0.000000s system = 0.953125s CPU (106.3%); Memory(MB): used = 2056, reserved = 2045, peak = 2056;

PHY-1001 : Stage 2.5.2.2 | High Fanout Nets Optimization
PHY-1001 : High fanout net optimize summary:
PHY-1001 : Process 8 nets and 47 pins with SWNS 0.036ns STNS 0.000ns FEP 0.
PHY-1001 : len = 3.89408e+06, over cnt = 25(0%), over = 33, worst = 3, crit = 0
PHY-1001 : End Stage 2.5.2.2 | High Fanout Nets Optimization; Time: 1.175659s wall, 1.437500s user + 0.000000s system = 1.437500s CPU (122.3%); Memory(MB): used = 2056, reserved = 2045, peak = 2056;

PHY-1001 : Stage 2.5.2.3 | Setup TimeOptimization
PHY-1001 : Start to optimize setup violation with net base ...
PHY-1001 : Iter 1; Processed 2 pins with SWNS 0.174ns STNS 0.000ns FEP 0 took 0.356694 seconds.
PHY-1001 : Mark 185 critical net(s) and 227 critical pin(s).
PHY-1001 : len = 3.89451e+06, over cnt = 29(0%), over = 37, worst = 3, crit = 0
PHY-1001 : End Stage 2.5.2.3 | Setup TimeOptimization; Time: 0.887186s wall, 1.765625s user + 0.125000s system = 1.890625s CPU (213.1%); Memory(MB): used = 2056, reserved = 2045, peak = 2056;

PHY-1001 : Stage 2.5.2.4 | Rip-up And ReRoute
PHY-1001 : Iter 1: len = 3.89131e+06, over cnt = 4(0%), over = 4, worst = 1, crit = 0, time(s) = 0.08
PHY-1001 : Iter 2: len = 3.89141e+06, over cnt = 0(0%), over = 0, worst = 0, crit = 0, time(s) = 0.07
PHY-1001 : Update congestion ...
PHY-1001 : Marking 44 (1.15%) hot zones with cutoff utilization 81.08.
PHY-1001 : Congestion index:
PHY-1001 : top1  = 85.75(S 73.43, N 65.53, E 78.95, W 82.35, I 71.74, O 81.74)
PHY-1001 : top5  = 76.45(S 64.58, N 58.18, E 68.35, W 73.84, I 57.96, O 64.40)
PHY-1001 : top10 = 72.31(S 60.49, N 53.37, E 63.44, W 68.58, I 52.29, O 57.38)
PHY-1001 : top15 = 69.51(S 57.68, N 50.11, E 59.87, W 64.99, I 49.03, O 53.23)
PHY-1001 : End update congestion; 0.025903s wall, 0.015625s user + 0.000000s system = 0.015625s CPU (60.3%)

PHY-1001 : End Stage 2.5.2.4 | Rip-up And ReRoute; Time: 0.231401s wall, 0.984375s user + 0.015625s system = 1.000000s CPU (432.1%); Memory(MB): used = 2056, reserved = 2045, peak = 2056;

PHY-1001 : Stage 2.5.2.5 | Update Timing
PHY-1001 : 0/26954(0%) critical/total net(s).
PHY-1001 : Setup: WNS(ns) = 0.174, TNS(ns) = 0.000, FEP = 0 | Hold: WNS(ns) = -0.156, TNS(ns) = -1.370, FEP = 21.
PHY-1001 : End Stage 2.5.2.5 | Update Timing; Time: 0.594291s wall, 0.593750s user + 0.000000s system = 0.593750s CPU (99.9%); Memory(MB): used = 2056, reserved = 2045, peak = 2056;

PHY-1001 : Stage 2.5.2.6 | Commit Data
PHY-1001 : Commit better result to database ...
PHY-1001 : End Stage 2.5.2.6 | Commit Data; Time: 0.046039s wall, 0.046875s user + 0.000000s system = 0.046875s CPU (101.8%); Memory(MB): used = 2056, reserved = 2045, peak = 2056;

PHY-1001 : End Stage 2.5.2 | Phase 2; Time: 4.242127s wall, 6.171875s user + 0.140625s system = 6.312500s CPU (148.8%); Memory(MB): used = 2056, reserved = 2045, peak = 2056;

PHY-1001 : End Stage 2.5 | Routing Optimization; Time: 44.042486s wall, 85.203125s user + 0.484375s system = 85.687500s CPU (194.6%); Memory(MB): used = 2056, reserved = 2045, peak = 2056;

PHY-1001 : Stage 2.6 | Multi-try route Optimization
PHY-1001 : End Stage 2.6 | Multi-try route Optimization; Time: 0.078756s wall, 0.078125s user + 0.000000s system = 0.078125s CPU (99.2%); Memory(MB): used = 2056, reserved = 2045, peak = 2056;

PHY-1003 : Routed, final wirelength = 3.89141e+06
RUN-1001 : Clock region assignment statistics:
RUN-1001 : Clock Region s_0_l [0,0][23,39]; Utilization: 6 out of 12
RUN-1001 : -----------------------------------------------------------------------------------------------------------------------------------------------------------------------------------------------------------------------------------------------------------------------------------------------------------------------------------------------------------------------------------------------------------------------------------------------------
RUN-1001 :   Bank  |                                                   Assigned Clock                                                   |                                                    Route Clock                                                     |  Marking  |                                                                          Buffer                                                                           |  Regional Clock Fanouts  
RUN-1001 : -----------------------------------------------------------------------------------------------------------------------------------------------------------------------------------------------------------------------------------------------------------------------------------------------------------------------------------------------------------------------------------------------------------------------------------------------------
RUN-1001 :    1    |      u_isp_top/u_demosaic/raw_matrix_3x3_buffer_d/zhenghe_d/blk_mem_gen_zhenghe_d1/ram_d32970204f32_Inst/clkb      |      u_isp_top/u_demosaic/raw_matrix_3x3_buffer_d/zhenghe_d/blk_mem_gen_zhenghe_d1/ram_d32970204f32_Inst/clkb      |           |                           u_mipi_dphy_rx_ph1p_mipiio_wrapper/u_ph1p_mipiio_rx_wrapper/bufg_feedback_auto_created_sclk_s_0_l_bk1                           |           1523           
RUN-1001 :    2    |                 u_ph1p35_324_ddr_wrapper/u_ddr2/ph1p_ddrmc_wrapper/ph1p_ddrmc_top/u_alc_mc_top/clk                 |                 u_ph1p35_324_ddr_wrapper/u_ddr2/ph1p_ddrmc_wrapper/ph1p_ddrmc_top/u_alc_mc_top/clk                 |           |   u_ph1p35_324_ddr_wrapper/u_ddr2/ph1p_ddrmc_wrapper/ph1p_ddrmc_top/u_ddr_phy/u_ddrphy_top/u_ddrphy_clk/u_pll1/u_bufg_fbclk_auto_created_sclk_s_0_l_bk2   |           850            
RUN-1001 :    3    |                                                  I_sys_clk_syn_8                                                   |                                                  I_sys_clk_syn_8                                                   |           |                                               I_sys_clk_dup_6_created_gclkinst_auto_created_sclk_s_0_l_bk3                                                |            78            
RUN-1001 :    4    |                                             u_hdmi_mixer/I_clk_syn_654                                             |                                             u_hdmi_mixer/I_clk_syn_654                                             |           |                                              u_hdmi_mixer/I_clk_created_gclkinst_auto_created_sclk_s_0_l_bk4                                              |            77            
RUN-1001 :    5    |                                                  O_cam_24m_syn_3                                                   |                                                  O_cam_24m_syn_3                                                   |           |                                               O_cam_24m_dup_1_created_gclkinst_auto_created_sclk_s_0_l_bk5                                                |            6             
RUN-1001 :    6    |  u_ph1p35_324_ddr_wrapper/u_ddr2/ph1p_ddrmc_wrapper/ph1p_ddrmc_top/u_ddr_phy/u_ddrphy_top/u_ddrphy/apb_pclk_syn_1  |  u_ph1p35_324_ddr_wrapper/u_ddr2/ph1p_ddrmc_wrapper/ph1p_ddrmc_top/u_ddr_phy/u_ddrphy_top/u_ddrphy/apb_pclk_syn_1  |           |  u_ph1p35_324_ddr_wrapper/u_ddr2/ph1p_ddrmc_wrapper/ph1p_ddrmc_top/u_ddr_phy/u_ddrphy_top/u_ddrphy/apb_pclk_created_gclkinst_auto_created_sclk_s_0_l_bk6  |            3             
RUN-1001 : -----------------------------------------------------------------------------------------------------------------------------------------------------------------------------------------------------------------------------------------------------------------------------------------------------------------------------------------------------------------------------------------------------------------------------------------------------
RUN-1001 : Clock Region s_0_r [24,0][47,39]; Utilization: 6 out of 12
RUN-1001 : -----------------------------------------------------------------------------------------------------------------------------------------------------------------------------------------------------------------------------------------------------------------------------------------------------------------------------------------------------------------------------------------------------------------------------------
RUN-1001 :   Bank  |                                               Assigned Clock                                               |                                                Route Clock                                                 |  Marking  |                                                                         Buffer                                                                          |  Regional Clock Fanouts  
RUN-1001 : -----------------------------------------------------------------------------------------------------------------------------------------------------------------------------------------------------------------------------------------------------------------------------------------------------------------------------------------------------------------------------------------------------------------------------------
RUN-1001 :    1    |  u_isp_top/u_demosaic/raw_matrix_3x3_buffer_d/zhenghe_d/blk_mem_gen_zhenghe_d1/ram_d32970204f32_Inst/clkb  |  u_isp_top/u_demosaic/raw_matrix_3x3_buffer_d/zhenghe_d/blk_mem_gen_zhenghe_d1/ram_d32970204f32_Inst/clkb  |           |                          u_mipi_dphy_rx_ph1p_mipiio_wrapper/u_ph1p_mipiio_rx_wrapper/bufg_feedback_auto_created_sclk_s_0_r_bk1                          |           843            
RUN-1001 :    2    |                                         u_hdmi_mixer/I_clk_syn_654                                         |                                         u_hdmi_mixer/I_clk_syn_654                                         |           |                                             u_hdmi_mixer/I_clk_created_gclkinst_auto_created_sclk_s_0_r_bk2                                             |           300            
RUN-1001 :    3    |                                              O_cam_24m_syn_3                                               |                                              O_cam_24m_syn_3                                               |           |                                              O_cam_24m_dup_1_created_gclkinst_auto_created_sclk_s_0_r_bk3                                               |            37            
RUN-1001 :    4    |                                   u_uicfgcs500/uii2c_inst/scl_clk_syn_9                                    |                                   u_uicfgcs500/uii2c_inst/scl_clk_syn_9                                    |           |                                      u_uicfgcs500/uii2c_inst/scl_clk_created_gclkinst_auto_created_sclk_s_0_r_bk4                                       |            18            
RUN-1001 :    5    |            u_mipi_dphy_rx_ph1p_mipiio_wrapper/u_ph1p_mipiio_rx_wrapper/u_lane0_hs_detect/I_clk             |            u_mipi_dphy_rx_ph1p_mipiio_wrapper/u_ph1p_mipiio_rx_wrapper/u_lane0_hs_detect/I_clk             |           |                                                     u_PLL/bufg_feedback_auto_created_sclk_s_0_r_bk5                                                     |            7             
RUN-1001 :    6    |             u_ph1p35_324_ddr_wrapper/u_ddr2/ph1p_ddrmc_wrapper/ph1p_ddrmc_top/u_alc_mc_top/clk             |             u_ph1p35_324_ddr_wrapper/u_ddr2/ph1p_ddrmc_wrapper/ph1p_ddrmc_top/u_alc_mc_top/clk             |           |  u_ph1p35_324_ddr_wrapper/u_ddr2/ph1p_ddrmc_wrapper/ph1p_ddrmc_top/u_ddr_phy/u_ddrphy_top/u_ddrphy_clk/u_pll1/u_bufg_fbclk_auto_created_sclk_s_0_r_bk6  |            5             
RUN-1001 : -----------------------------------------------------------------------------------------------------------------------------------------------------------------------------------------------------------------------------------------------------------------------------------------------------------------------------------------------------------------------------------------------------------------------------------
RUN-1001 : Clock Region s_1_l [0,40][23,79]; Utilization: 5 out of 12
RUN-1001 : -----------------------------------------------------------------------------------------------------------------------------------------------------------------------------------------------------------------------------------------------------------------------------------------------------------------------------------------------------------------------------------------------------------------------------------------------------
RUN-1001 :   Bank  |                                                   Assigned Clock                                                   |                                                    Route Clock                                                     |  Marking  |                                                                          Buffer                                                                           |  Regional Clock Fanouts  
RUN-1001 : -----------------------------------------------------------------------------------------------------------------------------------------------------------------------------------------------------------------------------------------------------------------------------------------------------------------------------------------------------------------------------------------------------------------------------------------------------
RUN-1001 :    1    |                 u_ph1p35_324_ddr_wrapper/u_ddr2/ph1p_ddrmc_wrapper/ph1p_ddrmc_top/u_alc_mc_top/clk                 |                 u_ph1p35_324_ddr_wrapper/u_ddr2/ph1p_ddrmc_wrapper/ph1p_ddrmc_top/u_alc_mc_top/clk                 |           |   u_ph1p35_324_ddr_wrapper/u_ddr2/ph1p_ddrmc_wrapper/ph1p_ddrmc_top/u_ddr_phy/u_ddrphy_top/u_ddrphy_clk/u_pll1/u_bufg_fbclk_auto_created_sclk_s_1_l_bk1   |           1322           
RUN-1001 :    2    |      u_isp_top/u_demosaic/raw_matrix_3x3_buffer_d/zhenghe_d/blk_mem_gen_zhenghe_d1/ram_d32970204f32_Inst/clkb      |      u_isp_top/u_demosaic/raw_matrix_3x3_buffer_d/zhenghe_d/blk_mem_gen_zhenghe_d1/ram_d32970204f32_Inst/clkb      |           |                           u_mipi_dphy_rx_ph1p_mipiio_wrapper/u_ph1p_mipiio_rx_wrapper/bufg_feedback_auto_created_sclk_s_1_l_bk2                           |           1732           
RUN-1001 :    3    |                                             u_hdmi_mixer/I_clk_syn_654                                             |                                             u_hdmi_mixer/I_clk_syn_654                                             |           |                                              u_hdmi_mixer/I_clk_created_gclkinst_auto_created_sclk_s_1_l_bk3                                              |            30            
RUN-1001 :    4    |  u_ph1p35_324_ddr_wrapper/u_ddr2/ph1p_ddrmc_wrapper/ph1p_ddrmc_top/u_ddr_phy/u_ddrphy_top/u_ddrphy/apb_pclk_syn_1  |  u_ph1p35_324_ddr_wrapper/u_ddr2/ph1p_ddrmc_wrapper/ph1p_ddrmc_top/u_ddr_phy/u_ddrphy_top/u_ddrphy/apb_pclk_syn_1  |           |  u_ph1p35_324_ddr_wrapper/u_ddr2/ph1p_ddrmc_wrapper/ph1p_ddrmc_top/u_ddr_phy/u_ddrphy_top/u_ddrphy/apb_pclk_created_gclkinst_auto_created_sclk_s_1_l_bk4  |            26            
RUN-1001 :    5    |                                                  O_cam_24m_syn_3                                                   |                                                  O_cam_24m_syn_3                                                   |           |                                               O_cam_24m_dup_1_created_gclkinst_auto_created_sclk_s_1_l_bk5                                                |            16            
RUN-1001 : -----------------------------------------------------------------------------------------------------------------------------------------------------------------------------------------------------------------------------------------------------------------------------------------------------------------------------------------------------------------------------------------------------------------------------------------------------
RUN-1001 : Clock Region s_1_r [24,40][43,79]; Utilization: 5 out of 12
RUN-1001 : -----------------------------------------------------------------------------------------------------------------------------------------------------------------------------------------------------------------------------------------------------------------------------------------------------------------------------------------------------------------------------------------------------------------------------------
RUN-1001 :   Bank  |                                               Assigned Clock                                               |                                                Route Clock                                                 |  Marking  |                                                                         Buffer                                                                          |  Regional Clock Fanouts  
RUN-1001 : -----------------------------------------------------------------------------------------------------------------------------------------------------------------------------------------------------------------------------------------------------------------------------------------------------------------------------------------------------------------------------------------------------------------------------------
RUN-1001 :    1    |            u_mipi_dphy_rx_ph1p_mipiio_wrapper/u_ph1p_mipiio_rx_wrapper/u_lane0_hs_detect/I_clk             |            u_mipi_dphy_rx_ph1p_mipiio_wrapper/u_ph1p_mipiio_rx_wrapper/u_lane0_hs_detect/I_clk             |           |                                                     u_PLL/bufg_feedback_auto_created_sclk_s_1_r_bk1                                                     |            1             
RUN-1001 :    2    |  u_isp_top/u_demosaic/raw_matrix_3x3_buffer_d/zhenghe_d/blk_mem_gen_zhenghe_d1/ram_d32970204f32_Inst/clkb  |  u_isp_top/u_demosaic/raw_matrix_3x3_buffer_d/zhenghe_d/blk_mem_gen_zhenghe_d1/ram_d32970204f32_Inst/clkb  |           |                          u_mipi_dphy_rx_ph1p_mipiio_wrapper/u_ph1p_mipiio_rx_wrapper/bufg_feedback_auto_created_sclk_s_1_r_bk2                          |           1307           
RUN-1001 :    3    |                                         u_hdmi_mixer/I_clk_syn_654                                         |                                         u_hdmi_mixer/I_clk_syn_654                                         |           |                                             u_hdmi_mixer/I_clk_created_gclkinst_auto_created_sclk_s_1_r_bk3                                             |           545            
RUN-1001 :    4    |                      u_hdmi_tx/u_hdmi2phy_wrapper/u0_lane_lvds_8_1/I_serial_clk_syn_1                      |                      u_hdmi_tx/u_hdmi2phy_wrapper/u0_lane_lvds_8_1/I_serial_clk_syn_1                      |           |                         u_hdmi_tx/u_hdmi2phy_wrapper/u0_lane_lvds_8_1/I_serial_clk_created_gclkinst_auto_created_sclk_s_1_r_bk4                         |            39            
RUN-1001 :    5    |             u_ph1p35_324_ddr_wrapper/u_ddr2/ph1p_ddrmc_wrapper/ph1p_ddrmc_top/u_alc_mc_top/clk             |             u_ph1p35_324_ddr_wrapper/u_ddr2/ph1p_ddrmc_wrapper/ph1p_ddrmc_top/u_alc_mc_top/clk             |           |  u_ph1p35_324_ddr_wrapper/u_ddr2/ph1p_ddrmc_wrapper/ph1p_ddrmc_top/u_ddr_phy/u_ddrphy_top/u_ddrphy_clk/u_pll1/u_bufg_fbclk_auto_created_sclk_s_1_r_bk5  |            1             
RUN-1001 : -----------------------------------------------------------------------------------------------------------------------------------------------------------------------------------------------------------------------------------------------------------------------------------------------------------------------------------------------------------------------------------------------------------------------------------
RUN-1002 : start command "export_db traffic_sign_td_pr.db"
RUN-1001 : Exported flow parameters
RUN-1001 : Exported /
RUN-1001 : Exported libs
RUN-1001 : Exported entities
RUN-1001 : Exported ports
RUN-1001 : Exported pins
RUN-1001 : Exported instances
RUN-1001 : Exported nets
RUN-1001 : Exported buses
RUN-1001 : Exported models
RUN-1001 : Exported phy database
RUN-1001 : Exported packer
RUN-1001 : Exported congestions
RUN-1001 : Exported violations
RUN-1001 : Exported ATMR Setting
RUN-1001 : Exported timing constraints
RUN-1001 : Exported IO constraints
RUN-1001 : Exported Inst constraints
RUN-1001 : Exported ChipWatcher
RUN-1003 : finish command "export_db traffic_sign_td_pr.db" in  1.604293s wall, 2.109375s user + 0.078125s system = 2.187500s CPU (136.4%)

RUN-1004 : used memory is 2154 MB, reserved memory is 2255 MB, peak memory is 2154 MB
PHY-1001 : Current memory(MB): used = 2154, reserved = 2255, peak = 2154.
PHY-1001 : End export database. 1.686203s wall, 2.187500s user + 0.078125s system = 2.265625s CPU (134.4%)

PHY-1001 : End detail routing;  78.333086s wall, 156.234375s user + 1.296875s system = 157.531250s CPU (201.1%)

PHY-1001 : End Stage 2 | Detail Routing; Time: 78.333186s wall, 156.234375s user + 1.296875s system = 157.531250s CPU (201.1%); Memory(MB): used = 2154, reserved = 2255, peak = 2154;

RUN-1002 : start command "fix_hold"

PHY-1001 : Stage 3 | Hold Fix
PHY-1001 : Stage 3.1 | Load Design Data
PHY-1034 : Refresh detailed routing grids ...
PHY-1001 : Generate nets ...
PHY-1001 : eco open net = 0
PHY-1001 : End Stage 3.1 | Load Design Data; Time: 0.569878s wall, 0.546875s user + 0.000000s system = 0.546875s CPU (96.0%); Memory(MB): used = 2154, reserved = 2255, peak = 2154;

PHY-1001 : Stage 3.2 | Hold Fix Optimization
RUN-1002 : start command "start_timer"
RUN-1003 : finish command "start_timer" in  2.785572s wall, 2.765625s user + 0.031250s system = 2.796875s CPU (100.4%)

RUN-1004 : used memory is 2154 MB, reserved memory is 2254 MB, peak memory is 2154 MB
PHY-1001 : Timing info: SWNS 0.174ns | STNS 0.000ns | HWNS -0.156ns | HTNS -1.370ns.
PHY-1001 : Processing hold violation on 23 end-point, worst slack = -156ps, best slack = 19ps.
PHY-1001 : End timing refresh.  7.018530s wall, 6.953125s user + 0.046875s system = 7.000000s CPU (99.7%)

PHY-1001 : Stage 3.2.1 | Phase 1
PHY-1001 : Stage 3.2.1.1 | Hold Fix By LutBridge
PHY-1001 : len = 3.89307e+06, over cnt = 0(0%), over = 0, worst = 0, crit = 0
PHY-1001 : Bridge count = 5; unresolved count = 0.
PHY-1001 : 0 out of 23 ((0.00)%) EP fixed by LB.
PHY-1001 : End Stage 3.2.1.1 | Hold Fix By LutBridge; Time: 0.765519s wall, 0.734375s user + 0.015625s system = 0.750000s CPU (98.0%); Memory(MB): used = 2155, reserved = 2255, peak = 2155;

PHY-1001 : Timing info: SWNS 0.174ns | STNS 0.000ns | HWNS -0.112ns | HTNS -0.340ns.
PHY-1001 : Processing hold violation on 5 end-point, worst slack = -112ps, best slack = 8ps.
PHY-1001 : End timing refresh.  0.108277s wall, 0.109375s user + 0.000000s system = 0.109375s CPU (101.0%)

PHY-1001 : Stage 3.2.1.2 | Hold Fix By Pin
PHY-1001 : len = 3.89333e+06, over cnt = 0(0%), over = 0, worst = 0, crit = 0
PHY-1001 : 3 out of 5 ((60.00)%) EP fixed by pin delay.
PHY-1001 : End Stage 3.2.1.2 | Hold Fix By Pin; Time: 0.448442s wall, 0.406250s user + 0.000000s system = 0.406250s CPU (90.6%); Memory(MB): used = 2155, reserved = 2255, peak = 2155;

PHY-1001 : Timing info: SWNS 0.174ns | STNS 0.000ns | HWNS -0.105ns | HTNS -0.105ns.
PHY-1001 : Processing hold violation on 2 end-point, worst slack = -105ps, best slack = 8ps.
PHY-1001 : End timing refresh.  0.108782s wall, 0.109375s user + 0.000000s system = 0.109375s CPU (100.5%)

PHY-1001 : Stage 3.2.1.3 | Hold Fix By Net
PHY-1001 : len = 3.89374e+06, over cnt = 0(0%), over = 0, worst = 0, crit = 0
PHY-1001 : 2 out of 2 ((100.00)%) EP fixed by net delay.
PHY-1001 : End Stage 3.2.1.3 | Hold Fix By Net; Time: 0.152111s wall, 0.234375s user + 0.000000s system = 0.234375s CPU (154.1%); Memory(MB): used = 2155, reserved = 2255, peak = 2155;

PHY-1001 : Timing info: SWNS 0.174ns | STNS 0.000ns | HWNS 0.020ns | HTNS 0.000ns.
PHY-1001 : End timing refresh.  0.107495s wall, 0.109375s user + 0.000000s system = 0.109375s CPU (101.7%)

PHY-1001 : End Stage 3.2.1 | Phase 1; Time: 1.724277s wall, 1.734375s user + 0.015625s system = 1.750000s CPU (101.5%); Memory(MB): used = 2155, reserved = 2255, peak = 2155;

PHY-1001 : End Stage 3.2 | Hold Fix Optimization; Time: 8.744656s wall, 8.687500s user + 0.062500s system = 8.750000s CPU (100.1%); Memory(MB): used = 2155, reserved = 2255, peak = 2155;

PHY-1001 : End Stage 3 | Hold Fix; Time: 9.524349s wall, 9.453125s user + 0.062500s system = 9.515625s CPU (99.9%); Memory(MB): used = 2155, reserved = 2255, peak = 2155;

RUN-1003 : finish command "fix_hold" in  9.560460s wall, 9.484375s user + 0.062500s system = 9.546875s CPU (99.9%)

RUN-1004 : used memory is 2155 MB, reserved memory is 2255 MB, peak memory is 2155 MB
PHY-1001 : Stage 4 | Report Route Qor
RUN-1002 : start command "report_qor -step route -file route.qor"
RUN-1002 : start command "start_timer"
RUN-1003 : finish command "start_timer" in  2.673179s wall, 2.609375s user + 0.000000s system = 2.609375s CPU (97.6%)

RUN-1004 : used memory is 2154 MB, reserved memory is 2255 MB, peak memory is 2155 MB
-----------------------------------------------------------
| QoR metrics               |         value               |
-----------------------------------------------------------
| Timing                    |                             |
|     Setup WNS             |          174                |
|     Setup TNS             |            0                |
|     Num of violated S-EP  |            0                |
|     Hold WNS              |           20                |
|     Hold TNS              |            0                |
|     Num of violated H-EP  |            0                |
-----------------------------------------------------------
| Routing Resource          |                             |
|     Wire length           |      3893744                |
-----------------------------------------------------------
| Utilization               |                             |
|     #slices               |        16588                |
|     slices percentage     |       78.19%                |
|     #RAMs                 |           30                |
|     #DSPs                 |           21                |
|     #DRAMHARDCON          |           77                |
-----------------------------------------------------------
Report route stage QoR done.

RUN-1003 : finish command "report_qor -step route -file route.qor" in  6.994202s wall, 6.828125s user + 0.046875s system = 6.875000s CPU (98.3%)

RUN-1004 : used memory is 2155 MB, reserved memory is 2255 MB, peak memory is 2155 MB
RUN-1002 : start command "update_timing -mode final"
RUN-1002 : start command "start_timer"
RUN-1003 : finish command "start_timer" in  2.661739s wall, 2.546875s user + 0.015625s system = 2.562500s CPU (96.3%)

RUN-1004 : used memory is 2155 MB, reserved memory is 2255 MB, peak memory is 2155 MB
RUN-1003 : finish command "update_timing -mode final" in  7.064134s wall, 6.734375s user + 0.046875s system = 6.781250s CPU (96.0%)

RUN-1004 : used memory is 2155 MB, reserved memory is 2255 MB, peak memory is 2155 MB
RUN-1002 : start command "report_timing_summary -file final_timing.rpt"
OPT-1001 : QoR tracer report on route step:
    SWNS [   incr ]    STNS [   incr ]  S-FEPS [   incr ]    HWNS [   incr ]      HTNS [     incr ]    H-FEPS [     incr ]    CELL [   incr ]       WL [    incr ]   RT(s) [   incr ]   MEM(mb) [     incr ]
     969 [      0 ]       0 [      0 ]       0 [      0 ]    -211 [      0 ]    -13582 [        0 ]       252 [        0 ]   17276 [      0 ]  3460720 [       0 ]      41 [      0 ]      2016 [        0 ] : dr_initialization
     969 [      0 ]       0 [      0 ]       0 [      0 ]       3 [    214 ]         0 [    13582 ]         0 [     -252 ]   17276 [      0 ]  3497856 [   37136 ]      50 [      9 ]      2018 [        2 ] : dr_timing_opt_phase1
   -1835 [  -2804 ]  -26030 [ -26030 ]      24 [     24 ]    -146 [   -149 ]     -1818 [    -1818 ]        36 [       36 ]   17276 [      0 ]  3879248 [  381392 ]      81 [     31 ]      2056 [       38 ] : dr_opt_phase1
     174 [   2009 ]       0 [  26030 ]       0 [    -24 ]      20 [    166 ]         0 [     1818 ]         0 [      -36 ]   17276 [      0 ]  3894512 [   15264 ]      84 [      3 ]      2056 [        0 ] : dr_timing_opt_phase2
     174 [      0 ]       0 [      0 ]       0 [      0 ]    -156 [   -176 ]     -1370 [    -1370 ]        21 [       21 ]   17276 [      0 ]  3891408 [   -3104 ]      85 [      1 ]      2056 [        0 ] : dr_opt_phase2
     174 [      0 ]       0 [      0 ]       0 [      0 ]    -156 [      0 ]     -1370 [        0 ]        21 [        0 ]   17276 [      0 ]  3891408 [       0 ]      86 [      1 ]      2056 [        0 ] : multi_try_opt
     174 [      0 ]       0 [      0 ]       0 [      0 ]      20 [    176 ]         0 [     1370 ]         0 [      -21 ]   17276 [      0 ]  3893744 [    2336 ]      97 [     11 ]      2155 [       99 ] : fix_hold_opt

PHY-1001 : End Stage 4 | Report Route Qor; Time: 14.216434s wall, 13.718750s user + 0.093750s system = 13.812500s CPU (97.2%); Memory(MB): used = 2155, reserved = 2255, peak = 2155;

PHY-1001 : Stage 5 | Routing DRC
PHY-1001 : Stage 5.1 | Check And Add Lut-bridge
PHY-1001 : End Stage 5.1 | Check And Add Lut-bridge; Time: 0.114734s wall, 0.109375s user + 0.015625s system = 0.125000s CPU (108.9%); Memory(MB): used = 2155, reserved = 2255, peak = 2155;

PHY-1001 : Stage 5.2 | Lut Bridge Check
PHY-1001 : End Stage 5.2 | Lut Bridge Check; Time: 0.283491s wall, 0.281250s user + 0.000000s system = 0.281250s CPU (99.2%); Memory(MB): used = 2155, reserved = 2255, peak = 2155;

PHY-1001 : Stage 5.3 | Physical Net Status Check
PHY-1001 : End Stage 5.3 | Physical Net Status Check; Time: 0.097584s wall, 0.093750s user + 0.000000s system = 0.093750s CPU (96.1%); Memory(MB): used = 2155, reserved = 2255, peak = 2155;

PHY-1001 : Start multi-drive drc check......
PHY-1001 : No multi-drive.
PHY-1001 : Stage 5.4 | Clock Net Status Check
PHY-1001 : 2 clock net(s) utilize local routing resource.
PHY-5079 CRITICAL-WARNING: Marked 1 clock net(s) utilize the local routing resources. Please check log message and the sinks of clock nets.
RUN-1001 : CTS Local Wire Summary
RUN-1001 : ------------------------------------------------------------------------------------------------------------------------------------------------------------
RUN-1001 :    ClockName    |   DriverType    |  Clock/Fanout  |  LocalWireNum  |                                  NetName                                   |  Marked  
RUN-1001 : ------------------------------------------------------------------------------------------------------------------------------------------------------------
RUN-1001 :        -        |  AL_PHY_LSLICE  |      1/3       |       17       |                      u_uicfgcs500/uii2c_inst/scl_clk                       |    -     
RUN-1001 :   pll_clk_24m   |   AL_PHY_SCLK   |      5/6       |       3        |  O_cam_24m_dup_1_created_gclkinst_auto_created_sclk_s_0_l_bk5_sclk_outnet  |   true   
RUN-1001 : ------------------------------------------------------------------------------------------------------------------------------------------------------------
PHY-5088 WARNING: Clock_Analyzer: Detected 1 buffer(s) clkin net because they drive non-clock sinks. Run "analyze_clock -detail" for more infomation.
PHY-5088 WARNING: Clock_Analyzer: Detected 1 buffer(s) clkout net because they drive non-clock sinks. Run "analyze_clock -detail" for more infomation.
PHY-5088 WARNING: Clock_Analyzer: 2 clock-net(s) because they drive other clock net, may cause clock skew. Run "analyze_clock -detail" for more infomation.
PHY-1001 : End Stage 5.4 | Clock Net Status Check; Time: 0.081730s wall, 0.078125s user + 0.000000s system = 0.078125s CPU (95.6%); Memory(MB): used = 2155, reserved = 2255, peak = 2155;

PHY-1001 : Stage 5.5 | Abnormal Timing Path check
PHY-1001 : No abnormal timing path.
PHY-1001 : End Stage 5.5 | Abnormal Timing Path check; Time: 0.234923s wall, 0.234375s user + 0.000000s system = 0.234375s CPU (99.8%); Memory(MB): used = 2155, reserved = 2255, peak = 2155;

PHY-1001 : Stage 5.6 | Bound Check
PHY-1001 : Check Pass.
PHY-1001 : End Stage 5.6 | Bound Check; Time: 0.003545s wall, 0.000000s user + 0.000000s system = 0.000000s CPU (n/a%); Memory(MB): used = 2155, reserved = 2255, peak = 2155;

PHY-1001 : End Stage 5 | Routing DRC; Time: 0.882668s wall, 0.859375s user + 0.015625s system = 0.875000s CPU (99.1%); Memory(MB): used = 2155, reserved = 2255, peak = 2155;

RUN-1003 : finish command "route" in  112.808870s wall, 191.437500s user + 1.531250s system = 192.968750s CPU (171.1%)

RUN-1004 : used memory is 2155 MB, reserved memory is 2255 MB, peak memory is 2155 MB
RUN-1002 : start command "report_area -io_info -file traffic_sign_td_phy.area"
SYN-4034 : The count of slices with lut is 10462.
SYN-4035 : The count of slices with lut+ripple is 3388.
RUN-1001 : standard
***Report Model: design_top_wrapper Device: PH1P35MDG324***

Design Statistics
#IO                        58   out of    160   36.25%
  #input                    2
  #output                  31
  #inout                   25
#lut6                   14578   out of  21216   68.71%
#reg                    14585
  #slice reg            14585   out of  42432   34.37%
  #pad reg                  0

Utilization Statistics
#slice                  16588   out of  21216   78.19%
  #used ram               728
    #dram lut             616
    #shifter lut          112
  #used logic           15860
    #with luts          10462
    #with adder          3388
    #reg only            2010
#feedthrough             2647
#f7mux                      0   out of  10608    0.00%
#f8mux                      0   out of   5304    0.00%
#eram                      30   out of    108   27.78%
  #eram20k                 30
  #fifo20k                  0
#dsp                       21   out of     40   52.50%
#ddr_byte                   6   out of     12   50.00%
#mipi_tx                    0   out of      2    0.00%
#mipi_rx                    1   out of      2   50.00%
#pad                       17   out of    160   10.62%
#pll                        3   out of      6   50.00%
#gclk                       9   out of     32   28.12%
#lclk                       0   out of     12    0.00%
#sclk                      22   out of     48   45.83%
#mlclk                      2   out of      6   33.33%
#ioclk                      4   out of     18   22.22%


DataNet Average Fanout:

   Index     Fanout     Nets   
    #1          1       25578  
    #2          2       7992   
    #3          3       1272   
    #4          4        773   
    #5        5-10      2354   
    #6        11-50      464   
    #7       51-100      73    
    #8       101-500     42    
    #9        >500        6    
  Average     2.34             

RUN-1002 : start command "update_timing -mode final"
RUN-1002 : start command "start_timer"
RUN-1003 : finish command "start_timer" in  2.596445s wall, 2.578125s user + 0.000000s system = 2.578125s CPU (99.3%)

RUN-1004 : used memory is 2155 MB, reserved memory is 2255 MB, peak memory is 2155 MB
RUN-1003 : finish command "update_timing -mode final" in  6.932025s wall, 6.875000s user + 0.015625s system = 6.890625s CPU (99.4%)

RUN-1004 : used memory is 2155 MB, reserved memory is 2255 MB, peak memory is 2155 MB
RUN-1002 : start command "report_timing_status -file traffic_sign_td_phy.ts"
RUN-1002 : start command "report_timing_summary -file traffic_sign_td_pr.timing"
RUN-1002 : start command "report_timing_exception -file traffic_sign_td_exception.timing"
RUN-1002 : start command "flow_status -file route_flow.status"
Location         : D:\anlu\rtl\traffic_sign_td\td_project\traffic_sign_td_Runs\syn_1
Running with     : Tang Dynasty v6.2.168116
                   Copyright (c) 2012-2025 Anlogic Inc.
Top Model        : design_top_wrapper
Device           : PH1P35MDG324
Speed            : 3

Timing Mode      : final
Setup            : WNS   174ps  TNS        0ps  NUM_FEPS     0
Hold             : WNS    20ps  TNS        0ps  NUM_FEPS     0

Flow Statistics  :
RUN-1001 : Flow Statistics:
RUN-1001 : ---------------------------------------------------------------------------------------------------
RUN-1001 :      command     |  #calls  |  wall time   |  cpu time(s)  |  used memory(mb)  |  peak memory(mb)  
RUN-1001 : ---------------------------------------------------------------------------------------------------
RUN-1001 :       place      |    1     |  2m35s(57%)  |   404(67%)    |       1365        |       1365        
RUN-1001 :       route      |    1     |  1m43s(38%)  |   183(30%)    |       2155        |       2155        
RUN-1001 :     fix_hold     |    1     |    9s(3%)    |     9(1%)     |       2155        |       2155        
RUN-1001 :     import_db    |    1     |    1s(0%)    |     0(0%)     |        590        |        590        
RUN-1001 :   import_device  |    1     |    1s(0%)    |     1(0%)     |        324        |        324        
RUN-1001 : ---------------------------------------------------------------------------------------------------
RUN-1001 :       total      |    5     |    4m29s     |      597      |       2155        |       2155        
RUN-1001 : ---------------------------------------------------------------------------------------------------
RUN-1002 : start command "export_db traffic_sign_td_pr.db"
RUN-1001 : Exported flow parameters
RUN-1001 : Exported /
RUN-1001 : Exported libs
RUN-1001 : Exported entities
RUN-1001 : Exported ports
RUN-1001 : Exported pins
RUN-1001 : Exported instances
RUN-1001 : Exported nets
RUN-1001 : Exported buses
RUN-1001 : Exported models
RUN-1001 : Exported phy database
RUN-1001 : Exported packer
RUN-1001 : Exported congestions
RUN-1001 : Exported violations
RUN-1001 : Exported ATMR Setting
RUN-1001 : Exported timing constraints
RUN-1001 : Exported IO constraints
RUN-1001 : Exported Inst constraints
RUN-1001 : Exported ChipWatcher
RUN-1003 : finish command "export_db traffic_sign_td_pr.db" in  1.519615s wall, 2.062500s user + 0.015625s system = 2.078125s CPU (136.8%)

RUN-1004 : used memory is 2158 MB, reserved memory is 2255 MB, peak memory is 2159 MB
RUN-1002 : start command "export_flow_status -s opt_place -e opt_route"
RUN-1002 : start command "flow_status"

Location         : D:\anlu\rtl\traffic_sign_td\td_project\traffic_sign_td_Runs\syn_1
Running with     : Tang Dynasty v6.2.168116
                   Copyright (c) 2012-2025 Anlogic Inc.
Top Model        : design_top_wrapper
Device           : PH1P35MDG324
Speed            : 3

Timing Mode      : final
Setup            : WNS   174ps  TNS        0ps  NUM_FEPS     0
Hold             : WNS    20ps  TNS        0ps  NUM_FEPS     0

RUN-1001 : Flow Statistics:
RUN-1001 : ---------------------------------------------------------------------------------------------------
RUN-1001 :      command     |  #calls  |  wall time   |  cpu time(s)  |  used memory(mb)  |  peak memory(mb)  
RUN-1001 : ---------------------------------------------------------------------------------------------------
RUN-1001 :       place      |    1     |  2m35s(57%)  |   404(67%)    |       1365        |       1365        
RUN-1001 :       route      |    1     |  1m43s(38%)  |   183(30%)    |       2155        |       2155        
RUN-1001 :     fix_hold     |    1     |    9s(3%)    |     9(1%)     |       2155        |       2155        
RUN-1001 :     import_db    |    1     |    1s(0%)    |     0(0%)     |        590        |        590        
RUN-1001 :   import_device  |    1     |    1s(0%)    |     1(0%)     |        324        |        324        
RUN-1001 : ---------------------------------------------------------------------------------------------------
RUN-1001 :       total      |    5     |    4m29s     |      597      |       2155        |       2155        
RUN-1001 : ---------------------------------------------------------------------------------------------------
